,ind1y_1,ind3m_1,ind3y_1,us3m_1,us3y_1,GC=F,INR=X,^GSPC,^INDIAVIX,^IXIC,^NSEI,^VIX
2008-03-03,0.07440000000000001,0.073,0.07551999999999999,0.016120000000000002,0.016200000000000003,981.5,40.25400161743164,1331.3399658203125,35.7599983215332,2258.60009765625,4953.0,26.280000686645508
2008-03-04,0.07529,0.073,0.07534,0.01577,0.01641,963.9000244140625,40.20899963378906,1326.75,38.08000183105469,2260.280029296875,4864.25,25.520000457763672
2008-03-05,0.07482,0.073,0.07516,0.0149,0.01595,986.2000122070312,40.17399978637695,1333.699951171875,35.5099983215332,2272.81005859375,4921.39990234375,24.600000381469727
2008-03-06,0.07482,0.073,0.07516,0.013460000000000001,0.01504,975.0,40.04399871826172,1304.3399658203125,35.5099983215332,2220.5,4921.39990234375,27.549999237060547
2008-03-07,0.07517,0.0733,0.07561,0.0127,0.01482,972.2000122070312,40.23899841308594,1293.3699951171875,35.20000076293945,2212.489990234375,4771.60009765625,27.489999771118164
2008-03-10,0.07556,0.0733,0.07593,0.0131,0.014419999999999999,969.9000244140625,40.31399917602539,1273.3699951171875,32.58000183105469,2169.340087890625,4800.39990234375,29.3799991607666
2008-03-11,0.07569,0.0733,0.07575,0.013309999999999999,0.01687,974.2000122070312,40.17499923706055,1320.6500244140625,32.689998626708984,2255.760009765625,4865.89990234375,26.360000610351562
2008-03-12,0.0746,0.0733,0.07522999999999999,0.013819999999999999,0.01533,978.7999877929688,39.979000091552734,1308.77001953125,32.36000061035156,2243.8701171875,4872.0,27.219999313354492
2008-03-13,0.07465,0.0733,0.07522000000000001,0.0129,0.01554,992.2999877929688,40.124000549316406,1315.47998046875,34.150001525878906,2263.610107421875,4623.60009765625,27.290000915527344
2008-03-14,0.07521,0.0733,0.07551000000000001,0.01111,0.014110000000000001,998.2000122070312,40.07500076293945,1288.1400146484375,31.110000610351562,2212.489990234375,4745.7998046875,31.15999984741211
2008-03-17,0.07526,0.0733,0.07533000000000001,0.00626,0.01262,1001.4000244140625,40.374000549316406,1276.5999755859375,33.43000030517578,2177.010009765625,4503.10009765625,32.2400016784668
2008-03-18,0.07504,0.0733,0.07498,0.00749,0.01543,1003.2000122070312,40.15399932861328,1330.739990234375,37.84000015258789,2268.260009765625,4533.0,25.790000915527344
2008-03-19,0.07464,0.0733,0.0748,0.0055000000000000005,0.01375,944.7000122070312,40.132999420166016,1298.4200439453125,35.4900016784668,2209.9599609375,4573.9501953125,29.84000015258789
2008-03-20,0.07464,0.0733,0.0748,0.00519,0.01516,919.5999755859375,40.275001525878906,1329.510009765625,35.4900016784668,2258.110107421875,4573.9501953125,26.6200008392334
2008-03-21,0.07464,0.0733,0.0748,0.00519,0.01516,919.5999755859375,40.185001373291016,1329.510009765625,35.4900016784668,2258.110107421875,4573.9501953125,26.6200008392334
2008-03-24,0.07549,0.0731,0.07524,0.0051400000000000005,0.0172,918.2999877929688,40.185001373291016,1349.8800048828125,35.209999084472656,2326.75,4609.85009765625,25.729999542236328
2008-03-25,0.07473,0.0735,0.07522000000000001,0.009729999999999999,0.01667,934.5999755859375,40.051998138427734,1352.989990234375,33.29999923706055,2341.050048828125,4877.5,25.719999313354492
2008-03-26,0.07469,0.073,0.07521,0.01203,0.015260000000000001,949.0,40.05699920654297,1341.1300048828125,37.18000030517578,2324.360107421875,4828.85009765625,26.079999923706055
2008-03-27,0.07384,0.0718,0.07503,0.01173,0.01587,948.7999877929688,39.94499969482422,1325.760009765625,37.279998779296875,2280.830078125,4830.25,25.8799991607666
2008-03-28,0.07469,0.0713,0.07559,0.0129,0.01544,930.5999755859375,39.6150016784668,1315.219970703125,33.06999969482422,2261.179931640625,4942.0,25.709999084472656
2008-03-31,0.07564,0.0713,0.07617,0.01264,0.0149,916.2000122070312,39.888999938964844,1322.699951171875,35.13999938964844,2279.10009765625,4734.5,25.610000610351562
2008-04-01,0.07564,0.0713,0.07617,0.01336,0.01705,882.9000244140625,39.888999938964844,1370.1800537109375,35.099998474121094,2362.75,4739.5498046875,22.68000030517578
2008-04-02,0.07514,0.0713,0.07615,0.01357,0.01809,895.2000122070312,39.91999816894531,1367.530029296875,33.619998931884766,2361.39990234375,4754.2001953125,23.43000030517578
2008-04-03,0.07483,0.0695,0.07597000000000001,0.01306,0.01825,905.0,39.88399887084961,1369.31005859375,36.68000030517578,2363.300048828125,4771.60009765625,23.209999084472656
2008-04-04,0.07643,0.0675,0.07696,0.01254,0.01735,909.0,39.80500030517578,1370.4000244140625,36.93000030517578,2370.97998046875,4647.0,22.450000762939453
2008-04-07,0.07703,0.07,0.07747,0.013919999999999998,0.01846,922.7000122070312,39.87300109863281,1372.5400390625,30.989999771118164,2364.830078125,4761.2001953125,22.420000076293945
2008-04-08,0.07671,0.0705,0.07780000000000001,0.013720000000000001,0.018260000000000002,914.0,39.82899856567383,1365.5400390625,31.399999618530273,2348.760009765625,4709.64990234375,22.360000610351562
2008-04-09,0.07658000000000001,0.0705,0.07761,0.013000000000000001,0.017150000000000002,933.5999755859375,39.81700134277344,1354.489990234375,38.2400016784668,2322.1201171875,4747.0498046875,22.809999465942383
2008-04-10,0.077,0.07150000000000001,0.0783,0.01213,0.01783,928.2999877929688,39.88999938964844,1360.550048828125,30.520000457763672,2351.699951171875,4733.0,21.979999542236328
2008-04-11,0.07787,0.07200000000000001,0.07965,0.01203,0.01697,923.5999755859375,39.775001525878906,1332.8299560546875,33.83000183105469,2290.239990234375,4777.7998046875,23.459999084472656
2008-04-14,0.07787,0.07200000000000001,0.07965,0.01065,0.01727,925.4000244140625,39.86899948120117,1328.3199462890625,33.83000183105469,2275.820068359375,4777.7998046875,23.81999969482422
2008-04-15,0.07773,0.07200000000000001,0.07946,0.01168,0.01844,928.7000122070312,39.86399841308594,1334.4300537109375,30.229999542236328,2286.0400390625,4879.64990234375,22.780000686645508
2008-04-16,0.07844999999999999,0.0735,0.08015,0.01122,0.019459999999999998,945.0999755859375,39.82899856567383,1364.7099609375,27.940000534057617,2350.110107421875,4887.2998046875,20.530000686645508
2008-04-17,0.07803,0.07200000000000001,0.08013999999999999,0.012849999999999999,0.02062,939.7999877929688,39.87200164794922,1365.56005859375,27.100000381469727,2341.830078125,4958.39990234375,20.3700008392334
2008-04-18,0.07803,0.07200000000000001,0.08013999999999999,0.01341,0.020819999999999998,912.2000122070312,39.65399932861328,1390.3299560546875,27.100000381469727,2402.969970703125,4958.39990234375,20.1299991607666
2008-04-21,0.07854,0.07429999999999999,0.08045,0.01321,0.02119,914.7000122070312,39.81700134277344,1388.1700439453125,27.100000381469727,2408.0400390625,5037.0,20.5
2008-04-22,0.07832,0.0735,0.08027,0.01295,0.021509999999999998,922.2999877929688,39.827999114990234,1375.93994140625,39.619998931884766,2376.93994140625,5049.2998046875,20.8700008392334
2008-04-23,0.07818,0.0735,0.08044000000000001,0.012190000000000001,0.021480000000000003,906.2000122070312,39.86000061035156,1379.9300537109375,32.369998931884766,2405.2099609375,5022.7998046875,20.260000228881836
2008-04-24,0.07843,0.0738,0.0806,0.0126,0.02328,886.7999877929688,40.03499984741211,1388.8199462890625,28.729999542236328,2428.919921875,4999.85009765625,20.059999465942383
2008-04-25,0.07841000000000001,0.0735,0.08039999999999999,0.01367,0.02368,887.2000122070312,40.064998626708984,1397.8399658203125,27.399999618530273,2422.929931640625,5111.7001953125,19.59000015258789
2008-04-28,0.07808,0.0735,0.08021,0.01387,0.023,892.9000244140625,40.03099822998047,1396.3699951171875,27.6200008392334,2424.39990234375,5089.64990234375,19.639999389648438
2008-04-29,0.07756,0.0728,0.07914,0.01485,0.02299,874.2000122070312,40.29999923706055,1390.93994140625,26.15999984741211,2426.10009765625,5195.5,20.239999771118164
2008-04-30,0.07767,0.073,0.07894,0.01352,0.02214,862.7999877929688,40.38600158691406,1385.5899658203125,26.15999984741211,2412.800048828125,5165.89990234375,20.790000915527344
2008-05-01,0.07767,0.073,0.07894,0.014079999999999999,0.02308,848.9000244140625,40.38600158691406,1409.3399658203125,26.15999984741211,2480.7099609375,5165.89990234375,18.8799991607666
2008-05-02,0.07726,0.0728,0.0782,0.01525,0.023799999999999998,856.0999755859375,40.48500061035156,1413.9000244140625,24.209999084472656,2476.989990234375,5228.2001953125,18.18000030517578
2008-05-05,0.07663,0.07200000000000001,0.07783999999999999,0.01582,0.02351,872.2999877929688,40.52000045776367,1407.489990234375,25.06999969482422,2464.1201171875,5192.25,18.899999618530273
2008-05-06,0.07639,0.0725,0.07782,0.01633,0.023450000000000002,876.0,40.67300033569336,1418.260009765625,24.90999984741211,2483.31005859375,5144.64990234375,18.209999084472656
2008-05-07,0.07655,0.07200000000000001,0.07817,0.01685,0.02253,869.5999755859375,41.316001892089844,1392.5699462890625,25.059999465942383,2438.489990234375,5135.5,19.729999542236328
2008-05-08,0.0766,0.0723,0.07816,0.01659,0.02168,880.5999755859375,41.70000076293945,1397.6800537109375,25.940000534057617,2451.239990234375,5081.7001953125,19.399999618530273
2008-05-09,0.07667,0.07200000000000001,0.07794,0.016890000000000002,0.02174,884.5,41.4119987487793,1388.280029296875,27.530000686645508,2445.52001953125,4982.60009765625,19.40999984741211
2008-05-12,0.07623,0.0725,0.07758,0.01817,0.02281,883.7000122070312,41.83100128173828,1403.5799560546875,31.5,2488.489990234375,5012.64990234375,17.790000915527344
2008-05-13,0.07688,0.0725,0.07774,0.01957,0.024300000000000002,868.5,41.9739990234375,1403.0400390625,33.43000030517578,2495.1201171875,4957.7998046875,17.979999542236328
2008-05-14,0.07714,0.0725,0.07809,0.01818,0.02503,865.4000244140625,42.3650016784668,1408.6600341796875,29.219999313354492,2496.699951171875,5011.75,17.65999984741211
2008-05-15,0.0775,0.0735,0.07843,0.01843,0.024009999999999997,879.0,42.36899948120117,1423.5699462890625,29.020000457763672,2533.72998046875,5115.25,16.299999237060547
2008-05-16,0.07768,0.0738,0.07876,0.01838,0.02444,899.0,42.36600112915039,1425.3499755859375,23.25,2528.85009765625,5157.7001953125,16.469999313354492
2008-05-19,0.07768,0.0738,0.07876,0.01858,0.02379,905.0,42.35100173950195,1426.6300048828125,23.25,2516.090087890625,5157.7001953125,17.010000228881836
2008-05-20,0.0776,0.0737,0.07856,0.01849,0.022930000000000002,919.5,42.611000061035156,1413.4000244140625,24.989999771118164,2492.260009765625,5104.9501953125,17.579999923706055
2008-05-21,0.07797,0.07400000000000001,0.07891,0.01869,0.02373,928.0,42.619998931884766,1390.7099609375,27.860000610351562,2448.27001953125,5117.64990234375,18.59000015258789
2008-05-22,0.07793,0.07400000000000001,0.07872,0.01869,0.02513,917.9000244140625,43.077999114990234,1394.3499755859375,34.86000061035156,2464.580078125,5025.4501953125,18.049999237060547
2008-05-23,0.07822,0.0745,0.07886,0.01858,0.024310000000000002,925.5999755859375,42.61000061035156,1375.9300537109375,34.029998779296875,2444.669921875,4946.5498046875,19.549999237060547
2008-05-26,0.07849,0.0748,0.07904,0.01858,0.024310000000000002,925.5999755859375,42.54499816894531,1375.9300537109375,33.0099983215332,2444.669921875,4875.0498046875,19.549999237060547
2008-05-27,0.07928,0.0745,0.07975,0.01915,0.02496,907.7000122070312,42.81100082397461,1385.3499755859375,28.59000015258789,2481.239990234375,4859.7998046875,19.639999389648438
2008-05-28,0.07831,0.0745,0.07937999999999999,0.019,0.02596,900.5,42.77199935913086,1390.8399658203125,32.630001068115234,2486.699951171875,4918.35009765625,19.06999969482422
2008-05-29,0.07889,0.0745,0.07980000000000001,0.01879,0.026629999999999997,877.2000122070312,42.67599868774414,1398.260009765625,28.079999923706055,2508.320068359375,4835.2998046875,18.139999389648438
2008-05-30,0.07892,0.0742,0.07989,0.01905,0.0262,887.2999877929688,42.53099822998047,1400.3800048828125,26.68000030517578,2522.659912109375,4870.10009765625,17.829999923706055
2008-06-02,0.07836,0.0742,0.07988,0.01833,0.02481,892.9000244140625,42.189998626708984,1385.6700439453125,29.489999771118164,2491.530029296875,4739.60009765625,19.829999923706055
2008-06-03,0.07873999999999999,0.07400000000000001,0.08005000000000001,0.01854,0.023700000000000002,881.5999755859375,42.242000579833984,1377.6500244140625,28.489999771118164,2480.47998046875,4715.89990234375,20.239999771118164
2008-06-04,0.07891,0.07400000000000001,0.07986,0.01854,0.024249999999999997,879.9000244140625,42.512001037597656,1377.199951171875,29.81999969482422,2503.139892578125,4585.60009765625,20.799999237060547
2008-06-05,0.07983,0.0748,0.08095000000000001,0.01859,0.02475,871.7999877929688,42.792999267578125,1404.050048828125,30.31999969482422,2549.93994140625,4676.9501953125,18.6299991607666
2008-06-06,0.07972,0.07519999999999999,0.08202999999999999,0.01843,0.0236,895.4000244140625,42.715999603271484,1360.6800537109375,30.31999969482422,2474.56005859375,4627.7998046875,23.559999465942383
2008-06-09,0.08054,0.0755,0.08202,0.01899,0.026869999999999998,894.7000122070312,42.808998107910156,1361.760009765625,32.43000030517578,2459.4599609375,4500.9501953125,23.1200008392334
2008-06-10,0.08029,0.0755,0.08182,0.02013,0.028919999999999998,867.9000244140625,42.83000183105469,1358.43994140625,30.229999542236328,2448.93994140625,4449.7998046875,23.18000030517578
2008-06-11,0.07993,0.07629999999999999,0.08256000000000001,0.01931,0.02779,879.7000122070312,42.59299850463867,1335.489990234375,29.639999389648438,2394.010009765625,4523.60009765625,24.1200008392334
2008-06-12,0.08086,0.0775,0.08346999999999999,0.02007,0.030299999999999997,869.2000122070312,42.749000549316406,1339.8699951171875,29.229999542236328,2404.35009765625,4539.35009765625,23.329999923706055
2008-06-13,0.08161,0.0785,0.0842,0.01992,0.0301,870.2999877929688,42.83100128173828,1360.030029296875,30.700000762939453,2454.5,4517.10009765625,21.219999313354492
2008-06-16,0.08114,0.0785,0.08401,0.019450000000000002,0.03019,883.5999755859375,42.81399917602539,1360.1400146484375,29.020000457763672,2474.780029296875,4572.5,20.950000762939453
2008-06-17,0.08121,0.0788,0.08381999999999999,0.01982,0.02872,884.2999877929688,42.71200180053711,1350.9300537109375,28.959999084472656,2457.72998046875,4653.0,21.1299991607666
2008-06-18,0.08205,0.08,0.08407,0.0192,0.028319999999999998,890.9000244140625,42.84199905395508,1337.81005859375,31.81999969482422,2429.7099609375,4582.39990234375,22.239999771118164
2008-06-19,0.08356,0.0805,0.08587,0.01915,0.02944,901.7000122070312,42.854000091552734,1342.8299560546875,32.31999969482422,2462.06005859375,4504.25,21.579999923706055
2008-06-20,0.08603,0.08199999999999999,0.08832000000000001,0.01869,0.02888,901.2999877929688,42.79999923706055,1317.9300537109375,28.190000534057617,2406.090087890625,4347.5498046875,22.8700008392334
2008-06-23,0.08803000000000001,0.084,0.08907999999999999,0.01894,0.02943,884.7999877929688,42.89500045776367,1318.0,31.1200008392334,2385.739990234375,4266.39990234375,22.639999389648438
2008-06-24,0.08903,0.08380000000000001,0.08926,0.01859,0.02839,889.2000122070312,42.847999572753906,1314.2900390625,34.04999923706055,2368.280029296875,4191.10009765625,22.420000076293945
2008-06-25,0.09185,0.08800000000000001,0.09157,0.01803,0.027530000000000002,880.0,42.68899917602539,1321.969970703125,36.459999084472656,2401.260009765625,4252.64990234375,21.139999389648438
2008-06-26,0.09115000000000001,0.0885,0.09253,0.01711,0.02597,913.0999755859375,42.652000427246094,1283.1500244140625,32.849998474121094,2321.3701171875,4315.85009765625,23.93000030517578
2008-06-27,0.09203,0.0885,0.09253,0.016390000000000002,0.02556,929.2999877929688,42.71500015258789,1278.3800048828125,32.20000076293945,2315.6298828125,4136.64990234375,23.440000534057617
2008-06-30,0.09225,0.08900000000000001,0.09292,0.0172,0.025550000000000003,926.2000122070312,42.85200119018555,1280.0,30.959999084472656,2292.97998046875,4040.550048828125,23.950000762939453
2008-07-01,0.09329000000000001,0.08900000000000001,0.09332000000000001,0.01864,0.02579,942.5,42.85200119018555,1284.9100341796875,31.420000076293945,2304.969970703125,3896.75,23.649999618530273
2008-07-02,0.09304,0.08900000000000001,0.09351000000000001,0.01808,0.025070000000000002,944.7999877929688,43.11399841308594,1261.52001953125,35.380001068115234,2251.4599609375,4093.35009765625,25.920000076293945
2008-07-03,0.09244999999999999,0.08800000000000001,0.09292,0.01853,0.02471,931.9000244140625,43.196998596191406,1262.9000244140625,36.2599983215332,2245.3798828125,3925.75,24.780000686645508
2008-07-04,0.0916,0.087,0.09251,0.01853,0.02471,931.9000244140625,43.084999084472656,1262.9000244140625,35.66999816894531,2245.3798828125,4016.0,24.780000686645508
2008-07-07,0.09087999999999999,0.08800000000000001,0.09208,0.01812,0.023690000000000003,927.2999877929688,43.1510009765625,1252.31005859375,37.290000915527344,2243.320068359375,4030.0,25.780000686645508
2008-07-08,0.09205,0.09050000000000001,0.09301999999999999,0.01905,0.024220000000000002,921.9000244140625,43.29199981689453,1273.699951171875,36.040000915527344,2294.43994140625,3988.550048828125,23.149999618530273
2008-07-09,0.09168,0.09050000000000001,0.09282,0.01803,0.024380000000000002,927.2999877929688,43.073001861572266,1244.68994140625,34.27000045776367,2234.889892578125,4157.10009765625,25.229999542236328
2008-07-10,0.09298000000000001,0.09,0.09353,0.0167,0.02343,940.9000244140625,43.09199905395508,1253.3900146484375,32.16999816894531,2257.85009765625,4162.2001953125,25.59000015258789
2008-07-11,0.09415,0.09,0.09430999999999999,0.01577,0.025619999999999997,959.5,42.832000732421875,1239.489990234375,33.0099983215332,2239.080078125,4049.0,27.489999771118164
2008-07-14,0.09403,0.09050000000000001,0.0941,0.01455,0.024009999999999997,972.7000122070312,42.676998138427734,1228.300048828125,31.510000228881836,2212.8701171875,4039.699951171875,28.479999542236328
2008-07-15,0.09439,0.09,0.09506,0.01409,0.022959999999999998,977.7000122070312,43.111000061035156,1214.9100341796875,49.77000045776367,2215.7099609375,3861.10009765625,28.540000915527344
2008-07-16,0.09449999999999999,0.09,0.09439,0.01363,0.02305,961.7999877929688,43.09199905395508,1245.3599853515625,31.100000381469727,2284.85009765625,3816.699951171875,25.100000381469727
2008-07-17,0.0934,0.0895,0.09327,0.01389,0.024239999999999998,970.0,42.73099899291992,1260.3199462890625,35.34000015258789,2312.300048828125,3947.199951171875,25.010000228881836
2008-07-18,0.09253,0.0885,0.09336,0.014750000000000001,0.025619999999999997,957.2999877929688,42.715999603271484,1260.6800537109375,36.25,2282.780029296875,4092.25,24.049999237060547
2008-07-21,0.09117000000000001,0.0895,0.09301999999999999,0.01424,0.02527,963.0999755859375,42.65299987792969,1260.0,40.47999954223633,2279.530029296875,4159.5,23.049999237060547
2008-07-22,0.0919,0.09,0.09340999999999999,0.01552,0.026459999999999997,948.0,42.65299987792969,1277.0,35.54999923706055,2303.9599609375,4240.10009765625,21.18000030517578
2008-07-23,0.09201000000000001,0.09,0.09307,0.01547,0.0264,922.4000244140625,41.99700164794922,1282.18994140625,37.77000045776367,2325.8798828125,4476.7998046875,21.309999465942383
2008-07-24,0.09273999999999999,0.09,0.09255000000000001,0.01634,0.02489,922.0,41.99599838256836,1252.5400390625,40.290000915527344,2280.110107421875,4433.5498046875,23.440000534057617
2008-07-25,0.09271000000000001,0.09,0.09263,0.017410000000000002,0.02588,926.5999755859375,42.27799987792969,1257.760009765625,42.290000915527344,2310.530029296875,4311.85009765625,22.90999984741211
2008-07-28,0.09295999999999999,0.08900000000000001,0.09237999999999999,0.01695,0.02461,927.5999755859375,42.19200134277344,1234.3699951171875,54.060001373291016,2264.219970703125,4332.10009765625,24.229999542236328
2008-07-29,0.09459,0.0925,0.09455,0.01721,0.0248,916.4000244140625,42.51599884033203,1263.199951171875,61.72999954223633,2319.6201171875,4189.85009765625,22.030000686645508
2008-07-30,0.09401999999999999,0.0925,0.094,0.017,0.02472,902.9000244140625,42.4109992980957,1284.260009765625,51.720001220703125,2329.719970703125,4313.5498046875,21.209999084472656
2008-07-31,0.09433,0.0925,0.09340999999999999,0.0167,0.02377,913.9000244140625,42.433998107910156,1267.3800048828125,39.060001373291016,2325.550048828125,4332.9501953125,22.940000534057617
2008-08-01,0.09419000000000001,0.0925,0.0935,0.01659,0.0236,909.0,42.433998107910156,1260.31005859375,38.4900016784668,2310.9599609375,4413.5498046875,22.56999969482422
2008-08-04,0.09355000000000001,0.0925,0.09283,0.0171,0.023450000000000002,900.0999755859375,42.433998107910156,1249.010009765625,40.2400016784668,2285.56005859375,4395.35009765625,23.489999771118164
2008-08-05,0.0915,0.092,0.09193,0.01736,0.02382,878.5999755859375,42.433998107910156,1284.8800048828125,35.65999984741211,2349.830078125,4502.85009765625,21.139999389648438
2008-08-06,0.09264,0.092,0.09195,0.01634,0.02395,875.5999755859375,42.433998107910156,1289.18994140625,34.91999816894531,2378.3701171875,4517.5498046875,20.229999542236328
2008-08-07,0.09264,0.0915,0.09198,0.0168,0.02281,870.7000122070312,42.433998107910156,1266.0699462890625,35.66999816894531,2355.72998046875,4523.85009765625,21.149999618530273
2008-08-08,0.09208999999999999,0.0915,0.09193,0.01685,0.02365,857.7999877929688,42.433998107910156,1296.3199462890625,35.13999938964844,2414.10009765625,4529.5,20.65999984741211
2008-08-11,0.09090999999999999,0.0917,0.08929000000000001,0.01797,0.023450000000000002,821.5,42.433998107910156,1305.3199462890625,31.3700008392334,2439.949951171875,4620.39990234375,20.1200008392334
2008-08-12,0.09168,0.091,0.09072,0.01854,0.023010000000000003,808.2000122070312,42.433998107910156,1289.5899658203125,33.88999938964844,2430.610107421875,4552.25,21.170000076293945
2008-08-13,0.09193,0.0915,0.09098,0.01849,0.02321,825.0,42.433998107910156,1285.8299560546875,34.7599983215332,2428.6201171875,4529.0498046875,21.549999237060547
2008-08-14,0.09295999999999999,0.091,0.09227,0.01864,0.022869999999999998,808.2000122070312,42.433998107910156,1292.9300537109375,35.2400016784668,2453.669921875,4430.7001953125,20.34000015258789
2008-08-15,0.09295999999999999,0.091,0.09227,0.01848,0.022709999999999998,786.0,42.433998107910156,1298.199951171875,35.2400016784668,2452.52001953125,4430.7001953125,19.579999923706055
2008-08-18,0.09214,0.091,0.09233000000000001,0.017769999999999998,0.021789999999999997,799.7000122070312,42.433998107910156,1278.5999755859375,35.2400016784668,2416.97998046875,4393.0498046875,20.979999542236328
2008-08-19,0.09214,0.091,0.09233000000000001,0.01803,0.022080000000000002,811.0999755859375,42.433998107910156,1266.68994140625,34.91999816894531,2384.360107421875,4368.25,21.280000686645508
2008-08-20,0.09266999999999999,0.0915,0.09234999999999999,0.01695,0.021230000000000002,810.2999877929688,42.433998107910156,1274.5400390625,33.95000076293945,2389.080078125,4415.75,20.420000076293945
2008-08-21,0.09307,0.0915,0.09308999999999999,0.01711,0.02168,833.0,42.433998107910156,1277.719970703125,36.54999923706055,2380.3798828125,4283.85009765625,19.81999969482422
2008-08-22,0.09291,0.091,0.09247,0.0171,0.0227,827.4000244140625,42.433998107910156,1292.199951171875,35.7599983215332,2414.7099609375,4327.4501953125,18.809999465942383
2008-08-25,0.09263,0.091,0.09202,0.0168,0.021709999999999997,819.7999877929688,42.433998107910156,1266.8399658203125,45.11000061035156,2365.590087890625,4335.35009765625,20.969999313354492
2008-08-26,0.09234999999999999,0.0915,0.09204000000000001,0.01695,0.0219,822.2000122070312,43.67499923706055,1271.510009765625,33.900001525878906,2361.969970703125,4337.5,20.489999771118164
2008-08-27,0.09193,0.09050000000000001,0.09207000000000001,0.01654,0.021509999999999998,828.0999755859375,43.65399932861328,1281.6600341796875,32.79999923706055,2382.4599609375,4292.10009765625,19.760000228881836
2008-08-28,0.09193,0.09050000000000001,0.09186,0.01736,0.02186,830.9000244140625,43.650001525878906,1300.6800537109375,33.310001373291016,2411.639892578125,4214.0,19.43000030517578
2008-08-29,0.09148999999999999,0.09,0.09167,0.01726,0.02182,829.2999877929688,43.625,1282.8299560546875,31.670000076293945,2367.52001953125,4360.0,20.649999618530273
2008-09-01,0.09147999999999999,0.09,0.09131,0.01726,0.02182,829.2999877929688,43.9739990234375,1282.8299560546875,31.280000686645508,2367.52001953125,4348.64990234375,20.649999618530273
2008-09-02,0.09048,0.09,0.09079000000000001,0.01669,0.02094,805.0,44.25699996948242,1277.5799560546875,30.450000762939453,2349.239990234375,4504.0,21.989999771118164
2008-09-03,0.09048,0.09,0.09079000000000001,0.01706,0.02092,802.7000122070312,43.893001556396484,1274.97998046875,30.450000762939453,2333.72998046875,4504.0,21.43000030517578
2008-09-04,0.08962999999999999,0.08900000000000001,0.09034,0.01675,0.02032,797.9000244140625,44.38800048828125,1236.8299560546875,31.229999542236328,2259.0400390625,4447.75,24.030000686645508
2008-09-05,0.09,0.08900000000000001,0.0885,0.01756,0.021349999999999997,797.5999755859375,44.573001861572266,1242.31005859375,32.650001525878906,2255.8798828125,4352.2998046875,23.059999465942383
2008-09-08,0.08829000000000001,0.08900000000000001,0.08781,0.01695,0.02149,797.5,44.17599868774414,1267.7900390625,30.770000457763672,2269.760009765625,4482.2998046875,22.639999389648438
2008-09-09,0.08826,0.0875,0.08696999999999999,0.01654,0.020179999999999997,787.0999755859375,44.7859992980957,1224.510009765625,30.360000610351562,2209.81005859375,4468.7001953125,25.469999313354492
2008-09-10,0.08824,0.0875,0.08642,0.01634,0.0202,757.9000244140625,45.058998107910156,1232.0400390625,32.119998931884766,2228.699951171875,4400.25,24.520000457763672
2008-09-11,0.08736000000000001,0.08650000000000001,0.0855,0.01629,0.02045,741.2999877929688,45.38999938964844,1249.050048828125,32.72999954223633,2258.219970703125,4290.2998046875,24.389999389648438
2008-09-12,0.087,0.0855,0.08555,0.0147,0.02076,760.2999877929688,45.611000061035156,1251.699951171875,30.43000030517578,2261.27001953125,4228.4501953125,25.65999984741211
2008-09-15,0.08654,0.087,0.08567,0.00792,0.015609999999999999,783.0999755859375,45.83000183105469,1192.699951171875,33.119998931884766,2179.909912109375,4072.89990234375,31.700000762939453
2008-09-16,0.08608,0.08650000000000001,0.08512,0.006959999999999999,0.01781,776.5,46.689998626708984,1213.5999755859375,34.900001525878906,2207.89990234375,4074.89990234375,30.299999237060547
2008-09-17,0.0859,0.08650000000000001,0.08346999999999999,0.00041,0.01508,846.5999755859375,46.08700180053711,1156.3900146484375,33.9900016784668,2098.85009765625,4008.25,36.220001220703125
2008-09-18,0.08807000000000001,0.087,0.08516,0.00228,0.01758,892.7000122070312,46.52899932861328,1206.510009765625,39.560001373291016,2199.10009765625,4038.14990234375,33.099998474121094
2008-09-19,0.0889,0.087,0.08569,0.01006,0.02093,860.5999755859375,45.70500183105469,1255.0799560546875,39.119998931884766,2273.89990234375,4245.25,32.06999969482422
2008-09-22,0.08903,0.087,0.08643,0.00904,0.020819999999999998,903.9000244140625,45.24399948120117,1207.0899658203125,37.970001220703125,2178.97998046875,4223.0498046875,33.849998474121094
2008-09-23,0.08916,0.087,0.08596999999999999,0.00803,0.020139999999999998,885.5,45.77199935913086,1188.219970703125,38.7400016784668,2153.330078125,4126.89990234375,35.720001220703125
2008-09-24,0.09004,0.086,0.08696,0.00457,0.018879999999999997,889.0,45.89500045776367,1185.8699951171875,35.61000061035156,2155.679931640625,4161.25,35.189998626708984
2008-09-25,0.08792,0.0855,0.08625,0.00782,0.0184,877.7000122070312,46.16999816894531,1209.1800537109375,34.09000015258789,2186.570068359375,4110.5498046875,32.81999969482422
2008-09-26,0.08755,0.085,0.08559,0.00843,0.01906,882.9000244140625,46.49800109863281,1213.27001953125,33.959999084472656,2183.340087890625,3985.25,34.7400016784668
2008-09-29,0.0892,0.08650000000000001,0.08634,0.00132,0.015260000000000001,888.2000122070312,46.49300003051758,1106.4200439453125,34.900001525878906,1983.72998046875,3850.050048828125,46.720001220703125
2008-09-30,0.0892,0.08650000000000001,0.08634,0.0091,0.01804,874.2000122070312,46.60100173950195,1166.3599853515625,37.189998626708984,2091.8798828125,3921.199951171875,39.38999938964844
2008-10-01,0.08837999999999999,0.08800000000000001,0.08567999999999999,0.007980000000000001,0.01816,880.7000122070312,46.56700134277344,1161.06005859375,35.540000915527344,2069.39990234375,3950.75,39.810001373291016
2008-10-02,0.08837999999999999,0.08800000000000001,0.08567999999999999,0.00701,0.01433,839.0,46.39899826049805,1114.280029296875,35.540000915527344,1976.719970703125,3950.75,45.2599983215332
2008-10-03,0.08769,0.08800000000000001,0.08500999999999999,0.00508,0.01385,828.9000244140625,46.972999572753906,1099.22998046875,35.099998474121094,1947.3900146484375,3818.300048828125,45.13999938964844
2008-10-06,0.08468999999999999,0.08449999999999999,0.08406000000000001,0.00447,0.01303,862.7000122070312,47.564998626708984,1056.8900146484375,33.75,1862.9599609375,3602.35009765625,52.04999923706055
2008-10-07,0.08371,0.08199999999999999,0.08239,0.00701,0.013009999999999999,878.4000244140625,47.71799850463867,996.22998046875,39.29999923706055,1754.8800048828125,3606.60009765625,53.68000030517578
2008-10-08,0.08268,0.0805,0.08194000000000001,0.00563,0.01385,903.0999755859375,47.95000076293945,984.9400024414062,39.33000183105469,1740.3299560546875,3513.64990234375,57.529998779296875
2008-10-09,0.08268,0.0805,0.08194000000000001,0.00513,0.013269999999999999,883.0999755859375,47.5880012512207,909.9199829101562,39.33000183105469,1645.1199951171875,3513.64990234375,63.91999816894531
2008-10-10,0.07665,0.0785,0.08151,0.00233,0.012929999999999999,855.4000244140625,48.42300033569336,899.219970703125,39.33000183105469,1649.510009765625,3279.949951171875,69.94999694824219
2008-10-13,0.07833999999999999,0.078,0.07983,0.00233,0.01586,838.9000244140625,48.13600158691406,1003.3499755859375,46.4900016784668,1844.25,3490.699951171875,54.9900016784668
2008-10-14,0.08085,0.078,0.08154,0.00269,0.012960000000000001,836.2999877929688,47.99800109863281,998.010009765625,46.4900016784668,1779.010009765625,3518.64990234375,55.130001068115234
2008-10-15,0.08096,0.08199999999999999,0.08156000000000001,0.00228,0.0138,835.5,48.404998779296875,907.8400268554688,46.06999969482422,1628.3299560546875,3338.39990234375,69.25
2008-10-16,0.07622,0.07400000000000001,0.07699,0.00497,0.0138,801.5,48.65299987792969,946.4299926757812,47.810001373291016,1717.7099609375,3269.300048828125,67.61000061035156
2008-10-17,0.07894999999999999,0.0745,0.07726,0.00808,0.01309,785.0999755859375,48.823001861572266,940.5499877929688,46.720001220703125,1711.2900390625,3074.35009765625,70.33000183105469
2008-10-20,0.07413,0.071,0.07425,0.01093,0.0139,787.5999755859375,48.694000244140625,985.4000244140625,57.130001068115234,1770.030029296875,3122.800048828125,52.970001220703125
2008-10-21,0.07413,0.071,0.07425,0.01088,0.0128,766.0999755859375,48.89699935913086,955.0499877929688,56.0,1696.6800537109375,3234.89990234375,53.11000061035156
2008-10-22,0.07397000000000001,0.07150000000000001,0.07427,0.010320000000000001,0.01206,733.2999877929688,49.20800018310547,896.780029296875,54.75,1615.75,3065.14990234375,69.6500015258789
2008-10-23,0.0719,0.07,0.07394,0.00976,0.01266,713.2999877929688,49.584999084472656,908.1099853515625,54.970001220703125,1603.9100341796875,2943.14990234375,67.80000305175781
2008-10-24,0.07381,0.071,0.07469,0.00879,0.01275,729.0999755859375,49.755001068115234,876.77001953125,45.5,1552.030029296875,2584.0,79.12999725341797
2008-10-27,0.0733,0.07150000000000001,0.0735,0.00752,0.013009999999999999,741.7000122070312,49.720001220703125,848.9199829101562,67.5,1505.9000244140625,2524.199951171875,80.05999755859375
2008-10-28,0.0733,0.07150000000000001,0.0735,0.00777,0.013309999999999999,739.2999877929688,49.16600036621094,940.510009765625,67.5,1649.469970703125,2524.199951171875,66.95999908447266
2008-10-29,0.07245,0.07150000000000001,0.07318,0.00553,0.01276,752.7999877929688,49.48099899291992,930.0900268554688,68.3499984741211,1657.2099609375,2697.050048828125,69.95999908447266
2008-10-30,0.07245,0.07150000000000001,0.07318,0.0036,0.012629999999999999,737.2000122070312,49.37099838256836,954.0900268554688,68.3499984741211,1698.52001953125,2697.050048828125,62.900001525878906
2008-10-31,0.07519999999999999,0.07150000000000001,0.07353,0.00442,0.01362,716.7999877929688,49.40299987792969,968.75,68.3499984741211,1720.949951171875,2885.60009765625,59.88999938964844
2008-11-03,0.07408000000000001,0.07,0.0733,0.00452,0.01352,725.4000244140625,48.37300109863281,966.2999877929688,67.83999633789062,1726.3299560546875,3043.85009765625,53.68000030517578
2008-11-04,0.07191,0.071,0.07331,0.00487,0.012270000000000001,756.0,47.65399932861328,1005.75,62.150001525878906,1780.1199951171875,3142.10009765625,47.72999954223633
2008-11-05,0.07234,0.07200000000000001,0.07405,0.00406,0.01164,741.2999877929688,47.229000091552734,952.77001953125,66.75,1681.6400146484375,2994.949951171875,54.560001373291016
2008-11-06,0.07032,0.07200000000000001,0.07357,0.0030399999999999997,0.01168,731.2000122070312,47.47600173950195,904.8800048828125,62.150001525878906,1608.699951171875,2892.64990234375,63.68000030517578
2008-11-07,0.07019,0.071,0.07286,0.0028399999999999996,0.01161,733.2000122070312,47.55500030517578,930.989990234375,67.22000122070312,1647.4000244140625,2973.0,56.099998474121094
2008-11-10,0.07027,0.07150000000000001,0.07336000000000001,0.00223,0.010920000000000001,745.5999755859375,47.29199981689453,919.2100219726562,63.7599983215332,1616.739990234375,3148.25,59.97999954223633
2008-11-11,0.06927,0.07150000000000001,0.07191,0.00223,0.010920000000000001,732.0,47.888999938964844,898.9500122070312,66.98999786376953,1580.9000244140625,2938.64990234375,61.439998626708984
2008-11-12,0.07086,0.07200000000000001,0.07207,0.00147,0.016,717.7000122070312,49.28499984741211,852.2999877929688,70.62000274658203,1499.2099609375,2848.449951171875,66.45999908447266
2008-11-13,0.07086,0.07200000000000001,0.07207,0.00198,0.016120000000000002,704.9000244140625,48.994998931884766,911.2899780273438,70.62000274658203,1596.699951171875,2848.449951171875,59.83000183105469
2008-11-14,0.06963,0.07200000000000001,0.07121000000000001,0.00122,0.01554,742.4000244140625,48.78300094604492,873.2899780273438,70.08000183105469,1516.8499755859375,2810.35009765625,66.30999755859375
2008-11-17,0.07026,0.07200000000000001,0.0717,0.00101,0.01493,741.9000244140625,48.7859992980957,850.75,85.12999725341797,1482.050048828125,2799.550048828125,69.1500015258789
2008-11-18,0.06997,0.07200000000000001,0.07098,0.00132,0.01431,732.5999755859375,49.582000732421875,859.1199951171875,64.66000366210938,1483.27001953125,2683.14990234375,67.63999938964844
2008-11-19,0.07005,0.0725,0.07025,0.00061,0.01332,735.9000244140625,49.652000427246094,806.5800170898438,60.84000015258789,1386.4200439453125,2635.0,74.26000213623047
2008-11-20,0.06863000000000001,0.07200000000000001,0.07025,0.0002,0.01175,748.5999755859375,50.4010009765625,752.4400024414062,65.55000305175781,1316.1199951171875,2553.14990234375,80.86000061035156
2008-11-21,0.06639,0.07,0.06904,0.0003,0.013680000000000001,791.7000122070312,49.54800033569336,800.030029296875,64.45999908447266,1384.3499755859375,2693.449951171875,72.66999816894531
2008-11-24,0.06988,0.06849999999999999,0.0688,0.00025,0.01504,819.4000244140625,49.79399871826172,851.8099975585938,62.810001373291016,1472.02001953125,2708.25,64.69999694824219
2008-11-25,0.07188,0.06849999999999999,0.07028,0.00122,0.01428,818.4000244140625,49.58300018310547,857.3900146484375,59.560001373291016,1464.72998046875,2654.0,60.900001525878906
2008-11-26,0.07197,0.069,0.0693,0.0007099999999999999,0.01377,808.5,49.28900146484375,887.6799926757812,56.209999084472656,1532.0999755859375,2752.25,54.91999816894531
2008-11-27,0.07197,0.069,0.0693,0.0007099999999999999,0.01377,808.5,48.99399948120117,887.6799926757812,56.209999084472656,1532.0999755859375,2752.25,54.91999816894531
2008-11-28,0.07195,0.0705,0.06883,0.00035999999999999997,0.012580000000000001,816.2000122070312,49.869998931884766,896.239990234375,57.439998626708984,1535.5699462890625,2755.10009765625,55.279998779296875
2008-12-01,0.07145,0.07,0.06858,0.00025,0.011279999999999998,774.5999755859375,50.1879997253418,816.2100219726562,55.2599983215332,1398.0699462890625,2682.89990234375,68.51000213623047
2008-12-02,0.06955,0.0695,0.06809,0.00035000000000000005,0.01094,781.2999877929688,50.090999603271484,848.8099975585938,54.29999923706055,1449.800048828125,2657.800048828125,62.97999954223633
2008-12-03,0.06585,0.066,0.06564,0.00015,0.010669999999999999,768.7999877929688,49.847999572753906,870.739990234375,54.65999984741211,1492.3800048828125,2656.449951171875,60.720001220703125
2008-12-04,0.06530999999999999,0.0645,0.06588,0.00017999999999999998,0.01004,763.7999877929688,49.57600021362305,845.219970703125,51.84000015258789,1445.56005859375,2788.0,63.63999938964844
2008-12-05,0.06427,0.0625,0.06539,0.00025,0.01172,750.5,49.5629997253418,876.0700073242188,52.04999923706055,1509.31005859375,2714.39990234375,59.93000030517578
2008-12-08,0.06091,0.057999999999999996,0.06293,8e-05,0.01224,767.4000244140625,49.42100143432617,909.7000122070312,50.279998779296875,1571.739990234375,2784.0,58.4900016784668
2008-12-09,0.06091,0.057999999999999996,0.06293,0.0003,0.01121,772.4000244140625,48.891998291015625,888.6699829101562,50.279998779296875,1547.3399658203125,2784.0,58.90999984741211
2008-12-10,0.057249999999999995,0.055999999999999994,0.06307,0.00015,0.011319999999999998,807.0999755859375,48.972999572753906,899.239990234375,50.36000061035156,1565.47998046875,2928.25,55.72999954223633
2008-12-11,0.05624,0.056299999999999996,0.06096,5e-05,0.01118,824.9000244140625,48.38999938964844,873.5900268554688,51.75,1507.8800048828125,2920.14990234375,55.779998779296875
2008-12-12,0.05373,0.055,0.05899,0.00035999999999999997,0.010360000000000001,818.9000244140625,48.233001708984375,879.72998046875,49.43000030517578,1540.719970703125,2921.35009765625,54.279998779296875
2008-12-15,0.055670000000000004,0.0555,0.06035,0.00025,0.01016,835.4000244140625,47.48699951171875,868.5700073242188,48.099998474121094,1508.3399658203125,2981.199951171875,56.7599983215332
2008-12-16,0.054669999999999996,0.0555,0.05847,0.00015,0.00892,841.7000122070312,47.768001556396484,913.1799926757812,44.90999984741211,1589.8900146484375,3041.75,52.369998931884766
2008-12-17,0.05516,0.0548,0.057830000000000006,5e-05,0.010029999999999999,867.5,47.57099914550781,904.4199829101562,44.90999984741211,1579.31005859375,2954.35009765625,49.84000015258789
2008-12-18,0.054150000000000004,0.0525,0.05739,5e-05,0.00942,859.5999755859375,46.64699935913086,885.280029296875,45.4900016784668,1552.3699951171875,3060.75,47.34000015258789
2008-12-19,0.05392,0.052300000000000006,0.05831,0.0002,0.0104,836.4000244140625,47.03799819946289,887.8800048828125,44.90999984741211,1564.3199462890625,3077.5,44.93000030517578
2008-12-22,0.053399999999999996,0.0518,0.05931,0.00015,0.01149,846.2000122070312,47.93299865722656,871.6300048828125,41.459999084472656,1532.3499755859375,3039.300048828125,44.560001373291016
2008-12-23,0.053899999999999997,0.0525,0.0603,0.00015,0.01106,837.2000122070312,48.630001068115234,863.1599731445312,45.70000076293945,1521.5400390625,2968.64990234375,45.02000045776367
2008-12-24,0.053259999999999995,0.051,0.059210000000000006,0.00015,0.01125,847.0999755859375,48.071998596191406,868.1500244140625,41.790000915527344,1524.9000244140625,2916.85009765625,44.209999084472656
2008-12-25,0.053259999999999995,0.051,0.059210000000000006,0.00015,0.01125,847.0999755859375,48.68299865722656,868.1500244140625,41.790000915527344,1524.9000244140625,2916.85009765625,44.209999084472656
2008-12-26,0.05271,0.051500000000000004,0.05766,0.0002,0.010660000000000001,870.4000244140625,48.68299865722656,872.7999877929688,45.15999984741211,1530.239990234375,2857.25,43.380001068115234
2008-12-29,0.05044,0.051500000000000004,0.05586,0.0002,0.00951,874.5999755859375,48.016998291015625,869.4199829101562,43.88999938964844,1510.3199462890625,2922.199951171875,43.900001525878906
2008-12-30,0.04822,0.050499999999999996,0.052809999999999996,0.0008100000000000001,0.00906,869.2999877929688,48.45000076293945,890.6400146484375,42.5099983215332,1550.699951171875,2979.5,41.630001068115234
2008-12-31,0.04836,0.048499999999999995,0.053079999999999995,0.00127,0.009689999999999999,883.5999755859375,48.064998626708984,903.25,43.09000015258789,1577.030029296875,2959.14990234375,40.0
2009-01-01,0.04628,0.0453,0.052629999999999996,0.00127,0.009689999999999999,883.5999755859375,48.064998626708984,903.25,43.09000015258789,1577.030029296875,2959.14990234375,40.0
2009-01-02,0.04566,0.042,0.05107999999999999,0.0008100000000000001,0.0109,878.7999877929688,48.244998931884766,931.7999877929688,40.66999816894531,1632.2099609375,3046.75,39.189998626708984
2009-01-05,0.04479,0.0425,0.0492,0.00091,0.01057,857.2000122070312,48.229000091552734,927.4500122070312,38.599998474121094,1628.030029296875,3121.449951171875,39.08000183105469
2009-01-06,0.04444,0.043,0.05058,0.0013700000000000001,0.010629999999999999,865.4000244140625,48.505001068115234,934.7000122070312,38.72999954223633,1652.3800048828125,3112.800048828125,38.560001373291016
2009-01-07,0.047110000000000006,0.045,0.05444,0.00101,0.01149,841.0999755859375,48.55099868774414,906.6500244140625,44.36000061035156,1599.06005859375,2920.39990234375,43.38999938964844
2009-01-08,0.047110000000000006,0.045,0.05444,0.0008100000000000001,0.011859999999999999,853.9000244140625,48.3650016784668,909.72998046875,44.36000061035156,1617.010009765625,2920.39990234375,42.560001373291016
2009-01-09,0.048029999999999996,0.0455,0.05407,0.00066,0.01114,854.2999877929688,48.46799850463867,890.3499755859375,47.81999969482422,1571.5899658203125,2873.0,42.81999969482422
2009-01-12,0.04641,0.0455,0.05299,0.00066,0.01093,820.2999877929688,48.492000579833984,870.260009765625,47.81999969482422,1538.7900390625,2773.10009765625,45.84000015258789
2009-01-13,0.046369999999999995,0.0443,0.05192,0.00117,0.01077,820.0999755859375,48.869998931884766,871.7899780273438,53.470001220703125,1546.4599609375,2744.949951171875,43.27000045776367
2009-01-14,0.04549,0.0443,0.04961,0.00106,0.01024,808.2000122070312,48.650001525878906,842.6199951171875,53.470001220703125,1489.6400146484375,2835.300048828125,49.13999938964844
2009-01-15,0.04524,0.045,0.04936,0.00106,0.01019,806.7000122070312,48.66999816894531,843.739990234375,45.16999816894531,1511.8399658203125,2736.699951171875,51.0
2009-01-16,0.04511999999999999,0.044500000000000005,0.04861,0.00117,0.010740000000000001,839.2999877929688,48.643001556396484,850.1199951171875,44.29999923706055,1529.3299560546875,2828.449951171875,46.11000061035156
2009-01-19,0.04562,0.044800000000000006,0.05266,0.00117,0.010740000000000001,839.2999877929688,48.53900146484375,850.1199951171875,44.459999084472656,1529.3299560546875,2846.199951171875,46.11000061035156
2009-01-20,0.04612,0.0458,0.05362,0.00117,0.01058,854.5999755859375,48.909000396728516,805.219970703125,45.0,1440.8599853515625,2796.60009765625,56.650001525878906
2009-01-21,0.04716,0.046,0.05377,0.00122,0.01154,849.5999755859375,49.132999420166016,840.239990234375,45.40999984741211,1507.0699462890625,2706.14990234375,46.41999816894531
2009-01-22,0.04659,0.04650000000000001,0.054560000000000004,0.00106,0.011040000000000001,858.2000122070312,49.08100128173828,827.5,45.54999923706055,1465.489990234375,2713.800048828125,47.290000915527344
2009-01-23,0.04589000000000001,0.047,0.054669999999999996,0.00101,0.0116,895.2999877929688,49.018001556396484,831.9500122070312,34.0099983215332,1477.2900390625,2678.550048828125,47.27000045776367
2009-01-26,0.04589000000000001,0.047,0.054669999999999996,0.00117,0.01206,908.5,48.46900177001953,836.5700073242188,34.0099983215332,1489.4599609375,2678.550048828125,45.689998626708984
2009-01-27,0.0464,0.046,0.056459999999999996,0.0014199999999999998,0.01192,899.2000122070312,48.79100036621094,845.7100219726562,42.86000061035156,1504.9000244140625,2771.35009765625,42.25
2009-01-28,0.046369999999999995,0.047,0.05595,0.00183,0.01246,888.0999755859375,48.79199981689453,874.0900268554688,40.7599983215332,1558.3399658203125,2849.5,39.65999984741211
2009-01-29,0.04688,0.0475,0.055940000000000004,0.00228,0.01365,905.0999755859375,48.87300109863281,845.1400146484375,43.11000061035156,1507.8399658203125,2823.949951171875,42.630001068115234
2009-01-30,0.04625,0.047,0.05575,0.00243,0.013420000000000001,927.2999877929688,48.733001708984375,825.8800048828125,42.099998474121094,1476.4200439453125,2874.800048828125,44.84000015258789
2009-02-02,0.04566,0.048,0.054740000000000004,0.00264,0.01266,906.7000122070312,48.92499923706055,825.4400024414062,43.689998626708984,1494.4300537109375,2766.64990234375,45.52000045776367
2009-02-03,0.04595,0.0475,0.055549999999999995,0.0032,0.013859999999999999,892.0,48.736000061035156,838.510009765625,49.2400016784668,1516.300048828125,2783.89990234375,43.060001373291016
2009-02-04,0.045579999999999996,0.0475,0.055869999999999996,0.0030399999999999997,0.01421,901.5999755859375,48.55099868774414,832.22998046875,44.38999938964844,1515.050048828125,2803.050048828125,43.849998474121094
2009-02-05,0.0461,0.048,0.05585,0.00294,0.01375,913.5999755859375,48.71500015258789,845.8499755859375,43.91999816894531,1546.239990234375,2780.050048828125,43.72999954223633
2009-02-06,0.045410000000000006,0.0475,0.05532,0.00294,0.014339999999999999,913.9000244140625,48.09000015258789,868.5999755859375,50.650001525878906,1591.7099609375,2843.10009765625,43.369998931884766
2009-02-09,0.04708999999999999,0.0475,0.05547,0.0028399999999999996,0.01459,892.4000244140625,48.5359992980957,869.8900146484375,44.58000183105469,1591.56005859375,2919.89990234375,43.63999938964844
2009-02-10,0.046479999999999994,0.047,0.05579,0.0032,0.01306,913.7000122070312,48.59199905395508,827.1599731445312,44.29999923706055,1524.72998046875,2934.5,46.66999816894531
2009-02-11,0.04644,0.0475,0.05561,0.0032,0.01311,943.7999877929688,48.608001708984375,833.739990234375,46.650001525878906,1530.5,2925.699951171875,44.529998779296875
2009-02-12,0.045250000000000005,0.047,0.05493000000000001,0.00299,0.01319,948.5,48.74700164794922,835.1900024414062,45.650001525878906,1541.7099609375,2893.050048828125,41.25
2009-02-13,0.04511999999999999,0.046,0.05505,0.0030399999999999997,0.01383,941.5,48.7599983215332,826.8400268554688,43.310001373291016,1534.3599853515625,2948.35009765625,42.93000030517578
2009-02-16,0.046239999999999996,0.04650000000000001,0.055869999999999996,0.0030399999999999997,0.01383,941.5,48.71799850463867,826.8400268554688,42.560001373291016,1534.3599853515625,2848.5,42.93000030517578
2009-02-17,0.047380000000000005,0.047,0.05619,0.00299,0.01228,967.0,49.45000076293945,789.1699829101562,44.0,1470.6600341796875,2770.5,48.65999984741211
2009-02-18,0.04734,0.0475,0.055839999999999994,0.00315,0.01348,977.7000122070312,49.89500045776367,788.4199829101562,43.040000915527344,1467.969970703125,2776.14990234375,48.459999084472656
2009-02-19,0.04671,0.047,0.05566,0.0031,0.013779999999999999,976.0999755859375,49.599998474121094,778.9400024414062,43.040000915527344,1442.8199462890625,2789.35009765625,47.08000183105469
2009-02-20,0.04671,0.047,0.05566,0.0027400000000000002,0.0134,1001.7999877929688,49.06800079345703,770.0499877929688,45.209999084472656,1441.22998046875,2736.449951171875,49.29999923706055
2009-02-23,0.04671,0.047,0.05566,0.0027900000000000004,0.01313,994.5999755859375,49.301998138427734,743.3300170898438,45.209999084472656,1387.719970703125,2736.449951171875,52.619998931884766
2009-02-24,0.047119999999999995,0.0475,0.056260000000000004,0.00299,0.01367,969.0999755859375,49.77399826049805,773.1400146484375,45.20000076293945,1441.8299560546875,2733.89990234375,45.4900016784668
2009-02-25,0.04768,0.047,0.05692,0.0030399999999999997,0.014690000000000002,965.7000122070312,49.75199890136719,764.9000244140625,41.939998626708984,1425.4300537109375,2762.5,44.66999816894531
2009-02-26,0.04765,0.04650000000000001,0.056909999999999995,0.0027400000000000002,0.01497,941.7999877929688,50.19200134277344,752.8300170898438,39.869998931884766,1391.469970703125,2785.64990234375,44.65999984741211
2009-02-27,0.046849999999999996,0.046,0.05566,0.00254,0.01375,941.5,50.650001525878906,735.0900268554688,40.61000061035156,1377.8399658203125,2763.64990234375,46.349998474121094
2009-03-02,0.04681,0.046,0.056159999999999995,0.00243,0.012430000000000002,939.0,51.54600143432617,700.8200073242188,43.36000061035156,1322.8499755859375,2674.60009765625,52.650001525878906
2009-03-03,0.04677,0.04650000000000001,0.056139999999999995,0.00264,0.0127,912.9000244140625,51.888999938964844,696.3300170898438,44.439998626708984,1321.010009765625,2622.39990234375,50.93000030517578
2009-03-04,0.04735,0.04650000000000001,0.056639999999999996,0.00254,0.013500000000000002,906.0,51.43199920654297,712.8699951171875,42.77000045776367,1353.739990234375,2645.199951171875,47.560001373291016
2009-03-05,0.04607,0.044000000000000004,0.05696,0.00183,0.01283,927.0,51.69300079345703,682.5499877929688,41.560001373291016,1299.5899658203125,2576.699951171875,50.16999816894531
2009-03-06,0.0472,0.044000000000000004,0.05846,0.00208,0.013560000000000001,942.0999755859375,51.56399917602539,683.3800048828125,37.970001220703125,1293.8499755859375,2620.14990234375,49.33000183105469
2009-03-09,0.04716,0.044000000000000004,0.06,0.00213,0.01361,917.7000122070312,51.7869987487793,676.530029296875,41.029998779296875,1268.6400146484375,2573.14990234375,49.68000030517578
2009-03-10,0.04716,0.044000000000000004,0.06,0.00243,0.01455,895.5999755859375,51.52399826049805,719.5999755859375,41.029998779296875,1358.280029296875,2573.14990234375,44.369998931884766
2009-03-11,0.04716,0.044000000000000004,0.06,0.00228,0.014499999999999999,910.4000244140625,51.08599853515625,721.3599853515625,41.029998779296875,1371.6400146484375,2573.14990234375,43.61000061035156
2009-03-12,0.048310000000000006,0.045,0.06205,0.00203,0.014150000000000001,923.7000122070312,51.62699890136719,750.739990234375,38.47999954223633,1426.0999755859375,2617.449951171875,41.18000030517578
2009-03-13,0.0482,0.046,0.06115,0.00208,0.013640000000000001,929.7999877929688,51.48899841308594,756.5499877929688,35.56999969482422,1431.5,2719.25,42.36000061035156
2009-03-16,0.048170000000000004,0.046,0.05975,0.00233,0.014119999999999999,921.5999755859375,51.28900146484375,753.8900146484375,36.63999938964844,1404.02001953125,2777.25,43.7400016784668
2009-03-17,0.049429999999999995,0.0475,0.06148,0.0023799999999999997,0.014419999999999999,916.4000244140625,51.29499816894531,778.1199951171875,38.470001220703125,1462.1099853515625,2757.449951171875,40.79999923706055
2009-03-18,0.04875,0.048499999999999995,0.06251999999999999,0.00208,0.01172,888.7000122070312,51.22999954223633,794.3499755859375,38.189998626708984,1491.219970703125,2794.699951171875,40.060001373291016
2009-03-19,0.050019999999999995,0.049,0.06286,0.00198,0.012199999999999999,958.2999877929688,50.31399917602539,784.0399780273438,35.97999954223633,1483.47998046875,2807.14990234375,43.68000030517578
2009-03-20,0.04993,0.048,0.06249,0.00208,0.01222,955.7999877929688,50.5880012512207,768.5399780273438,35.97999954223633,1457.27001953125,2807.050048828125,45.88999938964844
2009-03-23,0.04923,0.049,0.06301,0.00208,0.01238,952.0999755859375,50.30400085449219,822.9199829101562,37.630001068115234,1555.77001953125,2939.89990234375,43.22999954223633
2009-03-24,0.049859999999999995,0.048499999999999995,0.06318,0.00213,0.01294,923.2999877929688,50.327999114990234,806.1199951171875,36.849998474121094,1516.52001953125,2938.699951171875,42.93000030517578
2009-03-25,0.04983,0.0495,0.06280999999999999,0.00193,0.013349999999999999,935.4000244140625,50.39699935913086,813.8800048828125,28.18000030517578,1528.949951171875,2984.35009765625,42.25
2009-03-26,0.050469999999999994,0.0495,0.06369,0.00147,0.01278,939.5999755859375,50.34600067138672,832.8599853515625,36.93000030517578,1587.0,3082.25,40.36000061035156
2009-03-27,0.050469999999999994,0.0495,0.06369,0.0013700000000000001,0.01272,923.0,50.92499923706055,815.9400024414062,37.13999938964844,1545.199951171875,3108.64990234375,41.040000915527344
2009-03-30,0.05016,0.049,0.06341999999999999,0.0014199999999999998,0.01191,915.5,50.96900177001953,787.530029296875,40.25,1501.800048828125,2978.14990234375,45.540000915527344
2009-03-31,0.04899,0.047,0.06101,0.00208,0.01127,922.5999755859375,50.784000396728516,797.8699951171875,39.47999954223633,1528.5899658203125,3020.949951171875,44.13999938964844
2009-04-01,0.04899,0.047,0.06101,0.00208,0.01137,926.0999755859375,50.542999267578125,811.0800170898438,36.529998779296875,1551.5999755859375,3060.35009765625,42.279998779296875
2009-04-02,0.048920000000000005,0.0455,0.059930000000000004,0.00213,0.01248,907.4000244140625,50.24100112915039,834.3800048828125,37.400001525878906,1602.6300048828125,3211.050048828125,42.040000915527344
2009-04-03,0.048920000000000005,0.0455,0.059930000000000004,0.00208,0.0134,895.5999755859375,49.847999572753906,842.5,37.400001525878906,1621.8699951171875,3211.050048828125,39.70000076293945
2009-04-06,0.04739,0.042,0.05901,0.00193,0.013560000000000001,871.5,49.9119987487793,835.47998046875,41.720001220703125,1606.7099609375,3256.60009765625,40.93000030517578
2009-04-07,0.04739,0.042,0.05901,0.00198,0.01312,882.2000122070312,49.847999572753906,815.5499877929688,41.720001220703125,1561.6099853515625,3256.60009765625,40.38999938964844
2009-04-08,0.04522,0.0405,0.05601,0.00183,0.013040000000000001,884.7999877929688,50.09000015258789,825.1599731445312,43.54999923706055,1590.6600341796875,3342.949951171875,38.849998474121094
2009-04-09,0.0436,0.038,0.0556,0.00188,0.013720000000000001,882.2000122070312,49.83000183105469,856.5599975585938,43.540000915527344,1652.5400390625,3342.050048828125,36.529998779296875
2009-04-10,0.0436,0.038,0.0556,0.00188,0.013720000000000001,882.2000122070312,49.62799835205078,856.5599975585938,43.540000915527344,1652.5400390625,3342.050048828125,36.529998779296875
2009-04-13,0.043550000000000005,0.0375,0.05559,0.0017699999999999999,0.01274,894.7000122070312,49.7400016784668,858.72998046875,46.560001373291016,1653.31005859375,3382.60009765625,37.810001373291016
2009-04-14,0.043550000000000005,0.0375,0.05559,0.0017699999999999999,0.01229,890.9000244140625,49.733001708984375,841.5,46.560001373291016,1625.719970703125,3382.60009765625,37.66999816894531
2009-04-15,0.04415,0.0365,0.05486,0.0015199999999999999,0.01226,892.7999877929688,49.59700012207031,852.0599975585938,48.02000045776367,1626.800048828125,3484.14990234375,36.16999816894531
2009-04-16,0.04338,0.038,0.05328,0.0013700000000000001,0.01282,879.2999877929688,49.755001068115234,865.2999877929688,50.5099983215332,1670.43994140625,3369.5,35.790000915527344
2009-04-17,0.0432,0.036000000000000004,0.05271,0.0014199999999999998,0.013640000000000001,867.4000244140625,49.63199996948242,869.5999755859375,50.79999923706055,1673.0699462890625,3384.39990234375,33.939998626708984
2009-04-20,0.04314,0.036000000000000004,0.05321,0.00132,0.012729999999999998,887.0,50.053001403808594,832.3900146484375,54.220001220703125,1608.2099609375,3377.10009765625,39.18000030517578
2009-04-21,0.04162,0.0335,0.052320000000000005,0.0015199999999999999,0.01313,882.0999755859375,50.266998291015625,850.0800170898438,53.63999938964844,1643.8499755859375,3365.300048828125,37.13999938964844
2009-04-22,0.040819999999999995,0.0335,0.05266,0.0013700000000000001,0.01345,891.7999877929688,50.290000915527344,843.5499877929688,57.880001068115234,1646.1199951171875,3330.300048828125,38.099998474121094
2009-04-23,0.04076,0.033,0.05334,0.00106,0.01332,905.9000244140625,49.849998474121094,851.9199829101562,57.880001068115234,1652.2099609375,3423.699951171875,37.150001525878906
2009-04-24,0.0398,0.033,0.05382,0.00106,0.013720000000000001,913.5999755859375,49.60900115966797,866.22998046875,47.779998779296875,1694.2900390625,3480.75,36.81999969482422
2009-04-27,0.03973,0.033,0.054509999999999996,0.00096,0.01299,907.4000244140625,50.08599853515625,857.510009765625,49.43000030517578,1679.4100341796875,3470.0,38.31999969482422
2009-04-28,0.03965,0.0335,0.054669999999999996,0.00127,0.013720000000000001,892.7999877929688,50.43600082397461,855.1599731445312,48.79999923706055,1673.81005859375,3362.35009765625,37.95000076293945
2009-04-29,0.03957,0.0335,0.05465,0.00101,0.01405,899.7999877929688,49.87099838256836,873.6400146484375,46.630001068115234,1711.93994140625,3473.949951171875,36.08000183105469
2009-04-30,0.03957,0.0335,0.05465,0.00132,0.01367,890.7000122070312,49.1879997253418,872.8099975585938,46.630001068115234,1717.300048828125,3473.949951171875,36.5
2009-05-01,0.03957,0.0335,0.05465,0.00155,0.01361,887.5999755859375,49.19200134277344,877.52001953125,46.630001068115234,1719.199951171875,3473.949951171875,35.29999923706055
2009-05-04,0.04072,0.033,0.05493000000000001,0.00188,0.013859999999999999,901.5999755859375,49.61000061035156,907.239990234375,49.540000915527344,1763.56005859375,3654.0,34.529998779296875
2009-05-05,0.040650000000000006,0.033,0.05438,0.00193,0.01394,903.7000122070312,49.31100082397461,903.7999877929688,50.529998779296875,1754.1199951171875,3661.89990234375,33.36000061035156
2009-05-06,0.03903,0.03,0.0533,0.00188,0.01428,910.5,49.30799865722656,919.530029296875,51.209999084472656,1759.0999755859375,3625.050048828125,32.45000076293945
2009-05-07,0.03895,0.031,0.05346,0.00188,0.01493,915.0,49.189998626708984,907.3900146484375,54.7599983215332,1716.239990234375,3683.89990234375,33.439998626708984
2009-05-08,0.03948,0.0315,0.0559,0.0018,0.01452,914.4000244140625,49.150001525878906,929.22998046875,57.02000045776367,1739.0,3620.699951171875,32.04999923706055
2009-05-11,0.0394,0.031,0.055709999999999996,0.0017000000000000001,0.01348,913.0,49.292999267578125,909.239990234375,61.029998779296875,1731.239990234375,3554.60009765625,32.869998931884766
2009-05-12,0.03932,0.0315,0.05731,0.00188,0.01343,923.5,49.27299880981445,908.3499755859375,50.310001373291016,1715.9200439453125,3681.10009765625,31.799999237060547
2009-05-13,0.03924,0.0325,0.056029999999999996,0.0017699999999999999,0.01314,925.5,49.53099822998047,883.9199829101562,50.72999954223633,1664.18994140625,3635.25,33.650001525878906
2009-05-14,0.03916,0.0325,0.05656,0.0016200000000000001,0.0129,928.0,49.755001068115234,893.0700073242188,51.25,1689.2099609375,3593.449951171875,31.3700008392334
2009-05-15,0.03891,0.0325,0.056150000000000005,0.00165,0.01303,930.9000244140625,49.4119987487793,882.8800048828125,49.63999938964844,1680.1400146484375,3671.64990234375,33.119998931884766
2009-05-18,0.03846,0.032,0.05487,0.00172,0.01375,921.2999877929688,47.5880012512207,909.7100219726562,49.63999938964844,1732.3599853515625,4323.14990234375,30.239999771118164
2009-05-19,0.03886,0.032,0.05576,0.00183,0.013640000000000001,926.2999877929688,47.43000030517578,908.1300048828125,58.099998474121094,1734.5400390625,4318.4501953125,28.799999237060547
2009-05-20,0.038759999999999996,0.0325,0.05592,0.00183,0.012969999999999999,937.0,47.22800064086914,903.469970703125,50.790000915527344,1727.8399658203125,4270.2998046875,29.030000686645508
2009-05-21,0.03866,0.033,0.05609,0.00183,0.01367,950.7999877929688,47.23099899291992,888.3300170898438,50.790000915527344,1695.25,4210.89990234375,31.350000381469727
2009-05-22,0.03836,0.033,0.056760000000000005,0.00183,0.013859999999999999,958.5,47.14500045776367,887.0,49.63999938964844,1692.010009765625,4238.5,32.630001068115234
2009-05-25,0.03929,0.0325,0.05821,0.00183,0.013859999999999999,958.5,47.27799987792969,887.0,43.709999084472656,1692.010009765625,4237.5498046875,32.630001068115234
2009-05-26,0.03867,0.033,0.057830000000000006,0.0017699999999999999,0.014530000000000001,953.0999755859375,47.525001525878906,910.3300170898438,52.369998931884766,1750.4300537109375,4116.7001953125,30.6200008392334
2009-05-27,0.03908,0.033,0.057999999999999996,0.0016200000000000001,0.01505,953.2000122070312,47.50899887084961,893.0599975585938,41.56999969482422,1731.0799560546875,4276.0498046875,32.36000061035156
2009-05-28,0.03898,0.033,0.05817,0.00145,0.014990000000000002,961.5,47.51499938964844,906.8300170898438,44.58000183105469,1751.7900390625,4337.10009765625,31.670000076293945
2009-05-29,0.039830000000000004,0.033,0.05814,0.0013700000000000001,0.014070000000000001,978.7999877929688,46.96900177001953,919.1400146484375,40.29999923706055,1774.3299560546875,4448.9501953125,28.920000076293945
2009-06-01,0.03972,0.0335,0.05794,0.00099,0.01473,978.5999755859375,46.9010009765625,942.8699951171875,41.83000183105469,1828.6800537109375,4529.89990234375,30.040000915527344
2009-06-02,0.04015,0.0335,0.05811,0.00134,0.014839999999999999,983.2000122070312,46.930999755859375,944.739990234375,41.040000915527344,1836.800048828125,4525.25,29.6299991607666
2009-06-03,0.03899,0.0335,0.05773,0.00132,0.0144,964.5,46.89099884033203,931.760009765625,40.66999816894531,1825.9200439453125,4530.7001953125,31.020000457763672
2009-06-04,0.04101,0.034,0.05734,0.0015,0.015189999999999999,981.2000122070312,47.130001068115234,942.4600219726562,41.310001373291016,1850.02001953125,4572.64990234375,30.18000030517578
2009-06-05,0.04018,0.034,0.05804,0.0019,0.01839,961.7000122070312,46.96699905395508,940.0900268554688,40.54999923706055,1849.4200439453125,4586.89990234375,29.6200008392334
2009-06-08,0.04061,0.034,0.058390000000000004,0.0018,0.01984,951.7000122070312,47.31700134277344,939.1400146484375,42.27000045776367,1842.4000244140625,4429.89990234375,29.770000457763672
2009-06-09,0.04105,0.034,0.058570000000000004,0.00183,0.01879,954.0,47.25299835205078,942.4299926757812,40.7599983215332,1860.1300048828125,4550.9501953125,28.270000457763672
2009-06-10,0.04095,0.034,0.058179999999999996,0.0017699999999999999,0.02004,954.0,47.150001525878906,939.1500244140625,40.470001220703125,1853.0799560546875,4655.25,28.459999084472656
2009-06-11,0.04085,0.034,0.05872,0.0017699999999999999,0.019610000000000002,961.2999877929688,47.3650016784668,944.8900146484375,41.02000045776367,1862.3699951171875,4637.7001953125,28.110000610351562
2009-06-12,0.04109,0.034,0.05887,0.00172,0.01899,940.0999755859375,47.308998107910156,946.2100219726562,40.83000183105469,1858.800048828125,4583.39990234375,28.149999618530273
2009-06-15,0.04154,0.034,0.05867,0.0016200000000000001,0.01837,926.9000244140625,47.8120002746582,923.719970703125,52.709999084472656,1816.3800048828125,4484.0,30.809999465942383
2009-06-16,0.041440000000000005,0.034,0.05884,0.0017499999999999998,0.01775,931.5999755859375,47.69499969482422,911.969970703125,41.689998626708984,1796.1800537109375,4517.7998046875,32.68000030517578
2009-06-17,0.04134,0.0335,0.05901,0.00172,0.017589999999999998,935.4000244140625,47.994998931884766,910.7100219726562,62.04999923706055,1808.06005859375,4356.14990234375,31.540000915527344
2009-06-18,0.04124,0.0335,0.05918999999999999,0.0017699999999999999,0.01867,934.0,47.95800018310547,918.3699951171875,54.4900016784668,1807.719970703125,4251.39990234375,30.030000686645508
2009-06-19,0.04093,0.0335,0.05896,0.0018,0.01824,935.5999755859375,48.108001708984375,921.22998046875,48.95000076293945,1827.469970703125,4313.60009765625,27.989999771118164
2009-06-22,0.04195,0.034,0.059320000000000005,0.00193,0.01745,920.5999755859375,48.268001556396484,893.0399780273438,47.529998779296875,1766.18994140625,4235.25,31.170000076293945
2009-06-23,0.041280000000000004,0.0335,0.05969,0.0020499999999999997,0.017150000000000002,923.9000244140625,48.59199905395508,895.0999755859375,48.22999954223633,1764.9200439453125,4247.0,30.579999923706055
2009-06-24,0.04118,0.0333,0.0593,0.00198,0.017689999999999997,934.0999755859375,48.35100173950195,900.9400024414062,42.220001220703125,1792.3399658203125,4292.9501953125,29.049999237060547
2009-06-25,0.041639999999999996,0.0335,0.05928,0.00172,0.01656,939.0999755859375,48.51100158691406,920.260009765625,38.59000015258789,1829.5400390625,4241.85009765625,26.360000610351562
2009-06-26,0.042480000000000004,0.0335,0.05886,0.00188,0.01628,940.7000122070312,48.0359992980957,918.9000244140625,37.9900016784668,1838.219970703125,4375.5,25.93000030517578
2009-06-29,0.04237,0.0335,0.05904,0.00183,0.01609,940.4000244140625,48.02899932861328,927.22998046875,40.310001373291016,1844.06005859375,4390.9501953125,25.350000381469727
2009-06-30,0.04227,0.0335,0.05865,0.00193,0.01625,927.0999755859375,47.80099868774414,919.3200073242188,42.540000915527344,1835.0400390625,4291.10009765625,26.350000381469727
2009-07-01,0.041589999999999995,0.033,0.05788,0.00172,0.015600000000000001,941.0,47.85200119018555,923.3300170898438,43.150001525878906,1845.719970703125,4340.89990234375,26.219999313354492
2009-07-02,0.0409,0.031,0.05692,0.0016200000000000001,0.014910000000000001,930.7000122070312,47.85900115966797,896.4199829101562,43.880001068115234,1796.52001953125,4348.85009765625,27.950000762939453
2009-07-03,0.04058,0.031,0.05612,0.0016200000000000001,0.014910000000000001,930.7000122070312,47.869998931884766,896.4199829101562,45.86000061035156,1796.52001953125,4424.25,27.950000762939453
2009-07-06,0.04223,0.031,0.05762,0.0016200000000000001,0.01458,924.0,48.43899917602539,898.719970703125,39.88999938964844,1787.4000244140625,4165.7001953125,29.0
2009-07-07,0.04213,0.031,0.05779,0.00188,0.014490000000000001,928.7999877929688,48.111000061035156,881.030029296875,36.16999816894531,1746.1700439453125,4202.14990234375,30.850000381469727
2009-07-08,0.04095,0.032,0.056639999999999996,0.00185,0.01436,909.0,48.83700180053711,879.5599975585938,37.380001068115234,1747.1700439453125,4078.89990234375,31.299999237060547
2009-07-09,0.04073,0.032,0.05681,0.00183,0.01468,915.9000244140625,48.69300079345703,882.6799926757812,36.63999938964844,1752.550048828125,4080.949951171875,29.780000686645508
2009-07-10,0.040389999999999995,0.0313,0.0562,0.0017699999999999999,0.01409,912.2000122070312,48.87099838256836,879.1300048828125,35.83000183105469,1756.030029296875,4003.89990234375,29.020000457763672
2009-07-13,0.040279999999999996,0.0313,0.05618,0.00183,0.014150000000000001,922.2000122070312,49.32500076293945,901.0499877929688,36.58000183105469,1793.2099609375,3974.050048828125,26.309999465942383
2009-07-14,0.03956,0.0315,0.05654,0.00183,0.014790000000000001,922.5,48.74800109863281,905.8400268554688,35.04999923706055,1799.72998046875,4111.39990234375,25.020000457763672
2009-07-15,0.03944,0.0325,0.05672,0.00183,0.015969999999999998,939.0999755859375,48.28900146484375,932.6799926757812,36.150001525878906,1862.9000244140625,4233.5,25.889999389648438
2009-07-16,0.03933,0.0325,0.05651,0.00172,0.01551,935.0999755859375,48.47100067138672,940.739990234375,37.59000015258789,1885.030029296875,4231.39990234375,25.420000076293945
2009-07-17,0.03897,0.0323,0.05624,0.00172,0.01567,937.2000122070312,48.63600158691406,940.3800048828125,35.88999938964844,1886.6099853515625,4374.9501953125,24.34000015258789
2009-07-20,0.03947,0.0323,0.056909999999999995,0.00172,0.01543,948.5,48.16899871826172,951.1300048828125,36.970001220703125,1909.2900390625,4502.25,24.399999618530273
2009-07-21,0.03873,0.0323,0.05701,0.00188,0.014539999999999999,946.5999755859375,48.354000091552734,954.5800170898438,36.59000015258789,1916.199951171875,4469.10009765625,23.8700008392334
2009-07-22,0.03923,0.0325,0.057190000000000005,0.00188,0.014870000000000001,953.0,48.44499969482422,954.0700073242188,37.13999938964844,1926.3800048828125,4398.89990234375,23.469999313354492
2009-07-23,0.03849,0.0325,0.05698,0.00188,0.01584,954.5,48.37300109863281,976.2899780273438,34.04999923706055,1973.5999755859375,4523.75,23.43000030517578
2009-07-24,0.03811,0.0325,0.0572,0.00188,0.01562,952.7999877929688,48.130001068115234,979.260009765625,36.470001220703125,1965.9599609375,4568.5498046875,23.09000015258789
2009-07-27,0.03862,0.0325,0.05749,0.00193,0.01603,953.2999877929688,48.09199905395508,982.1799926757812,37.38999938964844,1967.8900146484375,4572.2998046875,24.280000686645508
2009-07-28,0.03912,0.0325,0.057670000000000006,0.00198,0.01641,939.0,48.132999420166016,979.6199951171875,36.06999969482422,1975.510009765625,4564.10009765625,25.010000228881836
2009-07-29,0.04027,0.0325,0.05843,0.00203,0.0169,927.2000122070312,48.391998291015625,975.1500244140625,37.33000183105469,1967.760009765625,4513.5,25.610000610351562
2009-07-30,0.04,0.0325,0.05835,0.00185,0.01685,934.9000244140625,48.275001525878906,986.75,37.59000015258789,1984.300048828125,4571.4501953125,25.399999618530273
2009-07-31,0.04183,0.0325,0.058390000000000004,0.00185,0.0159,953.7000122070312,47.625999450683594,987.47998046875,39.209999084472656,1978.5,4636.4501953125,25.920000076293945
2009-08-03,0.041710000000000004,0.0325,0.05955,0.00193,0.01705,956.5999755859375,47.61600112915039,1002.6300048828125,40.650001525878906,2008.6099853515625,4711.39990234375,25.559999465942383
2009-08-04,0.04354,0.032799999999999996,0.05875,0.00185,0.01727,967.5,47.470001220703125,1005.6500244140625,36.79999923706055,2011.31005859375,4680.5,24.889999389648438
2009-08-05,0.04408,0.032799999999999996,0.0603,0.00183,0.01755,964.2000122070312,47.56999969482422,1002.719970703125,36.70000076293945,1993.050048828125,4694.14990234375,24.899999618530273
2009-08-06,0.04397,0.032799999999999996,0.060880000000000004,0.0017499999999999998,0.01738,960.7000122070312,47.61399841308594,997.0800170898438,37.650001525878906,1973.1600341796875,4585.5,25.670000076293945
2009-08-07,0.04364,0.032799999999999996,0.061040000000000004,0.0017699999999999999,0.01838,957.2999877929688,47.86899948120117,1010.47998046875,40.849998474121094,2000.25,4481.39990234375,24.760000228881836
2009-08-10,0.04418999999999999,0.032799999999999996,0.061509999999999995,0.00167,0.01775,945.0,47.707000732421875,1007.0999755859375,38.189998626708984,1992.239990234375,4437.64990234375,24.989999771118164
2009-08-11,0.045410000000000006,0.032799999999999996,0.06240999999999999,0.00188,0.01717,945.7999877929688,47.91400146484375,994.3499755859375,38.20000076293945,1969.72998046875,4471.35009765625,25.989999771118164
2009-08-12,0.045970000000000004,0.032799999999999996,0.0616,0.00183,0.01742,950.7000122070312,48.2869987487793,1005.8099975585938,42.52000045776367,1998.719970703125,4457.5,25.450000762939453
2009-08-13,0.04533,0.0333,0.061989999999999996,0.0017499999999999998,0.01661,954.7000122070312,48.05400085449219,1012.72998046875,42.79999923706055,2009.3499755859375,4605.0,24.709999084472656
2009-08-14,0.04514,0.0333,0.06216,0.0017499999999999998,0.01613,947.0,48.209999084472656,1004.0900268554688,44.2400016784668,1985.52001953125,4580.0498046875,24.270000457763672
2009-08-17,0.045570000000000006,0.0335,0.06254,0.0017699999999999999,0.01538,934.2999877929688,48.57099914550781,979.72998046875,46.4900016784668,1930.8399658203125,4387.89990234375,27.889999389648438
2009-08-18,0.04659,0.0338,0.06272,0.00185,0.01573,937.7000122070312,48.68899917602539,989.6699829101562,45.040000915527344,1955.9200439453125,4458.89990234375,26.18000030517578
2009-08-19,0.04659,0.0338,0.06272,0.00167,0.015189999999999999,943.2999877929688,48.67100143432617,996.4600219726562,40.209999084472656,1969.239990234375,4394.10009765625,26.260000228881836
2009-08-20,0.046479999999999994,0.0338,0.06231,0.00165,0.01521,940.2999877929688,48.61600112915039,1007.3699951171875,36.83000183105469,1989.219970703125,4453.4501953125,25.09000015258789
2009-08-21,0.04686,0.0335,0.06329,0.00167,0.01647,953.2000122070312,48.43299865722656,1026.1300048828125,38.5099983215332,2020.9000244140625,4528.7998046875,25.010000228881836
2009-08-24,0.04675,0.0338,0.06348,0.0016200000000000001,0.01566,942.2999877929688,48.409000396728516,1025.5699462890625,38.5099983215332,2017.97998046875,4642.7998046875,25.139999389648438
2009-08-25,0.04665,0.034,0.06326999999999999,0.00165,0.015449999999999998,944.5,48.67300033569336,1028.0,48.29999923706055,2024.22998046875,4659.35009765625,24.920000076293945
2009-08-26,0.04583,0.034,0.06306,0.00157,0.0155,944.2999877929688,48.77399826049805,1028.1199951171875,36.27000045776367,2024.4300537109375,4680.85009765625,24.950000762939453
2009-08-27,0.04643,0.034,0.06204,0.00147,0.01555,945.5,48.888999938964844,1030.97998046875,34.84000015258789,2027.72998046875,4688.2001953125,24.68000030517578
2009-08-28,0.04662,0.034,0.06416000000000001,0.0014000000000000002,0.01533,957.0,48.52799987792969,1028.9300537109375,33.27000045776367,2028.77001953125,4732.35009765625,24.760000228881836
2009-08-31,0.04753,0.034300000000000004,0.06444,0.0014199999999999998,0.01473,951.7000122070312,48.75,1020.6199951171875,34.5099983215332,2009.06005859375,4662.10009765625,26.010000228881836
2009-09-01,0.047720000000000005,0.034300000000000004,0.06484,0.0014199999999999998,0.01406,954.7000122070312,48.80799865722656,998.0399780273438,34.97999954223633,1968.8900146484375,4625.35009765625,29.149999618530273
2009-09-02,0.045880000000000004,0.0342,0.06471,0.0013700000000000001,0.01375,976.5999755859375,48.891998291015625,994.75,34.959999084472656,1967.0699462890625,4608.35009765625,28.899999618530273
2009-09-03,0.046490000000000004,0.034,0.06503,0.0013700000000000001,0.013999999999999999,995.7999877929688,48.83300018310547,1003.239990234375,34.11000061035156,1983.199951171875,4593.5498046875,27.100000381469727
2009-09-04,0.046150000000000004,0.034,0.06562,0.0013700000000000001,0.01436,994.9000244140625,48.81800079345703,1016.4000244140625,32.5099983215332,2018.780029296875,4680.39990234375,25.260000228881836
2009-09-07,0.04456,0.034,0.0661,0.0013700000000000001,0.01436,994.9000244140625,48.56800079345703,1016.4000244140625,32.209999084472656,2018.780029296875,4782.89990234375,25.260000228881836
2009-09-08,0.04518,0.034300000000000004,0.06684,0.00134,0.0146,997.9000244140625,48.45000076293945,1025.3900146484375,31.969999313354492,2037.77001953125,4805.25,25.6200008392334
2009-09-09,0.0461,0.0345,0.06704,0.00147,0.01493,995.2999877929688,48.439998626708984,1033.3699951171875,31.65999984741211,2060.389892578125,4814.25,24.31999969482422
2009-09-10,0.04718,0.0345,0.06724000000000001,0.00145,0.01431,995.4000244140625,48.57400131225586,1044.1400146484375,32.58000183105469,2084.02001953125,4819.39990234375,23.549999237060547
2009-09-11,0.0479,0.0345,0.06831000000000001,0.0014199999999999998,0.01444,1004.9000244140625,48.39400100708008,1042.72998046875,31.170000076293945,2080.89990234375,4829.5498046875,24.149999618530273
2009-09-14,0.04764,0.0345,0.06734,0.0013700000000000001,0.01477,999.9000244140625,48.63600158691406,1049.3399658203125,31.670000076293945,2091.780029296875,4808.60009765625,23.860000610351562
2009-09-15,0.04585,0.0345,0.0668,0.00134,0.014950000000000001,1005.0,48.47100067138672,1052.6300048828125,30.200000762939453,2102.639892578125,4892.10009765625,23.420000076293945
2009-09-16,0.04573000000000001,0.034,0.06679,0.00117,0.01544,1018.9000244140625,48.145999908447266,1068.760009765625,28.31999969482422,2133.14990234375,4958.39990234375,23.690000534057617
2009-09-17,0.04638,0.0345,0.06783,0.00099,0.01477,1012.2999877929688,48.02000045776367,1065.489990234375,27.270000457763672,2126.75,4965.5498046875,23.649999618530273
2009-09-18,0.04511999999999999,0.0345,0.06697,0.00086,0.015609999999999999,1009.2000122070312,48.03799819946289,1068.300048828125,25.860000610351562,2132.860107421875,4976.0498046875,23.920000076293945
2009-09-21,0.04511999999999999,0.0345,0.06697,0.00094,0.01547,1003.7000122070312,47.9900016784668,1064.6600341796875,25.860000610351562,2138.0400390625,4976.0498046875,24.059999465942383
2009-09-22,0.044989999999999995,0.0345,0.06695999999999999,0.00106,0.0152,1014.2000122070312,48.053001403808594,1071.6600341796875,26.799999237060547,2146.300048828125,5020.2001953125,23.079999923706055
2009-09-23,0.04408,0.0345,0.06612,0.00101,0.014690000000000002,1013.0,47.95100021362305,1060.8699951171875,26.510000228881836,2131.419921875,4969.9501953125,23.489999771118164
2009-09-24,0.04474,0.0345,0.06527999999999999,0.00096,0.0144,997.5,47.90800094604492,1050.780029296875,24.360000610351562,2107.610107421875,4986.5498046875,24.950000762939453
2009-09-25,0.044219999999999995,0.0335,0.06545,0.00101,0.01467,990.2000122070312,47.9379997253418,1044.3800048828125,26.110000610351562,2090.919921875,4958.9501953125,25.610000610351562
2009-09-28,0.044219999999999995,0.0335,0.06545,0.00099,0.01451,992.5,47.74599838256836,1062.97998046875,26.110000610351562,2130.739990234375,4958.9501953125,24.8799991607666
2009-09-29,0.04476,0.033,0.06607,0.00127,0.0147,993.0999755859375,48.06800079345703,1060.6099853515625,26.059999465942383,2124.0400390625,5006.85009765625,25.190000534057617
2009-09-30,0.04476,0.033,0.06607,0.00127,0.01429,1008.0,47.810001373291016,1057.0799560546875,25.270000457763672,2122.419921875,5083.9501953125,25.610000610351562
2009-10-01,0.045880000000000004,0.032,0.06583,0.00101,0.01337,999.5,47.737998962402344,1029.8499755859375,25.3700008392334,2057.47998046875,5083.39990234375,28.270000457763672
2009-10-02,0.045880000000000004,0.032,0.06583,0.00099,0.013500000000000002,1003.2000122070312,47.62799835205078,1025.2099609375,25.3700008392334,2048.110107421875,5083.39990234375,28.68000030517578
2009-10-05,0.04409,0.0305,0.06561,0.00096,0.01348,1016.7000122070312,47.40800094604492,1040.4599609375,28.719999313354492,2068.14990234375,5003.2001953125,26.84000015258789
2009-10-06,0.04562,0.0305,0.06602999999999999,0.0007599999999999999,0.0138,1038.5999755859375,46.790000915527344,1054.719970703125,27.75,2103.570068359375,5027.39990234375,25.700000762939453
2009-10-07,0.04498,0.033,0.06631999999999999,0.00086,0.01375,1043.300048828125,46.597999572753906,1057.5799560546875,30.479999542236328,2110.330078125,4985.75,24.68000030517578
2009-10-08,0.04535,0.032,0.06602000000000001,0.00066,0.0141,1055.4000244140625,46.21799850463867,1065.47998046875,29.8700008392334,2123.929931640625,5002.25,24.18000030517578
2009-10-09,0.04666000000000001,0.032,0.06642,0.0007099999999999999,0.01509,1047.800048828125,46.45800018310547,1071.489990234375,30.25,2139.280029296875,4945.2001953125,23.1200008392334
2009-10-12,0.046529999999999995,0.032,0.06642,0.0007099999999999999,0.01509,1056.699951171875,46.3380012512207,1076.18994140625,28.200000762939453,2139.139892578125,5054.25,23.010000228881836
2009-10-13,0.046529999999999995,0.032,0.06642,0.00066,0.01431,1064.199951171875,46.28300094604492,1073.18994140625,28.200000762939453,2139.889892578125,5054.25,22.989999771118164
2009-10-14,0.04627,0.0325,0.06683,0.00061,0.014690000000000002,1063.9000244140625,46.018001556396484,1092.02001953125,26.3799991607666,2172.22998046875,5118.2001953125,22.860000610351562
2009-10-15,0.047,0.0325,0.06682,0.00063,0.01506,1049.800048828125,45.95000076293945,1096.56005859375,26.639999389648438,2173.2900390625,5108.85009765625,21.719999313354492
2009-10-16,0.046470000000000004,0.0325,0.06702,0.00066,0.01496,1050.699951171875,46.20000076293945,1087.6800537109375,26.020000457763672,2156.800048828125,5142.14990234375,21.43000030517578
2009-10-19,0.046470000000000004,0.0325,0.06702,0.00068,0.01498,1057.300048828125,45.95000076293945,1097.9100341796875,26.020000457763672,2176.320068359375,5142.14990234375,21.489999771118164
2009-10-20,0.046340000000000006,0.0325,0.0668,0.00084,0.01437,1057.800048828125,46.257999420166016,1091.06005859375,26.690000534057617,2163.469970703125,5114.4501953125,20.899999618530273
2009-10-21,0.0453,0.0325,0.06657,0.0007099999999999999,0.01496,1063.699951171875,46.400001525878906,1081.4000244140625,26.780000686645508,2150.72998046875,5063.60009765625,22.219999313354492
2009-10-22,0.04426,0.032,0.06614,0.00053,0.01493,1057.800048828125,46.54999923706055,1092.9100341796875,25.489999771118164,2165.2900390625,4988.60009765625,20.690000534057617
2009-10-23,0.046189999999999995,0.0323,0.06655,0.00061,0.01572,1055.5999755859375,46.428001403808594,1079.5999755859375,24.489999771118164,2154.469970703125,4997.0498046875,22.270000457763672
2009-10-26,0.04458,0.033,0.06611,0.0005600000000000001,0.01602,1042.0999755859375,46.54999923706055,1066.949951171875,24.489999771118164,2141.85009765625,4970.89990234375,24.309999465942383
2009-10-27,0.04535,0.0325,0.06545,0.0007599999999999999,0.01494,1034.699951171875,46.9379997253418,1063.4100341796875,28.18000030517578,2116.090087890625,4846.7001953125,24.829999923706055
2009-10-28,0.04335,0.0325,0.06501,0.0007099999999999999,0.014450000000000001,1029.9000244140625,47.178001403808594,1042.6300048828125,28.479999542236328,2059.610107421875,4826.14990234375,27.90999984741211
2009-10-29,0.04263,0.0323,0.06544,0.00058,0.01502,1046.4000244140625,47.178001403808594,1066.1099853515625,28.219999313354492,2097.550048828125,4750.5498046875,24.760000228881836
2009-10-30,0.04271,0.032400000000000005,0.06555,0.0005099999999999999,0.01402,1039.699951171875,46.917999267578125,1036.18994140625,25.389999389648438,2045.1099853515625,4711.7001953125,30.690000534057617
2009-11-02,0.04271,0.032400000000000005,0.06555,0.0005099999999999999,0.01432,1053.4000244140625,46.79999923706055,1042.8800048828125,25.389999389648438,2049.199951171875,4711.7001953125,29.780000686645508
2009-11-03,0.0435,0.0327,0.06497,0.00053,0.01429,1084.300048828125,47.25,1045.4100341796875,24.43000030517578,2057.320068359375,4563.89990234375,28.809999465942383
2009-11-04,0.04334,0.0327,0.06518,0.0005099999999999999,0.01429,1086.699951171875,46.79999923706055,1046.5,29.889999389648438,2055.52001953125,4710.7998046875,27.719999313354492
2009-11-05,0.04221,0.03235,0.06504,0.00041,0.01402,1088.699951171875,46.9379997253418,1066.6300048828125,29.56999969482422,2105.320068359375,4765.5498046875,25.43000030517578
2009-11-06,0.042679999999999996,0.03261,0.06431,0.0005600000000000001,0.013640000000000001,1095.0999755859375,46.7400016784668,1069.300048828125,29.040000915527344,2112.43994140625,4796.14990234375,24.190000534057617
2009-11-09,0.04152,0.03256,0.06321,0.00053,0.01359,1100.800048828125,46.36800003051758,1093.0799560546875,28.920000076293945,2154.06005859375,4898.39990234375,23.149999618530273
2009-11-10,0.04135,0.0325,0.06324,0.00066,0.01391,1101.9000244140625,46.31800079345703,1093.010009765625,30.059999465942383,2151.080078125,4881.7001953125,22.84000015258789
2009-11-11,0.05055,0.0325,0.06353,0.00066,0.01391,1114.0,46.40800094604492,1098.510009765625,28.959999084472656,2166.89990234375,5003.9501953125,23.040000915527344
2009-11-12,0.05132,0.0325,0.06357,0.00063,0.013560000000000001,1106.0,46.65999984741211,1087.239990234375,29.639999389648438,2149.02001953125,4952.64990234375,24.239999771118164
2009-11-13,0.05115,0.03303,0.06331,0.00063,0.013460000000000001,1116.0999755859375,46.257999420166016,1093.47998046875,29.09000015258789,2167.8798828125,4998.9501953125,23.360000610351562
2009-11-16,0.05096,0.0326,0.06334,0.00058,0.01298,1138.5999755859375,45.9900016784668,1109.300048828125,27.950000762939453,2197.85009765625,5058.0498046875,22.889999389648438
2009-11-17,0.05076,0.0325,0.06307,0.00063,0.012729999999999998,1138.800048828125,46.22999954223633,1110.3199462890625,26.780000686645508,2203.780029296875,5062.25,22.40999984741211
2009-11-18,0.05049000000000001,0.03245,0.06305,0.0003,0.01279,1140.699951171875,46.099998474121094,1109.800048828125,26.389999389648438,2193.139892578125,5054.7001953125,21.6299991607666
2009-11-19,0.04988000000000001,0.0327,0.06273,0.0002,0.01225,1141.4000244140625,46.54999923706055,1094.9000244140625,28.549999237060547,2156.820068359375,4989.0,22.6299991607666
2009-11-20,0.049370000000000004,0.03261,0.06186,0.0002,0.01252,1146.4000244140625,46.540000915527344,1091.3800048828125,26.639999389648438,2146.0400390625,5052.4501953125,22.190000534057617
2009-11-23,0.04967,0.0327,0.06229,0.00025,0.01262,1164.300048828125,46.36000061035156,1106.239990234375,26.690000534057617,2176.010009765625,5103.5498046875,21.15999984741211
2009-11-24,0.04972000000000001,0.0325,0.06232,0.00046,0.01209,1165.5,46.29999923706055,1105.6500244140625,26.09000015258789,2169.179931640625,5090.5498046875,20.469999313354492
2009-11-25,0.0501,0.0327,0.061950000000000005,0.00046,0.012110000000000001,1186.9000244140625,46.0099983215332,1110.6300048828125,24.850000381469727,2176.050048828125,5108.14990234375,20.479999542236328
2009-11-26,0.04979,0.03345,0.06176,0.00046,0.012110000000000001,1186.9000244140625,46.667999267578125,1110.6300048828125,28.309999465942383,2176.050048828125,5005.5498046875,20.479999542236328
2009-11-27,0.049960000000000004,0.03261,0.06225,0.00028000000000000003,0.01135,1174.199951171875,46.45000076293945,1091.489990234375,30.059999465942383,2138.43994140625,4941.75,24.739999771118164
2009-11-30,0.05076,0.03341,0.0629,0.0005600000000000001,0.01103,1181.0999755859375,46.45800018310547,1095.6300048828125,27.559999465942383,2144.60009765625,5032.7001953125,24.510000228881836
2009-12-01,0.05199,0.0333,0.06392,0.0005600000000000001,0.011240000000000002,1199.0999755859375,46.22800064086914,1108.8599853515625,25.450000762939453,2175.81005859375,5122.0,21.920000076293945
2009-12-02,0.05213,0.0335,0.06399,0.00046,0.011699999999999999,1212.0,46.20000076293945,1109.239990234375,26.030000686645508,2185.030029296875,5123.25,21.1200008392334
2009-12-03,0.05193,0.03398,0.06421,0.00048,0.01194,1217.4000244140625,46.0,1099.9200439453125,25.989999771118164,2173.139892578125,5131.7001953125,22.459999084472656
2009-12-04,0.052009999999999994,0.03387,0.06485,0.0005099999999999999,0.01315,1168.800048828125,46.11800003051758,1105.97998046875,26.139999389648438,2194.35009765625,5108.89990234375,21.25
2009-12-07,0.051980000000000005,0.03426,0.06394,0.00023,0.01234,1163.4000244140625,46.46799850463867,1103.25,27.670000076293945,2189.610107421875,5066.7001953125,22.100000381469727
2009-12-08,0.05221,0.0345,0.06392,0.00025,0.011770000000000001,1142.800048828125,46.61800003051758,1091.93994140625,26.459999084472656,2172.989990234375,5147.9501953125,23.690000534057617
2009-12-09,0.05218,0.0341,0.06414,0.00033,0.012470000000000002,1120.4000244140625,46.52799987792969,1095.949951171875,26.989999771118164,2183.72998046875,5112.0,22.65999984741211
2009-12-10,0.05258,0.034390000000000004,0.06444,0.00028000000000000003,0.01269,1125.699951171875,46.518001556396484,1102.3499755859375,27.200000762939453,2190.860107421875,5134.64990234375,22.31999969482422
2009-12-11,0.052919999999999995,0.03429,0.06432,0.00025,0.01309,1119.4000244140625,46.472999572753906,1106.4100341796875,27.149999618530273,2190.31005859375,5117.2998046875,21.59000015258789
2009-12-14,0.0542,0.03469,0.06476,0.0003,0.013540000000000002,1123.300048828125,46.667999267578125,1114.1099853515625,27.889999389648438,2212.10009765625,5105.7001953125,21.149999618530273
2009-12-15,0.054169999999999996,0.035089999999999996,0.06502,0.00046,0.01379,1122.4000244140625,46.71799850463867,1107.9300537109375,28.31999969482422,2201.050048828125,5033.0498046875,21.489999771118164
2009-12-16,0.05327,0.03769,0.06588,0.00041,0.013680000000000001,1135.5,46.5880012512207,1109.1800537109375,27.360000610351562,2206.909912109375,5042.0498046875,20.540000915527344
2009-12-17,0.052809999999999996,0.0375,0.06518,0.00043,0.01272,1106.800048828125,46.86800003051758,1096.0799560546875,27.25,2180.050048828125,5041.75,22.510000228881836
2009-12-18,0.05448,0.03809,0.06598,0.00046,0.013229999999999999,1110.800048828125,46.702999114990234,1102.469970703125,26.65999984741211,2211.68994140625,4987.7001953125,21.68000030517578
2009-12-21,0.05314,0.03896,0.06606,0.0005099999999999999,0.014070000000000001,1095.4000244140625,46.81800079345703,1114.050048828125,26.190000534057617,2237.659912109375,4952.60009765625,20.489999771118164
2009-12-22,0.05399,0.039,0.06582,0.0007599999999999999,0.0148,1086.0,46.79800033569336,1118.02001953125,24.520000457763672,2252.669921875,4985.85009765625,19.540000915527344
2009-12-23,0.053079999999999995,0.0375,0.06489,0.00066,0.01502,1093.300048828125,46.75,1120.5899658203125,23.84000015258789,2269.639892578125,5144.60009765625,19.709999084472656
2009-12-24,0.052969999999999996,0.0375,0.06476,0.00048,0.0155,1104.0999755859375,46.650001525878906,1126.47998046875,22.690000534057617,2285.68994140625,5178.39990234375,19.469999313354492
2009-12-28,0.052969999999999996,0.0375,0.06476,0.00063,0.01635,1107.199951171875,46.45000076293945,1127.780029296875,22.690000534057617,2291.080078125,5178.39990234375,19.93000030517578
2009-12-29,0.053360000000000005,0.038,0.06506,0.00101,0.01625,1097.0,46.560001373291016,1126.199951171875,24.40999984741211,2288.39990234375,5187.9501953125,20.010000228881836
2009-12-30,0.052910000000000006,0.0375,0.06483,0.00043,0.016220000000000002,1091.5,46.5,1126.4200439453125,24.6200008392334,2291.280029296875,5169.4501953125,19.959999084472656
2009-12-31,0.05288,0.0365,0.06436,0.00061,0.01679,1095.199951171875,46.400001525878906,1115.0999755859375,23.34000015258789,2269.14990234375,5201.0498046875,21.68000030517578
2010-01-01,0.05098,0.036000000000000004,0.06368,0.00061,0.01679,1095.199951171875,46.61000061035156,1115.0999755859375,23.34000015258789,2269.14990234375,5201.0498046875,21.68000030517578
2010-01-04,0.049589999999999995,0.0335,0.06325,0.00063,0.01619,1117.699951171875,46.28799819946289,1132.989990234375,23.639999389648438,2308.419921875,5232.2001953125,20.040000915527344
2010-01-05,0.049109999999999994,0.034230000000000003,0.06292,0.00066,0.01551,1118.0999755859375,46.119998931884766,1136.52001953125,22.270000457763672,2308.7099609375,5277.89990234375,19.350000381469727
2010-01-06,0.04997,0.037000000000000005,0.06337,0.0005600000000000001,0.015560000000000001,1135.9000244140625,45.720001220703125,1137.1400146484375,22.1200008392334,2301.090087890625,5281.7998046875,19.15999984741211
2010-01-07,0.04976,0.037000000000000005,0.06335,0.00053,0.01584,1133.0999755859375,45.6879997253418,1141.68994140625,22.5,2300.050048828125,5263.10009765625,19.059999465942383
2010-01-08,0.04965,0.0365,0.06308,0.0005099999999999999,0.01542,1138.199951171875,45.518001556396484,1144.97998046875,22.56999969482422,2317.169921875,5244.75,18.1299991607666
2010-01-11,0.049240000000000006,0.0365,0.06331,0.00033,0.015029999999999998,1150.699951171875,45.358001708984375,1146.97998046875,22.68000030517578,2312.409912109375,5249.39990234375,17.549999237060547
2010-01-12,0.0493,0.0365,0.06353,0.00048,0.014459999999999999,1128.9000244140625,45.61800003051758,1136.219970703125,23.079999923706055,2282.31005859375,5210.39990234375,18.25
2010-01-13,0.04926,0.038,0.06328,0.0005600000000000001,0.015489999999999999,1136.4000244140625,45.487998962402344,1145.6800537109375,21.989999771118164,2307.89990234375,5233.9501953125,17.850000381469727
2010-01-14,0.048760000000000005,0.0385,0.06280000000000001,0.00053,0.015029999999999998,1142.5999755859375,45.5629997253418,1148.4599609375,20.979999542236328,2316.739990234375,5259.89990234375,17.6299991607666
2010-01-15,0.048639999999999996,0.0385,0.06277,0.00061,0.01439,1130.0999755859375,45.803001403808594,1136.030029296875,21.079999923706055,2287.989990234375,5252.2001953125,17.90999984741211
2010-01-18,0.04813,0.0385,0.06242,0.00061,0.01439,1130.0999755859375,45.63800048828125,1136.030029296875,21.549999237060547,2287.989990234375,5274.85009765625,17.90999984741211
2010-01-19,0.04809,0.0385,0.06274,0.00058,0.014610000000000001,1139.699951171875,45.847999572753906,1150.22998046875,22.34000015258789,2320.39990234375,5225.64990234375,17.579999923706055
2010-01-20,0.048049999999999995,0.03812,0.06226,0.00053,0.014499999999999999,1112.300048828125,46.11800003051758,1138.0400390625,22.290000915527344,2291.25,5221.7001953125,18.68000030517578
2010-01-21,0.048,0.03888,0.06177,0.0005099999999999999,0.013959999999999998,1102.699951171875,46.108001708984375,1116.47998046875,23.5,2265.699951171875,5094.14990234375,22.270000457763672
2010-01-22,0.04883,0.039,0.06187,0.0005099999999999999,0.0137,1089.199951171875,46.222999572753906,1091.760009765625,24.850000381469727,2205.2900390625,5036.0,27.309999465942383
2010-01-25,0.04808,0.039,0.06204,0.0005099999999999999,0.01391,1095.199951171875,46.077999114990234,1096.780029296875,25.81999969482422,2210.800048828125,5007.89990234375,25.40999984741211
2010-01-26,0.04808,0.039,0.06204,0.0007099999999999999,0.01383,1097.9000244140625,45.847999572753906,1092.1700439453125,25.81999969482422,2203.72998046875,5007.89990234375,24.549999237060547
2010-01-27,0.04784,0.0395,0.061689999999999995,0.0007599999999999999,0.01448,1084.4000244140625,46.31800079345703,1097.5,28.920000076293945,2221.409912109375,4853.10009765625,23.139999389648438
2010-01-28,0.04771,0.04,0.06177,0.00079,0.01405,1083.5999755859375,46.347999572753906,1084.530029296875,26.959999084472656,2179.0,4867.25,23.729999542236328
2010-01-29,0.047619999999999996,0.03978,0.06165,0.0007599999999999999,0.01353,1083.0,46.097999572753906,1073.8699951171875,26.1299991607666,2147.35009765625,4882.0498046875,24.6200008392334
2010-02-01,0.04758,0.04,0.06187,0.00091,0.01391,1104.300048828125,46.28799819946289,1089.18994140625,25.610000610351562,2171.199951171875,4899.7001953125,22.59000015258789
2010-02-02,0.048010000000000004,0.0395,0.062329999999999997,0.00099,0.01383,1117.4000244140625,46.099998474121094,1103.3199462890625,26.690000534057617,2190.06005859375,4830.10009765625,21.479999542236328
2010-02-03,0.04845,0.0415,0.06232,0.00101,0.01413,1111.4000244140625,45.900001525878906,1097.280029296875,25.540000915527344,2190.909912109375,4931.85009765625,21.600000381469727
2010-02-04,0.04793,0.040999999999999995,0.06207,0.00091,0.01313,1062.4000244140625,46.209999084472656,1063.1099853515625,27.06999969482422,2125.429931640625,4845.35009765625,26.079999923706055
2010-02-05,0.0478,0.04019999999999999,0.061790000000000005,0.00094,0.01261,1052.199951171875,46.619998931884766,1066.18994140625,30.06999969482422,2141.1201171875,4718.64990234375,26.110000610351562
2010-02-08,0.04775,0.04,0.06178,0.00099,0.012549999999999999,1065.699951171875,46.709999084472656,1056.739990234375,30.360000610351562,2126.050048828125,4760.39990234375,26.510000228881836
2010-02-09,0.04771,0.0405,0.06128,0.00109,0.013340000000000001,1076.699951171875,46.38999938964844,1070.52001953125,29.90999984741211,2150.8701171875,4792.64990234375,26.0
2010-02-10,0.04766,0.0405,0.061509999999999995,0.00106,0.01439,1075.800048828125,46.37799835205078,1068.1300048828125,30.549999237060547,2147.8701171875,4757.2001953125,25.399999618530273
2010-02-11,0.04748,0.04,0.061689999999999995,0.00101,0.01431,1094.199951171875,46.400001525878906,1078.469970703125,28.809999465942383,2177.409912109375,4826.85009765625,23.959999084472656
2010-02-12,0.04748,0.04,0.061689999999999995,0.00096,0.013879999999999998,1089.5,46.400001525878906,1075.510009765625,28.809999465942383,2183.530029296875,4826.85009765625,22.729999542236328
2010-02-15,0.048940000000000004,0.0405,0.06913,0.00096,0.013879999999999998,1089.5,46.3380012512207,1075.510009765625,29.68000030517578,2183.530029296875,4801.9501953125,22.729999542236328
2010-02-16,0.04839,0.040999999999999995,0.06929,0.00094,0.01362,1119.300048828125,45.97999954223633,1094.8699951171875,28.729999542236328,2214.18994140625,4855.75,22.25
2010-02-17,0.05037,0.0415,0.06913,0.00099,0.01426,1119.5,46.007999420166016,1099.510009765625,29.040000915527344,2226.2900390625,4914.0,21.719999313354492
2010-02-18,0.05033000000000001,0.04092,0.06945,0.00101,0.01509,1118.0,46.13999938964844,1106.75,29.760000228881836,2241.7099609375,4887.75,20.6299991607666
2010-02-19,0.05021,0.040999999999999995,0.06961,0.00106,0.015009999999999999,1121.300048828125,46.18000030517578,1109.1700439453125,31.899999618530273,2243.8701171875,4844.89990234375,20.020000457763672
2010-02-22,0.050170000000000006,0.04152,0.06928,0.00094,0.01474,1112.5999755859375,46.099998474121094,1108.010009765625,32.130001068115234,2242.030029296875,4856.39990234375,19.940000534057617
2010-02-23,0.05065,0.04157,0.06912,0.00117,0.01418,1102.699951171875,46.268001556396484,1094.5999755859375,30.989999771118164,2213.43994140625,4870.0498046875,21.3700008392334
2010-02-24,0.0506,0.04119,0.06912,0.00117,0.014070000000000001,1096.5,46.28799819946289,1105.239990234375,30.399999618530273,2235.89990234375,4858.60009765625,20.270000457763672
2010-02-25,0.050359999999999995,0.0415,0.06912,0.00122,0.01362,1107.800048828125,46.29999923706055,1102.93994140625,29.549999237060547,2234.219970703125,4859.75,20.100000381469727
2010-02-26,0.050339999999999996,0.0415,0.06927,0.00124,0.01337,1118.300048828125,45.900001525878906,1104.489990234375,24.020000457763672,2238.260009765625,4922.2998046875,19.5
2010-03-01,0.050339999999999996,0.0415,0.06927,0.00127,0.01321,1117.800048828125,46.0,1115.7099609375,24.020000457763672,2273.570068359375,4922.2998046875,19.260000228881836
2010-03-02,0.050780000000000006,0.0415,0.06927,0.00132,0.0131,1136.9000244140625,46.02799987792969,1118.31005859375,21.6299991607666,2280.7900390625,5017.0,19.059999465942383
2010-03-03,0.051269999999999996,0.042,0.06942999999999999,0.0014199999999999998,0.01324,1142.699951171875,45.54999923706055,1118.7900390625,20.75,2280.679931640625,5088.10009765625,18.829999923706055
2010-03-04,0.05175,0.04256,0.0691,0.0014199999999999998,0.01353,1132.5999755859375,45.66999816894531,1122.969970703125,20.979999542236328,2292.31005859375,5080.25,18.719999313354492
2010-03-05,0.05163,0.04698,0.06909,0.0015199999999999999,0.014079999999999999,1134.800048828125,45.45000076293945,1138.699951171875,20.739999771118164,2326.35009765625,5088.7001953125,17.420000076293945
2010-03-08,0.05159,0.0425,0.06909,0.0015199999999999999,0.014159999999999999,1123.5999755859375,45.400001525878906,1138.5,20.729999542236328,2332.2099609375,5124.0,17.790000915527344
2010-03-09,0.051550000000000006,0.042,0.06892000000000001,0.00157,0.013779999999999999,1122.0,45.54999923706055,1140.449951171875,20.799999237060547,2340.679931640625,5101.5,17.920000076293945
2010-03-10,0.051500000000000004,0.0435,0.06892000000000001,0.0015199999999999999,0.014690000000000002,1107.800048828125,45.310001373291016,1145.6099853515625,20.09000015258789,2358.949951171875,5116.25,18.56999969482422
2010-03-11,0.05146,0.043,0.06875,0.0015199999999999999,0.015009999999999999,1108.0,45.45000076293945,1150.239990234375,20.139999389648438,2368.4599609375,5133.39990234375,18.059999465942383
2010-03-12,0.051340000000000004,0.04317,0.06874,0.0015,0.01506,1101.5,45.49800109863281,1149.989990234375,19.729999542236328,2367.659912109375,5137.0,17.579999923706055
2010-03-15,0.0518,0.0435,0.06857,0.0015199999999999999,0.014950000000000001,1105.0999755859375,45.55799865722656,1150.510009765625,20.260000228881836,2362.2099609375,5128.89990234375,18.0
2010-03-16,0.0518,0.0435,0.06857,0.0016200000000000001,0.014610000000000001,1122.199951171875,45.38999938964844,1159.4599609375,19.59000015258789,2378.010009765625,5198.10009765625,17.690000534057617
2010-03-17,0.05116,0.0435,0.06791,0.00155,0.01471,1124.0,45.279998779296875,1166.2099609375,17.729999542236328,2389.090087890625,5231.89990234375,16.90999984741211
2010-03-18,0.05061,0.04338,0.06758,0.00155,0.01512,1127.4000244140625,45.38999938964844,1165.8299560546875,17.969999313354492,2391.280029296875,5245.89990234375,16.6200008392334
2010-03-19,0.050469999999999994,0.0435,0.0674,0.00157,0.015629999999999998,1107.4000244140625,45.25,1159.9000244140625,17.75,2374.409912109375,5262.7998046875,16.969999313354492
2010-03-22,0.05098,0.044500000000000005,0.06773,0.0014199999999999998,0.015260000000000001,1099.300048828125,45.470001220703125,1165.81005859375,19.959999084472656,2395.39990234375,5205.2001953125,16.8700008392334
2010-03-23,0.050940000000000006,0.044000000000000004,0.06739,0.0013700000000000001,0.01539,1103.5,45.400001525878906,1174.1700439453125,18.1299991607666,2415.239990234375,5225.2998046875,16.350000381469727
2010-03-24,0.050940000000000006,0.044000000000000004,0.06739,0.0014199999999999998,0.01664,1088.5999755859375,45.400001525878906,1167.719970703125,18.1299991607666,2398.760009765625,5225.2998046875,17.549999237060547
2010-03-25,0.05085,0.044500000000000005,0.06738000000000001,0.0013700000000000001,0.01659,1092.699951171875,45.487998962402344,1165.72998046875,17.049999237060547,2397.409912109375,5260.39990234375,18.399999618530273
2010-03-26,0.05015,0.04317,0.06737,0.0014000000000000002,0.01625,1104.199951171875,45.11000061035156,1166.5899658203125,17.889999389648438,2395.1298828125,5282.0,17.770000457763672
2010-03-29,0.049530000000000005,0.0435,0.06638,0.00132,0.016220000000000002,1110.300048828125,44.79999923706055,1173.219970703125,18.729999542236328,2404.360107421875,5302.85009765625,17.59000015258789
2010-03-30,0.0518,0.0435,0.06687,0.00155,0.0163,1104.5,44.939998626708984,1173.27001953125,19.799999237060547,2410.68994140625,5262.4501953125,17.1299991607666
2010-03-31,0.05159,0.0425,0.06751,0.00157,0.01576,1113.300048828125,44.79999923706055,1169.4300537109375,19.8700008392334,2397.9599609375,5249.10009765625,17.59000015258789
2010-04-01,0.05159,0.0425,0.06751,0.0016200000000000001,0.0161,1125.0999755859375,44.599998474121094,1178.0999755859375,17.6200008392334,2402.580078125,5290.5,17.469999313354492
2010-04-02,0.05159,0.0425,0.06751,0.00167,0.0167,1125.0999755859375,44.80799865722656,1178.0999755859375,17.6200008392334,2402.580078125,5290.5,17.469999313354492
2010-04-05,0.05154,0.03812,0.06767000000000001,0.00167,0.01742,1132.9000244140625,44.36000061035156,1187.43994140625,17.170000076293945,2429.530029296875,5368.39990234375,17.020000457763672
2010-04-06,0.050339999999999996,0.039,0.06766,0.00172,0.01709,1135.0999755859375,44.34000015258789,1189.43994140625,17.200000762939453,2436.81005859375,5366.0,16.229999542236328
2010-04-07,0.049699999999999994,0.03994,0.06749,0.00167,0.01678,1152.300048828125,44.400001525878906,1182.449951171875,17.31999969482422,2431.159912109375,5374.64990234375,16.6200008392334
2010-04-08,0.04965,0.03929,0.06766,0.0016200000000000001,0.01691,1152.199951171875,44.34000015258789,1186.43994140625,19.920000076293945,2436.81005859375,5304.4501953125,16.479999542236328
2010-04-09,0.0495,0.03936,0.06748,0.00157,0.01686,1161.0999755859375,44.119998931884766,1194.3699951171875,18.440000534057617,2454.050048828125,5361.75,16.139999389648438
2010-04-12,0.050629999999999994,0.040670000000000005,0.06764,0.0014199999999999998,0.01643,1161.5999755859375,44.34000015258789,1196.47998046875,20.049999237060547,2457.8701171875,5339.7001953125,15.579999923706055
2010-04-13,0.05177,0.041139999999999996,0.06763,0.00157,0.01659,1152.800048828125,44.577999114990234,1197.300048828125,20.139999389648438,2465.989990234375,5322.9501953125,16.200000762939453
2010-04-14,0.05177,0.041139999999999996,0.06763,0.0016,0.01667,1159.0,44.209999084472656,1210.6500244140625,20.139999389648438,2504.860107421875,5322.9501953125,15.59000015258789
2010-04-15,0.051680000000000004,0.04133,0.06813,0.0016,0.01619,1159.699951171875,44.290000915527344,1211.6700439453125,21.579999923706055,2515.68994140625,5273.60009765625,15.890000343322754
2010-04-16,0.05215,0.04190000000000001,0.06828000000000001,0.00157,0.01554,1136.300048828125,44.31800079345703,1192.1300048828125,21.780000686645508,2481.260009765625,5262.60009765625,18.360000610351562
2010-04-19,0.0521,0.0425,0.06844,0.0015199999999999999,0.01586,1135.199951171875,44.72800064086914,1197.52001953125,22.65999984741211,2480.110107421875,5203.64990234375,17.34000015258789
2010-04-20,0.051449999999999996,0.042,0.0676,0.0015199999999999999,0.01613,1138.5999755859375,44.38999938964844,1207.1700439453125,20.8700008392334,2500.31005859375,5230.10009765625,15.729999542236328
2010-04-21,0.05091999999999999,0.04031,0.06743,0.00155,0.015880000000000002,1148.199951171875,44.400001525878906,1205.93994140625,19.229999542236328,2504.610107421875,5244.89990234375,16.31999969482422
2010-04-22,0.049530000000000005,0.04092,0.06683,0.00157,0.01626,1142.300048828125,44.439998626708984,1208.6700439453125,20.530000686645508,2519.070068359375,5269.35009765625,16.469999313354492
2010-04-23,0.04912,0.04063,0.06724999999999999,0.00157,0.016659999999999998,1153.0999755859375,44.290000915527344,1217.280029296875,20.209999084472656,2530.14990234375,5304.10009765625,16.6200008392334
2010-04-26,0.048940000000000004,0.0405,0.06691,0.00157,0.01652,1153.5,44.25,1212.050048828125,19.790000915527344,2522.949951171875,5322.4501953125,17.469999313354492
2010-04-27,0.04926,0.040709999999999996,0.06607,0.0015199999999999999,0.01536,1161.699951171875,44.45000076293945,1183.7099609375,19.81999969482422,2471.469970703125,5308.35009765625,22.809999465942383
2010-04-28,0.0492,0.040999999999999995,0.06606,0.0016200000000000001,0.01585,1171.300048828125,44.5,1191.3599853515625,22.729999542236328,2471.72998046875,5215.4501953125,21.079999923706055
2010-04-29,0.0489,0.040999999999999995,0.06589,0.00167,0.01544,1168.4000244140625,44.45000076293945,1206.780029296875,21.190000534057617,2511.919921875,5254.14990234375,18.440000534057617
2010-04-30,0.048600000000000004,0.040999999999999995,0.06554,0.00165,0.01489,1180.0999755859375,44.25,1186.68994140625,20.350000381469727,2461.18994140625,5278.0,22.049999237060547
2010-05-03,0.048920000000000005,0.04109,0.06573999999999999,0.00167,0.015300000000000001,1182.699951171875,44.400001525878906,1202.260009765625,22.139999389648438,2498.739990234375,5222.75,20.190000534057617
2010-05-04,0.04823,0.040709999999999996,0.06536,0.0017000000000000001,0.0147,1168.5999755859375,44.54999923706055,1173.5999755859375,23.299999237060547,2424.25,5148.5,23.84000015258789
2010-05-05,0.04881,0.04031,0.06519,0.00155,0.01391,1174.5999755859375,44.849998474121094,1165.8699951171875,23.690000534057617,2402.2900390625,5124.89990234375,24.90999984741211
2010-05-06,0.04875,0.0405,0.06552,0.00114,0.012849999999999999,1196.9000244140625,45.459999084472656,1128.1500244140625,24.360000610351562,2319.639892578125,5090.85009765625,32.79999923706055
2010-05-07,0.04858,0.040999999999999995,0.06584,0.00127,0.012920000000000001,1210.0,45.417999267578125,1110.8800048828125,27.399999618530273,2265.639892578125,5018.0498046875,40.95000076293945
2010-05-10,0.04852,0.040999999999999995,0.066,0.0015199999999999999,0.01376,1200.4000244140625,44.76300048828125,1159.72998046875,24.139999389648438,2374.669921875,5193.60009765625,28.84000015258789
2010-05-11,0.04781,0.040999999999999995,0.06579,0.00157,0.013349999999999999,1219.9000244140625,44.9900016784668,1155.7900390625,25.809999465942383,2375.31005859375,5136.14990234375,28.31999969482422
2010-05-12,0.0484,0.0415,0.06582,0.00157,0.014070000000000001,1242.699951171875,44.95000076293945,1171.6700439453125,25.81999969482422,2425.02001953125,5156.64990234375,25.520000457763672
2010-05-13,0.04886,0.0415,0.06514,0.0016200000000000001,0.0137,1228.800048828125,44.939998626708984,1157.43994140625,24.860000610351562,2394.360107421875,5178.89990234375,26.68000030517578
2010-05-14,0.048949999999999994,0.0415,0.06479,0.0015199999999999999,0.01287,1227.4000244140625,45.25,1135.6800537109375,26.530000686645508,2346.85009765625,5093.5,31.239999771118164
2010-05-17,0.048760000000000005,0.0415,0.06478,0.00157,0.01314,1227.699951171875,45.52799987792969,1136.93994140625,27.170000076293945,2354.22998046875,5059.89990234375,30.84000015258789
2010-05-18,0.0487,0.0415,0.06491,0.00172,0.012119999999999999,1214.300048828125,45.560001373291016,1120.800048828125,26.540000915527344,2317.260009765625,5066.2001953125,33.54999923706055
2010-05-19,0.048639999999999996,0.042,0.06477000000000001,0.0017000000000000001,0.0126,1192.5999755859375,46.27299880981445,1115.050048828125,32.040000915527344,2298.3701171875,4919.64990234375,35.31999969482422
2010-05-20,0.04885,0.0425,0.06503,0.0016200000000000001,0.01164,1187.800048828125,46.7400016784668,1071.5899658203125,31.040000915527344,2204.010009765625,4947.60009765625,45.790000915527344
2010-05-21,0.049210000000000004,0.043,0.06515,0.0016200000000000001,0.01206,1175.699951171875,46.917999267578125,1087.68994140625,32.2599983215332,2229.0400390625,4931.14990234375,40.099998474121094
2010-05-24,0.048470000000000006,0.043,0.06525,0.00157,0.01179,1193.800048828125,46.810001373291016,1073.6500244140625,31.299999237060547,2213.550048828125,4943.9501953125,38.31999969482422
2010-05-25,0.04813,0.0435,0.06534,0.00167,0.012,1197.800048828125,47.47999954223633,1074.030029296875,34.52000045776367,2210.949951171875,4806.75,34.61000061035156
2010-05-26,0.04883,0.050499999999999996,0.06588,0.00167,0.01254,1213.300048828125,47.099998474121094,1067.949951171875,32.150001525878906,2195.8798828125,4917.39990234375,35.02000045776367
2010-05-27,0.04883,0.050499999999999996,0.06588,0.00167,0.01351,1211.9000244140625,46.720001220703125,1103.06005859375,29.010000228881836,2277.679931640625,5003.10009765625,29.68000030517578
2010-05-28,0.04871,0.051,0.0659,0.0016200000000000001,0.01242,1212.199951171875,46.29999923706055,1089.4100341796875,26.43000030517578,2257.0400390625,5066.5498046875,32.06999969482422
2010-05-31,0.050309999999999994,0.05,0.06566,0.0016200000000000001,0.01242,1212.199951171875,46.358001708984375,1089.4100341796875,26.43000030517578,2257.0400390625,5086.2998046875,32.06999969482422
2010-06-01,0.049699999999999994,0.051,0.06572,0.0015199999999999999,0.0121,1224.800048828125,47.08300018310547,1070.7099609375,29.079999923706055,2222.330078125,4970.2001953125,35.540000915527344
2010-06-02,0.0495,0.052000000000000005,0.06570999999999999,0.0015199999999999999,0.01275,1220.5999755859375,46.79999923706055,1098.3800048828125,27.760000228881836,2281.070068359375,5019.85009765625,30.170000076293945
2010-06-03,0.04958,0.051,0.06588,0.00145,0.012769999999999998,1208.300048828125,46.5,1102.8299560546875,25.290000915527344,2303.030029296875,5110.5,29.459999084472656
2010-06-04,0.052450000000000004,0.051500000000000004,0.06583,0.0012900000000000001,0.01161,1216.199951171875,46.86000061035156,1064.8800048828125,24.719999313354492,2219.169921875,5135.5,35.47999954223633
2010-06-07,0.05282,0.051500000000000004,0.066,0.00117,0.01133,1239.300048828125,46.790000915527344,1050.469970703125,27.989999771118164,2173.89990234375,5034.0,36.56999969482422
2010-06-08,0.05244,0.052000000000000005,0.06599000000000001,0.0011899999999999999,0.01179,1244.0,46.83000183105469,1062.0,28.770000457763672,2170.570068359375,4987.10009765625,33.70000076293945
2010-06-09,0.05234,0.053,0.06616,0.00099,0.01194,1228.5,46.810001373291016,1055.68994140625,28.15999984741211,2158.85009765625,5000.2998046875,33.72999954223633
2010-06-10,0.05223,0.0525,0.06636,0.00089,0.01288,1220.800048828125,46.75,1086.8399658203125,26.5,2218.7099609375,5078.60009765625,30.56999969482422
2010-06-11,0.05222,0.053,0.06676,0.00079,0.012150000000000001,1228.9000244140625,46.75,1091.5999755859375,25.100000381469727,2243.60009765625,5119.35009765625,28.790000915527344
2010-06-14,0.05202,0.054000000000000006,0.06669,0.00061,0.012230000000000001,1223.300048828125,46.400001525878906,1089.6300048828125,22.950000762939453,2243.9599609375,5197.7001953125,28.579999923706055
2010-06-15,0.05173,0.054000000000000006,0.06703,0.00089,0.01253,1233.199951171875,46.400001525878906,1115.22998046875,21.979999542236328,2305.8798828125,5222.35009765625,25.8700008392334
2010-06-16,0.052489999999999995,0.054000000000000006,0.06668,0.00096,0.01218,1229.300048828125,46.40999984741211,1114.6099853515625,22.670000076293945,2305.929931640625,5233.35009765625,25.920000076293945
2010-06-17,0.05229,0.054000000000000006,0.06681,0.00096,0.01184,1247.5,46.09000015258789,1116.0400390625,20.850000381469727,2307.159912109375,5274.85009765625,25.049999237060547
2010-06-18,0.051500000000000004,0.054000000000000006,0.06715,0.00101,0.01202,1257.199951171875,46.0099983215332,1117.510009765625,19.959999084472656,2309.800048828125,5262.60009765625,23.950000762939453
2010-06-21,0.051390000000000005,0.0535,0.06708,0.00114,0.01205,1239.699951171875,45.65999984741211,1113.199951171875,19.40999984741211,2289.090087890625,5353.2998046875,24.8799991607666
2010-06-22,0.051680000000000004,0.0535,0.06711,0.00132,0.011519999999999999,1239.9000244140625,46.02000045776367,1095.31005859375,20.639999389648438,2261.800048828125,5316.5498046875,27.049999237060547
2010-06-23,0.05148,0.054000000000000006,0.06717,0.0012900000000000001,0.011120000000000001,1234.0999755859375,46.150001525878906,1092.0400390625,20.34000015258789,2254.22998046875,5323.14990234375,26.90999984741211
2010-06-24,0.051859999999999996,0.0535,0.06734,0.0012900000000000001,0.01098,1245.5,46.2599983215332,1073.68994140625,20.06999969482422,2217.419921875,5320.60009765625,29.739999771118164
2010-06-25,0.05274,0.0535,0.06775,0.00134,0.01061,1255.800048828125,46.150001525878906,1076.760009765625,20.0,2223.47998046875,5269.0498046875,28.530000686645508
2010-06-28,0.05244,0.0535,0.06785999999999999,0.0014199999999999998,0.0101,1238.199951171875,46.099998474121094,1074.5699462890625,19.549999237060547,2220.64990234375,5333.5,29.0
2010-06-29,0.052329999999999995,0.054000000000000006,0.06785000000000001,0.00167,0.00967,1242.0,46.40999984741211,1041.239990234375,20.639999389648438,2135.179931640625,5256.14990234375,34.130001068115234
2010-06-30,0.053239999999999996,0.0535,0.06767000000000001,0.0017699999999999999,0.00972,1245.5,46.400001525878906,1030.7099609375,20.06999969482422,2109.239990234375,5312.5,34.540000915527344
2010-07-01,0.05303,0.0535,0.0676,0.00172,0.010069999999999999,1206.300048828125,46.40999984741211,1027.3699951171875,21.440000534057617,2101.360107421875,5251.39990234375,32.86000061035156
2010-07-02,0.053099999999999994,0.054000000000000006,0.06766,0.0017000000000000001,0.010169999999999998,1207.4000244140625,46.560001373291016,1022.5800170898438,21.899999618530273,2091.7900390625,5237.10009765625,30.1200008392334
2010-07-05,0.05698,0.054000000000000006,0.06783,0.0017000000000000001,0.010169999999999998,1207.4000244140625,46.72800064086914,1022.5800170898438,21.989999771118164,2091.7900390625,5235.89990234375,30.1200008392334
2010-07-06,0.057089999999999995,0.054000000000000006,0.0679,0.00167,0.00974,1194.800048828125,46.599998474121094,1028.06005859375,20.899999618530273,2093.8798828125,5289.0498046875,29.649999618530273
2010-07-07,0.057089999999999995,0.054000000000000006,0.06783,0.00165,0.009899999999999999,1198.5999755859375,46.95000076293945,1060.27001953125,22.110000610351562,2159.469970703125,5241.10009765625,26.84000015258789
2010-07-08,0.058230000000000004,0.054000000000000006,0.06785999999999999,0.0015199999999999999,0.010029999999999999,1195.800048828125,46.650001525878906,1070.25,21.1200008392334,2175.39990234375,5296.85009765625,25.709999084472656
2010-07-09,0.05814,0.054000000000000006,0.0681,0.0015199999999999999,0.01011,1209.5999755859375,46.52000045776367,1077.9599609375,20.209999084472656,2196.449951171875,5352.4501953125,24.979999542236328
2010-07-12,0.057830000000000006,0.054000000000000006,0.06806,0.0015199999999999999,0.010329999999999999,1198.5,46.65999984741211,1078.75,19.90999984741211,2198.360107421875,5383.0,24.43000030517578
2010-07-13,0.05794,0.054000000000000006,0.06813,0.00157,0.011009999999999999,1213.300048828125,46.40999984741211,1095.3399658203125,19.110000610351562,2242.030029296875,5400.64990234375,24.559999465942383
2010-07-14,0.05699,0.0545,0.06816,0.0015199999999999999,0.01024,1206.800048828125,46.599998474121094,1095.1700439453125,20.06999969482422,2249.840087890625,5386.14990234375,24.889999389648438
2010-07-15,0.05699,0.054000000000000006,0.06816,0.0015199999999999999,0.00989,1208.0999755859375,46.45000076293945,1096.47998046875,20.18000030517578,2249.080078125,5378.75,25.139999389648438
2010-07-16,0.05732,0.0545,0.06829,0.0015199999999999999,0.00931,1188.0,46.70000076293945,1064.8800048828125,19.700000762939453,2179.050048828125,5393.89990234375,26.25
2010-07-19,0.05743,0.0545,0.06831999999999999,0.0015199999999999999,0.00947,1181.699951171875,46.09000015258789,1071.25,20.709999084472656,2198.22998046875,5386.4501953125,25.969999313354492
2010-07-20,0.05743,0.055,0.06849999999999999,0.00157,0.009389999999999999,1191.5,47.25,1083.47998046875,20.3799991607666,2222.489990234375,5368.0,23.93000030517578
2010-07-21,0.058179999999999996,0.057,0.06871000000000001,0.00157,0.00904,1191.5999755859375,47.06999969482422,1069.5899658203125,20.0,2187.330078125,5399.35009765625,25.639999389648438
2010-07-22,0.05819,0.057,0.06889,0.0015199999999999999,0.00909,1195.5,47.040000915527344,1093.6700439453125,18.899999618530273,2245.889892578125,5441.9501953125,24.6299991607666
2010-07-23,0.05875,0.057,0.0687,0.0015199999999999999,0.00949,1187.699951171875,46.88999938964844,1102.6600341796875,19.239999771118164,2269.469970703125,5449.10009765625,23.469999313354492
2010-07-26,0.05865,0.0575,0.06881,0.00155,0.009519999999999999,1183.0,47.042999267578125,1115.010009765625,19.969999313354492,2296.429931640625,5418.60009765625,22.729999542236328
2010-07-27,0.05953,0.057,0.06971,0.00157,0.01011,1158.0,46.64799880981445,1113.8399658203125,19.219999313354492,2288.25,5430.60009765625,23.190000534057617
2010-07-28,0.059539999999999996,0.057999999999999996,0.07011,0.00155,0.00941,1160.4000244140625,46.689998626708984,1106.1300048828125,19.520000457763672,2264.56005859375,5397.5498046875,24.25
2010-07-29,0.061200000000000004,0.057999999999999996,0.07065,0.0015199999999999999,0.00882,1168.4000244140625,46.459999084472656,1101.530029296875,18.329999923706055,2251.68994140625,5408.89990234375,24.1299991607666
2010-07-30,0.0629,0.057999999999999996,0.07127,0.00147,0.00825,1181.699951171875,46.36000061035156,1101.5999755859375,18.940000534057617,2254.699951171875,5367.60009765625,23.5
2010-08-02,0.06314,0.059500000000000004,0.07252,0.00147,0.00847,1183.4000244140625,46.0880012512207,1125.8599853515625,17.989999771118164,2295.360107421875,5431.64990234375,22.010000228881836
2010-08-03,0.06249,0.057999999999999996,0.07200999999999999,0.0016,0.00782,1185.199951171875,46.12799835205078,1120.4599609375,17.549999237060547,2283.52001953125,5439.5498046875,22.6299991607666
2010-08-04,0.062169999999999996,0.06,0.0723,0.00155,0.00838,1193.699951171875,46.12799835205078,1127.239990234375,17.040000915527344,2303.570068359375,5467.85009765625,22.209999084472656
2010-08-05,0.06309000000000001,0.06,0.07363,0.0015,0.007980000000000001,1197.199951171875,46.0,1125.81005859375,17.709999084472656,2293.06005859375,5447.10009765625,22.100000381469727
2010-08-06,0.06405999999999999,0.059000000000000004,0.073,0.00145,0.00754,1203.4000244140625,46.055999755859375,1121.6400146484375,17.3700008392334,2288.469970703125,5439.25,21.739999771118164
2010-08-09,0.0642,0.059000000000000004,0.07304000000000001,0.00145,0.00792,1200.699951171875,45.95800018310547,1127.7900390625,17.0,2305.68994140625,5486.14990234375,22.139999389648438
2010-08-10,0.06422,0.059500000000000004,0.07304000000000001,0.00157,0.00762,1196.199951171875,46.077999114990234,1121.06005859375,17.329999923706055,2277.169921875,5460.7001953125,22.3700008392334
2010-08-11,0.06367,0.0605,0.07249,0.0015199999999999999,0.00784,1197.5,46.310001373291016,1089.469970703125,18.110000610351562,2208.6298828125,5420.60009765625,25.389999389648438
2010-08-12,0.0645,0.061500000000000006,0.07264,0.00155,0.00819,1214.800048828125,46.59000015258789,1083.6099853515625,18.0,2190.27001953125,5416.4501953125,25.729999542236328
2010-08-13,0.06387999999999999,0.061500000000000006,0.07249,0.00155,0.00808,1214.9000244140625,46.709999084472656,1079.25,16.739999771118164,2173.47998046875,5452.10009765625,26.239999771118164
2010-08-16,0.0639,0.061500000000000006,0.07223,0.00157,0.00758,1224.5,46.62799835205078,1079.3800048828125,18.110000610351562,2181.8701171875,5418.2998046875,26.100000381469727
2010-08-17,0.0644,0.061500000000000006,0.07287,0.0016200000000000001,0.00774,1226.5999755859375,46.68299865722656,1092.5400390625,17.6299991607666,2209.43994140625,5414.14990234375,24.329999923706055
2010-08-18,0.06442,0.062,0.07328,0.00157,0.00771,1229.699951171875,46.608001708984375,1094.1600341796875,16.399999618530273,2215.699951171875,5479.14990234375,24.59000015258789
2010-08-19,0.06442,0.062,0.07328,0.0015199999999999999,0.00745,1233.800048828125,46.53799819946289,1075.6300048828125,16.530000686645508,2178.949951171875,5540.2001953125,26.440000534057617
2010-08-20,0.06441,0.0625,0.07339999999999999,0.0015199999999999999,0.00774,1227.199951171875,46.358001708984375,1071.68994140625,16.700000762939453,2179.760009765625,5530.64990234375,25.489999771118164
2010-08-23,0.06419,0.062,0.07325,0.00157,0.00747,1226.9000244140625,46.608001708984375,1067.3599853515625,17.139999389648438,2159.6298828125,5543.5,25.65999984741211
2010-08-24,0.06338,0.062,0.0725,0.0016200000000000001,0.00707,1231.800048828125,46.5629997253418,1051.8699951171875,16.989999771118164,2123.760009765625,5505.10009765625,27.459999084472656
2010-08-25,0.06437,0.062,0.07261999999999999,0.00157,0.00758,1239.5,46.858001708984375,1055.3299560546875,18.920000076293945,2141.5400390625,5462.35009765625,26.700000762939453
2010-08-26,0.06415,0.061500000000000006,0.07232,0.0015199999999999999,0.00753,1235.4000244140625,46.87300109863281,1047.219970703125,17.09000015258789,2118.68994140625,5477.89990234375,27.3700008392334
2010-08-27,0.0635,0.062,0.07225,0.00147,0.00822,1236.0,46.78799819946289,1064.5899658203125,19.6299991607666,2153.6298828125,5408.7001953125,24.450000762939453
2010-08-30,0.06312999999999999,0.061,0.07165,0.0013700000000000001,0.00737,1237.0999755859375,46.803001403808594,1048.9200439453125,18.360000610351562,2119.969970703125,5415.4501953125,27.209999084472656
2010-08-31,0.06365,0.061,0.0718,0.0014199999999999998,0.00699,1248.300048828125,46.87300109863281,1049.3299560546875,18.469999313354492,2114.030029296875,5402.39990234375,26.049999237060547
2010-09-01,0.06355000000000001,0.061,0.07183,0.0013700000000000001,0.0074199999999999995,1246.300048828125,47.02799987792969,1080.2900390625,16.700000762939453,2176.840087890625,5471.85009765625,23.889999389648438
2010-09-02,0.06333,0.061,0.07191,0.00134,0.00747,1251.5,46.650001525878906,1090.0999755859375,16.149999618530273,2200.010009765625,5486.14990234375,23.190000534057617
2010-09-03,0.06315,0.0605,0.07183,0.00132,0.00793,1249.199951171875,46.599998474121094,1104.510009765625,15.859999656677246,2233.75,5479.39990234375,21.309999465942383
2010-09-06,0.0633,0.0605,0.07194,0.00132,0.00793,1249.199951171875,46.577999114990234,1104.510009765625,15.220000267028809,2233.75,5576.9501953125,21.309999465942383
2010-09-07,0.0632,0.06,0.07171,0.00132,0.00737,1257.300048828125,46.51300048828125,1091.8399658203125,15.829999923706055,2208.889892578125,5604.0,23.799999237060547
2010-09-08,0.06285,0.0605,0.07178,0.0013700000000000001,0.00813,1255.5999755859375,46.65999984741211,1098.8699951171875,15.970000267028809,2228.8701171875,5607.85009765625,23.25
2010-09-09,0.06294,0.0605,0.07197,0.0014199999999999998,0.00874,1248.9000244140625,46.518001556396484,1104.1800537109375,15.920000076293945,2236.199951171875,5640.0498046875,22.809999465942383
2010-09-10,0.06294,0.0605,0.07197,0.0014000000000000002,0.00893,1244.5,46.303001403808594,1109.550048828125,15.920000076293945,2242.47998046875,5640.0498046875,21.989999771118164
2010-09-13,0.06258,0.0605,0.07227,0.00145,0.008369999999999999,1245.0999755859375,46.28300094604492,1121.9000244140625,18.139999389648438,2285.7099609375,5760.0,21.209999084472656
2010-09-14,0.0626,0.0605,0.07264999999999999,0.0015199999999999999,0.00782,1269.699951171875,46.22999954223633,1121.0999755859375,18.600000381469727,2289.77001953125,5795.5498046875,21.559999465942383
2010-09-15,0.06339,0.061500000000000006,0.07268,0.0016,0.00768,1266.699951171875,46.13999938964844,1125.0699462890625,19.43000030517578,2301.320068359375,5860.9501953125,22.100000381469727
2010-09-16,0.06496,0.061500000000000006,0.07325999999999999,0.00157,0.00766,1271.9000244140625,46.20000076293945,1124.6600341796875,18.850000381469727,2303.25,5828.7001953125,21.719999313354492
2010-09-17,0.06493,0.061500000000000006,0.0736,0.00155,0.0075,1275.5999755859375,46.099998474121094,1125.5899658203125,19.489999771118164,2315.610107421875,5884.9501953125,22.010000228881836
2010-09-20,0.06522,0.061500000000000006,0.07352,0.00157,0.00731,1279.0,45.87799835205078,1142.7099609375,21.950000762939453,2355.830078125,5980.4501953125,21.5
2010-09-21,0.06525,0.061500000000000006,0.07302,0.0016200000000000001,0.00657,1272.4000244140625,45.619998931884766,1139.780029296875,22.6299991607666,2349.35009765625,6009.0498046875,22.350000381469727
2010-09-22,0.06516,0.061500000000000006,0.07268,0.0016,0.0067800000000000004,1290.199951171875,45.58000183105469,1134.280029296875,24.290000915527344,2334.550048828125,5991.0,22.510000228881836
2010-09-23,0.06506,0.062,0.07291,0.00157,0.00662,1294.300048828125,45.55799865722656,1124.8299560546875,23.899999618530273,2327.080078125,5959.5498046875,23.8700008392334
2010-09-24,0.06475,0.062,0.07275000000000001,0.00147,0.006889999999999999,1296.0,45.45000076293945,1148.6700439453125,21.709999084472656,2381.219970703125,6018.2998046875,21.709999084472656
2010-09-27,0.06492,0.062,0.07298,0.0013700000000000001,0.00657,1296.699951171875,45.2400016784668,1142.1600341796875,22.360000610351562,2369.77001953125,6035.64990234375,22.540000915527344
2010-09-28,0.06576,0.062,0.07267,0.00157,0.00635,1306.5999755859375,44.93000030517578,1147.699951171875,21.209999084472656,2379.590087890625,6029.5,22.600000381469727
2010-09-29,0.06516,0.063,0.07244,0.0016200000000000001,0.0064600000000000005,1308.5,45.04999923706055,1144.72998046875,22.15999984741211,2376.56005859375,5991.2998046875,23.25
2010-09-30,0.06516,0.063,0.07244,0.0016200000000000001,0.00635,1307.800048828125,44.689998626708984,1141.199951171875,22.25,2368.6201171875,6029.9501953125,23.700000762939453
2010-10-01,0.06526,0.0625,0.07278,0.00157,0.00624,1316.0999755859375,44.5629997253418,1146.239990234375,21.43000030517578,2370.75,6143.39990234375,22.5
2010-10-04,0.06557,0.0625,0.07286,0.00155,0.0060799999999999995,1315.4000244140625,44.41299819946289,1137.030029296875,22.799999237060547,2344.52001953125,6159.4501953125,23.530000686645508
2010-10-05,0.06588,0.0625,0.07246999999999999,0.0011899999999999999,0.00592,1338.9000244140625,44.45000076293945,1160.75,22.170000076293945,2399.830078125,6145.7998046875,21.760000228881836
2010-10-06,0.06647,0.0635,0.0727,0.00122,0.00557,1346.4000244140625,44.400001525878906,1159.969970703125,21.729999542236328,2380.659912109375,6186.4501953125,21.489999771118164
2010-10-07,0.06665,0.064,0.07266,0.00122,0.00527,1333.9000244140625,44.189998626708984,1158.06005859375,22.450000762939453,2383.669921875,6120.2998046875,21.559999465942383
2010-10-08,0.06663000000000001,0.0645,0.07289,0.00122,0.00521,1344.199951171875,44.20000076293945,1165.1500244140625,21.399999618530273,2401.909912109375,6103.4501953125,20.709999084472656
2010-10-11,0.06654,0.0645,0.07266,0.00122,0.00521,1353.300048828125,44.40800094604492,1165.3199462890625,21.200000762939453,2402.330078125,6135.85009765625,18.959999084472656
2010-10-12,0.06643,0.065,0.07261999999999999,0.00122,0.005580000000000001,1345.699951171875,44.36000061035156,1169.77001953125,20.510000228881836,2417.919921875,6090.89990234375,18.93000030517578
2010-10-13,0.06619,0.0655,0.07266,0.0013700000000000001,0.0057399999999999994,1369.5,44.5,1178.0999755859375,20.020000457763672,2441.22998046875,6233.89990234375,19.06999969482422
2010-10-14,0.06623,0.066,0.07266,0.0014199999999999998,0.0060999999999999995,1376.699951171875,44.34000015258789,1173.81005859375,20.600000381469727,2435.3798828125,6177.35009765625,19.8799991607666
2010-10-15,0.06621,0.0655,0.07285,0.0014199999999999998,0.0059499999999999996,1371.0999755859375,44.06800079345703,1176.18994140625,22.649999618530273,2468.77001953125,6062.64990234375,19.030000686645508
2010-10-18,0.06669,0.0665,0.07289,0.0014199999999999998,0.00563,1371.199951171875,44.15800094604492,1184.7099609375,22.350000381469727,2480.659912109375,6075.9501953125,19.09000015258789
2010-10-19,0.06659,0.067,0.07293,0.0014199999999999998,0.00542,1335.0999755859375,44.16999816894531,1165.9000244140625,23.229999542236328,2436.949951171875,6027.2998046875,20.6299991607666
2010-10-20,0.06926,0.068,0.07312,0.0014000000000000002,0.00524,1343.300048828125,44.33000183105469,1178.1700439453125,23.799999237060547,2457.389892578125,5982.10009765625,19.790000915527344
2010-10-21,0.07124,0.067,0.07296,0.0012900000000000001,0.00529,1324.699951171875,44.20000076293945,1180.260009765625,22.190000534057617,2459.669921875,6101.5,19.270000457763672
2010-10-22,0.07053,0.067,0.073,0.00127,0.005370000000000001,1324.4000244140625,44.20000076293945,1183.0799560546875,21.610000610351562,2479.389892578125,6066.0498046875,18.780000686645508
2010-10-25,0.06984,0.067,0.07269,0.00122,0.005430000000000001,1338.300048828125,44.52799987792969,1185.6199951171875,21.360000610351562,2490.85009765625,6105.7998046875,19.850000381469727
2010-10-26,0.0699,0.0675,0.07312,0.0013700000000000001,0.0059299999999999995,1338.0,44.25,1185.6400146484375,20.549999237060547,2497.2900390625,6082.0,20.219999313354492
2010-10-27,0.06981,0.06849999999999999,0.07328,0.0013700000000000001,0.00628,1322.199951171875,44.400001525878906,1182.449951171875,21.020000457763672,2503.260009765625,6012.64990234375,20.709999084472656
2010-10-28,0.06971,0.068,0.07307999999999999,0.00132,0.00545,1342.0999755859375,44.41999816894531,1183.780029296875,20.520000457763672,2507.3701171875,5987.7001953125,20.8799991607666
2010-10-29,0.06906,0.06849999999999999,0.07284,0.0011899999999999999,0.00497,1357.0999755859375,44.41999816894531,1183.260009765625,20.760000228881836,2507.409912109375,6017.7001953125,21.200000762939453
2010-11-01,0.06897,0.069,0.07264,0.00114,0.0049499999999999995,1350.199951171875,44.448001861572266,1184.3800048828125,20.920000076293945,2504.840087890625,6117.5498046875,21.829999923706055
2010-11-02,0.06733,0.068,0.07185,0.00132,0.005,1356.4000244140625,44.34000015258789,1193.5699462890625,21.25,2533.52001953125,6119.0,21.56999969482422
2010-11-03,0.06661,0.068,0.07189,0.00127,0.00473,1337.0999755859375,44.20000076293945,1197.9599609375,21.530000686645508,2540.27001953125,6160.5,19.559999465942383
2010-11-04,0.06617,0.0675,0.0722,0.00122,0.00447,1382.699951171875,44.25,1221.06005859375,19.360000610351562,2577.340087890625,6281.7998046875,18.520000457763672
2010-11-05,0.06617,0.0675,0.0722,0.00122,0.00503,1397.300048828125,44.01300048828125,1225.8499755859375,19.360000610351562,2578.97998046875,6281.7998046875,18.260000228881836
2010-11-08,0.06606,0.068,0.07288,0.00124,0.0054600000000000004,1402.800048828125,43.900001525878906,1223.25,19.610000610351562,2580.050048828125,6273.2001953125,18.290000915527344
2010-11-09,0.06611,0.068,0.07344,0.00132,0.00655,1409.800048828125,44.29999923706055,1213.4000244140625,18.75,2562.97998046875,6301.5498046875,19.079999923706055
2010-11-10,0.06647,0.06849999999999999,0.0738,0.00132,0.0062900000000000005,1399.0999755859375,44.189998626708984,1218.7099609375,19.079999923706055,2578.780029296875,6275.7001953125,18.469999313354492
2010-11-11,0.06891,0.06849999999999999,0.07368000000000001,0.00132,0.0062900000000000005,1403.0999755859375,44.2599983215332,1213.5400390625,19.360000610351562,2555.52001953125,6194.25,18.639999389648438
2010-11-12,0.07218,0.06849999999999999,0.07372,0.00132,0.00745,1365.4000244140625,44.2400016784668,1199.2099609375,21.6299991607666,2518.2099609375,6071.64990234375,20.610000610351562
2010-11-15,0.07176,0.06849999999999999,0.07352,0.00134,0.00836,1368.4000244140625,44.77799987792969,1197.75,20.25,2513.820068359375,6121.60009765625,20.200000762939453
2010-11-16,0.07207,0.06849999999999999,0.0736,0.0014199999999999998,0.00783,1338.300048828125,45.11000061035156,1178.3399658203125,21.1299991607666,2469.840087890625,5988.7001953125,22.579999923706055
2010-11-17,0.07207,0.06849999999999999,0.0736,0.0014199999999999998,0.00762,1336.800048828125,45.189998626708984,1178.5899658203125,21.1299991607666,2476.010009765625,5988.7001953125,21.760000228881836
2010-11-18,0.07082,0.06849999999999999,0.07328,0.0014000000000000002,0.0077,1352.9000244140625,45.108001708984375,1196.68994140625,20.6200008392334,2514.39990234375,5998.7998046875,18.75
2010-11-19,0.0707,0.0675,0.07348,0.0013700000000000001,0.0079,1352.199951171875,45.150001525878906,1199.72998046875,21.600000381469727,2518.1201171875,5890.2998046875,18.040000915527344
2010-11-22,0.07094,0.068,0.07357,0.00132,0.00705,1357.699951171875,45.26300048828125,1197.8399658203125,19.93000030517578,2532.02001953125,6010.0,18.3700008392334
2010-11-23,0.07084,0.0675,0.07357,0.0015199999999999999,0.0069099999999999995,1377.5,45.29999923706055,1180.72998046875,23.260000228881836,2494.949951171875,5934.75,20.6299991607666
2010-11-24,0.07465,0.069,0.07373,0.00183,0.00796,1372.9000244140625,45.540000915527344,1198.3499755859375,24.68000030517578,2543.1201171875,5865.75,19.559999465942383
2010-11-25,0.07389,0.06849999999999999,0.07377,0.00183,0.00796,1372.9000244140625,45.5099983215332,1198.3499755859375,21.6299991607666,2543.1201171875,5799.75,19.559999465942383
2010-11-26,0.07346,0.06849999999999999,0.07402,0.0016,0.0077,1362.300048828125,45.55799865722656,1189.4000244140625,22.579999923706055,2534.56005859375,5751.9501953125,22.219999313354492
2010-11-29,0.07336999999999999,0.06849999999999999,0.07418,0.0016200000000000001,0.00754,1366.0,45.709999084472656,1187.760009765625,21.309999465942383,2525.219970703125,5830.0,21.530000686645508
2010-11-30,0.07275999999999999,0.069,0.07455,0.00167,0.00701,1385.0,45.79999923706055,1180.550048828125,20.709999084472656,2498.22998046875,5862.7001953125,23.540000915527344
2010-12-01,0.07214000000000001,0.0695,0.07455,0.00165,0.00825,1387.300048828125,45.77000045776367,1206.0699462890625,19.200000762939453,2549.429931640625,5960.89990234375,21.360000610351562
2010-12-02,0.07203999999999999,0.0695,0.07447,0.0015199999999999999,0.00844,1388.5,45.22999954223633,1221.530029296875,18.799999237060547,2579.35009765625,6011.7001953125,19.389999389648438
2010-12-03,0.07283,0.07,0.07456,0.0014000000000000002,0.00772,1405.4000244140625,45.130001068115234,1224.7099609375,18.600000381469727,2591.4599609375,5992.7998046875,18.010000228881836
2010-12-06,0.07345,0.07,0.07497,0.0012900000000000001,0.006959999999999999,1415.300048828125,44.91299819946289,1223.1199951171875,19.3700008392334,2594.919921875,5992.25,18.020000457763672
2010-12-07,0.07336999999999999,0.07,0.0746,0.00147,0.008289999999999999,1408.300048828125,44.810001373291016,1223.75,19.239999771118164,2598.489990234375,5976.5498046875,17.989999771118164
2010-12-08,0.07327,0.07200000000000001,0.07456,0.0014199999999999998,0.00999,1382.5,44.5,1228.280029296875,20.43000030517578,2609.159912109375,5903.7001953125,17.739999771118164
2010-12-09,0.07501000000000001,0.07150000000000001,0.07448,0.0014199999999999998,0.00996,1392.0999755859375,45.0,1233.0,22.600000381469727,2616.669921875,5766.5,17.25
2010-12-10,0.07438,0.07150000000000001,0.07465,0.00122,0.0105,1384.300048828125,45.04999923706055,1240.4000244140625,21.6299991607666,2637.5400390625,5857.35009765625,17.610000610351562
2010-12-13,0.07448,0.07150000000000001,0.07486,0.00127,0.00975,1397.300048828125,44.95000076293945,1240.4599609375,22.56999969482422,2624.909912109375,5907.64990234375,17.549999237060547
2010-12-14,0.07458000000000001,0.071,0.07499,0.00145,0.010660000000000001,1403.5999755859375,44.90999984741211,1241.5899658203125,21.459999084472656,2627.719970703125,5944.10009765625,17.610000610351562
2010-12-15,0.07582,0.07150000000000001,0.07495,0.00145,0.01106,1385.5,44.90999984741211,1235.22998046875,21.420000076293945,2617.219970703125,5892.2998046875,17.940000534057617
2010-12-16,0.07356,0.0705,0.07405,0.00132,0.01048,1370.4000244140625,45.25,1242.8699951171875,20.239999771118164,2637.31005859375,5948.75,17.389999389648438
2010-12-17,0.07356,0.0705,0.07405,0.00109,0.010029999999999999,1378.5999755859375,45.25,1243.9100341796875,20.239999771118164,2642.969970703125,5948.75,16.110000610351562
2010-12-20,0.07404,0.071,0.07442,0.00106,0.00995,1385.5,45.167999267578125,1247.0799560546875,20.780000686645508,2649.56005859375,5947.0498046875,16.40999984741211
2010-12-21,0.07434,0.07150000000000001,0.07455,0.0014199999999999998,0.010029999999999999,1388.199951171875,45.2599983215332,1254.5999755859375,19.770000457763672,2667.610107421875,6000.64990234375,16.489999771118164
2010-12-22,0.07503,0.07200000000000001,0.07476,0.0013700000000000001,0.01052,1386.800048828125,45.18000030517578,1258.8399658203125,19.559999465942383,2671.47998046875,5984.39990234375,15.449999809265137
2010-12-23,0.07435,0.07200000000000001,0.07476,0.0014000000000000002,0.01093,1380.0,44.95000076293945,1256.77001953125,19.030000686645508,2665.60009765625,5980.0,16.469999313354492
2010-12-24,0.07386999999999999,0.07150000000000001,0.07439,0.0013700000000000001,0.01093,1380.0,45.060001373291016,1256.77001953125,17.649999618530273,2665.60009765625,6011.60009765625,16.469999313354492
2010-12-27,0.07457,0.07150000000000001,0.07490000000000001,0.00134,0.01072,1382.4000244140625,45.0099983215332,1257.5400390625,18.450000762939453,2667.27001953125,5998.10009765625,17.670000076293945
2010-12-28,0.07509,0.07150000000000001,0.07503,0.00147,0.01175,1405.199951171875,45.099998474121094,1258.510009765625,18.1299991607666,2662.8798828125,5996.0,17.520000457763672
2010-12-29,0.07458999999999999,0.07200000000000001,0.07490000000000001,0.00132,0.0103,1413.0999755859375,44.95000076293945,1259.780029296875,17.1299991607666,2666.929931640625,6060.35009765625,17.280000686645508
2010-12-30,0.07519999999999999,0.07150000000000001,0.07528,0.00117,0.01049,1405.5999755859375,44.91999816894531,1257.8800048828125,17.020000457763672,2662.97998046875,6101.85009765625,17.520000457763672
2010-12-31,0.07490000000000001,0.07200000000000001,0.07529,0.00127,0.010009999999999998,1421.0999755859375,44.810001373291016,1257.6400146484375,16.559999465942383,2652.8701171875,6134.5,17.75
2011-01-03,0.07457,0.07150000000000001,0.0766,0.00124,0.01006,1422.5999755859375,44.81800079345703,1271.8699951171875,16.989999771118164,2691.52001953125,6157.60009765625,17.610000610351562
2011-01-04,0.07444,0.071,0.07614,0.0014199999999999998,0.01026,1378.5,44.61000061035156,1270.199951171875,17.030000686645508,2681.25,6146.35009765625,17.3799991607666
2011-01-05,0.07368999999999999,0.07150000000000001,0.07593,0.0014199999999999998,0.01129,1373.4000244140625,44.900001525878906,1276.56005859375,17.8799991607666,2702.199951171875,6079.7998046875,17.020000457763672
2011-01-06,0.07397999999999999,0.0705,0.07594000000000001,0.00147,0.01083,1371.4000244140625,45.209999084472656,1273.8499755859375,18.200000762939453,2709.889892578125,6048.25,17.399999618530273
2011-01-07,0.07445,0.07150000000000001,0.07599,0.0014199999999999998,0.00986,1368.5,45.18000030517578,1271.5,20.81999969482422,2703.169921875,5904.60009765625,17.139999389648438
2011-01-10,0.07493,0.071,0.07794,0.0014199999999999998,0.00953,1373.699951171875,45.358001708984375,1269.75,23.15999984741211,2707.800048828125,5762.85009765625,17.540000915527344
2011-01-11,0.07501000000000001,0.0705,0.07809,0.0015199999999999999,0.010320000000000001,1384.0,45.310001373291016,1274.47998046875,22.329999923706055,2716.830078125,5754.10009765625,16.889999389648438
2011-01-12,0.07518,0.07150000000000001,0.07809,0.0015,0.0104,1385.699951171875,45.097999572753906,1285.9599609375,21.40999984741211,2737.330078125,5863.25,16.239999771118164
2011-01-13,0.07502,0.07150000000000001,0.07801999999999999,0.00147,0.00995,1386.9000244140625,44.90999984741211,1283.760009765625,23.149999618530273,2735.2900390625,5751.89990234375,16.389999389648438
2011-01-14,0.07543,0.07150000000000001,0.07811,0.0015199999999999999,0.00997,1360.4000244140625,44.959999084472656,1293.239990234375,23.809999465942383,2755.300048828125,5654.5498046875,15.460000038146973
2011-01-17,0.0756,0.071,0.07839,0.0015199999999999999,0.00997,1360.4000244140625,45.417999267578125,1293.239990234375,23.56999969482422,2755.300048828125,5654.75,15.460000038146973
2011-01-18,0.07651,0.071,0.07851,0.0015199999999999999,0.01008,1368.0999755859375,45.439998626708984,1295.02001953125,21.459999084472656,2765.85009765625,5724.0498046875,15.869999885559082
2011-01-19,0.07668,0.07150000000000001,0.07858,0.0016200000000000001,0.00981,1370.199951171875,45.31999969482422,1281.9200439453125,21.09000015258789,2725.360107421875,5691.0498046875,17.309999465942383
2011-01-20,0.07669,0.07150000000000001,0.07844000000000001,0.0016200000000000001,0.01069,1346.5,45.29999923706055,1280.260009765625,21.010000228881836,2704.2900390625,5711.60009765625,17.989999771118164
2011-01-21,0.07696,0.07200000000000001,0.07867,0.00157,0.01045,1341.0,45.77799987792969,1283.3499755859375,21.030000686645508,2689.5400390625,5696.5,18.469999313354492
2011-01-24,0.07721,0.0718,0.07882,0.00157,0.01048,1344.5,45.5880012512207,1290.8399658203125,20.170000076293945,2717.550048828125,5743.25,17.649999618530273
2011-01-25,0.07554,0.0725,0.07872,0.00157,0.010029999999999999,1332.300048828125,45.45000076293945,1291.1800537109375,20.780000686645508,2719.25,5687.39990234375,17.59000015258789
2011-01-26,0.07554,0.0725,0.07872,0.0016200000000000001,0.01027,1333.0,45.61000061035156,1296.6300048828125,20.780000686645508,2739.5,5687.39990234375,16.639999389648438
2011-01-27,0.07546,0.07200000000000001,0.07865,0.00147,0.00981,1318.4000244140625,45.45000076293945,1299.5400390625,22.09000015258789,2755.280029296875,5604.2998046875,16.149999618530273
2011-01-28,0.07538,0.07200000000000001,0.07873000000000001,0.00147,0.009439999999999999,1340.699951171875,45.6879997253418,1276.3399658203125,22.579999923706055,2686.889892578125,5512.14990234375,20.040000915527344
2011-01-31,0.07554999999999999,0.07200000000000001,0.07891,0.0015199999999999999,0.0096,1333.800048828125,45.8380012512207,1286.1199951171875,23.40999984741211,2700.080078125,5505.89990234375,19.530000686645508
2011-02-01,0.07573,0.0725,0.07905999999999999,0.00157,0.010129999999999998,1339.5999755859375,45.79999923706055,1307.5899658203125,23.729999542236328,2751.18994140625,5417.2001953125,17.6299991607666
2011-02-02,0.07556,0.0725,0.07907,0.00157,0.011000000000000001,1331.5,45.40999984741211,1304.030029296875,23.520000457763672,2749.56005859375,5432.0,17.299999237060547
2011-02-03,0.07548,0.07200000000000001,0.07907,0.0015199999999999999,0.011619999999999998,1352.300048828125,45.45000076293945,1307.0999755859375,22.690000534057617,2753.8798828125,5526.75,16.690000534057617
2011-02-04,0.07618,0.07200000000000001,0.0793,0.0015199999999999999,0.01234,1348.300048828125,45.560001373291016,1310.8699951171875,24.40999984741211,2769.300048828125,5395.75,15.930000305175781
2011-02-07,0.07635,0.071,0.07937999999999999,0.0015,0.012450000000000001,1347.5999755859375,45.608001708984375,1319.050048828125,24.690000534057617,2783.989990234375,5396.0,16.280000686645508
2011-02-08,0.0761,0.07150000000000001,0.07928,0.0015199999999999999,0.01355,1363.4000244140625,45.310001373291016,1324.5699462890625,24.739999771118164,2797.050048828125,5312.5498046875,15.8100004196167
2011-02-09,0.07567,0.07150000000000001,0.07934999999999999,0.0013700000000000001,0.01359,1364.800048828125,45.150001525878906,1320.8800048828125,25.239999771118164,2789.070068359375,5253.5498046875,15.869999885559082
2011-02-10,0.07568,0.07150000000000001,0.07929,0.00117,0.0141,1361.9000244140625,45.349998474121094,1321.8699951171875,24.81999969482422,2790.449951171875,5225.7998046875,16.09000015258789
2011-02-11,0.07499,0.07200000000000001,0.07912,0.0011899999999999999,0.014079999999999999,1359.9000244140625,45.630001068115234,1329.1500244140625,23.469999313354492,2809.43994140625,5310.0,15.6899995803833
2011-02-14,0.07482,0.07150000000000001,0.07909,0.00117,0.014159999999999999,1364.5999755859375,45.608001708984375,1332.3199462890625,22.579999923706055,2817.179931640625,5456.0,15.949999809265137
2011-02-15,0.07517,0.07150000000000001,0.07924,0.0012900000000000001,0.013779999999999999,1373.5999755859375,45.349998474121094,1328.010009765625,22.850000381469727,2804.35009765625,5481.0,16.3700008392334
2011-02-16,0.07517,0.07150000000000001,0.07924,0.00114,0.01394,1374.699951171875,45.40999984741211,1336.3199462890625,23.049999237060547,2825.56005859375,5481.7001953125,16.719999313354492
2011-02-17,0.07517,0.07200000000000001,0.07905999999999999,0.00096,0.01322,1384.699951171875,45.310001373291016,1340.4300537109375,22.56999969482422,2831.580078125,5546.4501953125,16.59000015258789
2011-02-18,0.07554,0.07200000000000001,0.07911,0.00096,0.01306,1388.199951171875,45.209999084472656,1343.010009765625,24.18000030517578,2833.949951171875,5458.9501953125,16.43000030517578
2011-02-21,0.07519,0.07150000000000001,0.07905000000000001,0.00096,0.01306,1388.199951171875,45.108001708984375,1343.010009765625,24.90999984741211,2833.949951171875,5518.60009765625,16.43000030517578
2011-02-22,0.07484,0.07200000000000001,0.07894,0.0011200000000000001,0.012119999999999999,1400.5,44.917999267578125,1315.43994140625,26.850000381469727,2756.419921875,5469.2001953125,20.799999237060547
2011-02-23,0.07528,0.07150000000000001,0.07905000000000001,0.00122,0.01242,1413.4000244140625,45.150001525878906,1307.4000244140625,26.549999237060547,2722.989990234375,5437.35009765625,22.1299991607666
2011-02-24,0.07538,0.07150000000000001,0.07917,0.00124,0.01229,1415.300048828125,45.04999923706055,1306.0999755859375,28.200000762939453,2737.89990234375,5262.7001953125,21.31999969482422
2011-02-25,0.07548,0.07150000000000001,0.07918,0.00132,0.01204,1408.699951171875,45.400001525878906,1319.8800048828125,27.270000457763672,2781.050048828125,5303.5498046875,19.219999313354492
2011-02-28,0.07504,0.07150000000000001,0.07913,0.0014199999999999998,0.01164,1409.300048828125,45.25,1327.219970703125,24.399999618530273,2782.27001953125,5333.25,18.350000381469727
2011-03-01,0.07541,0.07150000000000001,0.07891,0.0014000000000000002,0.01129,1430.699951171875,45.099998474121094,1306.3299560546875,22.219999313354492,2737.409912109375,5522.2998046875,21.010000228881836
2011-03-02,0.07541,0.07150000000000001,0.07891,0.0012900000000000001,0.011739999999999999,1437.199951171875,44.83000183105469,1308.43994140625,22.219999313354492,2748.070068359375,5522.2998046875,20.700000762939453
2011-03-03,0.07514,0.07150000000000001,0.0784,0.0012900000000000001,0.0128,1416.0,44.810001373291016,1330.969970703125,22.959999084472656,2798.739990234375,5536.2001953125,18.600000381469727
2011-03-04,0.07515,0.07150000000000001,0.07844999999999999,0.0011899999999999999,0.01188,1428.199951171875,44.849998474121094,1321.1500244140625,22.90999984741211,2784.669921875,5538.75,19.059999465942383
2011-03-07,0.07534,0.07150000000000001,0.07841999999999999,0.0011200000000000001,0.01207,1434.0999755859375,44.90299987792969,1310.1300048828125,25.219999313354492,2745.6298828125,5463.14990234375,20.65999984741211
2011-03-08,0.07553,0.07150000000000001,0.07812000000000001,0.0011200000000000001,0.01217,1426.9000244140625,44.970001220703125,1321.8199462890625,23.670000076293945,2765.77001953125,5520.7998046875,19.81999969482422
2011-03-09,0.07572,0.07150000000000001,0.0782,0.00101,0.012230000000000001,1429.300048828125,44.900001525878906,1320.02001953125,23.280000686645508,2751.719970703125,5531.0,20.219999313354492
2011-03-10,0.07545,0.07150000000000001,0.07821,0.00073,0.0113,1412.199951171875,44.869998931884766,1295.1099853515625,23.530000686645508,2701.02001953125,5494.39990234375,21.8799991607666
2011-03-11,0.07481,0.07150000000000001,0.07826,0.0007599999999999999,0.01141,1421.5,45.11000061035156,1304.280029296875,24.1299991607666,2715.610107421875,5445.4501953125,20.079999923706055
2011-03-14,0.07519,0.07150000000000001,0.0783,0.00084,0.01075,1424.5999755859375,45.237998962402344,1296.3900146484375,23.299999237060547,2700.969970703125,5531.5,21.1299991607666
2011-03-15,0.07529,0.07150000000000001,0.07815,0.00101,0.01072,1392.5999755859375,44.95000076293945,1281.8699951171875,26.6299991607666,2667.330078125,5449.64990234375,24.31999969482422
2011-03-16,0.07482,0.07150000000000001,0.07812000000000001,0.00096,0.00982,1396.0,45.15999984741211,1256.8800048828125,24.889999389648438,2616.820068359375,5511.14990234375,29.399999618530273
2011-03-17,0.07529,0.0725,0.07817,0.0008100000000000001,0.01035,1404.0,45.02000045776367,1273.719970703125,25.260000228881836,2636.050048828125,5446.64990234375,26.3700008392334
2011-03-18,0.07569,0.0725,0.07852,0.0007099999999999999,0.010369999999999999,1415.9000244140625,45.04999923706055,1279.2099609375,25.889999389648438,2643.669921875,5373.7001953125,24.440000534057617
2011-03-21,0.07579,0.0725,0.07863,0.0007599999999999999,0.01111,1426.199951171875,44.99800109863281,1298.3800048828125,25.209999084472656,2692.090087890625,5364.75,20.610000610351562
2011-03-22,0.0758,0.0725,0.07856,0.00101,0.01127,1427.5,44.90999984741211,1293.77001953125,22.260000228881836,2683.8701171875,5413.85009765625,20.209999084472656
2011-03-23,0.0758,0.073,0.07865,0.0011200000000000001,0.01127,1437.9000244140625,44.849998474121094,1297.5400390625,20.969999313354492,2698.300048828125,5480.25,19.170000076293945
2011-03-24,0.0761,0.0725,0.07929,0.00086,0.011859999999999999,1434.800048828125,44.75,1309.6600341796875,19.84000015258789,2736.419921875,5522.39990234375,18.0
2011-03-25,0.07583000000000001,0.073,0.07873999999999999,0.00089,0.01237,1426.0999755859375,44.599998474121094,1313.800048828125,20.469999313354492,2743.06005859375,5654.25,17.90999984741211
2011-03-28,0.07583999999999999,0.0725,0.07844000000000001,0.00086,0.01261,1419.800048828125,44.69300079345703,1310.18994140625,21.020000457763672,2730.679931640625,5687.25,19.440000534057617
2011-03-29,0.07583999999999999,0.07200000000000001,0.07886,0.00099,0.013009999999999999,1416.0,44.70000076293945,1319.43994140625,21.219999313354492,2756.889892578125,5736.35009765625,18.15999984741211
2011-03-30,0.07604,0.0735,0.07894,0.00094,0.01261,1423.800048828125,44.65999984741211,1328.260009765625,22.040000915527344,2776.7900390625,5787.64990234375,17.709999084472656
2011-03-31,0.07529,0.0725,0.07885,0.00094,0.01312,1438.9000244140625,44.61000061035156,1325.8299560546875,22.18000030517578,2781.070068359375,5833.75,17.739999771118164
2011-04-01,0.07529,0.0725,0.07885,0.00063,0.012849999999999999,1428.0999755859375,44.45000076293945,1332.4100341796875,20.110000610351562,2789.60009765625,5826.0498046875,17.399999618530273
2011-04-04,0.07529,0.0725,0.07885,0.00041,0.012199999999999999,1432.199951171875,44.448001861572266,1332.8699951171875,20.059999465942383,2789.18994140625,5908.4501953125,17.5
2011-04-05,0.07490000000000001,0.0725,0.07863,0.0007099999999999999,0.01299,1451.800048828125,44.31800079345703,1332.6300048828125,19.899999618530273,2791.18994140625,5910.0498046875,17.25
2011-04-06,0.0754,0.07200000000000001,0.07852,0.00066,0.01332,1457.699951171875,44.29999923706055,1335.5400390625,20.360000610351562,2799.820068359375,5891.75,16.899999618530273
2011-04-07,0.07521,0.0705,0.07853,0.00041,0.012769999999999998,1458.5,44.04999923706055,1333.510009765625,20.31999969482422,2796.139892578125,5885.7001953125,17.110000610351562
2011-04-08,0.07632,0.07150000000000001,0.07866,0.00041,0.01318,1473.4000244140625,44.099998474121094,1328.1700439453125,20.540000915527344,2780.419921875,5842.0,17.8700008392334
2011-04-11,0.07674,0.07150000000000001,0.07913,0.00041,0.013260000000000001,1467.4000244140625,44.0629997253418,1324.4599609375,21.239999771118164,2771.510009765625,5785.7001953125,16.59000015258789
2011-04-12,0.07674,0.07150000000000001,0.07913,0.0005099999999999999,0.012230000000000001,1452.9000244140625,44.2599983215332,1314.1600341796875,21.239999771118164,2744.7900390625,5785.7001953125,17.09000015258789
2011-04-13,0.07595,0.07200000000000001,0.07914,0.0005600000000000001,0.01242,1454.9000244140625,44.1879997253418,1314.4100341796875,20.40999984741211,2761.52001953125,5911.5,16.920000076293945
2011-04-14,0.07595,0.07200000000000001,0.07914,0.0007099999999999999,0.01282,1471.699951171875,44.41999816894531,1314.52001953125,20.40999984741211,2760.219970703125,5911.5,16.270000457763672
2011-04-15,0.07618,0.0723,0.0795,0.0006900000000000001,0.011970000000000001,1485.300048828125,44.41999816894531,1319.6800537109375,21.59000015258789,2764.64990234375,5824.5498046875,15.319999694824219
2011-04-18,0.07629,0.0725,0.07977000000000001,0.00061,0.01133,1492.300048828125,44.27299880981445,1305.1400146484375,22.450000762939453,2735.3798828125,5729.10009765625,16.959999084472656
2011-04-19,0.07702,0.0725,0.07997,0.00061,0.01125,1494.5,44.36000061035156,1312.6199951171875,22.06999969482422,2744.969970703125,5740.75,15.829999923706055
2011-04-20,0.07796,0.07400000000000001,0.08016999999999999,0.00066,0.011619999999999998,1498.300048828125,44.40999984741211,1330.3599853515625,20.989999771118164,2802.510009765625,5851.64990234375,15.069999694824219
2011-04-21,0.07801,0.0745,0.08022,0.00058,0.01153,1503.199951171875,44.2599983215332,1337.3800048828125,20.510000228881836,2820.159912109375,5884.7001953125,14.6899995803833
2011-04-22,0.07801,0.0745,0.08022,0.00058,0.01153,1503.199951171875,44.2599983215332,1337.3800048828125,20.510000228881836,2820.159912109375,5884.7001953125,14.6899995803833
2011-04-25,0.07812999999999999,0.07400000000000001,0.08041999999999999,0.00053,0.01119,1508.5999755859375,44.268001556396484,1335.25,20.90999984741211,2825.8798828125,5874.5,15.770000457763672
2011-04-26,0.07846,0.0745,0.0805,0.00066,0.01068,1503.0,44.40999984741211,1347.239990234375,21.709999084472656,2847.5400390625,5868.39990234375,15.619999885559082
2011-04-27,0.07858,0.075,0.08055,0.00061,0.01076,1516.699951171875,44.40999984741211,1355.6600341796875,21.350000381469727,2869.8798828125,5833.89990234375,15.350000381469727
2011-04-28,0.07881,0.075,0.08083,0.00043,0.01019,1530.800048828125,44.33000183105469,1360.47998046875,20.920000076293945,2872.530029296875,5785.4501953125,14.619999885559082
2011-04-29,0.07907,0.076,0.08088,0.00043,0.01,1556.0,44.29999923706055,1363.6099853515625,19.579999923706055,2873.5400390625,5749.5,14.75
2011-05-02,0.07856,0.076,0.08084,0.00035000000000000005,0.00999,1556.699951171875,44.24800109863281,1361.219970703125,20.8799991607666,2864.080078125,5701.2998046875,15.989999771118164
2011-05-03,0.07974,0.077,0.08135999999999999,0.0003,0.00991,1540.0999755859375,44.220001220703125,1356.6199951171875,21.579999923706055,2841.6201171875,5565.25,16.700000762939453
2011-05-04,0.0805,0.079,0.08172,0.0003,0.00983,1514.9000244140625,44.40999984741211,1347.3199462890625,21.18000030517578,2828.22998046875,5537.14990234375,17.079999923706055
2011-05-05,0.08094,0.0795,0.08172,0.0001,0.0095,1480.9000244140625,44.31999969482422,1335.0999755859375,21.600000381469727,2814.719970703125,5459.85009765625,18.200000762939453
2011-05-06,0.08066000000000001,0.0795,0.08127000000000001,0.00015,0.00931,1491.199951171875,44.70000076293945,1340.199951171875,20.969999313354492,2827.56005859375,5551.4501953125,18.399999618530273
2011-05-09,0.08077999999999999,0.0795,0.08155,0.0001,0.009250000000000001,1502.9000244140625,44.722999572753906,1346.2900390625,21.5,2843.25,5551.10009765625,17.15999984741211
2011-05-10,0.08091,0.0805,0.08175,0.00033,0.00976,1516.5999755859375,44.61000061035156,1357.1600341796875,21.739999771118164,2871.889892578125,5541.25,15.90999984741211
2011-05-11,0.08158,0.0805,0.08231,0.00025,0.009649999999999999,1501.0999755859375,44.61000061035156,1342.0799560546875,21.239999771118164,2845.06005859375,5565.0498046875,16.950000762939453
2011-05-12,0.08116,0.08,0.08195999999999999,0.00023,0.00984,1506.5999755859375,44.58000183105469,1348.6500244140625,21.229999542236328,2863.0400390625,5486.14990234375,16.030000686645508
2011-05-13,0.08109,0.0805,0.0821,0.00025,0.0095,1493.4000244140625,44.709999084472656,1337.77001953125,20.6299991607666,2828.469970703125,5544.75,17.06999969482422
2011-05-16,0.08146,0.081,0.08219,0.00025,0.00923,1490.4000244140625,44.858001708984375,1329.469970703125,21.459999084472656,2782.31005859375,5499.0,18.239999771118164
2011-05-17,0.08146,0.081,0.08219,0.00041,0.0091,1479.800048828125,44.959999084472656,1328.97998046875,21.030000686645508,2783.2099609375,5438.9501953125,17.549999237060547
2011-05-18,0.08159000000000001,0.081,0.0824,0.00041,0.009729999999999999,1495.5999755859375,45.0099983215332,1340.6800537109375,20.709999084472656,2815.0,5420.60009765625,16.229999542236328
2011-05-19,0.08172,0.0815,0.08236,0.00048,0.00936,1492.199951171875,44.959999084472656,1343.5999755859375,20.40999984741211,2823.31005859375,5428.10009765625,15.520000457763672
2011-05-20,0.08177,0.0815,0.08242000000000001,0.00046,0.00909,1508.800048828125,44.849998474121094,1333.27001953125,19.450000762939453,2803.320068359375,5486.35009765625,17.43000030517578
2011-05-23,0.0819,0.0815,0.08231,0.0005099999999999999,0.00907,1515.300048828125,44.99300003051758,1317.3699951171875,21.040000915527344,2758.89990234375,5386.5498046875,18.270000457763672
2011-05-24,0.08226000000000001,0.081,0.08243,0.0005600000000000001,0.008960000000000001,1523.199951171875,45.150001525878906,1316.280029296875,19.93000030517578,2746.159912109375,5394.85009765625,17.81999969482422
2011-05-25,0.08194000000000001,0.0815,0.08231999999999999,0.0005600000000000001,0.00882,1526.5999755859375,45.15999984741211,1320.469970703125,20.65999984741211,2761.3798828125,5348.9501953125,17.06999969482422
2011-05-26,0.08242000000000001,0.0815,0.08237,0.0005099999999999999,0.00813,1522.800048828125,45.22999954223633,1325.68994140625,19.18000030517578,2782.919921875,5412.35009765625,16.09000015258789
2011-05-27,0.08248,0.08199999999999999,0.08279,0.00046,0.00799,1536.300048828125,45.189998626708984,1331.0999755859375,17.25,2796.860107421875,5476.10009765625,15.979999542236328
2011-05-30,0.08282,0.08199999999999999,0.08311,0.00046,0.00799,1536.300048828125,45.17300033569336,1331.0999755859375,17.8700008392334,2796.860107421875,5473.10009765625,15.979999542236328
2011-05-31,0.08295999999999999,0.08199999999999999,0.083,0.00053,0.0078000000000000005,1535.9000244140625,45.08300018310547,1345.199951171875,16.81999969482422,2835.300048828125,5473.10009765625,15.449999809265137
2011-06-01,0.08217,0.08199999999999999,0.08268,0.00046,0.007209999999999999,1542.4000244140625,44.959999084472656,1314.550048828125,16.729999542236328,2769.18994140625,5592.0,18.299999237060547
2011-06-02,0.08219,0.08199999999999999,0.08253,0.00041,0.00766,1532.0,44.7599983215332,1312.93994140625,17.979999542236328,2773.31005859375,5550.35009765625,18.09000015258789
2011-06-03,0.08214,0.08199999999999999,0.08227000000000001,0.00035999999999999997,0.00728,1541.699951171875,44.7599983215332,1300.1600341796875,17.610000610351562,2732.780029296875,5516.75,17.950000762939453
2011-06-06,0.08205,0.08199999999999999,0.08199,0.0003,0.0072499999999999995,1546.5,44.823001861572266,1286.1700439453125,18.209999084472656,2702.56005859375,5532.0498046875,18.489999771118164
2011-06-07,0.08207,0.08199999999999999,0.08199999999999999,0.00046,0.0069299999999999995,1543.300048828125,44.66999816894531,1284.93994140625,18.030000686645508,2701.56005859375,5556.14990234375,18.06999969482422
2011-06-08,0.08185,0.08199999999999999,0.08195999999999999,0.00041,0.0068200000000000005,1538.0999755859375,44.61000061035156,1279.56005859375,18.579999923706055,2675.3798828125,5526.85009765625,18.790000915527344
2011-06-09,0.08199,0.08199999999999999,0.08185,0.00043,0.00737,1542.0999755859375,44.65999984741211,1289.0,18.579999923706055,2684.8701171875,5521.0498046875,17.770000457763672
2011-06-10,0.08205,0.0815,0.08162000000000001,0.00041,0.00713,1528.5999755859375,44.599998474121094,1270.97998046875,18.540000915527344,2643.72998046875,5485.7998046875,18.860000610351562
2011-06-13,0.0816,0.0815,0.08138999999999999,0.00046,0.00716,1515.0,44.722999572753906,1271.8299560546875,18.90999984741211,2639.68994140625,5482.7998046875,19.610000610351562
2011-06-14,0.08222,0.0815,0.08143,0.00053,0.00792,1523.800048828125,44.79999923706055,1287.8699951171875,18.510000228881836,2678.719970703125,5500.5,18.260000228881836
2011-06-15,0.08224000000000001,0.0815,0.08189,0.0005600000000000001,0.006919999999999999,1525.5999755859375,44.73899841308594,1265.4200439453125,19.139999389648438,2631.4599609375,5447.5,21.31999969482422
2011-06-16,0.08166000000000001,0.0815,0.08164999999999999,0.00043,0.006840000000000001,1529.300048828125,44.709999084472656,1267.6400146484375,19.65999984741211,2623.699951171875,5396.75,22.729999542236328
2011-06-17,0.08209,0.0815,0.08166999999999999,0.00028000000000000003,0.00681,1538.5999755859375,44.79999923706055,1271.5,20.270000457763672,2616.47998046875,5366.39990234375,21.850000381469727
2011-06-20,0.08101000000000001,0.081,0.08094,0.00023,0.0067800000000000004,1541.5,44.76300048828125,1278.3599853515625,22.18000030517578,2629.659912109375,5257.89990234375,19.989999771118164
2011-06-21,0.08066000000000001,0.0815,0.08131000000000001,0.00025,0.00676,1546.0,44.869998931884766,1295.52001953125,21.309999465942383,2687.260009765625,5275.85009765625,18.860000610351562
2011-06-22,0.08068,0.0814,0.08144,0.00015,0.006730000000000001,1552.9000244140625,44.7599983215332,1287.1400146484375,20.889999389648438,2669.18994140625,5278.2998046875,18.520000457763672
2011-06-23,0.08058,0.0815,0.08145,0.0001,0.00615,1520.0999755859375,44.75,1283.5,19.5,2686.75,5320.0,19.290000915527344
2011-06-24,0.08063000000000001,0.0814,0.08126,0.00017999999999999998,0.00567,1500.5,44.849998474121094,1268.449951171875,19.31999969482422,2652.889892578125,5471.25,21.100000381469727
2011-06-27,0.08053,0.0815,0.08138999999999999,0.0002,0.0063,1496.0,44.987998962402344,1280.0999755859375,19.989999771118164,2688.280029296875,5526.60009765625,20.559999465942383
2011-06-28,0.08067,0.0815,0.08152,0.0003,0.0075,1499.699951171875,44.95000076293945,1296.6700439453125,19.489999771118164,2729.31005859375,5545.2998046875,19.170000076293945
2011-06-29,0.08069000000000001,0.08199999999999999,0.08161,0.00023,0.00771,1509.9000244140625,44.939998626708984,1307.4100341796875,19.459999084472656,2740.489990234375,5600.4501953125,17.270000457763672
2011-06-30,0.08115,0.0815,0.08185,0.0002,0.007980000000000001,1502.300048828125,44.7599983215332,1320.6400146484375,18.40999984741211,2773.52001953125,5647.39990234375,16.520000457763672
2011-07-01,0.08115,0.08199999999999999,0.0821,0.00017999999999999998,0.008199999999999999,1482.300048828125,44.59299850463867,1339.6700439453125,18.209999084472656,2816.030029296875,5627.2001953125,15.869999885559082
2011-07-04,0.08105000000000001,0.08199999999999999,0.0821,0.00015,0.008199999999999999,1482.300048828125,44.62300109863281,1339.6700439453125,18.170000076293945,2816.030029296875,5650.5,15.869999885559082
2011-07-05,0.08080999999999999,0.08199999999999999,0.08186,5e-05,0.0074199999999999995,1512.300048828125,44.41999816894531,1337.8800048828125,18.25,2825.77001953125,5632.10009765625,16.059999465942383
2011-07-06,0.08083,0.08199999999999999,0.08191000000000001,0.0001,0.00734,1528.699951171875,44.34000015258789,1339.219970703125,18.34000015258789,2834.02001953125,5625.4501953125,16.34000015258789
2011-07-07,0.08111,0.08199999999999999,0.08228999999999999,0.00028000000000000003,0.00796,1530.199951171875,44.33000183105469,1353.219970703125,18.6200008392334,2872.659912109375,5728.9501953125,15.949999809265137
2011-07-08,0.08092,0.0815,0.08252000000000001,0.00028000000000000003,0.006770000000000001,1541.199951171875,44.33000183105469,1343.800048828125,18.670000076293945,2859.81005859375,5660.64990234375,15.949999809265137
2011-07-11,0.08055,0.0815,0.08186,0.0002,0.00612,1548.800048828125,44.41299819946289,1319.489990234375,19.690000534057617,2802.6201171875,5616.10009765625,18.389999389648438
2011-07-12,0.08096,0.0815,0.08162000000000001,0.0003,0.00588,1561.9000244140625,44.349998474121094,1313.6400146484375,20.829999923706055,2781.909912109375,5526.14990234375,19.8700008392334
2011-07-13,0.08059,0.0815,0.08184,5e-05,0.0062,1585.199951171875,44.560001373291016,1317.719970703125,19.520000457763672,2796.919921875,5585.4501953125,19.90999984741211
2011-07-14,0.08048,0.0815,0.08138999999999999,0.0001,0.006670000000000001,1589.0,44.45000076293945,1308.8699951171875,19.969999313354492,2762.669921875,5585.4501953125,20.799999237060547
2011-07-15,0.08068,0.081,0.08135999999999999,8e-05,0.00622,1589.800048828125,44.400001525878906,1316.1400146484375,19.950000762939453,2789.800048828125,5581.10009765625,19.530000686645508
2011-07-18,0.08042999999999999,0.081,0.08146,0.0001,0.00617,1602.0999755859375,44.507999420166016,1305.43994140625,20.200000762939453,2765.110107421875,5567.0498046875,20.950000762939453
2011-07-19,0.08071999999999999,0.08070000000000001,0.08146,0.00023,0.00622,1600.9000244140625,44.5,1326.72998046875,19.25,2826.52001953125,5613.5498046875,19.209999084472656
2011-07-20,0.08061,0.081,0.08172,0.00025,0.00641,1596.699951171875,44.369998931884766,1325.8399658203125,19.110000610351562,2814.22998046875,5567.0498046875,19.09000015258789
2011-07-21,0.08063000000000001,0.081,0.08169,0.00037999999999999997,0.0069099999999999995,1586.800048828125,44.369998931884766,1343.800048828125,18.75,2834.429931640625,5541.60009765625,17.559999465942383
2011-07-22,0.08152,0.081,0.08192,0.00035000000000000005,0.0066500000000000005,1601.300048828125,44.29999923706055,1345.02001953125,17.90999984741211,2858.830078125,5633.9501953125,17.520000457763672
2011-07-25,0.08127000000000001,0.0815,0.08184,0.00041,0.00683,1612.0,44.34299850463867,1337.4300537109375,19.200000762939453,2842.800048828125,5680.2998046875,19.350000381469727
2011-07-26,0.08294,0.0825,0.08308,0.0007099999999999999,0.006520000000000001,1616.5999755859375,44.310001373291016,1331.93994140625,19.299999237060547,2839.9599609375,5574.85009765625,20.229999542236328
2011-07-27,0.08297,0.08449999999999999,0.08304,0.0007099999999999999,0.006919999999999999,1615.0,44.04999923706055,1304.8900146484375,18.25,2764.7900390625,5546.7998046875,22.979999542236328
2011-07-28,0.08314,0.084,0.08321999999999999,0.0007599999999999999,0.0066500000000000005,1613.4000244140625,44.029998779296875,1300.6700439453125,18.510000228881836,2766.25,5487.75,23.739999771118164
2011-07-29,0.08377000000000001,0.084,0.08333,0.00099,0.00534,1628.300048828125,44.0099983215332,1292.280029296875,19.770000457763672,2756.3798828125,5482.0,25.25
2011-08-01,0.08407999999999999,0.084,0.08338,0.0008100000000000001,0.0054800000000000005,1619.0,44.202999114990234,1286.93994140625,18.780000686645508,2744.610107421875,5516.7998046875,23.65999984741211
2011-08-02,0.08384,0.08449999999999999,0.08343,0.00064,0.00483,1641.9000244140625,44.0629997253418,1254.050048828125,19.149999618530273,2669.239990234375,5456.5498046875,24.790000915527344
2011-08-03,0.08416,0.084,0.08327,0.00028000000000000003,0.00515,1663.4000244140625,44.26300048828125,1260.3399658203125,19.479999542236328,2693.070068359375,5404.7998046875,23.3799991607666
2011-08-04,0.08377000000000001,0.084,0.08311,8e-05,0.00416,1656.199951171875,44.3129997253418,1200.0699462890625,20.219999313354492,2556.389892578125,5331.7998046875,31.65999984741211
2011-08-05,0.08316000000000001,0.083,0.08249000000000001,8e-05,0.00496,1648.800048828125,44.5629997253418,1199.3800048828125,24.899999618530273,2532.409912109375,5211.25,32.0
2011-08-08,0.08233,0.0825,0.08186,0.00025,0.00424,1710.199951171875,44.733001708984375,1119.4599609375,28.780000686645508,2357.68994140625,5118.5,48.0
2011-08-09,0.08193,0.0825,0.08161,0.00035999999999999997,0.0035099999999999997,1740.0,45.00299835205078,1172.530029296875,34.880001068115234,2482.52001953125,5072.85009765625,35.060001373291016
2011-08-10,0.08124,0.0825,0.08141,0.00015,0.0032700000000000003,1781.300048828125,45.202999114990234,1120.760009765625,28.950000762939453,2381.050048828125,5161.0,42.9900016784668
2011-08-11,0.0817,0.083,0.08141999999999999,0.00013,0.0034300000000000003,1748.800048828125,45.24800109863281,1172.6400146484375,29.09000015258789,2492.679931640625,5138.2998046875,39.0
2011-08-12,0.08226000000000001,0.083,0.08162000000000001,8e-05,0.0032700000000000003,1740.199951171875,45.292999267578125,1178.81005859375,27.020000457763672,2507.97998046875,5072.9501953125,36.36000061035156
2011-08-15,0.08226000000000001,0.083,0.08162000000000001,8e-05,0.0034999999999999996,1755.5,45.393001556396484,1204.489990234375,27.020000457763672,2555.199951171875,5072.9501953125,31.8700008392334
2011-08-16,0.08244,0.083,0.08163000000000001,0.00025,0.00332,1782.4000244140625,45.233001708984375,1192.760009765625,26.459999084472656,2523.449951171875,5035.7998046875,32.849998474121094
2011-08-17,0.08292,0.08349999999999999,0.08193,0.00013,0.00332,1791.199951171875,45.25299835205078,1193.8900146484375,25.479999542236328,2511.47998046875,5056.60009765625,31.579999923706055
2011-08-18,0.08201,0.08349999999999999,0.08132,8e-05,0.00329,1818.9000244140625,45.303001403808594,1140.6500244140625,27.450000762939453,2380.429931640625,4944.14990234375,42.66999816894531
2011-08-19,0.08201,0.08349999999999999,0.08132,8e-05,0.00344,1848.9000244140625,45.709999084472656,1123.530029296875,29.190000534057617,2341.840087890625,4845.64990234375,43.04999923706055
2011-08-22,0.08234,0.08349999999999999,0.08146,3e-05,0.00363,1888.699951171875,45.66299819946289,1123.8199462890625,27.079999923706055,2345.3798828125,4898.7998046875,42.439998626708984
2011-08-23,0.08238,0.08349999999999999,0.08163999999999999,0.0001,0.00381,1858.300048828125,45.61000061035156,1162.3499755859375,25.920000076293945,2446.06005859375,4948.89990234375,36.27000045776367
2011-08-24,0.08211,0.08349999999999999,0.08134000000000001,0.0001,0.0039900000000000005,1754.0999755859375,45.540000915527344,1177.5999755859375,28.600000381469727,2467.68994140625,4888.89990234375,35.900001525878906
2011-08-25,0.08214,0.08349999999999999,0.0814,5e-05,0.00362,1759.800048828125,45.939998626708984,1159.27001953125,27.940000534057617,2419.6298828125,4839.60009765625,39.7599983215332
2011-08-26,0.08285999999999999,0.08349999999999999,0.08163999999999999,5e-05,0.0032500000000000003,1794.0999755859375,46.0099983215332,1176.800048828125,33.2599983215332,2479.85009765625,4747.7998046875,35.59000015258789
2011-08-29,0.08275,0.084,0.08213,8e-05,0.0034300000000000003,1788.4000244140625,46.15299987792969,1210.0799560546875,26.06999969482422,2562.110107421875,4919.60009765625,32.279998779296875
2011-08-30,0.08266,0.084,0.08219,0.00015,0.00317,1826.699951171875,45.849998474121094,1212.9200439453125,24.8799991607666,2576.110107421875,5001.0,32.88999938964844
2011-08-31,0.08266,0.084,0.08219,0.00015,0.0032400000000000003,1828.5,45.939998626708984,1218.8900146484375,24.8799991607666,2579.4599609375,5001.0,31.6200008392334
2011-09-01,0.08266,0.084,0.08219,0.00015,0.00292,1826.0,45.7400016784668,1204.4200439453125,24.8799991607666,2546.0400390625,5001.0,31.81999969482422
2011-09-02,0.08309,0.084,0.08222,0.0002,0.00316,1873.699951171875,45.70000076293945,1173.969970703125,26.09000015258789,2480.330078125,5040.0,33.91999816894531
2011-09-05,0.08234,0.084,0.08195999999999999,0.0002,0.00316,1873.699951171875,45.737998962402344,1173.969970703125,27.829999923706055,2480.330078125,5017.2001953125,33.91999816894531
2011-09-06,0.08237,0.084,0.08206,0.0002,0.00329,1869.9000244140625,45.98400115966797,1165.239990234375,28.65999984741211,2473.830078125,5064.2998046875,37.0
2011-09-07,0.08305,0.084,0.08215,0.0002,0.00334,1814.199951171875,46.040000915527344,1198.6199951171875,27.860000610351562,2548.93994140625,5124.64990234375,33.380001068115234
2011-09-08,0.08228999999999999,0.08349999999999999,0.08186,0.00015,0.0032,1854.4000244140625,46.040000915527344,1185.9000244140625,27.639999389648438,2529.139892578125,5153.25,34.31999969482422
2011-09-09,0.08273,0.08349999999999999,0.0821,0.0001,0.00296,1856.4000244140625,46.130001068115234,1154.22998046875,28.149999618530273,2467.989990234375,5059.4501953125,38.52000045776367
2011-09-12,0.08310000000000001,0.08349999999999999,0.08189,0.0001,0.00336,1809.9000244140625,46.643001556396484,1162.27001953125,32.75,2495.090087890625,4946.7998046875,38.59000015258789
2011-09-13,0.08297,0.08349999999999999,0.08186,0.00013,0.00357,1826.800048828125,47.15999984741211,1172.8699951171875,32.77000045776367,2532.14990234375,4940.9501953125,36.90999984741211
2011-09-14,0.08302,0.084,0.08187,5e-05,0.0035199999999999997,1823.5,47.459999084472656,1188.6800537109375,32.45000076293945,2572.550048828125,5012.5498046875,34.599998474121094
2011-09-15,0.08288999999999999,0.084,0.08192,3e-05,0.00357,1778.5,47.560001373291016,1209.1099853515625,30.790000915527344,2607.070068359375,5075.7001953125,31.969999313354492
2011-09-16,0.08369,0.08449999999999999,0.08222,3e-05,0.00337,1812.0999755859375,47.5,1216.010009765625,28.450000762939453,2622.31005859375,5084.25,30.979999542236328
2011-09-19,0.08374000000000001,0.0843,0.08254,8e-05,0.00295,1776.4000244140625,47.16999816894531,1204.0899658203125,29.600000381469727,2612.830078125,5031.9501953125,32.72999954223633
2011-09-20,0.08396,0.08449999999999999,0.08281000000000001,0.0001,0.00295,1806.5999755859375,47.722999572753906,1202.0899658203125,27.25,2590.239990234375,5140.2001953125,32.86000061035156
2011-09-21,0.08434,0.08449999999999999,0.08287000000000001,0.0001,0.00356,1805.5,47.90999984741211,1166.760009765625,27.670000076293945,2538.18994140625,5133.25,37.31999969482422
2011-09-22,0.08353999999999999,0.084,0.08248,5e-05,0.0034000000000000002,1739.199951171875,48.209999084472656,1129.56005859375,33.880001068115234,2455.669921875,4923.64990234375,41.349998474121094
2011-09-23,0.08403000000000001,0.084,0.08233,5e-05,0.00369,1637.5,49.472999572753906,1136.4300537109375,35.15999984741211,2483.22998046875,4867.75,41.25
2011-09-26,0.08355,0.0839,0.08220000000000001,8e-05,0.00396,1592.5,49.34299850463867,1162.949951171875,35.43000030517578,2516.68994140625,4835.39990234375,39.02000045776367
2011-09-27,0.0836,0.08449999999999999,0.08226000000000001,0.00015,0.00404,1650.5999755859375,49.400001525878906,1175.3800048828125,32.0099983215332,2546.830078125,4971.25,37.709999084472656
2011-09-28,0.08365,0.0843,0.08227000000000001,0.0001,0.00404,1616.300048828125,48.810001373291016,1151.06005859375,32.0,2491.580078125,4945.89990234375,41.08000183105469
2011-09-29,0.08277,0.08449999999999999,0.08303,0.00015,0.00434,1615.5,48.75,1160.4000244140625,31.06999969482422,2480.760009765625,5015.4501953125,38.84000015258789
2011-09-30,0.08277,0.08449999999999999,0.08303,0.00025,0.004050000000000001,1620.4000244140625,48.86000061035156,1131.4200439453125,31.940000534057617,2415.39990234375,4943.25,42.959999084472656
2011-10-03,0.08426,0.08449999999999999,0.08321999999999999,8e-05,0.00367,1656.0,49.04999923706055,1099.22998046875,35.06999969482422,2335.830078125,4849.5,45.45000076293945
2011-10-04,0.08413,0.0842,0.08305,8e-05,0.004,1614.699951171875,49.099998474121094,1123.949951171875,37.189998626708984,2404.820068359375,4772.14990234375,40.81999969482422
2011-10-05,0.08460000000000001,0.08449999999999999,0.08307,3e-05,0.00421,1640.300048828125,49.303001403808594,1144.030029296875,35.369998931884766,2460.510009765625,4751.2998046875,37.810001373291016
2011-10-06,0.08460000000000001,0.08449999999999999,0.08307,5e-05,0.00445,1651.9000244140625,49.150001525878906,1164.969970703125,35.369998931884766,2506.820068359375,4751.2998046875,36.27000045776367
2011-10-07,0.08478,0.08449999999999999,0.08365,0.0001,0.0049499999999999995,1634.5,49.040000915527344,1155.4599609375,33.02000045776367,2479.35009765625,4888.0498046875,36.20000076293945
2011-10-10,0.08465,0.085,0.08426,0.0001,0.0049499999999999995,1669.5999755859375,48.893001556396484,1194.8900146484375,30.030000686645508,2566.050048828125,4979.60009765625,33.02000045776367
2011-10-11,0.08583,0.085,0.08359,8e-05,0.00522,1659.699951171875,48.8129997253418,1195.5400390625,30.299999237060547,2583.030029296875,4974.35009765625,32.86000061035156
2011-10-12,0.08646000000000001,0.085,0.08382999999999999,0.0002,0.00534,1681.300048828125,49.237998962402344,1207.25,28.40999984741211,2604.72998046875,5099.39990234375,31.260000228881836
2011-10-13,0.08481999999999999,0.085,0.08393,0.0002,0.00511,1667.300048828125,48.90999984741211,1203.6600341796875,28.239999771118164,2620.239990234375,5077.85009765625,30.700000762939453
2011-10-14,0.08596999999999999,0.0855,0.08419,0.0002,0.00505,1681.800048828125,49.20000076293945,1224.5799560546875,25.979999542236328,2667.85009765625,5132.2998046875,28.239999771118164
2011-10-17,0.08584,0.08650000000000001,0.08416,0.00025,0.0047599999999999995,1675.5,48.893001556396484,1200.8599853515625,25.43000030517578,2614.919921875,5118.25,33.38999938964844
2011-10-18,0.08590999999999999,0.085,0.08412000000000001,0.0003,0.00468,1651.699951171875,48.900001525878906,1225.3800048828125,25.899999618530273,2657.429931640625,5037.5,31.559999465942383
2011-10-19,0.08598,0.087,0.08422,0.00025,0.0046300000000000004,1646.0,49.2400016784668,1209.8800048828125,24.049999237060547,2604.0400390625,5139.14990234375,34.439998626708984
2011-10-20,0.08605,0.08650000000000001,0.08437,0.00017999999999999998,0.0046,1611.9000244140625,49.0099983215332,1215.3900146484375,25.600000381469727,2598.6201171875,5091.89990234375,34.779998779296875
2011-10-21,0.08706,0.08650000000000001,0.08425,0.0002,0.0046300000000000004,1635.0999755859375,49.86000061035156,1238.25,26.299999237060547,2637.4599609375,5049.9501953125,31.31999969482422
2011-10-24,0.08673,0.08650000000000001,0.08431,0.0001,0.004739999999999999,1651.5,49.823001861572266,1254.18994140625,25.219999313354492,2699.43994140625,5098.35009765625,29.260000228881836
2011-10-25,0.08654999999999999,0.087,0.08406000000000001,0.0002,0.00418,1699.5999755859375,49.54999923706055,1229.050048828125,22.309999465942383,2638.419921875,5191.60009765625,32.220001220703125
2011-10-26,0.08654999999999999,0.087,0.08406000000000001,0.00017999999999999998,0.00468,1722.699951171875,49.40999984741211,1242.0,22.309999465942383,2650.669921875,5191.60009765625,29.860000610351562
2011-10-27,0.08654999999999999,0.087,0.08406000000000001,0.00015,0.00519,1746.699951171875,49.36000061035156,1284.5899658203125,22.309999465942383,2738.6298828125,5191.60009765625,25.459999084472656
2011-10-28,0.08732,0.0864,0.08529,0.0001,0.00492,1746.199951171875,49.790000915527344,1285.0899658203125,20.889999389648438,2737.14990234375,5360.7001953125,24.530000686645508
2011-10-31,0.08678000000000001,0.08650000000000001,0.08558,-0.0001,0.00391,1724.199951171875,48.62799835205078,1253.300048828125,22.65999984741211,2684.409912109375,5326.60009765625,29.959999084472656
2011-11-01,0.08707000000000001,0.08650000000000001,0.08578,5e-05,0.00377,1711.0,48.67300033569336,1218.280029296875,24.020000457763672,2606.9599609375,5257.9501953125,34.77000045776367
2011-11-02,0.08651999999999999,0.087,0.08607,8e-05,0.00361,1728.699951171875,49.257999420166016,1237.9000244140625,24.889999389648438,2639.97998046875,5258.4501953125,32.7400016784668
2011-11-03,0.08635999999999999,0.087,0.08622,8e-05,0.00385,1764.199951171875,49.12300109863281,1261.1500244140625,24.65999984741211,2697.969970703125,5265.75,30.5
2011-11-04,0.08677,0.08650000000000001,0.08669,3e-05,0.00363,1755.300048828125,49.04800033569336,1253.22998046875,23.43000030517578,2686.14990234375,5284.2001953125,30.15999984741211
2011-11-07,0.08677,0.08650000000000001,0.08669,5e-05,0.00377,1790.300048828125,48.99300003051758,1261.1199951171875,23.43000030517578,2695.25,5284.2001953125,29.850000381469727
2011-11-08,0.08791,0.08710000000000001,0.08736000000000001,0.0001,0.00385,1798.4000244140625,48.90999984741211,1275.9200439453125,23.709999084472656,2727.489990234375,5289.35009765625,27.479999542236328
2011-11-09,0.08781,0.087,0.08791,0.0001,0.00378,1790.9000244140625,49.310001373291016,1229.0999755859375,24.299999237060547,2621.64990234375,5221.0498046875,36.15999984741211
2011-11-10,0.08781,0.087,0.08791,8e-05,0.00393,1758.9000244140625,50.04999923706055,1239.699951171875,24.299999237060547,2625.14990234375,5221.0498046875,32.810001373291016
2011-11-11,0.08755,0.0885,0.08886,8e-05,0.00393,1787.5,49.959999084472656,1263.8499755859375,24.739999771118164,2678.75,5168.85009765625,30.040000915527344
2011-11-14,0.08805999999999999,0.0885,0.08859,0.0001,0.00383,1777.800048828125,50.03300094604492,1251.780029296875,25.290000915527344,2657.219970703125,5148.35009765625,31.1299991607666
2011-11-15,0.087,0.0882,0.08773999999999998,0.00015,0.00393,1781.699951171875,50.36800003051758,1257.81005859375,25.969999313354492,2686.199951171875,5068.5,31.219999313354492
2011-11-16,0.08660999999999999,0.08900000000000001,0.08771000000000001,0.0001,0.00393,1773.800048828125,50.62300109863281,1236.9100341796875,25.040000915527344,2639.610107421875,5030.4501953125,33.5099983215332
2011-11-17,0.08474999999999999,0.08800000000000001,0.08726,8e-05,0.00393,1719.800048828125,50.702999114990234,1216.1300048828125,26.920000076293945,2587.989990234375,4934.75,34.5099983215332
2011-11-18,0.08726,0.08800000000000001,0.08761,8e-05,0.0042,1724.699951171875,50.948001861572266,1215.6500244140625,26.579999923706055,2572.5,4905.7998046875,32.0
2011-11-21,0.08632,0.0885,0.08741,0.0001,0.00415,1678.300048828125,51.22800064086914,1192.97998046875,28.610000610351562,2523.139892578125,4778.35009765625,32.90999984741211
2011-11-22,0.08642,0.08800000000000001,0.08734,0.00025,0.00396,1702.199951171875,52.05799865722656,1188.0400390625,27.350000381469727,2521.280029296875,4812.35009765625,31.969999313354492
2011-11-23,0.08744999999999999,0.08900000000000001,0.08686999999999999,0.0002,0.00388,1695.699951171875,52.483001708984375,1161.7900390625,30.68000030517578,2460.080078125,4706.4501953125,33.97999954223633
2011-11-24,0.08715999999999999,0.0885,0.08648,0.00023,0.00388,1695.699951171875,52.257999420166016,1161.7900390625,27.950000762939453,2460.080078125,4706.4501953125,33.97999954223633
2011-11-25,0.08802,0.08900000000000001,0.08634,0.0002,0.00407,1685.5,52.0629997253418,1158.6700439453125,29.1200008392334,2441.510009765625,4710.0498046875,34.470001220703125
2011-11-28,0.08746000000000001,0.08900000000000001,0.08627000000000001,0.0003,0.00391,1710.800048828125,52.22800064086914,1192.550048828125,26.639999389648438,2527.340087890625,4851.2998046875,32.130001068115234
2011-11-29,0.08825,0.0885,0.0864,0.0002,0.00388,1713.4000244140625,51.94300079345703,1195.18994140625,26.8700008392334,2515.510009765625,4805.10009765625,30.639999389648438
2011-11-30,0.08674,0.0886,0.08581,8e-05,0.0039900000000000005,1745.5,51.90299987792969,1246.9599609375,26.549999237060547,2620.340087890625,4832.0498046875,27.799999237060547
2011-12-01,0.08685000000000001,0.0875,0.08569,-3e-05,0.00396,1735.300048828125,51.72999954223633,1244.5799560546875,25.020000457763672,2626.199951171875,4936.85009765625,27.40999984741211
2011-12-02,0.08514,0.0875,0.08584,3e-05,0.00383,1747.0,51.29999923706055,1244.280029296875,23.989999771118164,2626.929931640625,5050.14990234375,27.520000457763672
2011-12-05,0.08507999999999999,0.087,0.08473000000000001,0.0001,0.00391,1730.699951171875,51.10300064086914,1257.0799560546875,25.020000457763672,2655.760009765625,5039.14990234375,27.84000015258789
2011-12-06,0.08507999999999999,0.087,0.08473000000000001,0.0001,0.00394,1727.9000244140625,51.20000076293945,1258.469970703125,25.020000457763672,2649.56005859375,5039.14990234375,28.1299991607666
2011-12-07,0.08436,0.08650000000000001,0.08461,8e-05,0.00362,1740.9000244140625,51.20000076293945,1261.010009765625,26.459999084472656,2649.2099609375,5062.60009765625,28.670000076293945
2011-12-08,0.08460000000000001,0.086,0.08426,8e-05,0.0034300000000000003,1709.800048828125,51.599998474121094,1234.3499755859375,28.579999923706055,2596.3798828125,4943.64990234375,30.59000015258789
2011-12-09,0.08492000000000001,0.08650000000000001,0.08404,8e-05,0.00359,1712.800048828125,51.70000076293945,1255.18994140625,29.530000686645508,2646.85009765625,4866.7001953125,26.3799991607666
2011-12-12,0.08474,0.0855,0.08384,0.0001,0.00345,1664.199951171875,51.86800003051758,1236.469970703125,29.270000457763672,2612.260009765625,4764.60009765625,25.670000076293945
2011-12-13,0.08527,0.085,0.08285000000000001,0.0001,0.00363,1659.9000244140625,52.650001525878906,1225.72998046875,28.110000610351562,2579.27001953125,4800.60009765625,25.40999984741211
2011-12-14,0.08481999999999999,0.0855,0.08301,3e-05,0.0037099999999999998,1584.300048828125,53.099998474121094,1211.8199462890625,28.790000915527344,2539.31005859375,4763.25,26.040000915527344
2011-12-15,0.08478999999999999,0.085,0.08282,3e-05,0.0037099999999999998,1574.5999755859375,53.709999084472656,1215.75,28.809999465942383,2541.010009765625,4746.35009765625,25.110000610351562
2011-12-16,0.08468999999999999,0.085,0.08234999999999999,2e-05,0.0034200000000000003,1595.5999755859375,53.209999084472656,1219.6600341796875,29.690000534057617,2555.330078125,4651.60009765625,24.290000915527344
2011-12-19,0.08422,0.08449999999999999,0.08199,5e-05,0.00361,1594.4000244140625,52.49300003051758,1205.3499755859375,30.579999923706055,2523.139892578125,4613.10009765625,24.920000076293945
2011-12-20,0.0839,0.085,0.0816,8e-05,0.00379,1615.5999755859375,52.70000076293945,1241.300048828125,30.530000686645508,2603.72998046875,4544.2001953125,23.219999313354492
2011-12-21,0.08531000000000001,0.08449999999999999,0.08156000000000001,0.0001,0.00398,1611.9000244140625,52.709999084472656,1243.719970703125,27.530000686645508,2577.969970703125,4693.14990234375,21.43000030517578
2011-12-22,0.08441000000000001,0.08449999999999999,0.08167999999999999,8e-05,0.00411,1608.9000244140625,52.393001556396484,1254.0,26.84000015258789,2599.449951171875,4733.85009765625,21.15999984741211
2011-12-23,0.08445,0.08449999999999999,0.08146,2e-05,0.00438,1604.699951171875,52.5099983215332,1265.3299560546875,27.389999389648438,2618.639892578125,4714.0,20.729999542236328
2011-12-26,0.08309,0.08449999999999999,0.0817,3e-05,0.00438,1604.699951171875,52.78300094604492,1265.3299560546875,26.600000381469727,2618.639892578125,4714.0,20.729999542236328
2011-12-27,0.08527,0.08449999999999999,0.08134000000000001,0.00023,0.00438,1594.199951171875,52.70000076293945,1265.4300537109375,26.290000915527344,2625.199951171875,4750.5,21.90999984741211
2011-12-28,0.08464,0.085,0.08138999999999999,8e-05,0.00409,1562.9000244140625,52.849998474121094,1249.6400146484375,26.739999771118164,2589.97998046875,4705.7998046875,23.520000457763672
2011-12-29,0.08564999999999999,0.085,0.08138999999999999,0.0001,0.00394,1539.9000244140625,52.86000061035156,1263.02001953125,26.6200008392334,2613.739990234375,4646.25,22.649999618530273
2011-12-30,0.08559,0.086,0.08128,0.0002,0.00359,1565.800048828125,53.0,1257.5999755859375,27.110000610351562,2605.14990234375,4624.2998046875,23.399999618530273
2012-01-02,0.08254,0.085,0.08076,0.0002,0.00359,1565.800048828125,53.007999420166016,1257.5999755859375,27.530000686645508,2605.14990234375,4624.2998046875,23.399999618530273
2012-01-03,0.08234999999999999,0.08449999999999999,0.08039999999999999,0.0002,0.00391,1599.699951171875,53.29800033569336,1277.06005859375,26.15999984741211,2648.719970703125,4765.2998046875,22.969999313354492
2012-01-04,0.08320999999999999,0.085,0.08032,0.00015,0.00392,1611.9000244140625,53.04999923706055,1277.300048828125,26.40999984741211,2648.360107421875,4749.64990234375,22.219999313354492
2012-01-05,0.08272,0.085,0.08012000000000001,0.00015,0.0038900000000000002,1619.4000244140625,52.849998474121094,1281.06005859375,25.90999984741211,2669.860107421875,4749.9501953125,21.479999542236328
2012-01-06,0.08244,0.08449999999999999,0.07980999999999999,0.00015,0.00379,1616.0999755859375,52.7599983215332,1277.81005859375,25.459999084472656,2674.219970703125,4754.10009765625,20.6299991607666
2012-01-09,0.08224000000000001,0.08449999999999999,0.07961,0.00013,0.00365,1607.5,52.67300033569336,1280.699951171875,25.68000030517578,2676.56005859375,4742.7998046875,21.06999969482422
2012-01-10,0.08266,0.08449999999999999,0.07969,0.00015,0.0036,1631.0,52.380001068115234,1292.0799560546875,24.0,2702.5,4849.5498046875,20.690000534057617
2012-01-11,0.08355,0.085,0.07998,0.0002,0.0035199999999999997,1639.199951171875,51.599998474121094,1292.47998046875,24.540000915527344,2710.760009765625,4860.9501953125,21.049999237060547
2012-01-12,0.08351000000000001,0.085,0.07982,0.00028000000000000003,0.00363,1647.300048828125,51.75,1295.5,24.030000686645508,2724.699951171875,4831.25,20.469999313354492
2012-01-13,0.08324,0.0855,0.07955,0.00028000000000000003,0.0034200000000000003,1630.4000244140625,51.45000076293945,1289.0899658203125,23.479999542236328,2710.669921875,4866.0,20.90999984741211
2012-01-16,0.08351000000000001,0.086,0.07951,0.00028000000000000003,0.0034200000000000003,1630.4000244140625,51.43299865722656,1289.0899658203125,24.06999969482422,2710.669921875,4873.89990234375,20.90999984741211
2012-01-17,0.08332,0.0855,0.07951,0.0003,0.00331,1655.199951171875,51.380001068115234,1293.6700439453125,22.610000610351562,2728.080078125,4967.2998046875,22.200000762939453
2012-01-18,0.08392,0.086,0.07964,0.00028000000000000003,0.00345,1659.5,50.650001525878906,1308.0400390625,22.68000030517578,2769.7099609375,4955.7998046875,20.889999389648438
2012-01-19,0.08372,0.08650000000000001,0.07968,0.00041,0.00363,1654.0999755859375,50.36000061035156,1314.5,21.68000030517578,2788.330078125,5018.39990234375,19.8700008392334
2012-01-20,0.08376,0.08650000000000001,0.07973,0.00046,0.0037099999999999998,1663.699951171875,50.303001403808594,1315.3800048828125,21.959999084472656,2786.699951171875,5048.60009765625,18.280000686645508
2012-01-23,0.08356,0.08650000000000001,0.07957,0.00041,0.0038,1678.0,50.222999572753906,1316.0,22.139999389648438,2784.169921875,5046.25,18.670000076293945
2012-01-24,0.08500999999999999,0.086,0.0816,0.00041,0.00377,1664.199951171875,49.84000015258789,1314.6500244140625,21.420000076293945,2786.639892578125,5127.35009765625,18.90999984741211
2012-01-25,0.08544,0.0875,0.08151,0.00041,0.0032400000000000003,1699.800048828125,50.0,1326.06005859375,21.020000457763672,2818.31005859375,5158.2998046875,18.309999465942383
2012-01-26,0.08544,0.0875,0.08151,0.0005099999999999999,0.00308,1726.300048828125,50.0,1318.4300537109375,21.020000457763672,2805.280029296875,5158.2998046875,18.56999969482422
2012-01-27,0.08585000000000001,0.0875,0.08181,0.0005899999999999999,0.00306,1731.800048828125,52.49300003051758,1316.3299560546875,21.700000762939453,2816.550048828125,5204.7001953125,18.530000686645508
2012-01-30,0.08517,0.0875,0.08148999999999999,0.0005600000000000001,0.0030299999999999997,1731.0,49.38800048828125,1313.010009765625,23.459999084472656,2811.93994140625,5087.2998046875,19.399999618530273
2012-01-31,0.08564999999999999,0.0873,0.08148999999999999,0.0005600000000000001,0.00295,1737.800048828125,52.49300003051758,1312.4100341796875,22.65999984741211,2813.840087890625,5199.25,19.440000534057617
2012-02-01,0.08545,0.0885,0.08119,0.00061,0.00301,1747.0999755859375,49.5,1324.0899658203125,22.889999389648438,2848.27001953125,5235.7001953125,18.549999237060547
2012-02-02,0.08559,0.0885,0.08123,0.00084,0.00301,1756.800048828125,49.0099983215332,1325.5400390625,23.690000534057617,2859.679931640625,5269.89990234375,17.979999542236328
2012-02-03,0.08566000000000001,0.08800000000000001,0.08118,0.00079,0.0032500000000000003,1737.9000244140625,49.0,1344.9000244140625,24.09000015258789,2905.659912109375,5325.85009765625,17.100000381469727
2012-02-06,0.08563000000000001,0.08800000000000001,0.08118,0.00086,0.00314,1722.800048828125,48.65299987792969,1344.3299560546875,24.6200008392334,2901.989990234375,5361.64990234375,17.760000228881836
2012-02-07,0.08578,0.08800000000000001,0.08144,0.0008100000000000001,0.00344,1746.4000244140625,49.053001403808594,1347.050048828125,24.90999984741211,2904.080078125,5335.14990234375,17.649999618530273
2012-02-08,0.08645,0.0895,0.08169,0.0008100000000000001,0.00365,1729.300048828125,49.042999267578125,1349.9599609375,24.270000457763672,2915.860107421875,5368.14990234375,18.15999984741211
2012-02-09,0.08642,0.08900000000000001,0.08191000000000001,0.00091,0.00384,1739.0,49.14799880981445,1351.949951171875,23.299999237060547,2927.22998046875,5412.35009765625,18.6299991607666
2012-02-10,0.08616,0.08900000000000001,0.08189,0.00089,0.00381,1723.300048828125,49.487998962402344,1342.6400146484375,23.829999923706055,2903.8798828125,5381.60009765625,20.790000915527344
2012-02-11,0.08507999999999999,0.08900000000000001,0.08189,0.00089,0.00381,1723.300048828125,49.487998962402344,1342.6400146484375,23.829999923706055,2903.8798828125,5381.60009765625,20.790000915527344
2012-02-13,0.08631,0.0885,0.08196999999999999,0.0010199999999999999,0.00394,1723.0,49.35300064086914,1351.77001953125,23.709999084472656,2931.389892578125,5390.2001953125,19.040000915527344
2012-02-14,0.08664,0.0895,0.0818,0.00117,0.00392,1715.9000244140625,49.1879997253418,1350.5,22.709999084472656,2931.830078125,5416.0498046875,19.540000915527344
2012-02-15,0.0875,0.08900000000000001,0.08170999999999999,0.0011200000000000001,0.00368,1726.300048828125,49.358001708984375,1343.22998046875,22.100000381469727,2915.830078125,5531.9501953125,21.139999389648438
2012-02-16,0.08512,0.08900000000000001,0.08170999999999999,0.00104,0.00413,1726.800048828125,49.28300094604492,1358.0400390625,23.329999923706055,2959.85009765625,5521.9501953125,19.219999313354492
2012-02-17,0.0876,0.0895,0.08177,0.0008100000000000001,0.00419,1724.5,49.28300094604492,1361.22998046875,24.18000030517578,2951.780029296875,5564.2998046875,17.780000686645508
2012-02-18,0.08554,0.0895,0.08177,0.0008100000000000001,0.00419,1724.5,49.28300094604492,1361.22998046875,24.18000030517578,2951.780029296875,5564.2998046875,17.780000686645508
2012-02-20,0.08554,0.0895,0.08177,0.0007599999999999999,0.00419,1724.5,49.31800079345703,1361.22998046875,24.18000030517578,2951.780029296875,5564.2998046875,17.780000686645508
2012-02-21,0.08701,0.0895,0.08175,0.00091,0.00445,1757.0999755859375,49.14799880981445,1362.2099609375,26.25,2948.570068359375,5607.14990234375,18.190000534057617
2012-02-22,0.08755,0.08990000000000001,0.08215,0.00086,0.00414,1770.0,49.303001403808594,1357.6600341796875,26.799999237060547,2933.169921875,5505.35009765625,18.190000534057617
2012-02-23,0.08734,0.08990000000000001,0.08196999999999999,0.00094,0.0042699999999999995,1784.9000244140625,49.21799850463867,1363.4599609375,24.329999923706055,2956.97998046875,5483.2998046875,16.799999237060547
2012-02-24,0.08746000000000001,0.09,0.08217,0.00099,0.0043,1775.0999755859375,49.09299850463867,1365.739990234375,24.81999969482422,2963.75,5429.2998046875,17.309999465942383
2012-02-25,0.08495,0.09,0.08217,0.00099,0.0043,1775.0999755859375,49.09299850463867,1365.739990234375,24.81999969482422,2963.75,5429.2998046875,17.309999465942383
2012-02-27,0.08763,0.09,0.08211,0.00117,0.00404,1773.5999755859375,49.007999420166016,1367.5899658203125,27.3799991607666,2966.159912109375,5281.2001953125,18.190000534057617
2012-02-28,0.0876,0.09,0.08223000000000001,0.00107,0.00407,1787.0,49.17300033569336,1372.1800537109375,25.850000381469727,2986.760009765625,5375.5,17.959999084472656
2012-02-29,0.08814999999999999,0.09050000000000001,0.08224000000000001,0.0008100000000000001,0.00415,1709.9000244140625,49.06800079345703,1365.6800537109375,26.93000030517578,2966.889892578125,5385.2001953125,18.43000030517578
2012-03-01,0.08773,0.09050000000000001,0.08218,0.00074,0.00415,1721.0999755859375,49.00299835205078,1374.0899658203125,27.670000076293945,2988.969970703125,5339.75,17.260000228881836
2012-03-02,0.08746999999999999,0.09050000000000001,0.08209,0.00066,0.00391,1708.800048828125,49.198001861572266,1369.6300048828125,27.84000015258789,2976.18994140625,5359.35009765625,17.290000915527344
2012-03-03,0.08525,0.09050000000000001,0.08209,0.00066,0.00391,1708.800048828125,49.198001861572266,1369.6300048828125,27.84000015258789,2976.18994140625,5359.35009765625,17.290000915527344
2012-03-05,0.08109999999999999,0.0902,0.08214,0.0008100000000000001,0.00418,1703.0,49.518001556396484,1364.3299560546875,28.920000076293945,2950.47998046875,5280.35009765625,18.049999237060547
2012-03-06,0.08112,0.09,0.08214,0.0007599999999999999,0.00392,1671.4000244140625,49.83300018310547,1343.3599853515625,27.34000015258789,2910.320068359375,5222.39990234375,20.8700008392334
2012-03-07,0.08114,0.0902,0.08219,0.0008100000000000001,0.00413,1683.300048828125,50.358001708984375,1352.6300048828125,26.329999923706055,2935.68994140625,5220.4501953125,19.06999969482422
2012-03-08,0.08239,0.0902,0.08219,0.0008100000000000001,0.0043,1698.0999755859375,50.27799987792969,1365.9100341796875,26.329999923706055,2970.419921875,5220.4501953125,17.950000762939453
2012-03-09,0.08132999999999999,0.09050000000000001,0.08222,0.00086,0.00444,1710.9000244140625,50.073001861572266,1370.8699951171875,25.469999313354492,2988.340087890625,5333.5498046875,17.110000610351562
2012-03-10,0.08228999999999999,0.09050000000000001,0.08222,0.00086,0.00444,1710.9000244140625,50.073001861572266,1370.8699951171875,25.469999313354492,2988.340087890625,5333.5498046875,17.110000610351562
2012-03-12,0.08178,0.0895,0.08212,0.00086,0.00454,1699.199951171875,49.75299835205078,1371.0899658203125,26.270000457763672,2983.659912109375,5359.5498046875,15.640000343322754
2012-03-13,0.08202,0.09,0.08227000000000001,0.00086,0.00506,1693.699951171875,49.96799850463867,1395.949951171875,24.75,3039.8798828125,5429.5,14.800000190734863
2012-03-14,0.08189,0.0895,0.08213,0.00086,0.00586,1642.5,49.83000183105469,1394.280029296875,24.719999313354492,3040.72998046875,5463.89990234375,15.3100004196167
2012-03-15,0.08263999999999999,0.09,0.08243,0.0008100000000000001,0.005639999999999999,1659.0999755859375,49.90800094604492,1402.5999755859375,25.420000076293945,3056.3701171875,5380.5,15.420000076293945
2012-03-16,0.08262,0.09,0.08297,0.00086,0.00565,1655.5,50.37799835205078,1404.1700439453125,23.1299991607666,3055.260009765625,5317.89990234375,14.470000267028809
2012-03-17,0.08194000000000001,0.09,0.08297,0.00086,0.00565,1655.5,50.37799835205078,1404.1700439453125,23.1299991607666,3055.260009765625,5317.89990234375,14.470000267028809
2012-03-19,0.08248,0.09,0.08312,0.00097,0.00602,1666.9000244140625,50.132999420166016,1409.75,22.969999313354492,3078.320068359375,5257.0498046875,15.039999961853027
2012-03-20,0.0825,0.09,0.08295,0.0010199999999999999,0.00616,1646.699951171875,50.22800064086914,1405.52001953125,21.940000534057617,3074.14990234375,5274.85009765625,15.579999923706055
2012-03-21,0.08251,0.09,0.08314,0.00091,0.00573,1650.0,50.38800048828125,1402.8900146484375,21.0,3075.320068359375,5364.9501953125,15.130000114440918
2012-03-22,0.08212,0.09,0.08299,0.0007599999999999999,0.00563,1642.300048828125,50.62799835205078,1392.780029296875,24.770000457763672,3063.320068359375,5228.4501953125,15.569999694824219
2012-03-23,0.08083,0.09,0.08299,0.0007599999999999999,0.00542,1662.300048828125,51.119998931884766,1397.1099853515625,23.34000015258789,3067.919921875,5278.2001953125,14.819999694824219
2012-03-24,0.08083,0.09,0.08299,0.0007599999999999999,0.00542,1662.300048828125,51.119998931884766,1397.1099853515625,23.34000015258789,3067.919921875,5278.2001953125,14.819999694824219
2012-03-26,0.08251,0.09,0.08348000000000001,0.00147,0.005370000000000001,1685.5,51.167999267578125,1416.510009765625,26.739999771118164,3122.570068359375,5184.25,14.260000228881836
2012-03-27,0.08299,0.09,0.08375,0.00086,0.00497,1684.800048828125,51.02299880981445,1412.52001953125,25.049999237060547,3120.35009765625,5243.14990234375,15.59000015258789
2012-03-28,0.08384,0.09,0.08376,0.0008100000000000001,0.00513,1657.9000244140625,50.678001403808594,1405.5400390625,24.8700008392334,3104.9599609375,5194.75,15.470000267028809
2012-03-29,0.08202999999999999,0.09,0.08303,0.00061,0.005,1652.199951171875,50.77299880981445,1403.280029296875,24.329999923706055,3095.360107421875,5178.85009765625,15.479999542236328
2012-03-30,0.08062,0.0895,0.08166000000000001,0.0007099999999999999,0.00503,1669.300048828125,51.3380012512207,1408.469970703125,22.3799991607666,3091.570068359375,5295.5498046875,15.5
2012-03-31,0.081,0.0895,0.08166000000000001,0.0007099999999999999,0.00503,1669.300048828125,51.3380012512207,1408.469970703125,22.3799991607666,3091.570068359375,5295.5498046875,15.5
2012-04-02,0.081,0.0895,0.08166000000000001,0.00079,0.00482,1677.5,50.86800003051758,1419.0400390625,20.8799991607666,3119.699951171875,5317.89990234375,15.640000343322754
2012-04-03,0.08231999999999999,0.09,0.08333,0.0008100000000000001,0.005520000000000001,1670.0,50.86800003051758,1413.3800048828125,20.010000228881836,3113.570068359375,5358.5,15.65999984741211
2012-04-04,0.08147,0.0875,0.08267,0.0007599999999999999,0.00512,1612.300048828125,50.25,1398.9599609375,20.6299991607666,3068.090087890625,5322.89990234375,16.440000534057617
2012-04-05,0.08209,0.0875,0.08267,0.00074,0.00493,1628.5,51.108001708984375,1398.0799560546875,20.6299991607666,3080.5,5322.89990234375,16.700000762939453
2012-04-06,0.08209,0.0875,0.08267,0.00074,0.00439,1628.5,51.03300094604492,1398.0799560546875,20.6299991607666,3080.5,5322.89990234375,16.700000762939453
2012-04-07,0.08209,0.0875,0.08267,0.00074,0.00439,1628.5,51.03300094604492,1398.0799560546875,20.6299991607666,3080.5,5322.89990234375,16.700000762939453
2012-04-09,0.08071,0.0875,0.08245,0.00086,0.0044800000000000005,1642.5,51.03300094604492,1382.199951171875,22.329999923706055,3047.080078125,5234.39990234375,18.809999465942383
2012-04-10,0.08025,0.0875,0.08227999999999999,0.00086,0.0040999999999999995,1659.5,51.04999923706055,1358.5899658203125,21.920000076293945,2991.219970703125,5243.60009765625,20.389999389648438
2012-04-11,0.07980000000000001,0.08800000000000001,0.0821,0.00089,0.0043,1659.0,51.472999572753906,1368.7099609375,22.290000915527344,3016.4599609375,5226.85009765625,20.020000457763672
2012-04-12,0.07919,0.087,0.0817,0.00089,0.00428,1679.5,51.45800018310547,1387.5699462890625,21.780000686645508,3055.550048828125,5276.85009765625,17.200000762939453
2012-04-13,0.07914,0.08650000000000001,0.08176,0.00086,0.00404,1659.0999755859375,51.22800064086914,1370.260009765625,22.75,3011.330078125,5207.4501953125,19.549999237060547
2012-04-14,0.08134000000000001,0.08650000000000001,0.08176,0.00086,0.00404,1659.0999755859375,51.22800064086914,1370.260009765625,22.75,3011.330078125,5207.4501953125,19.549999237060547
2012-04-16,0.07907,0.086,0.08185,0.0008100000000000001,0.00404,1648.699951171875,51.542999267578125,1369.5699462890625,22.229999542236328,2988.39990234375,5226.2001953125,19.549999237060547
2012-04-17,0.07767,0.083,0.08159000000000001,0.0008100000000000001,0.00409,1650.300048828125,51.667999267578125,1390.780029296875,20.309999465942383,3042.820068359375,5289.7001953125,18.459999084472656
2012-04-18,0.07768,0.08349999999999999,0.08148999999999999,0.0007099999999999999,0.0039900000000000005,1638.800048828125,51.46799850463867,1385.1400146484375,20.030000686645508,3031.449951171875,5300.0,18.639999389648438
2012-04-19,0.07769,0.08349999999999999,0.0818,0.0007099999999999999,0.0040100000000000005,1640.5999755859375,51.78799819946289,1376.9200439453125,19.350000381469727,3007.56005859375,5332.39990234375,18.360000610351562
2012-04-20,0.07835,0.08349999999999999,0.08223000000000001,0.00074,0.0039900000000000005,1642.0999755859375,52.13800048828125,1378.530029296875,20.09000015258789,3000.449951171875,5290.85009765625,17.440000534057617
2012-04-21,0.08065,0.08349999999999999,0.08223000000000001,0.00074,0.0039900000000000005,1642.0999755859375,52.13800048828125,1378.530029296875,20.09000015258789,3000.449951171875,5290.85009765625,17.440000534057617
2012-04-23,0.0782,0.084,0.08221,0.0008100000000000001,0.00383,1631.9000244140625,52.06800079345703,1366.93994140625,21.56999969482422,2970.449951171875,5200.60009765625,18.969999313354492
2012-04-24,0.07837,0.084,0.08218,0.00089,0.0040100000000000005,1643.0,52.49800109863281,1371.969970703125,19.25,2961.60009765625,5222.64990234375,18.100000381469727
2012-04-25,0.07878,0.084,0.08245,0.00091,0.00394,1641.4000244140625,52.67300033569336,1390.68994140625,18.940000534057617,3029.6298828125,5202.0,16.81999969482422
2012-04-26,0.07927,0.084,0.08298,0.00091,0.00383,1659.5999755859375,52.53799819946289,1399.97998046875,18.739999771118164,3050.610107421875,5189.0,16.239999771118164
2012-04-27,0.07946,0.084,0.08289999999999999,0.00091,0.00383,1664.0,52.40299987792969,1403.3599853515625,17.889999389648438,3069.199951171875,5190.60009765625,16.31999969482422
2012-04-28,0.08269,0.084,0.08289999999999999,0.00091,0.00383,1664.0,52.40299987792969,1403.3599853515625,17.889999389648438,3069.199951171875,5190.60009765625,16.31999969482422
2012-04-30,0.07924,0.084,0.08295999999999999,0.00097,0.00378,1663.4000244140625,52.53799819946289,1397.9100341796875,17.81999969482422,3046.360107421875,5248.14990234375,17.149999618530273
2012-05-01,0.08208,0.084,0.08295999999999999,0.00091,0.00388,1661.699951171875,52.65800094604492,1405.8199462890625,17.81999969482422,3050.43994140625,5248.14990234375,16.600000381469727
2012-05-02,0.07918,0.084,0.08292999999999999,0.0008100000000000001,0.00386,1653.4000244140625,52.529998779296875,1402.31005859375,18.540000915527344,3059.85009765625,5239.14990234375,16.8799991607666
2012-05-03,0.08097,0.08449999999999999,0.08211,0.00079,0.0038,1634.199951171875,52.95800018310547,1391.5699462890625,19.25,3024.300048828125,5188.39990234375,17.559999465942383
2012-05-04,0.08085,0.08449999999999999,0.08263,0.00074,0.00367,1644.699951171875,53.40800094604492,1369.0999755859375,21.1200008392334,2956.340087890625,5086.85009765625,19.15999984741211
2012-05-05,0.08126,0.08449999999999999,0.08263,0.00074,0.00367,1644.699951171875,53.40800094604492,1369.0999755859375,21.1200008392334,2956.340087890625,5086.85009765625,19.15999984741211
2012-05-07,0.08045999999999999,0.084,0.08207,0.00097,0.00367,1638.5999755859375,53.46799850463867,1369.5799560546875,20.219999313354492,2957.760009765625,5114.14990234375,18.940000534057617
2012-05-08,0.08015,0.08449999999999999,0.08204,0.00097,0.00359,1604.0,52.90299987792969,1363.719970703125,22.15999984741211,2946.27001953125,4999.9501953125,19.049999237060547
2012-05-09,0.08066000000000001,0.08449999999999999,0.08243,0.00094,0.00368,1593.699951171875,53.11800003051758,1354.5799560546875,23.040000915527344,2934.7099609375,4974.7998046875,20.079999923706055
2012-05-10,0.08067,0.08449999999999999,0.08228999999999999,0.00097,0.0037099999999999998,1595.0999755859375,53.81800079345703,1357.989990234375,22.719999313354492,2933.639892578125,4965.7001953125,18.829999923706055
2012-05-11,0.08821999999999999,0.084,0.08194000000000001,0.00094,0.00365,1583.5999755859375,53.25299835205078,1353.3900146484375,22.479999542236328,2933.820068359375,4928.89990234375,19.889999389648438
2012-05-12,0.0808,0.084,0.08194000000000001,0.00094,0.00365,1583.5999755859375,53.25299835205078,1353.3900146484375,22.479999542236328,2933.820068359375,4928.89990234375,19.889999389648438
2012-05-14,0.08073000000000001,0.084,0.08167999999999999,0.00099,0.00363,1560.5999755859375,53.62799835205078,1338.3499755859375,23.260000228881836,2902.580078125,4907.7998046875,21.8700008392334
2012-05-15,0.08025,0.08449999999999999,0.08157,0.00097,0.00381,1556.800048828125,53.95800018310547,1330.6600341796875,22.280000686645508,2893.760009765625,4942.7998046875,21.969999313354492
2012-05-16,0.08026,0.084,0.0817,0.00097,0.0038900000000000002,1536.199951171875,53.78799819946289,1324.800048828125,23.709999084472656,2874.0400390625,4858.25,22.270000457763672
2012-05-17,0.08086,0.084,0.08178,0.00097,0.004030000000000001,1574.5,54.487998962402344,1304.8599853515625,23.59000015258789,2813.68994140625,4870.2001953125,24.489999771118164
2012-05-18,0.08083,0.084,0.08173,0.0008100000000000001,0.00414,1591.5999755859375,54.46799850463867,1295.219970703125,23.549999237060547,2778.7900390625,4891.4501953125,25.100000381469727
2012-05-19,0.08058,0.084,0.08173,0.0008100000000000001,0.00414,1591.5999755859375,54.46799850463867,1295.219970703125,23.549999237060547,2778.7900390625,4891.4501953125,25.100000381469727
2012-05-21,0.08059,0.084,0.08182,0.00086,0.004,1588.4000244140625,54.417999267578125,1315.989990234375,23.920000076293945,2847.2099609375,4891.4501953125,22.010000228881836
2012-05-22,0.08052,0.08449999999999999,0.08183,0.00091,0.00417,1576.300048828125,55.02799987792969,1316.6300048828125,24.389999389648438,2839.080078125,4860.5,22.479999542236328
2012-05-23,0.08079,0.08439999999999999,0.08184,0.00086,0.004030000000000001,1548.0999755859375,55.38800048828125,1318.8599853515625,27.1299991607666,2850.1201171875,4835.64990234375,22.329999923706055
2012-05-24,0.0809,0.084,0.0817,0.00097,0.00422,1557.300048828125,55.99300003051758,1320.6800537109375,25.489999771118164,2839.3798828125,4921.39990234375,21.540000915527344
2012-05-25,0.08086,0.084,0.08184,0.00086,0.00409,1568.800048828125,55.560001373291016,1317.8199462890625,25.139999389648438,2837.530029296875,4920.39990234375,21.760000228881836
2012-05-26,0.08052,0.084,0.08184,0.00086,0.00409,1568.800048828125,55.560001373291016,1317.8199462890625,25.139999389648438,2837.530029296875,4920.39990234375,21.760000228881836
2012-05-28,0.08079,0.084,0.08193,0.00086,0.00409,1568.800048828125,55.36800003051758,1317.8199462890625,23.68000030517578,2837.530029296875,4985.64990234375,21.760000228881836
2012-05-29,0.08080999999999999,0.084,0.0819,0.00086,0.0041199999999999995,1548.5999755859375,55.36800003051758,1332.4200439453125,24.030000686645508,2870.989990234375,4990.10009765625,21.030000686645508
2012-05-30,0.08071999999999999,0.08380000000000001,0.08163000000000001,0.0007099999999999999,0.00364,1563.4000244140625,55.667999267578125,1313.3199462890625,25.299999237060547,2837.360107421875,4950.75,24.139999389648438
2012-05-31,0.07980000000000001,0.08349999999999999,0.08132999999999999,0.0007099999999999999,0.0034599999999999995,1562.5999755859375,56.22800064086914,1310.3299560546875,25.25,2827.340087890625,4924.25,24.059999465942383
2012-06-01,0.07993,0.0827,0.08109,0.0006900000000000001,0.00333,1620.5,56.077999114990234,1278.0400390625,26.770000457763672,2747.47998046875,4841.60009765625,26.65999984741211
2012-06-02,0.07966999999999999,0.0827,0.08109,0.00068,0.00333,1620.5,56.077999114990234,1278.0400390625,26.770000457763672,2747.47998046875,4841.60009765625,26.65999984741211
2012-06-04,0.07891,0.083,0.08044000000000001,0.0008100000000000001,0.0034599999999999995,1612.199951171875,55.53799819946289,1278.1800537109375,25.600000381469727,2760.010009765625,4848.14990234375,26.1200008392334
2012-06-05,0.07901,0.083,0.08003,0.0008100000000000001,0.0034100000000000003,1615.199951171875,55.64799880981445,1285.5,26.260000228881836,2778.110107421875,4863.2998046875,24.68000030517578
2012-06-06,0.07868,0.083,0.07996,0.00086,0.00368,1632.800048828125,55.63800048828125,1315.1300048828125,24.899999618530273,2844.719970703125,4997.10009765625,22.15999984741211
2012-06-07,0.07869,0.083,0.07980999999999999,0.00086,0.00365,1586.5999755859375,55.358001708984375,1314.989990234375,23.639999389648438,2831.02001953125,5049.64990234375,21.719999313354492
2012-06-08,0.07855000000000001,0.08220000000000001,0.07984,0.00084,0.00368,1590.0999755859375,54.9379997253418,1325.6600341796875,23.469999313354492,2858.419921875,5068.35009765625,21.229999542236328
2012-06-09,0.07917,0.08220000000000001,0.07984,0.00084,0.00368,1590.0999755859375,54.9379997253418,1325.6600341796875,23.469999313354492,2858.419921875,5068.35009765625,21.229999542236328
2012-06-11,0.07865,0.0825,0.07969,0.00091,0.0036,1595.5,55.417999267578125,1308.9300537109375,25.020000457763672,2809.72998046875,5054.10009765625,23.559999465942383
2012-06-12,0.07797,0.08220000000000001,0.07951,0.00096,0.004030000000000001,1612.699951171875,55.65800094604492,1324.1800537109375,24.200000762939453,2843.070068359375,5115.89990234375,22.09000015258789
2012-06-13,0.07798,0.08199999999999999,0.07944,0.00096,0.00396,1618.0999755859375,55.79800033569336,1314.8800048828125,24.360000610351562,2818.610107421875,5121.4501953125,24.270000457763672
2012-06-14,0.07799,0.0815,0.07948000000000001,0.00101,0.00409,1618.4000244140625,55.678001403808594,1329.0999755859375,25.709999084472656,2836.330078125,5054.75,21.68000030517578
2012-06-15,0.07803,0.0815,0.07915,0.00091,0.0037199999999999998,1627.0,55.79800033569336,1342.8399658203125,25.540000915527344,2872.800048828125,5139.0498046875,21.110000610351562
2012-06-16,0.07856,0.0815,0.07915,0.00091,0.0037199999999999998,1627.0,55.79800033569336,1342.8399658203125,25.540000915527344,2872.800048828125,5139.0498046875,21.110000610351562
2012-06-18,0.07857,0.08349999999999999,0.08032,0.00097,0.00375,1625.699951171875,55.38800048828125,1344.780029296875,22.600000381469727,2895.330078125,5064.25,18.31999969482422
2012-06-19,0.07885,0.083,0.08012999999999999,0.00091,0.00386,1622.199951171875,55.90299987792969,1357.97998046875,21.43000030517578,2929.760009765625,5103.85009765625,18.3799991607666
2012-06-20,0.08012000000000001,0.083,0.08041000000000001,0.00086,0.00423,1614.800048828125,55.948001861572266,1355.68994140625,21.030000686645508,2930.449951171875,5120.5498046875,17.239999771118164
2012-06-21,0.07978,0.083,0.0803,0.0008100000000000001,0.00409,1564.5,56.14799880981445,1325.510009765625,19.940000534057617,2859.090087890625,5165.0,20.079999923706055
2012-06-22,0.07974,0.083,0.08031,0.0008100000000000001,0.00415,1566.0,56.29800033569336,1335.02001953125,20.579999923706055,2892.419921875,5146.0498046875,18.110000610351562
2012-06-23,0.0801,0.083,0.08031,0.0008100000000000001,0.00415,1566.0,56.29800033569336,1335.02001953125,20.579999923706055,2892.419921875,5146.0498046875,18.110000610351562
2012-06-25,0.07966000000000001,0.083,0.08016,0.00096,0.00396,1587.5,57.11800003051758,1313.719970703125,21.56999969482422,2836.159912109375,5114.64990234375,20.3799991607666
2012-06-26,0.07986,0.083,0.08033,0.00096,0.0040999999999999995,1574.0,57.007999420166016,1319.989990234375,20.229999542236328,2854.06005859375,5120.7998046875,19.719999313354492
2012-06-27,0.07988,0.08349999999999999,0.08016999999999999,0.00086,0.00407,1577.5,57.007999420166016,1331.8499755859375,20.3700008392334,2875.320068359375,5141.89990234375,19.450000762939453
2012-06-28,0.07980000000000001,0.08349999999999999,0.08018,0.00086,0.00402,1549.699951171875,56.849998474121094,1329.0400390625,20.6200008392334,2849.489990234375,5149.14990234375,19.709999084472656
2012-06-29,0.07996,0.08310000000000001,0.08039999999999999,0.00086,0.00396,1603.5,56.79800033569336,1362.1600341796875,19.079999923706055,2935.050048828125,5278.89990234375,17.079999923706055
2012-06-30,0.07941,0.08310000000000001,0.08039999999999999,0.00086,0.00396,1603.5,56.79800033569336,1362.1600341796875,19.079999923706055,2935.050048828125,5278.89990234375,17.079999923706055
2012-07-02,0.08006,0.083,0.08052,0.00101,0.0038,1597.199951171875,55.50299835205078,1365.510009765625,19.010000228881836,2951.22998046875,5278.60009765625,16.799999237060547
2012-07-03,0.07998,0.08349999999999999,0.08041000000000001,0.00086,0.00391,1621.300048828125,55.428001403808594,1374.02001953125,18.559999465942383,2976.080078125,5287.9501953125,16.65999984741211
2012-07-04,0.07982,0.083,0.08037000000000001,0.00086,0.00391,1621.300048828125,54.358001708984375,1374.02001953125,18.270000457763672,2976.080078125,5302.5498046875,16.65999984741211
2012-07-05,0.08002000000000001,0.0825,0.08041999999999999,0.00079,0.00375,1608.9000244140625,54.47800064086914,1367.5799560546875,18.350000381469727,2976.1201171875,5327.2998046875,17.5
2012-07-06,0.07942,0.0825,0.08044000000000001,0.0007599999999999999,0.00359,1578.4000244140625,54.9379997253418,1354.6800537109375,18.040000915527344,2937.330078125,5316.9501953125,17.100000381469727
2012-07-07,0.07979,0.0825,0.08044000000000001,0.0007599999999999999,0.00359,1578.4000244140625,54.9379997253418,1354.6800537109375,18.040000915527344,2937.330078125,5316.9501953125,17.100000381469727
2012-07-09,0.0799,0.0825,0.08025,0.00091,0.0035099999999999997,1588.5999755859375,55.40299987792969,1352.4599609375,18.719999313354492,2931.77001953125,5275.14990234375,17.979999542236328
2012-07-10,0.07936,0.0825,0.08002000000000001,0.00091,0.00356,1579.300048828125,55.84299850463867,1341.469970703125,17.829999923706055,2902.330078125,5345.35009765625,18.719999313354492
2012-07-11,0.07919,0.08220000000000001,0.07951,0.00096,0.00363,1575.199951171875,55.38800048828125,1341.449951171875,18.389999389648438,2887.97998046875,5306.2998046875,17.950000762939453
2012-07-12,0.07893,0.08199999999999999,0.07932,0.00101,0.0035199999999999997,1564.9000244140625,55.61800003051758,1334.760009765625,18.709999084472656,2866.18994140625,5235.25,18.329999923706055
2012-07-13,0.07907,0.0824,0.07933,0.00096,0.00336,1591.5999755859375,55.928001403808594,1356.780029296875,18.260000228881836,2908.469970703125,5227.25,16.739999771118164
2012-07-14,0.07917,0.0824,0.07933,0.00096,0.00336,1591.5999755859375,55.928001403808594,1356.780029296875,18.260000228881836,2908.469970703125,5227.25,16.739999771118164
2012-07-16,0.0788,0.0825,0.0793,0.0010199999999999999,0.00316,1591.199951171875,55.13800048828125,1353.6400146484375,18.770000457763672,2896.93994140625,5197.25,17.110000610351562
2012-07-17,0.07872,0.0825,0.07937999999999999,0.0010199999999999999,0.00331,1589.0999755859375,55.04800033569336,1363.6700439453125,17.780000686645508,2910.0400390625,5192.85009765625,16.479999542236328
2012-07-18,0.07855000000000001,0.08199999999999999,0.07927,0.00091,0.00308,1570.4000244140625,55.097999572753906,1372.780029296875,17.440000534057617,2942.60009765625,5216.2998046875,16.15999984741211
2012-07-19,0.07828,0.08199999999999999,0.07868,0.00086,0.00297,1580.0999755859375,55.3129997253418,1376.510009765625,16.3799991607666,2965.89990234375,5242.7001953125,15.449999809265137
2012-07-20,0.0789,0.08199999999999999,0.07909,0.00091,0.0028399999999999996,1582.5,55.11800003051758,1362.6600341796875,16.889999389648438,2925.300048828125,5205.10009765625,16.270000457763672
2012-07-21,0.07929,0.08199999999999999,0.07909,0.00091,0.0028399999999999996,1582.5,55.11800003051758,1362.6600341796875,16.889999389648438,2925.300048828125,5205.10009765625,16.270000457763672
2012-07-23,0.07863,0.08199999999999999,0.07914,0.00101,0.0027900000000000004,1577.0999755859375,55.31800079345703,1350.52001953125,18.65999984741211,2890.14990234375,5117.9501953125,18.6200008392334
2012-07-24,0.07865,0.0815,0.07902999999999999,0.00101,0.0027900000000000004,1576.0,55.9630012512207,1338.31005859375,16.969999313354492,2862.989990234375,5128.2001953125,20.469999313354492
2012-07-25,0.07886,0.08199999999999999,0.07899,0.00101,0.0028199999999999996,1608.0,56.108001708984375,1337.8900146484375,16.75,2854.239990234375,5109.60009765625,19.34000015258789
2012-07-26,0.07917,0.0815,0.07916000000000001,0.00106,0.003,1615.0,56.15800094604492,1360.02001953125,16.3700008392334,2893.25,5043.0,17.530000686645508
2012-07-27,0.07942,0.0815,0.07905000000000001,0.00106,0.00335,1617.9000244140625,55.518001556396484,1385.969970703125,16.440000534057617,2958.090087890625,5099.85009765625,16.700000762939453
2012-07-28,0.07942,0.0815,0.07905000000000001,0.00106,0.00335,1617.9000244140625,55.518001556396484,1385.969970703125,16.440000534057617,2958.090087890625,5099.85009765625,16.700000762939453
2012-07-30,0.07961,0.0815,0.07945,0.0011200000000000001,0.00306,1619.699951171875,55.24800109863281,1385.300048828125,16.600000381469727,2945.840087890625,5199.7998046875,18.030000686645508
2012-07-31,0.08080999999999999,0.08199999999999999,0.08026,0.00106,0.0028499999999999997,1610.5,55.42300033569336,1379.3199462890625,16.010000228881836,2939.52001953125,5229.0,18.93000030517578
2012-08-01,0.08054,0.0825,0.08003,0.00096,0.00314,1603.699951171875,55.64799880981445,1375.3199462890625,16.450000762939453,2920.2099609375,5240.5,18.959999084472656
2012-08-02,0.08016,0.0824,0.07979,0.00091,0.00301,1587.4000244140625,55.46799850463867,1365.0,16.770000457763672,2909.77001953125,5227.75,17.56999969482422
2012-08-03,0.08003,0.083,0.07980999999999999,0.0008100000000000001,0.0033,1606.0,55.8380012512207,1390.989990234375,16.1200008392334,2967.89990234375,5215.7001953125,15.640000343322754
2012-08-04,0.08003,0.083,0.07980999999999999,0.0008100000000000001,0.0033,1606.0,55.8380012512207,1390.989990234375,16.1200008392334,2967.89990234375,5215.7001953125,15.640000343322754
2012-08-06,0.07975,0.0827,0.08006,0.00101,0.0032500000000000003,1612.9000244140625,55.74800109863281,1394.22998046875,16.219999313354492,2989.909912109375,5282.5498046875,15.949999809265137
2012-08-07,0.07987,0.0825,0.08003,0.00106,0.00365,1609.699951171875,55.518001556396484,1401.3499755859375,16.209999084472656,3015.860107421875,5336.7001953125,15.989999771118164
2012-08-08,0.07929,0.0827,0.08007,0.00109,0.0038900000000000002,1612.9000244140625,55.0629997253418,1402.219970703125,16.3700008392334,3011.25,5338.0,15.319999694824219
2012-08-09,0.07921,0.0825,0.08007999999999998,0.0011899999999999999,0.0038900000000000002,1617.0999755859375,55.417999267578125,1402.800048828125,16.329999923706055,3018.639892578125,5322.9501953125,15.279999732971191
2012-08-10,0.07927,0.08220000000000001,0.08013999999999999,0.00104,0.0037099999999999998,1619.699951171875,55.268001556396484,1405.8699951171875,16.06999969482422,3020.860107421875,5320.39990234375,14.739999771118164
2012-08-11,0.08018,0.08220000000000001,0.08013999999999999,0.00104,0.0037099999999999998,1619.699951171875,55.268001556396484,1405.8699951171875,16.06999969482422,3020.860107421875,5320.39990234375,14.739999771118164
2012-08-13,0.07929,0.0825,0.08010999999999999,0.0011200000000000001,0.00368,1609.5999755859375,55.27799987792969,1404.1099853515625,16.010000228881836,3022.52001953125,5347.89990234375,13.699999809265137
2012-08-14,0.07923,0.083,0.08007999999999998,0.0011200000000000001,0.00392,1599.4000244140625,55.3380012512207,1403.9300537109375,15.640000343322754,3016.97998046875,5380.35009765625,14.850000381469727
2012-08-15,0.07994,0.083,0.08007999999999998,0.00086,0.00421,1603.699951171875,55.64799880981445,1405.530029296875,15.640000343322754,3030.929931640625,5380.35009765625,14.630000114440918
2012-08-16,0.07976,0.08289999999999999,0.08045999999999999,0.0008100000000000001,0.00424,1616.0999755859375,55.64799880981445,1415.510009765625,15.6899995803833,3062.389892578125,5362.9501953125,14.289999961853027
2012-08-17,0.07892,0.083,0.07991,0.00086,0.00416,1616.300048828125,55.61800003051758,1418.1600341796875,15.729999542236328,3076.590087890625,5366.2998046875,13.449999809265137
2012-08-18,0.08026,0.083,0.07991,0.00086,0.00416,1616.300048828125,55.61800003051758,1418.1600341796875,15.729999542236328,3076.590087890625,5366.2998046875,13.449999809265137
2012-08-20,0.08026,0.083,0.07991,0.00106,0.00411,1620.0999755859375,55.72800064086914,1418.1300048828125,15.729999542236328,3076.2099609375,5366.2998046875,14.020000457763672
2012-08-21,0.07925,0.0823,0.08021,0.0011200000000000001,0.00411,1639.9000244140625,55.49800109863281,1413.1700439453125,16.299999237060547,3067.260009765625,5421.0,15.020000457763672
2012-08-22,0.07905999999999999,0.0825,0.08016999999999999,0.00106,0.00361,1637.4000244140625,55.362998962402344,1413.489990234375,16.0,3073.669921875,5412.85009765625,15.109999656677246
2012-08-23,0.07867,0.0823,0.08006,0.00099,0.00358,1669.5999755859375,55.49300003051758,1402.0799560546875,16.1200008392334,3053.39990234375,5415.35009765625,15.960000038146973
2012-08-24,0.07893,0.08259999999999999,0.07996,0.00099,0.00369,1669.800048828125,55.257999420166016,1411.1300048828125,16.15999984741211,3069.7900390625,5386.7001953125,15.180000305175781
2012-08-25,0.07988,0.08259999999999999,0.07996,0.00099,0.00369,1669.800048828125,55.257999420166016,1411.1300048828125,16.15999984741211,3069.7900390625,5386.7001953125,15.180000305175781
2012-08-27,0.07894999999999999,0.0825,0.08,0.00106,0.00359,1672.4000244140625,55.49800109863281,1410.43994140625,16.469999313354492,3073.18994140625,5350.25,16.350000381469727
2012-08-28,0.07897,0.0825,0.08001,0.00106,0.00359,1666.5,55.6879997253418,1409.300048828125,16.350000381469727,3077.139892578125,5350.25,16.489999771118164
2012-08-29,0.07899,0.0825,0.08002000000000001,0.00101,0.00362,1659.800048828125,55.66299819946289,1410.489990234375,16.739999771118164,3081.18994140625,5287.7998046875,17.059999465942383
2012-08-30,0.07889,0.0824,0.07998,0.00099,0.0034000000000000002,1653.5,55.62300109863281,1399.47998046875,16.670000076293945,3048.7099609375,5315.0498046875,17.829999923706055
2012-08-31,0.07894999999999999,0.0823,0.08004,0.00091,0.00293,1684.5999755859375,55.62799835205078,1406.5799560546875,17.299999237060547,3066.9599609375,5258.5,17.469999313354492
2012-09-01,0.08044000000000001,0.0823,0.08004,0.00091,0.00293,1684.5999755859375,55.62799835205078,1406.5799560546875,17.299999237060547,3066.9599609375,5258.5,17.469999313354492
2012-09-03,0.07886,0.08199999999999999,0.08005000000000001,0.00091,0.00293,1684.5999755859375,55.518001556396484,1406.5799560546875,17.280000686645508,3066.9599609375,5253.75,17.469999313354492
2012-09-04,0.07887,0.08199999999999999,0.08001,0.00101,0.0030299999999999997,1692.9000244140625,55.52799987792969,1404.93994140625,16.59000015258789,3075.06005859375,5274.0,17.979999542236328
2012-09-05,0.07888,0.08199999999999999,0.07998,0.00106,0.00311,1690.800048828125,55.64799880981445,1403.43994140625,17.010000228881836,3069.27001953125,5225.7001953125,17.739999771118164
2012-09-06,0.0789,0.0814,0.07995000000000001,0.00106,0.00344,1702.5999755859375,55.90299987792969,1432.1199951171875,16.979999542236328,3135.81005859375,5238.39990234375,15.600000381469727
2012-09-07,0.07883,0.0816,0.08001,0.00106,0.00328,1737.5,55.65800094604492,1437.9200439453125,15.260000228881836,3136.419921875,5342.10009765625,14.380000114440918
2012-09-08,0.08012999999999999,0.0816,0.08001,0.00106,0.00328,1737.5,55.65800094604492,1437.9200439453125,15.260000228881836,3136.419921875,5342.10009765625,14.380000114440918
2012-09-10,0.07884000000000001,0.0815,0.07993,0.00104,0.00322,1728.699951171875,55.358001708984375,1429.0799560546875,15.270000457763672,3104.02001953125,5363.4501953125,16.280000686645508
2012-09-11,0.07873999999999999,0.0815,0.07994,0.0010199999999999999,0.0032500000000000003,1731.800048828125,55.4379997253418,1433.56005859375,15.380000114440918,3104.530029296875,5390.0,16.40999984741211
2012-09-12,0.07898,0.0815,0.08007,0.0010199999999999999,0.00337,1730.5999755859375,55.3380012512207,1436.56005859375,15.039999961853027,3114.31005859375,5431.0,15.800000190734863
2012-09-13,0.07888,0.08130000000000001,0.07996,0.0010199999999999999,0.00321,1769.0999755859375,55.20800018310547,1459.989990234375,15.670000076293945,3155.830078125,5435.35009765625,14.050000190734863
2012-09-14,0.07892,0.0816,0.08002000000000001,0.00104,0.0035499999999999998,1769.800048828125,55.417999267578125,1465.77001953125,15.380000114440918,3183.949951171875,5577.64990234375,14.510000228881836
2012-09-15,0.08036,0.0816,0.08002000000000001,0.00104,0.0035499999999999998,1769.800048828125,55.417999267578125,1465.77001953125,15.380000114440918,3183.949951171875,5577.64990234375,14.510000228881836
2012-09-17,0.07882,0.0815,0.08003,0.00106,0.0036,1767.699951171875,54.29800033569336,1461.18994140625,17.780000686645508,3178.669921875,5610.0,14.59000015258789
2012-09-18,0.07885,0.0814,0.08,0.00104,0.0034999999999999996,1768.4000244140625,54.007999420166016,1459.3199462890625,17.829999923706055,3177.800048828125,5600.0498046875,14.180000305175781
2012-09-19,0.07997,0.0814,0.08,0.0011200000000000001,0.0035299999999999997,1769.0,54.018001556396484,1461.050048828125,17.829999923706055,3182.6201171875,5600.0498046875,13.880000114440918
2012-09-20,0.07886,0.0814,0.08005000000000001,0.00109,0.00358,1767.699951171875,54.018001556396484,1460.260009765625,18.6200008392334,3175.9599609375,5554.25,14.069999694824219
2012-09-21,0.07891,0.0815,0.08003,0.00106,0.0034799999999999996,1775.5,54.257999420166016,1460.1500244140625,18.93000030517578,3179.9599609375,5691.14990234375,13.979999542236328
2012-09-22,0.08037000000000001,0.0815,0.08003,0.00106,0.0034799999999999996,1775.5,54.257999420166016,1460.1500244140625,18.93000030517578,3179.9599609375,5691.14990234375,13.979999542236328
2012-09-24,0.07892,0.0815,0.08004,0.0011200000000000001,0.00345,1762.0999755859375,53.358001708984375,1456.8900146484375,18.829999923706055,3160.780029296875,5669.60009765625,14.149999618530273
2012-09-25,0.07905000000000001,0.0815,0.08012999999999999,0.0011200000000000001,0.0034300000000000003,1763.800048828125,53.46799850463867,1441.5899658203125,17.110000610351562,3117.72998046875,5673.89990234375,15.430000305175781
2012-09-26,0.07894999999999999,0.0815,0.0801,0.00106,0.00335,1750.5999755859375,53.358001708984375,1433.3199462890625,16.969999313354492,3093.699951171875,5663.4501953125,16.809999465942383
2012-09-27,0.07897,0.0815,0.08015,0.00094,0.00329,1777.5999755859375,53.507999420166016,1447.1500244140625,16.90999984741211,3136.60009765625,5649.5,14.84000015258789
2012-09-28,0.0789,0.081,0.08009000000000001,0.00094,0.00306,1771.0999755859375,53.007999420166016,1440.6700439453125,16.15999984741211,3116.22998046875,5703.2998046875,15.729999542236328
2012-09-29,0.08005000000000001,0.081,0.08009000000000001,0.00094,0.00306,1771.0999755859375,53.007999420166016,1440.6700439453125,16.15999984741211,3116.22998046875,5703.2998046875,15.729999542236328
2012-10-01,0.07892,0.0815,0.08019,0.00086,0.00308,1780.5,52.847999572753906,1444.489990234375,16.34000015258789,3113.530029296875,5718.7998046875,16.31999969482422
2012-10-02,0.08007999999999998,0.0815,0.08019,0.00091,0.00309,1772.699951171875,52.39799880981445,1445.75,16.34000015258789,3120.0400390625,5718.7998046875,15.710000038146973
2012-10-03,0.07883,0.081,0.07998999999999999,0.00091,0.0030299999999999997,1777.300048828125,52.39799880981445,1450.989990234375,16.5,3135.22998046875,5731.25,15.430000305175781
2012-10-04,0.07861,0.081,0.07991,0.00104,0.00319,1794.0999755859375,52.15299987792969,1461.4000244140625,16.440000534057617,3149.4599609375,5787.60009765625,14.550000190734863
2012-10-05,0.07876999999999999,0.081,0.07989,0.00101,0.00344,1778.5999755859375,51.737998962402344,1460.9300537109375,16.780000686645508,3136.18994140625,5746.9501953125,14.329999923706055
2012-10-06,0.08006,0.081,0.07989,0.00101,0.00344,1778.5999755859375,51.737998962402344,1460.9300537109375,16.780000686645508,3136.18994140625,5746.9501953125,14.329999923706055
2012-10-08,0.07878,0.0808,0.07986,0.00101,0.00344,1773.5,51.90800094604492,1455.8800048828125,17.170000076293945,3112.35009765625,5676.0,15.109999656677246
2012-10-09,0.0788,0.081,0.07982,0.0010199999999999999,0.00344,1763.0,52.63800048828125,1441.47998046875,16.799999237060547,3065.02001953125,5704.60009765625,16.3700008392334
2012-10-10,0.07858,0.0815,0.07974,0.0010199999999999999,0.0034999999999999996,1763.199951171875,52.71799850463867,1432.56005859375,16.829999923706055,3051.780029296875,5652.14990234375,16.290000915527344
2012-10-11,0.07824,0.081,0.07945,0.0010199999999999999,0.0034999999999999996,1768.800048828125,53.042999267578125,1432.8399658203125,16.489999771118164,3049.409912109375,5708.0498046875,15.59000015258789
2012-10-12,0.07804,0.081,0.07969,0.0010199999999999999,0.0034999999999999996,1758.0,52.667999267578125,1428.5899658203125,16.489999771118164,3044.110107421875,5676.0498046875,16.139999389648438
2012-10-13,0.07996,0.081,0.07969,0.0010199999999999999,0.0034999999999999996,1758.0,52.667999267578125,1428.5899658203125,16.489999771118164,3044.110107421875,5676.0498046875,16.139999389648438
2012-10-15,0.07818,0.081,0.07974,0.0011200000000000001,0.0034699999999999996,1736.0,52.803001403808594,1440.1300048828125,15.899999618530273,3064.179931640625,5687.25,15.270000457763672
2012-10-16,0.07867,0.0814,0.07971,0.0011200000000000001,0.00363,1744.699951171875,53.01300048828125,1454.9200439453125,15.569999694824219,3101.169921875,5648.0,15.220000267028809
2012-10-17,0.07844999999999999,0.081,0.07959,0.00109,0.0040999999999999995,1751.5,52.86800003051758,1460.9100341796875,15.170000076293945,3104.1201171875,5660.25,15.069999694824219
2012-10-18,0.07833999999999999,0.0815,0.07951,0.00106,0.00411,1743.300048828125,52.86800003051758,1457.3399658203125,14.760000228881836,3072.8701171875,5718.7001953125,15.029999732971191
2012-10-19,0.07814,0.0814,0.07962,0.00096,0.00406,1722.800048828125,53.40800094604492,1433.18994140625,14.539999961853027,3005.6201171875,5684.25,17.059999465942383
2012-10-20,0.07936,0.0814,0.07962,0.00096,0.00406,1722.800048828125,53.40800094604492,1433.18994140625,14.539999961853027,3005.6201171875,5684.25,17.059999465942383
2012-10-22,0.07852,0.08130000000000001,0.07963,0.00106,0.0042699999999999995,1725.0999755859375,53.8380012512207,1433.8199462890625,13.039999961853027,3016.9599609375,5717.14990234375,16.6200008392334
2012-10-23,0.07856,0.081,0.07951,0.00106,0.0040100000000000005,1708.300048828125,53.46799850463867,1413.1099853515625,13.710000038146973,2990.4599609375,5691.39990234375,18.829999923706055
2012-10-24,0.07991,0.081,0.07951,0.0011200000000000001,0.004030000000000001,1700.5,53.71799850463867,1408.75,13.710000038146973,2981.699951171875,5691.39990234375,18.329999923706055
2012-10-25,0.0785,0.081,0.07955,0.00114,0.00433,1712.0,53.733001708984375,1412.969970703125,13.520000457763672,2986.1201171875,5705.2998046875,18.1200008392334
2012-10-26,0.07962,0.081,0.07955,0.0011200000000000001,0.00407,1710.9000244140625,53.54800033569336,1411.93994140625,13.520000457763672,2987.949951171875,5705.2998046875,17.809999465942383
2012-10-27,0.07962,0.081,0.07955,0.0011200000000000001,0.00407,1710.9000244140625,53.54800033569336,1411.93994140625,13.520000457763672,2987.949951171875,5705.2998046875,17.809999465942383
2012-10-29,0.07839,0.08070000000000001,0.0796,0.0012900000000000001,0.0039900000000000005,1710.9000244140625,53.54800033569336,1411.93994140625,15.119999885559082,2987.949951171875,5665.60009765625,17.809999465942383
2012-10-30,0.07889,0.0814,0.07977000000000001,0.00132,0.0039900000000000005,1710.9000244140625,54.077999114990234,1411.93994140625,15.170000076293945,2987.949951171875,5597.89990234375,17.809999465942383
2012-10-31,0.07904,0.08199999999999999,0.07987,0.00114,0.00383,1717.5,53.95800018310547,1412.1600341796875,14.399999618530273,2977.22998046875,5619.7001953125,18.600000381469727
2012-11-01,0.07868,0.08199999999999999,0.08005000000000001,0.00099,0.00386,1714.0999755859375,53.87799835205078,1427.5899658203125,14.079999923706055,3020.06005859375,5645.0498046875,16.690000534057617
2012-11-02,0.07886,0.08199999999999999,0.07998999999999999,0.00096,0.00384,1674.0999755859375,53.65299987792969,1414.199951171875,13.65999984741211,2982.1298828125,5697.7001953125,17.59000015258789
2012-11-03,0.08064,0.08199999999999999,0.07998999999999999,0.00096,0.00384,1674.0999755859375,53.65299987792969,1414.199951171875,13.65999984741211,2982.1298828125,5697.7001953125,17.59000015258789
2012-11-05,0.079,0.0814,0.07991,0.00107,0.00368,1682.199951171875,53.80799865722656,1417.260009765625,14.630000114440918,2999.659912109375,5704.2001953125,18.420000076293945
2012-11-06,0.07902,0.0821,0.07988,0.00107,0.004079999999999999,1714.0999755859375,54.5880012512207,1428.3900146484375,15.210000038146973,3011.929931640625,5724.39990234375,17.579999923706055
2012-11-07,0.07904,0.0815,0.07984,0.00099,0.00364,1713.199951171875,54.417999267578125,1394.530029296875,14.510000228881836,2937.2900390625,5760.10009765625,19.079999923706055
2012-11-08,0.0788,0.0815,0.07972,0.00091,0.0034899999999999996,1725.4000244140625,54.198001861572266,1377.510009765625,14.220000267028809,2895.580078125,5738.75,18.489999771118164
2012-11-09,0.07886,0.0816,0.0797,0.00094,0.0034899999999999996,1730.300048828125,54.358001708984375,1379.8499755859375,14.369999885559082,2904.8701171875,5686.25,18.610000610351562
2012-11-10,0.08095000000000001,0.0816,0.0797,0.00094,0.0034899999999999996,1730.300048828125,54.358001708984375,1379.8499755859375,14.369999885559082,2904.8701171875,5686.25,18.610000610351562
2012-11-12,0.07866,0.0819,0.07969,0.00094,0.0034899999999999996,1730.300048828125,54.5880012512207,1380.030029296875,14.859999656677246,2904.25,5683.7001953125,16.68000030517578
2012-11-13,0.08129,0.0819,0.07969,0.00106,0.00336,1724.199951171875,54.87799835205078,1374.530029296875,14.859999656677246,2883.889892578125,5683.7001953125,16.649999618530273
2012-11-14,0.08129,0.0819,0.07969,0.00106,0.00333,1729.5,54.87799835205078,1355.489990234375,14.859999656677246,2846.81005859375,5683.7001953125,17.920000076293945
2012-11-15,0.07841000000000001,0.0817,0.07952,0.0008100000000000001,0.0033,1713.300048828125,54.803001403808594,1353.3299560546875,15.529999732971191,2836.93994140625,5631.0,17.989999771118164
2012-11-16,0.07847,0.0815,0.07955,0.0008100000000000001,0.00322,1714.300048828125,54.698001861572266,1359.8800048828125,16.219999313354492,2853.1298828125,5574.0498046875,16.40999984741211
2012-11-17,0.08114,0.0815,0.07955,0.0008100000000000001,0.00322,1714.300048828125,54.698001861572266,1359.8800048828125,16.219999313354492,2853.1298828125,5574.0498046875,16.40999984741211
2012-11-19,0.07835,0.0816,0.07956,0.00091,0.00333,1734.0,55.15800094604492,1386.8900146484375,16.68000030517578,2916.070068359375,5571.39990234375,15.239999771118164
2012-11-20,0.07864,0.0816,0.07961,0.00091,0.0034899999999999996,1723.199951171875,55.05799865722656,1387.81005859375,15.8100004196167,2916.679931640625,5571.5498046875,15.079999923706055
2012-11-21,0.07893,0.0818,0.07975,0.00096,0.00364,1727.9000244140625,55.097999572753906,1391.030029296875,15.460000038146973,2926.550048828125,5614.7998046875,15.3100004196167
2012-11-22,0.07922,0.0818,0.08003,0.00096,0.00364,1727.9000244140625,55.108001708984375,1391.030029296875,14.90999984741211,2926.550048828125,5627.75,15.3100004196167
2012-11-23,0.07915,0.0817,0.08001,0.00094,0.0037,1751.300048828125,55.20800018310547,1409.1500244140625,14.680000305175781,2966.85009765625,5626.60009765625,15.140000343322754
2012-11-24,0.08134000000000001,0.0817,0.08001,0.00094,0.0037,1751.300048828125,55.20800018310547,1409.1500244140625,14.680000305175781,2966.85009765625,5626.60009765625,15.140000343322754
2012-11-26,0.08012999999999999,0.0818,0.07998,0.00101,0.00359,1749.5,55.44300079345703,1406.2900390625,14.670000076293945,2976.780029296875,5635.89990234375,15.5
2012-11-27,0.07949,0.0818,0.07986,0.00101,0.0035099999999999997,1742.199951171875,55.63600158691406,1398.93994140625,13.960000038146973,2967.7900390625,5727.4501953125,15.920000076293945
2012-11-28,0.0806,0.0818,0.07986,0.00101,0.0034100000000000003,1716.5,55.448001861572266,1409.9300537109375,13.960000038146973,2991.780029296875,5727.4501953125,15.510000228881836
2012-11-29,0.07952,0.0818,0.0801,0.00091,0.00335,1727.199951171875,55.702999114990234,1415.949951171875,15.369999885559082,3012.030029296875,5825.0,15.0600004196167
2012-11-30,0.08029,0.0818,0.0799,0.0008100000000000001,0.0032400000000000003,1710.9000244140625,54.8380012512207,1416.1800537109375,15.149999618530273,3010.239990234375,5879.85009765625,15.869999885559082
2012-12-01,0.08085,0.0818,0.0799,0.0008100000000000001,0.0032400000000000003,1710.9000244140625,54.8380012512207,1416.1800537109375,15.149999618530273,3010.239990234375,5879.85009765625,15.869999885559082
2012-12-03,0.08032,0.0816,0.08013999999999999,0.00096,0.0032700000000000003,1719.5999755859375,54.257999420166016,1409.4599609375,15.619999885559082,3002.199951171875,5870.9501953125,16.639999389648438
2012-12-04,0.08007,0.0818,0.07997,0.00096,0.00322,1694.4000244140625,54.768001556396484,1407.050048828125,15.90999984741211,2996.68994140625,5889.25,17.1200008392334
2012-12-05,0.07995000000000001,0.0817,0.08002000000000001,0.00099,0.00314,1692.4000244140625,54.67300033569336,1409.280029296875,16.6200008392334,2973.699951171875,5900.5,16.459999084472656
2012-12-06,0.07969,0.0819,0.07994,0.00096,0.00311,1700.300048828125,54.53799819946289,1413.93994140625,15.239999771118164,2989.27001953125,5930.89990234375,16.579999923706055
2012-12-07,0.07991,0.0818,0.07997,0.00086,0.00319,1704.0,54.132999420166016,1418.0699462890625,14.960000038146973,2978.0400390625,5907.39990234375,15.899999618530273
2012-12-08,0.07991,0.0818,0.07997,0.00086,0.00319,1704.0,54.132999420166016,1418.0699462890625,14.960000038146973,2978.0400390625,5907.39990234375,15.899999618530273
2012-12-10,0.08023,0.0817,0.07998,0.00091,0.00316,1713.0,54.3380012512207,1418.550048828125,14.510000228881836,2986.9599609375,5908.89990234375,16.049999237060547
2012-12-11,0.07997,0.0817,0.07972,0.0008100000000000001,0.00321,1708.199951171875,54.487998962402344,1427.8399658203125,14.670000076293945,3022.300048828125,5898.7998046875,15.569999694824219
2012-12-12,0.07985,0.0818,0.07982,0.0007099999999999999,0.00334,1716.5999755859375,54.257999420166016,1428.47998046875,14.510000228881836,3013.81005859375,5888.0,15.949999809265137
2012-12-13,0.08002000000000001,0.0816,0.07978,0.00066,0.0035499999999999998,1695.5999755859375,54.31800079345703,1419.449951171875,14.710000038146973,2992.159912109375,5851.5,16.559999465942383
2012-12-14,0.07982,0.0817,0.07958,0.00033,0.00337,1695.800048828125,54.45800018310547,1413.5799560546875,14.229999542236328,2971.330078125,5879.60009765625,17.0
2012-12-15,0.07982,0.0817,0.07958,0.00033,0.00337,1695.800048828125,54.45800018310547,1413.5799560546875,14.229999542236328,2971.330078125,5879.60009765625,17.0
2012-12-17,0.0797,0.0816,0.07934999999999999,0.00041,0.00363,1697.0,54.4379997253418,1430.3599853515625,14.920000076293945,3010.60009765625,5857.89990234375,16.34000015258789
2012-12-18,0.07957,0.0815,0.07936,0.0005600000000000001,0.00387,1669.5,54.847999572753906,1446.7900390625,14.4399995803833,3054.530029296875,5896.7998046875,15.569999694824219
2012-12-19,0.07945,0.0815,0.07923,0.0005600000000000001,0.00387,1666.5,54.847999572753906,1435.81005859375,14.470000267028809,3044.360107421875,5929.60009765625,17.360000610351562
2012-12-20,0.08023,0.0816,0.07892,0.0005600000000000001,0.00384,1644.9000244140625,54.54800033569336,1443.68994140625,14.319999694824219,3050.389892578125,5916.39990234375,17.670000076293945
2012-12-21,0.07987,0.0815,0.07898,0.00058,0.0038,1659.0999755859375,54.847999572753906,1430.1500244140625,14.630000114440918,3021.010009765625,5847.7001953125,17.84000015258789
2012-12-22,0.08047,0.0815,0.07898,0.00058,0.0038,1659.0999755859375,54.847999572753906,1430.1500244140625,14.630000114440918,3021.010009765625,5847.7001953125,17.84000015258789
2012-12-24,0.08007999999999998,0.0818,0.07904,0.0005600000000000001,0.00382,1658.5999755859375,55.05799865722656,1426.6600341796875,14.489999771118164,3012.60009765625,5855.75,17.84000015258789
2012-12-25,0.08023,0.0818,0.07904,0.00061,0.00382,1658.5999755859375,54.948001861572266,1426.6600341796875,14.489999771118164,3012.60009765625,5855.75,17.84000015258789
2012-12-26,0.07996,0.0818,0.07904,0.00086,0.00383,1659.800048828125,55.007999420166016,1419.8299560546875,14.100000381469727,2990.159912109375,5905.60009765625,19.479999542236328
2012-12-27,0.07998999999999999,0.0818,0.07928,0.0007599999999999999,0.00369,1662.5999755859375,54.8380012512207,1418.0999755859375,13.739999771118164,2985.909912109375,5870.10009765625,19.469999313354492
2012-12-28,0.08021,0.0818,0.07934000000000001,0.0001,0.0035399999999999997,1654.9000244140625,54.94200134277344,1402.4300537109375,13.630000114440918,2960.31005859375,5908.35009765625,22.719999313354492
2012-12-29,0.08005000000000001,0.0818,0.07934000000000001,0.0001,0.0035399999999999997,1654.9000244140625,54.94200134277344,1402.4300537109375,13.630000114440918,2960.31005859375,5908.35009765625,22.719999313354492
2012-12-31,0.07946,0.0817,0.07925,0.00046,0.0035399999999999997,1674.800048828125,54.75299835205078,1426.18994140625,14.949999809265137,3019.510009765625,5905.10009765625,18.020000457763672
2013-01-01,0.08058,0.08130000000000001,0.07889,0.00046,0.0035399999999999997,1674.800048828125,54.99300003051758,1426.18994140625,13.6899995803833,3019.510009765625,5905.10009765625,18.020000457763672
2013-01-02,0.08045999999999999,0.08130000000000001,0.07899,0.0007599999999999999,0.0037,1687.9000244140625,54.678001403808594,1462.4200439453125,13.710000038146973,3112.260009765625,5993.25,14.680000305175781
2013-01-03,0.08018,0.081,0.07853,0.0007099999999999999,0.00392,1673.699951171875,54.347999572753906,1459.3699951171875,13.470000267028809,3100.570068359375,6009.5,14.5600004196167
2013-01-04,0.07996,0.08070000000000001,0.07832,0.0007099999999999999,0.00392,1648.0999755859375,54.49800109863281,1466.469970703125,13.369999885559082,3101.659912109375,6016.14990234375,13.829999923706055
2013-01-05,0.07868,0.08070000000000001,0.07832,0.0007099999999999999,0.00392,1648.0999755859375,54.49800109863281,1466.469970703125,13.369999885559082,3101.659912109375,6016.14990234375,13.829999923706055
2013-01-07,0.07934999999999999,0.08109999999999999,0.07786,0.00068,0.00392,1645.5,54.880001068115234,1461.8900146484375,13.920000076293945,3098.81005859375,5988.39990234375,13.789999961853027
2013-01-08,0.07954,0.0806,0.078,0.00066,0.0037099999999999998,1661.5,55.21799850463867,1457.1500244140625,13.270000457763672,3091.81005859375,6001.7001953125,13.619999885559082
2013-01-09,0.07957,0.0806,0.07801,0.00061,0.0037,1654.800048828125,54.987998962402344,1461.02001953125,13.319999694824219,3105.81005859375,5971.5,13.8100004196167
2013-01-10,0.07944,0.08039999999999999,0.0776,0.00068,0.0038,1677.300048828125,54.74800109863281,1472.1199951171875,13.270000457763672,3121.760009765625,5968.64990234375,13.489999771118164
2013-01-11,0.08069000000000001,0.08039999999999999,0.07733,0.0007099999999999999,0.00378,1660.0,54.55799865722656,1472.050048828125,13.229999542236328,3125.6298828125,5951.2998046875,13.359999656677246
2013-01-12,0.08069000000000001,0.08039999999999999,0.07733,0.0007099999999999999,0.00378,1660.0,54.55799865722656,1472.050048828125,13.229999542236328,3125.6298828125,5951.2998046875,13.359999656677246
2013-01-14,0.07873999999999999,0.0794,0.07711,0.0007599999999999999,0.0037199999999999998,1668.9000244140625,54.86800003051758,1470.6800537109375,13.699999809265137,3117.5,6024.0498046875,13.520000457763672
2013-01-15,0.07851,0.0794,0.07779,0.00086,0.00364,1683.4000244140625,54.49300003051758,1472.3399658203125,13.579999923706055,3110.780029296875,6056.60009765625,13.550000190734863
2013-01-16,0.07894999999999999,0.07980000000000001,0.07822,0.0007599999999999999,0.00359,1682.699951171875,54.612998962402344,1472.6300048828125,13.989999771118164,3117.5400390625,6001.85009765625,13.420000076293945
2013-01-17,0.07879,0.07980000000000001,0.07779,0.0008100000000000001,0.00393,1690.4000244140625,54.6879997253418,1480.93994140625,14.010000228881836,3136.0,6039.2001953125,13.569999694824219
2013-01-18,0.07934000000000001,0.0799,0.07823000000000001,0.0007599999999999999,0.0037199999999999998,1686.5999755859375,54.347999572753906,1485.97998046875,13.890000343322754,3134.7099609375,6064.39990234375,12.460000038146973
2013-01-19,0.07934000000000001,0.0799,0.07823000000000001,0.0007599999999999999,0.0037199999999999998,1686.5999755859375,54.347999572753906,1485.97998046875,13.890000343322754,3134.7099609375,6064.39990234375,12.460000038146973
2013-01-21,0.07953,0.0797,0.07805,0.0007599999999999999,0.0037199999999999998,1686.5999755859375,53.737998962402344,1485.97998046875,13.65999984741211,3134.7099609375,6082.2998046875,12.460000038146973
2013-01-22,0.07885,0.07980000000000001,0.07798,0.0007599999999999999,0.00364,1692.800048828125,53.768001556396484,1492.56005859375,13.890000343322754,3143.179931640625,6048.5,12.430000305175781
2013-01-23,0.07902999999999999,0.07980000000000001,0.07833999999999999,0.0007599999999999999,0.00362,1686.300048828125,53.80799865722656,1494.81005859375,13.670000076293945,3153.669921875,6054.2998046875,12.460000038146973
2013-01-24,0.07917,0.08,0.07780999999999999,0.0008100000000000001,0.0037,1669.5,53.667999267578125,1494.8199462890625,14.460000038146973,3130.3798828125,6019.35009765625,12.6899995803833
2013-01-25,0.07793,0.08,0.07780999999999999,0.0007599999999999999,0.0042,1656.4000244140625,53.678001403808594,1502.9599609375,14.770000457763672,3149.7099609375,6074.64990234375,12.890000343322754
2013-01-26,0.07793,0.08,0.07780999999999999,0.0007599999999999999,0.0042,1656.4000244140625,53.678001403808594,1502.9599609375,14.770000457763672,3149.7099609375,6074.64990234375,12.890000343322754
2013-01-28,0.07891,0.0801,0.07763,0.0007599999999999999,0.00428,1652.4000244140625,53.792999267578125,1500.1800537109375,15.170000076293945,3154.300048828125,6074.7998046875,13.569999694824219
2013-01-29,0.07848,0.0795,0.07763,0.0007099999999999999,0.00428,1660.699951171875,53.90800094604492,1507.8399658203125,14.470000267028809,3153.659912109375,6049.89990234375,13.3100004196167
2013-01-30,0.0784,0.0796,0.07799,0.0007099999999999999,0.00407,1679.9000244140625,53.757999420166016,1501.9599609375,14.380000114440918,3142.31005859375,6055.75,14.319999694824219
2013-01-31,0.07832,0.0796,0.07807,0.00079,0.00407,1660.5999755859375,53.303001403808594,1498.1099853515625,14.130000114440918,3142.1298828125,6034.75,14.279999732971191
2013-02-01,0.07844000000000001,0.0797,0.07782,0.0006900000000000001,0.00402,1669.4000244140625,53.2130012512207,1513.1700439453125,13.760000228881836,3179.10009765625,5998.89990234375,12.899999618530273
2013-02-02,0.07844000000000001,0.0797,0.07782,0.00068,0.00402,1669.4000244140625,53.2130012512207,1513.1700439453125,13.760000228881836,3179.10009765625,5998.89990234375,12.899999618530273
2013-02-04,0.07836,0.07980000000000001,0.07807,0.0007099999999999999,0.0038,1675.300048828125,53.16299819946289,1495.7099609375,14.34000015258789,3131.169921875,5987.25,14.670000076293945
2013-02-05,0.07819,0.0794,0.07815,0.00079,0.00394,1672.4000244140625,53.28300094604492,1511.2900390625,14.609999656677246,3171.580078125,5956.89990234375,13.720000267028809
2013-02-06,0.07847,0.0799,0.07819,0.0007099999999999999,0.00378,1677.699951171875,53.132999420166016,1512.1199951171875,14.260000228881836,3168.47998046875,5959.2001953125,13.40999984741211
2013-02-07,0.07831,0.07980000000000001,0.07819,0.0007099999999999999,0.00378,1670.4000244140625,53.15299987792969,1509.3900146484375,14.890000343322754,3165.1298828125,5938.7998046875,13.5
2013-02-08,0.07789,0.0797,0.07805,0.0007099999999999999,0.00378,1666.0,53.21799850463867,1517.9300537109375,15.15999984741211,3193.8701171875,5903.5,13.020000457763672
2013-02-09,0.07825,0.0797,0.07805,0.0007099999999999999,0.00378,1666.0,53.21799850463867,1517.9300537109375,15.15999984741211,3193.8701171875,5903.5,13.020000457763672
2013-02-11,0.07835,0.07980000000000001,0.07809,0.00089,0.0038900000000000002,1648.199951171875,53.5880012512207,1517.010009765625,15.649999618530273,3192.0,5897.85009765625,12.9399995803833
2013-02-12,0.07827,0.0799,0.07838,0.00086,0.00402,1648.699951171875,53.95800018310547,1519.4300537109375,15.3100004196167,3186.489990234375,5922.5,12.640000343322754
2013-02-13,0.07847,0.0799,0.07828,0.00094,0.00438,1644.199951171875,53.847999572753906,1520.3299560546875,15.140000343322754,3196.8798828125,5932.9501953125,12.979999542236328
2013-02-14,0.0782,0.0799,0.07795,0.00101,0.0041199999999999995,1634.699951171875,53.81800079345703,1521.3800048828125,15.09000015258789,3198.659912109375,5896.9501953125,12.65999984741211
2013-02-15,0.07796,0.08,0.07814,0.00101,0.00414,1608.800048828125,53.917999267578125,1519.7900390625,15.239999771118164,3192.030029296875,5887.39990234375,12.460000038146973
2013-02-16,0.07796,0.08,0.07814,0.00101,0.00414,1608.800048828125,53.917999267578125,1519.7900390625,15.239999771118164,3192.030029296875,5887.39990234375,12.460000038146973
2013-02-18,0.07817,0.0801,0.07814,0.00101,0.00414,1608.800048828125,54.31800079345703,1519.7900390625,16.290000915527344,3192.030029296875,5898.2001953125,12.460000038146973
2013-02-19,0.07872,0.0801,0.07814,0.0011899999999999999,0.00425,1603.5999755859375,54.178001403808594,1530.93994140625,15.8100004196167,3213.590087890625,5939.7001953125,12.3100004196167
2013-02-20,0.07809,0.0803,0.07804,0.00122,0.0041199999999999995,1577.5999755859375,54.16299819946289,1511.949951171875,15.600000381469727,3164.409912109375,5943.0498046875,14.680000305175781
2013-02-21,0.0781,0.0803,0.07811,0.00124,0.0039900000000000005,1578.199951171875,54.06800079345703,1502.4200439453125,16.940000534057617,3131.489990234375,5852.25,15.220000267028809
2013-02-22,0.07812999999999999,0.08039999999999999,0.07819,0.00127,0.00391,1572.4000244140625,54.46799850463867,1515.5999755859375,16.790000915527344,3161.820068359375,5850.2998046875,14.170000076293945
2013-02-23,0.07812999999999999,0.08039999999999999,0.07819,0.00127,0.00391,1572.4000244140625,54.46799850463867,1515.5999755859375,16.790000915527344,3161.820068359375,5850.2998046875,14.170000076293945
2013-02-25,0.07815,0.0803,0.07831,0.00122,0.00362,1586.199951171875,54.27299880981445,1487.8499755859375,16.729999542236328,3116.25,5854.75,18.989999771118164
2013-02-26,0.07825,0.0806,0.07812000000000001,0.00122,0.00359,1615.199951171875,53.862998962402344,1496.93994140625,17.360000610351562,3129.64990234375,5761.35009765625,16.8700008392334
2013-02-27,0.07827,0.0812,0.07787,0.00109,0.00359,1595.199951171875,54.0880012512207,1515.989990234375,16.229999542236328,3162.260009765625,5796.89990234375,14.729999542236328
2013-02-28,0.07849,0.0815,0.07843,0.00106,0.0034599999999999995,1577.699951171875,53.858001708984375,1514.6800537109375,14.859999656677246,3160.18994140625,5693.0498046875,15.510000228881836
2013-03-01,0.07853,0.0815,0.07885,0.00106,0.00338,1571.9000244140625,54.362998962402344,1518.199951171875,14.0600004196167,3169.739990234375,5719.7001953125,15.359999656677246
2013-03-02,0.07853,0.0815,0.07885,0.00106,0.00338,1571.9000244140625,54.362998962402344,1518.199951171875,14.0600004196167,3169.739990234375,5719.7001953125,15.359999656677246
2013-03-04,0.07855000000000001,0.0814,0.07863,0.00091,0.0034300000000000003,1572.0999755859375,54.89799880981445,1525.199951171875,13.670000076293945,3182.030029296875,5698.5,14.010000228881836
2013-03-05,0.07875,0.0814,0.0787,0.00099,0.00356,1574.5999755859375,54.858001708984375,1539.7900390625,13.390000343322754,3224.1298828125,5784.25,13.479999542236328
2013-03-06,0.07848,0.0814,0.0783,0.00096,0.0037199999999999998,1574.5999755859375,54.917999267578125,1541.4599609375,13.399999618530273,3222.3701171875,5818.60009765625,13.529999732971191
2013-03-07,0.07849,0.08109999999999999,0.07841000000000001,0.00096,0.00391,1574.800048828125,54.7130012512207,1544.260009765625,13.069999694824219,3232.090087890625,5863.2998046875,13.0600004196167
2013-03-08,0.07844000000000001,0.08109999999999999,0.07839,0.00094,0.0039900000000000005,1576.5999755859375,54.55799865722656,1551.1800537109375,13.34000015258789,3244.3701171875,5945.7001953125,12.59000015258789
2013-03-09,0.07844000000000001,0.08109999999999999,0.07839,0.00094,0.0039900000000000005,1576.5999755859375,54.55799865722656,1551.1800537109375,13.34000015258789,3244.3701171875,5945.7001953125,12.59000015258789
2013-03-11,0.07806,0.081,0.07835,0.00101,0.004050000000000001,1577.800048828125,54.34299850463867,1556.219970703125,14.25,3252.8701171875,5942.35009765625,11.5600004196167
2013-03-12,0.07846,0.08109999999999999,0.07865,0.00101,0.0039700000000000004,1591.5,54.40800094604492,1552.47998046875,15.130000114440918,3242.320068359375,5914.10009765625,12.270000457763672
2013-03-13,0.07876999999999999,0.08109999999999999,0.07854,0.00091,0.0041199999999999995,1588.300048828125,54.141998291015625,1554.52001953125,16.200000762939453,3245.1201171875,5851.2001953125,11.829999923706055
2013-03-14,0.0782,0.08109999999999999,0.07812999999999999,0.00096,0.00417,1590.5999755859375,54.362998962402344,1563.22998046875,14.65999984741211,3258.929931640625,5908.9501953125,11.300000190734863
2013-03-15,0.07794,0.081,0.07792,0.00089,0.00396,1592.5,54.35300064086914,1560.699951171875,15.15999984741211,3249.070068359375,5872.60009765625,11.300000190734863
2013-03-16,0.07794,0.081,0.07792,0.00089,0.00396,1592.5,54.35300064086914,1560.699951171875,15.15999984741211,3249.070068359375,5872.60009765625,11.300000190734863
2013-03-18,0.07786,0.081,0.078,0.00086,0.0038,1604.5999755859375,54.02299880981445,1552.0999755859375,15.850000381469727,3237.590087890625,5835.25,13.359999656677246
2013-03-19,0.07807,0.0793,0.0783,0.00079,0.00367,1611.300048828125,54.073001861572266,1548.3399658203125,16.709999084472656,3229.10009765625,5745.9501953125,14.390000343322754
2013-03-20,0.07818,0.0793,0.07849,0.0007099999999999999,0.0038,1607.5,54.36800003051758,1558.7099609375,16.65999984741211,3254.18994140625,5694.39990234375,12.670000076293945
2013-03-21,0.0786,0.08,0.07853,0.00068,0.00375,1613.800048828125,54.349998474121094,1545.800048828125,16.510000228881836,3222.60009765625,5658.75,13.989999771118164
2013-03-22,0.07864,0.08,0.07888,0.0006900000000000001,0.0038,1606.199951171875,54.27799987792969,1556.8900146484375,15.539999961853027,3245.0,5651.35009765625,13.569999694824219
2013-03-23,0.07864,0.08,0.07888,0.00068,0.0038,1606.199951171875,54.27799987792969,1556.8900146484375,15.539999961853027,3245.0,5651.35009765625,13.569999694824219
2013-03-25,0.07876,0.0801,0.0787,0.0007599999999999999,0.00375,1604.5999755859375,54.34299850463867,1551.68994140625,16.360000610351562,3235.300048828125,5633.85009765625,13.739999771118164
2013-03-26,0.07889,0.0806,0.07908,0.0007599999999999999,0.0037199999999999998,1595.800048828125,54.167999267578125,1563.77001953125,15.800000190734863,3252.47998046875,5641.60009765625,12.770000457763672
2013-03-27,0.07889,0.0806,0.07908,0.00086,0.0035399999999999997,1606.199951171875,54.362998962402344,1562.8499755859375,15.800000190734863,3256.52001953125,5641.60009765625,13.149999618530273
2013-03-28,0.07824,0.0796,0.0783,0.0007099999999999999,0.0035399999999999997,1594.800048828125,54.38800048828125,1569.18994140625,15.220000267028809,3267.52001953125,5682.5498046875,12.699999809265137
2013-03-29,0.07927,0.0796,0.0783,0.0007099999999999999,0.0035399999999999997,1594.800048828125,54.38800048828125,1569.18994140625,15.220000267028809,3267.52001953125,5682.5498046875,12.699999809265137
2013-04-01,0.07927,0.0796,0.0783,0.00079,0.0034799999999999996,1600.0,54.27799987792969,1562.1700439453125,14.850000381469727,3239.169921875,5704.39990234375,13.579999923706055
2013-04-02,0.07744,0.0786,0.07833999999999999,0.0007599999999999999,0.0035099999999999997,1575.0999755859375,54.25,1570.25,14.100000381469727,3254.860107421875,5748.10009765625,12.779999732971191
2013-04-03,0.07724,0.0785,0.07793,0.00061,0.00335,1552.800048828125,54.42300033569336,1553.68994140625,14.869999885559082,3218.60009765625,5672.89990234375,14.210000038146973
2013-04-04,0.07695,0.0785,0.07786,0.0007099999999999999,0.0032400000000000003,1551.800048828125,54.428001403808594,1559.97998046875,15.850000381469727,3224.97998046875,5574.75,13.890000343322754
2013-04-05,0.07730000000000001,0.0785,0.07786,0.00066,0.0033,1575.4000244140625,54.882999420166016,1553.280029296875,16.15999984741211,3203.860107421875,5553.25,13.920000076293945
2013-04-06,0.07730000000000001,0.0785,0.07786,0.00066,0.0033,1575.4000244140625,54.882999420166016,1553.280029296875,16.15999984741211,3203.860107421875,5553.25,13.920000076293945
2013-04-08,0.07731,0.0785,0.07740999999999999,0.00066,0.00335,1572.0,54.803001403808594,1563.0699462890625,16.770000457763672,3222.25,5542.9501953125,13.1899995803833
2013-04-09,0.07711,0.0786,0.07740999999999999,0.0007099999999999999,0.00335,1586.199951171875,54.55799865722656,1568.6099853515625,16.81999969482422,3237.860107421875,5495.10009765625,12.84000015258789
2013-04-10,0.07714,0.0784,0.07704,0.0007099999999999999,0.0035499999999999998,1558.300048828125,54.577999114990234,1587.72998046875,16.489999771118164,3297.25,5558.7001953125,12.359999656677246
2013-04-11,0.07703,0.0784,0.07704,0.00068,0.0034999999999999996,1564.300048828125,54.51300048828125,1593.3699951171875,16.969999313354492,3300.159912109375,5594.0,12.239999771118164
2013-04-12,0.07697,0.0784,0.07711,0.00061,0.00334,1501.0,54.29800033569336,1588.8499755859375,16.450000762939453,3294.949951171875,5528.5498046875,12.0600004196167
2013-04-13,0.07697,0.0784,0.07711,0.00061,0.00334,1501.0,54.29800033569336,1588.8499755859375,16.450000762939453,3294.949951171875,5528.5498046875,12.0600004196167
2013-04-15,0.07656,0.0782,0.07654,0.00063,0.0032300000000000002,1360.5999755859375,54.51300048828125,1552.3599853515625,16.610000610351562,3216.489990234375,5568.39990234375,17.270000457763672
2013-04-16,0.07624,0.07769999999999999,0.07654,0.0005600000000000001,0.00337,1386.800048828125,54.542999267578125,1574.5699462890625,16.25,3264.6298828125,5688.9501953125,13.960000038146973
2013-04-17,0.07614,0.0774,0.07627,0.0005600000000000001,0.00337,1382.199951171875,54.14799880981445,1552.010009765625,16.360000610351562,3204.669921875,5688.7001953125,16.510000228881836
2013-04-18,0.07572,0.07690000000000001,0.07608,0.0005600000000000001,0.0033900000000000002,1392.0,54.20800018310547,1541.6099853515625,15.359999656677246,3166.360107421875,5783.10009765625,17.559999465942383
2013-04-19,0.07636,0.07690000000000001,0.07608,0.0005099999999999999,0.0034799999999999996,1395.300048828125,54.02299880981445,1555.25,15.359999656677246,3206.06005859375,5783.10009765625,14.970000267028809
2013-04-20,0.07636,0.07690000000000001,0.07608,0.0005099999999999999,0.0034799999999999996,1395.300048828125,54.02299880981445,1555.25,15.359999656677246,3206.06005859375,5783.10009765625,14.970000267028809
2013-04-22,0.07572,0.0768,0.07569,0.00053,0.00337,1421.0,53.93299865722656,1562.5,16.219999313354492,3233.550048828125,5834.39990234375,14.390000343322754
2013-04-23,0.07551000000000001,0.0768,0.07542,0.00053,0.0034000000000000002,1408.5999755859375,54.13800048828125,1578.780029296875,15.069999694824219,3269.330078125,5836.89990234375,13.479999542236328
2013-04-24,0.07594000000000001,0.0768,0.07542,0.0005600000000000001,0.00337,1423.4000244140625,54.37799835205078,1578.7900390625,15.069999694824219,3269.64990234375,5836.89990234375,13.609999656677246
2013-04-25,0.07518,0.0762,0.07522999999999999,0.0005600000000000001,0.00337,1461.800048828125,54.27299880981445,1585.1600341796875,14.199999809265137,3289.989990234375,5916.2998046875,13.619999885559082
2013-04-26,0.07496,0.0759,0.07511,0.00053,0.00319,1453.5999755859375,54.21799850463867,1582.239990234375,13.880000114440918,3279.260009765625,5871.4501953125,13.609999656677246
2013-04-27,0.07496,0.0759,0.07511,0.00053,0.00319,1453.5999755859375,54.21799850463867,1582.239990234375,13.880000114440918,3279.260009765625,5871.4501953125,13.609999656677246
2013-04-29,0.07518,0.0758,0.07503,0.0005099999999999999,0.00314,1467.4000244140625,54.37300109863281,1593.6099853515625,14.329999923706055,3307.02001953125,5904.10009765625,13.710000038146973
2013-04-30,0.07508,0.0757,0.0746,0.0005099999999999999,0.00311,1472.199951171875,54.22800064086914,1597.5699462890625,15.100000381469727,3328.7900390625,5930.2001953125,13.520000457763672
2013-05-01,0.0764,0.0757,0.0746,0.0005600000000000001,0.00298,1446.300048828125,53.79800033569336,1582.699951171875,15.100000381469727,3299.1298828125,5930.2001953125,14.489999771118164
2013-05-02,0.07474,0.0756,0.07441,0.0005600000000000001,0.00293,1467.699951171875,53.65800094604492,1597.5899658203125,16.280000686645508,3340.6201171875,5999.35009765625,13.59000015258789
2013-05-03,0.07463,0.0755,0.07452,0.0005099999999999999,0.00333,1464.300048828125,53.80799865722656,1614.4200439453125,15.550000190734863,3378.6298828125,5944.0,12.850000381469727
2013-05-04,0.07463,0.0755,0.07452,0.0005099999999999999,0.00333,1464.300048828125,53.80799865722656,1614.4200439453125,15.550000190734863,3378.6298828125,5944.0,12.850000381469727
2013-05-06,0.07474,0.0753,0.07452,0.00043,0.00336,1468.0999755859375,53.779998779296875,1617.5,15.84000015258789,3392.969970703125,5971.0498046875,12.65999984741211
2013-05-07,0.07474,0.0754,0.07471,0.00043,0.00344,1449.0,54.17300033569336,1625.9599609375,16.5,3396.6298828125,6043.5498046875,12.829999923706055
2013-05-08,0.07429000000000001,0.0751,0.07450999999999999,0.00046,0.0034999999999999996,1473.9000244140625,54.12799835205078,1632.68994140625,16.760000228881836,3413.27001953125,6069.2998046875,12.65999984741211
2013-05-09,0.07316,0.0748,0.07382,0.00046,0.0035199999999999997,1468.800048828125,54.15800094604492,1626.6700439453125,16.600000381469727,3409.169921875,6050.14990234375,13.130000114440918
2013-05-10,0.07304000000000001,0.0746,0.07400000000000001,0.00041,0.00386,1436.800048828125,54.24800109863281,1633.699951171875,16.860000610351562,3436.580078125,6094.75,12.59000015258789
2013-05-11,0.07304000000000001,0.0746,0.07400000000000001,0.00041,0.00386,1436.800048828125,54.24800109863281,1633.699951171875,16.860000610351562,3436.580078125,6094.75,12.59000015258789
2013-05-13,0.07303,0.0745,0.07415,0.00048,0.00392,1434.5,54.803001403808594,1633.77001953125,17.510000228881836,3438.7900390625,5980.4501953125,12.550000190734863
2013-05-14,0.07268,0.0742,0.07334,0.00048,0.0040999999999999995,1424.699951171875,54.827999114990234,1650.3399658203125,17.170000076293945,3462.610107421875,5995.39990234375,12.770000457763672
2013-05-15,0.07245,0.0735,0.07275999999999999,0.00041,0.00392,1396.5,54.79800033569336,1658.780029296875,18.1299991607666,3471.6201171875,6146.75,12.8100004196167
2013-05-16,0.07221,0.0729,0.07291,0.00033,0.00373,1387.0999755859375,54.77799987792969,1650.469970703125,17.739999771118164,3465.239990234375,6169.89990234375,13.069999694824219
2013-05-17,0.07231,0.0724,0.07274,0.00035000000000000005,0.00398,1364.9000244140625,54.77799987792969,1667.469970703125,17.56999969482422,3498.969970703125,6187.2998046875,12.449999809265137
2013-05-18,0.07231,0.0724,0.07274,0.00035999999999999997,0.00398,1364.9000244140625,54.77799987792969,1667.469970703125,17.56999969482422,3498.969970703125,6187.2998046875,12.449999809265137
2013-05-20,0.07242,0.0727,0.07243000000000001,0.00046,0.00395,1384.300048828125,54.88800048828125,1666.2900390625,17.709999084472656,3496.429931640625,6156.89990234375,13.020000457763672
2013-05-21,0.07218,0.0727,0.07239,0.00046,0.00385,1377.800048828125,55.108001708984375,1669.1600341796875,17.8799991607666,3502.1201171875,6114.10009765625,13.369999885559082
2013-05-22,0.07287,0.0728,0.07246000000000001,0.00041,0.00419,1367.5999755859375,55.40800094604492,1655.3499755859375,17.719999313354492,3463.300048828125,6094.5,13.819999694824219
2013-05-23,0.07263,0.0729,0.07292,0.00043,0.00414,1392.0,55.65299987792969,1650.510009765625,18.729999542236328,3459.419921875,5967.0498046875,14.069999694824219
2013-05-24,0.07202,0.073,0.07272,0.00043,0.00415,1386.800048828125,55.70800018310547,1649.5999755859375,17.700000762939453,3459.139892578125,5983.5498046875,13.989999771118164
2013-05-25,0.07238,0.073,0.07272,0.00043,0.00415,1386.800048828125,55.70800018310547,1649.5999755859375,17.700000762939453,3459.139892578125,5983.5498046875,13.989999771118164
2013-05-27,0.07202,0.0728,0.07252,0.00043,0.00415,1386.800048828125,55.8129997253418,1649.5999755859375,17.030000686645508,3459.139892578125,6083.14990234375,13.989999771118164
2013-05-28,0.07165,0.0729,0.07252,0.00048,0.00497,1379.0999755859375,55.564998626708984,1660.06005859375,17.1200008392334,3488.889892578125,6111.25,14.479999542236328
2013-05-29,0.07200000000000001,0.0733,0.07298,0.00048,0.00487,1391.300048828125,56.108001708984375,1648.3599853515625,17.860000610351562,3467.52001953125,6104.2998046875,14.829999923706055
2013-05-30,0.07224,0.0732,0.07349,0.00033,0.00487,1411.5,56.29800033569336,1654.4100341796875,16.040000915527344,3491.300048828125,6124.0498046875,14.529999732971191
2013-05-31,0.07258,0.0735,0.07348,0.00037999999999999997,0.0049,1392.5999755859375,56.37799835205078,1630.739990234375,16.989999771118164,3455.909912109375,5985.9501953125,16.299999237060547
2013-06-01,0.07258,0.0735,0.07348,0.00037999999999999997,0.00491,1392.5999755859375,56.37799835205078,1630.739990234375,16.989999771118164,3455.909912109375,5985.9501953125,16.299999237060547
2013-06-03,0.07246000000000001,0.0733,0.07336000000000001,0.00048,0.00485,1411.699951171875,56.573001861572266,1640.4200439453125,17.290000915527344,3465.3701171875,5939.2998046875,16.280000686645508
2013-06-04,0.07245,0.0733,0.07347000000000001,0.00048,0.00483,1397.0999755859375,56.667999267578125,1631.3800048828125,17.260000228881836,3445.260009765625,5919.4501953125,16.270000457763672
2013-06-05,0.07256,0.0735,0.07347000000000001,0.0005099999999999999,0.0046700000000000005,1398.4000244140625,56.4379997253418,1608.9000244140625,16.780000686645508,3401.47998046875,5923.85009765625,17.5
2013-06-06,0.07256,0.0737,0.07347000000000001,0.0005099999999999999,0.0046700000000000005,1415.699951171875,56.722999572753906,1622.56005859375,17.350000381469727,3424.050048828125,5921.39990234375,16.6299991607666
2013-06-07,0.07353,0.0736,0.07374,0.00046,0.00511,1383.0,56.8380012512207,1643.3800048828125,17.350000381469727,3469.219970703125,5881.0,15.140000343322754
2013-06-08,0.07427,0.0736,0.07374,0.00046,0.00511,1383.0,56.8380012512207,1643.3800048828125,17.350000381469727,3469.219970703125,5881.0,15.140000343322754
2013-06-10,0.07427,0.0738,0.07393,0.00046,0.0053300000000000005,1386.199951171875,56.8380012512207,1642.81005859375,18.110000610351562,3473.77001953125,5878.0,15.4399995803833
2013-06-11,0.07452,0.07440000000000001,0.07464,0.00046,0.00544,1377.0,56.8380012512207,1626.1300048828125,19.489999771118164,3436.949951171875,5788.7998046875,17.06999969482422
2013-06-12,0.07452,0.0745,0.07504,0.00048,0.00579,1391.800048828125,56.8380012512207,1612.52001953125,18.850000381469727,3400.429931640625,5760.2001953125,18.59000015258789
2013-06-13,0.07464,0.0747,0.07504,0.00048,0.00513,1377.5999755859375,57.827999114990234,1636.3599853515625,19.440000534057617,3445.360107421875,5699.10009765625,16.40999984741211
2013-06-14,0.07439,0.07440000000000001,0.07472000000000001,0.00046,0.00489,1387.300048828125,57.99800109863281,1626.72998046875,18.350000381469727,3423.56005859375,5808.39990234375,17.149999618530273
2013-06-15,0.07439,0.07440000000000001,0.07472000000000001,0.00046,0.00489,1387.300048828125,57.99800109863281,1626.72998046875,18.350000381469727,3423.56005859375,5808.39990234375,17.149999618530273
2013-06-17,0.07389,0.0739,0.07444,0.00046,0.00487,1382.800048828125,57.49800109863281,1639.0400390625,18.18000030517578,3452.1298828125,5850.0498046875,16.799999237060547
2013-06-18,0.07376,0.0739,0.07443,0.00053,0.00487,1366.5999755859375,58.10300064086914,1651.81005859375,18.290000915527344,3482.179931640625,5813.60009765625,16.610000610351562
2013-06-19,0.07363,0.07429999999999999,0.07443,0.0005099999999999999,0.0059299999999999995,1373.5999755859375,58.8380012512207,1628.9300537109375,18.459999084472656,3443.199951171875,5822.25,16.639999389648438
2013-06-20,0.07414,0.0746,0.07563,0.0005099999999999999,0.0063,1285.9000244140625,58.7130012512207,1588.18994140625,19.190000534057617,3364.639892578125,5655.89990234375,20.489999771118164
2013-06-21,0.07479,0.0747,0.07603,0.00046,0.0070999999999999995,1291.5999755859375,59.56800079345703,1592.4300537109375,19.030000686645508,3357.25,5667.64990234375,18.899999618530273
2013-06-22,0.07479,0.0747,0.07603,0.00046,0.0070999999999999995,1291.5999755859375,59.56800079345703,1592.4300537109375,19.030000686645508,3357.25,5667.64990234375,18.899999618530273
2013-06-24,0.07531,0.0746,0.0766,0.00061,0.00724,1276.800048828125,59.268001556396484,1573.0899658203125,21.010000228881836,3320.760009765625,5590.25,20.110000610351562
2013-06-25,0.07544,0.0748,0.07652,0.00063,0.00745,1274.800048828125,59.80799865722656,1588.030029296875,21.139999389648438,3347.889892578125,5609.10009765625,18.469999313354492
2013-06-26,0.07688,0.075,0.07753,0.00061,0.006840000000000001,1229.5999755859375,59.65800094604492,1603.260009765625,21.06999969482422,3376.219970703125,5588.7001953125,17.209999084472656
2013-06-27,0.0765,0.0751,0.07745,0.0005600000000000001,0.00647,1211.4000244140625,60.7130012512207,1613.199951171875,18.850000381469727,3401.860107421875,5682.35009765625,16.860000610351562
2013-06-28,0.07508,0.0748,0.07583000000000001,0.00035000000000000005,0.006500000000000001,1223.800048828125,60.1879997253418,1606.280029296875,17.950000762939453,3403.25,5842.2001953125,16.860000610351562
2013-06-29,0.07508,0.0748,0.07583000000000001,0.00035999999999999997,0.006500000000000001,1223.800048828125,60.1879997253418,1606.280029296875,17.950000762939453,3403.25,5842.2001953125,16.860000610351562
2013-07-01,0.07561,0.07490000000000001,0.07623,0.00041,0.00639,1255.9000244140625,59.5260009765625,1614.9599609375,18.09000015258789,3434.489990234375,5898.85009765625,16.3700008392334
2013-07-02,0.07614,0.0747,0.0766,0.00041,0.00634,1243.5999755859375,59.37799835205078,1614.0799560546875,18.209999084472656,3433.39990234375,5857.5498046875,16.440000534057617
2013-07-03,0.07629,0.07490000000000001,0.07672,0.00041,0.00653,1252.0999755859375,59.54800033569336,1615.4100341796875,18.90999984741211,3443.669921875,5770.89990234375,16.200000762939453
2013-07-04,0.07643,0.07490000000000001,0.07611,0.00041,0.00653,1252.0999755859375,60.21900177001953,1615.4100341796875,18.579999923706055,3443.669921875,5836.9501953125,16.200000762939453
2013-07-05,0.07658999999999999,0.07400000000000001,0.07673,0.00041,0.00751,1212.9000244140625,60.17499923706055,1631.8900146484375,18.670000076293945,3479.3798828125,5867.89990234375,14.890000343322754
2013-07-06,0.07658999999999999,0.07400000000000001,0.07673,0.00041,0.00751,1212.9000244140625,60.17499923706055,1631.8900146484375,18.670000076293945,3479.3798828125,5867.89990234375,14.890000343322754
2013-07-08,0.07714,0.0747,0.07747,0.00046,0.0067800000000000004,1234.9000244140625,60.222999572753906,1640.4599609375,19.34000015258789,3484.830078125,5811.5498046875,14.779999732971191
2013-07-09,0.07661,0.0747,0.07706,0.00043,0.00683,1245.9000244140625,60.6879997253418,1652.3199462890625,19.31999969482422,3504.260009765625,5859.0,14.350000381469727
2013-07-10,0.07676,0.07490000000000001,0.07685,0.00041,0.0072299999999999994,1247.4000244140625,60.095001220703125,1652.6199951171875,19.979999542236328,3520.760009765625,5816.7001953125,14.210000038146973
2013-07-11,0.07622,0.0747,0.07685,0.00041,0.0064600000000000005,1280.0999755859375,59.88800048828125,1675.02001953125,18.889999389648438,3578.300048828125,5935.10009765625,14.010000228881836
2013-07-12,0.07694,0.0746,0.07714,0.00037999999999999997,0.00672,1277.800048828125,59.82699966430664,1680.18994140625,18.690000534057617,3600.080078125,6009.0,13.84000015258789
2013-07-13,0.07694,0.0746,0.07714,0.00037999999999999997,0.00672,1277.800048828125,59.82699966430664,1680.18994140625,18.690000534057617,3600.080078125,6009.0,13.84000015258789
2013-07-15,0.07793,0.07490000000000001,0.07776,0.00041,0.00649,1283.800048828125,59.88399887084961,1682.5,18.790000915527344,3607.489990234375,6030.7998046875,13.789999961853027
2013-07-16,0.08527,0.095,0.08563000000000001,0.00041,0.00635,1290.800048828125,59.80799865722656,1676.260009765625,18.989999771118164,3598.5,5955.25,14.420000076293945
2013-07-17,0.08673,0.0888,0.08458,0.00033,0.00596,1277.9000244140625,59.292999267578125,1680.9100341796875,19.360000610351562,3610.0,5973.2998046875,13.779999732971191
2013-07-18,0.08378999999999999,0.0872,0.08289999999999999,0.0003,0.00601,1284.5999755859375,59.323001861572266,1689.3699951171875,18.270000457763672,3611.280029296875,6038.0498046875,13.770000457763672
2013-07-19,0.08333,0.08539999999999999,0.08208,0.00025,0.005829999999999999,1293.300048828125,59.737998962402344,1692.0899658203125,18.1299991607666,3587.610107421875,6029.2001953125,12.539999961853027
2013-07-20,0.08333,0.08539999999999999,0.08208,0.00025,0.005829999999999999,1293.300048828125,59.737998962402344,1692.0899658203125,18.1299991607666,3587.610107421875,6029.2001953125,12.539999961853027
2013-07-22,0.08423,0.08650000000000001,0.08335000000000001,0.00035000000000000005,0.00588,1336.4000244140625,59.33300018310547,1695.530029296875,17.6299991607666,3600.389892578125,6031.7998046875,12.289999961853027
2013-07-23,0.08542999999999999,0.0885,0.08506,0.00028000000000000003,0.00596,1335.0999755859375,59.71799850463867,1692.3900146484375,16.719999313354492,3579.27001953125,6077.7998046875,12.65999984741211
2013-07-24,0.08971,0.111,0.08742000000000001,0.00025,0.00636,1319.699951171875,59.757999420166016,1685.93994140625,16.90999984741211,3579.60009765625,5990.5,13.180000305175781
2013-07-25,0.0908,0.1058,0.08859,0.00025,0.00604,1329.0,59.12699890136719,1690.25,16.719999313354492,3605.18994140625,5907.5,12.970000267028809
2013-07-26,0.09025,0.1074,0.08746000000000001,0.0002,0.0059299999999999995,1321.699951171875,58.95800018310547,1691.6500244140625,16.780000686645508,3613.159912109375,5886.2001953125,12.720000267028809
2013-07-27,0.09025,0.1074,0.08746000000000001,0.0002,0.0059299999999999995,1321.699951171875,58.95800018310547,1691.6500244140625,16.780000686645508,3613.159912109375,5886.2001953125,12.720000267028809
2013-07-29,0.09047000000000001,0.10679999999999999,0.08746999999999999,0.0003,0.00596,1328.4000244140625,59.060001373291016,1685.3299560546875,18.25,3599.139892578125,5831.64990234375,13.390000343322754
2013-07-30,0.09076000000000001,0.1056,0.09094,0.00035000000000000005,0.00596,1324.0,59.4119987487793,1685.9599609375,18.1200008392334,3616.469970703125,5755.0498046875,13.390000343322754
2013-07-31,0.09128,0.1107,0.08856,0.00037999999999999997,0.00596,1312.4000244140625,60.80799865722656,1685.72998046875,18.770000457763672,3626.3701171875,5742.0,13.449999809265137
2013-08-01,0.09075,0.1065,0.08858,0.00041,0.0064600000000000005,1311.0,60.630001068115234,1706.8699951171875,19.809999465942383,3675.739990234375,5727.85009765625,12.9399995803833
2013-08-02,0.09125,0.10529999999999999,0.08918,0.00035000000000000005,0.0057399999999999994,1310.5999755859375,60.43299865722656,1709.6700439453125,20.889999389648438,3689.590087890625,5677.89990234375,11.979999542236328
2013-08-03,0.09125,0.10529999999999999,0.08918,0.00035999999999999997,0.0057399999999999994,1310.5999755859375,60.43299865722656,1709.6700439453125,20.889999389648438,3689.590087890625,5677.89990234375,11.979999542236328
2013-08-05,0.09362,0.10220000000000001,0.08863,0.00046,0.0059299999999999995,1302.5999755859375,61.097999572753906,1707.1400146484375,20.799999237060547,3692.949951171875,5685.39990234375,11.84000015258789
2013-08-06,0.09462,0.1054,0.08864000000000001,0.0005099999999999999,0.0059499999999999996,1283.199951171875,60.87699890136719,1697.3699951171875,22.729999542236328,3665.77001953125,5542.25,12.720000267028809
2013-08-07,0.09516999999999999,0.10679999999999999,0.08909,0.00046,0.00617,1286.0999755859375,60.78300094604492,1690.9100341796875,22.040000915527344,3654.010009765625,5519.10009765625,12.979999542236328
2013-08-08,0.09426999999999999,0.1057,0.08869999999999999,0.0005099999999999999,0.00617,1310.699951171875,61.202999114990234,1697.47998046875,21.190000534057617,3669.1201171875,5565.64990234375,12.729999542236328
2013-08-09,0.09285,0.1057,0.08869999999999999,0.00053,0.00617,1312.9000244140625,60.7239990234375,1691.4200439453125,21.190000534057617,3660.110107421875,5565.64990234375,13.40999984741211
2013-08-10,0.09285,0.1057,0.08869999999999999,0.00053,0.00617,1312.9000244140625,60.7239990234375,1691.4200439453125,21.190000534057617,3660.110107421875,5565.64990234375,13.40999984741211
2013-08-12,0.09734999999999999,0.1101,0.09090999999999999,0.00058,0.00625,1334.699951171875,60.672000885009766,1689.469970703125,21.280000686645508,3669.949951171875,5612.39990234375,12.8100004196167
2013-08-13,0.09682,0.11130000000000001,0.09114000000000001,0.0005600000000000001,0.00683,1321.199951171875,61.369998931884766,1694.1600341796875,19.260000228881836,3684.43994140625,5699.2998046875,12.3100004196167
2013-08-14,0.09669,0.11199999999999999,0.09095,0.0005099999999999999,0.00672,1334.0,61.45000076293945,1685.3900146484375,18.700000762939453,3669.27001953125,5742.2998046875,13.039999961853027
2013-08-15,0.09318,0.11199999999999999,0.09095,0.0005099999999999999,0.007019999999999999,1361.5999755859375,61.290000915527344,1661.3199462890625,18.700000762939453,3606.1201171875,5742.2998046875,14.729999542236328
2013-08-16,0.09779,0.1133,0.09322,0.00046,0.0072,1371.699951171875,61.2599983215332,1655.8299560546875,23.639999389648438,3602.780029296875,5507.85009765625,14.369999885559082
2013-08-19,0.10083,0.11539999999999999,0.09727999999999999,0.0005600000000000001,0.0075,1366.199951171875,62.4900016784668,1646.06005859375,25.59000015258789,3589.090087890625,5414.75,15.100000381469727
2013-08-20,0.09865,0.1153,0.09325,0.00053,0.00715,1373.0999755859375,63.849998474121094,1652.3499755859375,27.229999542236328,3613.590087890625,5401.4501953125,14.90999984741211
2013-08-21,0.09712,0.1105,0.08993999999999999,0.00046,0.00768,1370.5999755859375,63.36000061035156,1642.800048828125,28.09000015258789,3599.7900390625,5302.5498046875,15.9399995803833
2013-08-22,0.09755000000000001,0.1104,0.09017,0.00035000000000000005,0.00819,1371.199951171875,64.69000244140625,1656.9599609375,29.059999465942383,3638.7099609375,5408.4501953125,14.760000228881836
2013-08-23,0.09437,0.109,0.08999,0.0003,0.00796,1395.699951171875,64.41000366210938,1663.5,25.75,3657.7900390625,5471.75,13.979999542236328
2013-08-26,0.09545999999999999,0.10880000000000001,0.09068,0.00041,0.00772,1393.0,64.06999969482422,1656.780029296875,26.3799991607666,3657.570068359375,5476.5,14.989999771118164
2013-08-27,0.09741,0.1137,0.09226000000000001,0.00041,0.00734,1420.5999755859375,64.29299926757812,1630.47998046875,29.420000076293945,3578.52001953125,5287.4501953125,16.770000457763672
2013-08-28,0.10039,0.1175,0.09466,0.00035000000000000005,0.00769,1419.0,66.86000061035156,1634.9599609375,32.380001068115234,3593.35009765625,5285.0,16.489999771118164
2013-08-29,0.10666,0.1155,0.09387000000000001,0.0003,0.00772,1412.9000244140625,67.3499984741211,1638.1700439453125,29.40999984741211,3620.300048828125,5409.0498046875,16.809999465942383
2013-08-30,0.1023,0.1118,0.09232,0.00025,0.00781,1396.0999755859375,67.38999938964844,1632.969970703125,27.809999465942383,3589.8701171875,5471.7998046875,17.010000228881836
2013-09-02,0.10191,0.1119,0.09077,0.0003,0.00821,1396.0999755859375,66.58999633789062,1632.969970703125,27.549999237060547,3589.8701171875,5550.75,17.010000228881836
2013-09-03,0.10152,0.11289999999999999,0.09182,0.00025,0.00808,1412.0,66.51000213623047,1639.77001953125,32.4900016784668,3612.610107421875,5341.4501953125,16.610000610351562
2013-09-04,0.10042999999999999,0.11259999999999999,0.09013,0.00023,0.00873,1389.9000244140625,68.61000061035156,1653.0799560546875,31.110000610351562,3649.0400390625,5448.10009765625,15.880000114440918
2013-09-05,0.09829,0.1075,0.08901999999999999,0.00025,0.00963,1373.0999755859375,66.2699966430664,1655.0799560546875,28.530000686645508,3658.780029296875,5592.9501953125,15.770000457763672
2013-09-06,0.09449999999999999,0.10679999999999999,0.08907999999999999,0.0002,0.00885,1386.699951171875,66.00800323486328,1655.1700439453125,28.649999618530273,3660.010009765625,5680.39990234375,15.850000381469727
2013-09-07,0.09273999999999999,0.10679999999999999,0.08907999999999999,0.0002,0.00885,1386.699951171875,66.00800323486328,1655.1700439453125,28.649999618530273,3660.010009765625,5680.39990234375,15.850000381469727
2013-09-08,0.09273999999999999,0.10679999999999999,0.08907999999999999,0.0002,0.00885,1386.699951171875,66.00800323486328,1655.1700439453125,28.649999618530273,3660.010009765625,5680.39990234375,15.850000381469727
2013-09-09,0.09273999999999999,0.10679999999999999,0.08907999999999999,0.00025,0.0085,1386.800048828125,65.23799896240234,1671.7099609375,28.649999618530273,3706.179931640625,5680.39990234375,15.630000114440918
2013-09-10,0.0978,0.1075,0.08909,0.0002,0.00885,1364.0999755859375,64.05999755859375,1683.989990234375,29.440000534057617,3729.02001953125,5896.75,14.529999732971191
2013-09-11,0.09774,0.1059,0.09000999999999999,0.00025,0.00883,1363.9000244140625,63.619998931884766,1689.1300048828125,29.75,3725.010009765625,5913.14990234375,13.819999694824219
2013-09-12,0.09695999999999999,0.1056,0.09002,0.00023,0.00883,1330.4000244140625,63.15999984741211,1683.4200439453125,29.709999084472656,3715.969970703125,5850.7001953125,14.289999961853027
2013-09-13,0.0973,0.1066,0.08961999999999999,0.00017999999999999998,0.00875,1308.4000244140625,63.619998931884766,1687.989990234375,28.290000915527344,3722.179931640625,5850.60009765625,14.15999984741211
2013-09-16,0.09705,0.1069,0.08872999999999999,0.0001,0.00804,1317.9000244140625,63.290000915527344,1697.5999755859375,28.81999969482422,3717.85009765625,5840.5498046875,14.380000114440918
2013-09-17,0.09809,0.1057,0.08851,0.0001,0.0078000000000000005,1309.5,63.290000915527344,1704.760009765625,27.93000030517578,3745.699951171875,5850.2001953125,14.529999732971191
2013-09-18,0.09747,0.10490000000000001,0.0874,0.0001,0.006690000000000001,1307.800048828125,63.18000030517578,1725.52001953125,27.690000534057617,3783.639892578125,5899.4501953125,13.59000015258789
2013-09-19,0.09499,0.09949999999999999,0.08471000000000001,0.0001,0.006979999999999999,1369.4000244140625,63.58000183105469,1722.3399658203125,24.5,3789.3798828125,6115.5498046875,13.15999984741211
2013-09-20,0.09626,0.0984,0.087,0.00015,0.006889999999999999,1332.5,62.189998626708984,1709.9100341796875,24.729999542236328,3774.72998046875,6012.10009765625,13.119999885559082
2013-09-23,0.09695000000000001,0.098,0.08710000000000001,0.0002,0.00676,1326.9000244140625,62.720001220703125,1701.8399658203125,27.020000457763672,3765.2900390625,5889.75,14.3100004196167
2013-09-24,0.09707,0.0974,0.08747999999999999,0.00025,0.00668,1316.0,62.68000030517578,1697.4200439453125,26.719999313354492,3768.25,5892.4501953125,14.079999923706055
2013-09-25,0.09699999999999999,0.0965,0.08749000000000001,0.0002,0.0064600000000000005,1335.9000244140625,62.720001220703125,1692.77001953125,25.68000030517578,3761.10009765625,5873.85009765625,14.010000228881836
2013-09-26,0.09367,0.0964,0.08659,5e-05,0.00657,1323.5999755859375,62.43000030517578,1698.6700439453125,24.0,3787.429931640625,5882.25,14.0600004196167
2013-09-27,0.09380000000000001,0.0965,0.08663,0.0002,0.00635,1338.4000244140625,61.72999954223633,1691.75,24.059999465942383,3781.590087890625,5833.2001953125,15.460000038146973
2013-09-30,0.09118,0.09609999999999999,0.08664,0.00015,0.00613,1326.5,62.90999984741211,1681.550048828125,26.649999618530273,3771.47998046875,5735.2998046875,16.600000381469727
2013-10-01,0.09058,0.0959,0.08576,0.0003,0.00642,1286.0,62.58000183105469,1695.0,25.770000457763672,3817.97998046875,5780.0498046875,15.539999961853027
2013-10-02,0.09314,0.0959,0.08576,0.00028000000000000003,0.00607,1320.5999755859375,62.61000061035156,1693.8699951171875,25.770000457763672,3815.02001953125,5780.0498046875,16.600000381469727
2013-10-03,0.08989000000000001,0.095,0.08554,0.0003,0.00594,1317.4000244140625,62.06999969482422,1678.6600341796875,25.170000076293945,3774.340087890625,5909.7001953125,17.670000076293945
2013-10-04,0.08916,0.0943,0.08512,0.00028000000000000003,0.00628,1309.699951171875,61.959999084472656,1690.5,26.1299991607666,3807.75,5907.2998046875,16.739999771118164
2013-10-07,0.08925000000000001,0.09380000000000001,0.08513,0.00035000000000000005,0.00641,1324.800048828125,61.380001068115234,1676.1199951171875,26.829999923706055,3770.3798828125,5906.14990234375,19.40999984741211
2013-10-08,0.0863,0.0886,0.08199999999999999,0.0005600000000000001,0.0067800000000000004,1324.199951171875,61.380001068115234,1655.449951171875,26.549999237060547,3694.830078125,5928.39990234375,20.34000015258789
2013-10-09,0.08840999999999999,0.0888,0.08219,0.00046,0.00688,1306.9000244140625,62.029998779296875,1656.4000244140625,25.8700008392334,3677.780029296875,6007.4501953125,19.600000381469727
2013-10-10,0.0885,0.0888,0.08220000000000001,0.00053,0.00683,1296.5999755859375,61.810001373291016,1692.56005859375,25.8799991607666,3760.75,6020.9501953125,16.479999542236328
2013-10-11,0.08856,0.08869999999999999,0.08267,0.00068,0.00672,1268.0,61.61000061035156,1703.199951171875,23.59000015258789,3791.8701171875,6096.2001953125,15.720000267028809
2013-10-14,0.08843999999999999,0.0888,0.08405,0.0007099999999999999,0.006959999999999999,1276.4000244140625,60.9900016784668,1710.1400146484375,22.850000381469727,3815.280029296875,6112.7001953125,16.06999969482422
2013-10-15,0.08944,0.08929999999999999,0.08452,0.00132,0.00672,1273.0,61.380001068115234,1698.06005859375,23.239999771118164,3794.010009765625,6089.0498046875,18.65999984741211
2013-10-16,0.08944,0.08929999999999999,0.08452,0.00096,0.00638,1282.0,61.83000183105469,1721.5400390625,23.239999771118164,3839.429931640625,6089.0498046875,14.710000038146973
2013-10-17,0.08993000000000001,0.08900000000000001,0.08384,0.00048,0.00607,1322.699951171875,61.45000076293945,1733.1500244140625,21.059999465942383,3863.14990234375,6045.85009765625,13.479999542236328
2013-10-18,0.08949,0.08800000000000001,0.08385999999999999,0.0003,0.00614,1314.4000244140625,61.099998474121094,1744.5,20.1200008392334,3914.280029296875,6189.35009765625,13.039999961853027
2013-10-21,0.08978,0.0882,0.08387,0.00041,0.0062,1315.699951171875,61.2400016784668,1744.6600341796875,20.18000030517578,3920.050048828125,6204.9501953125,13.15999984741211
2013-10-22,0.08941,0.08810000000000001,0.08317999999999999,0.00041,0.00577,1342.5,60.619998931884766,1754.6700439453125,19.959999084472656,3929.570068359375,6202.7998046875,13.329999923706055
2013-10-23,0.08904999999999999,0.08789999999999999,0.08388,0.00035000000000000005,0.005849999999999999,1333.9000244140625,61.189998626708984,1746.3800048828125,20.350000381469727,3907.070068359375,6178.35009765625,13.420000076293945
2013-10-24,0.08912,0.0875,0.08295999999999999,0.00035000000000000005,0.00588,1350.199951171875,61.52000045776367,1752.0699462890625,20.639999389648438,3928.9599609375,6164.35009765625,13.199999809265137
2013-10-25,0.0891,0.0877,0.08275,0.00035000000000000005,0.00582,1352.4000244140625,61.45000076293945,1759.77001953125,20.420000076293945,3943.360107421875,6144.89990234375,13.09000015258789
2013-10-28,0.08930999999999999,0.0876,0.08321999999999999,0.00043,0.00582,1352.0,61.439998626708984,1762.1099853515625,21.290000915527344,3940.1298828125,6101.10009765625,13.3100004196167
2013-10-29,0.08893000000000001,0.0867,0.08276,0.00046,0.0057399999999999994,1345.199951171875,61.5099983215332,1771.949951171875,19.760000228881836,3952.340087890625,6220.89990234375,13.40999984741211
2013-10-30,0.0885,0.0864,0.08276,0.00041,0.0058,1349.0,61.45000076293945,1763.31005859375,19.530000686645508,3930.6201171875,6251.7001953125,13.649999618530273
2013-10-31,0.08843,0.08650000000000001,0.08276,0.00037999999999999997,0.00569,1323.5999755859375,61.31999969482422,1756.5400390625,18.389999389648438,3919.7099609375,6299.14990234375,13.75
2013-11-01,0.08879,0.0863,0.08324999999999999,0.00041,0.0059,1313.0999755859375,62.220001220703125,1761.6400146484375,18.639999389648438,3922.0400390625,6307.2001953125,13.279999732971191
2013-11-03,0.08468,0.0863,0.08324999999999999,0.00041,0.0059,1313.0999755859375,62.220001220703125,1761.6400146484375,18.639999389648438,3922.0400390625,6307.2001953125,13.279999732971191
2013-11-04,0.08468,0.0863,0.08324999999999999,0.0005099999999999999,0.00579,1314.5999755859375,62.20000076293945,1767.9300537109375,18.639999389648438,3936.590087890625,6307.2001953125,12.930000305175781
2013-11-05,0.08947,0.0863,0.08373,0.0005099999999999999,0.00582,1308.0,61.97999954223633,1762.969970703125,19.940000534057617,3939.860107421875,6253.14990234375,13.270000457763672
2013-11-06,0.08765,0.0863,0.0842,0.0005099999999999999,0.0055000000000000005,1317.699951171875,62.15999984741211,1770.489990234375,20.25,3931.949951171875,6215.14990234375,12.670000076293945
2013-11-07,0.08724,0.0863,0.08421,0.0005600000000000001,0.00536,1308.4000244140625,62.470001220703125,1747.1500244140625,19.8700008392334,3857.330078125,6187.25,13.90999984741211
2013-11-08,0.08832000000000001,0.0868,0.08517,0.00061,0.0059299999999999995,1284.5,62.849998474121094,1770.6099853515625,19.639999389648438,3919.22998046875,6140.75,12.899999618530273
2013-11-11,0.08801,0.0875,0.08613,0.00063,0.0059499999999999996,1281.0,63.34000015258789,1771.8900146484375,19.979999542236328,3919.7900390625,6078.7998046875,12.529999732971191
2013-11-12,0.08904,0.08900000000000001,0.0859,0.0007599999999999999,0.00622,1271.0999755859375,63.47999954223633,1767.68994140625,20.860000610351562,3919.919921875,6018.0498046875,12.819999694824219
2013-11-13,0.08741,0.0895,0.08542999999999999,0.0007599999999999999,0.00599,1268.300048828125,63.959999084472656,1782.0,20.450000762939453,3965.580078125,5989.60009765625,12.520000457763672
2013-11-14,0.08663,0.0892,0.08499000000000001,0.0007599999999999999,0.005699999999999999,1286.199951171875,63.369998931884766,1790.6199951171875,19.260000228881836,3972.739990234375,6056.14990234375,12.369999885559082
2013-11-15,0.08663,0.0892,0.08499000000000001,0.00079,0.0057799999999999995,1287.300048828125,63.040000915527344,1798.1800537109375,19.260000228881836,3985.969970703125,6056.14990234375,12.1899995803833
2013-11-18,0.09014,0.0894,0.08561999999999999,0.00086,0.005560000000000001,1272.199951171875,62.709999084472656,1791.530029296875,18.81999969482422,3949.070068359375,6189.0,13.100000381469727
2013-11-19,0.08994999999999999,0.0892,0.08525,0.00089,0.00575,1273.4000244140625,62.20000076293945,1787.8699951171875,19.299999237060547,3931.550048828125,6203.35009765625,13.390000343322754
2013-11-20,0.08953,0.0897,0.08439999999999999,0.0008100000000000001,0.00569,1257.9000244140625,62.11000061035156,1781.3699951171875,20.829999923706055,3921.27001953125,6122.89990234375,13.399999618530273
2013-11-21,0.09025,0.08960000000000001,0.08478999999999999,0.0007599999999999999,0.005540000000000001,1243.5,62.7599983215332,1795.8499755859375,21.139999389648438,3969.159912109375,5999.0498046875,12.65999984741211
2013-11-22,0.09082000000000001,0.0897,0.08458,0.0007599999999999999,0.005560000000000001,1244.0,62.9900016784668,1804.760009765625,20.040000915527344,3991.64990234375,5995.4501953125,12.260000228881836
2013-11-25,0.09109,0.0897,0.08452,0.0007599999999999999,0.00559,1241.0999755859375,62.2400016784668,1802.47998046875,21.049999237060547,3994.570068359375,6115.35009765625,12.789999961853027
2013-11-26,0.09044,0.0897,0.08452,0.0007099999999999999,0.005430000000000001,1241.4000244140625,62.50299835205078,1802.75,21.59000015258789,4017.75,6059.10009765625,12.8100004196167
2013-11-27,0.08932999999999999,0.0897,0.08434,0.00063,0.0054800000000000005,1237.800048828125,62.459999084472656,1807.22998046875,21.139999389648438,4044.75,6057.10009765625,12.979999542236328
2013-11-28,0.09051999999999999,0.0891,0.08453,0.00066,0.00553,1237.800048828125,62.540000915527344,1807.22998046875,20.709999084472656,4044.75,6091.85009765625,12.979999542236328
2013-11-29,0.08971,0.08869999999999999,0.08454,0.00061,0.00547,1250.5999755859375,62.41299819946289,1805.81005859375,21.3799991607666,4059.889892578125,6176.10009765625,13.699999809265137
2013-12-02,0.08962999999999999,0.08800000000000001,0.08436,0.00061,0.00561,1222.300048828125,62.459999084472656,1800.9000244140625,23.360000610351562,4045.260009765625,6217.85009765625,14.229999542236328
2013-12-03,0.08896000000000001,0.0868,0.08436,0.00063,0.00555,1221.699951171875,62.31800079345703,1795.1500244140625,24.719999313354492,4037.199951171875,6201.85009765625,14.550000190734863
2013-12-04,0.08911,0.0867,0.08299,0.0005600000000000001,0.0057399999999999994,1248.199951171875,62.362998962402344,1792.81005859375,23.709999084472656,4038.0,6160.9501953125,14.699999809265137
2013-12-05,0.08843999999999999,0.0863,0.08344,0.0005099999999999999,0.00598,1233.199951171875,61.70000076293945,1785.030029296875,21.68000030517578,4033.169921875,6241.10009765625,15.079999923706055
2013-12-06,0.0895,0.087,0.08401,0.00061,0.00614,1230.300048828125,61.58000183105469,1805.0899658203125,22.209999084472656,4062.52001953125,6259.89990234375,13.789999961853027
2013-12-09,0.08990000000000001,0.0876,0.08552,0.0007099999999999999,0.00614,1235.300048828125,61.150001525878906,1808.3699951171875,19.15999984741211,4068.75,6363.89990234375,13.489999771118164
2013-12-10,0.08886,0.0875,0.08503,0.0007099999999999999,0.0059299999999999995,1262.4000244140625,60.869998931884766,1802.6199951171875,17.979999542236328,4060.489990234375,6332.85009765625,13.90999984741211
2013-12-11,0.08901999999999999,0.0876,0.08515,0.00073,0.00649,1258.5,60.97999954223633,1782.219970703125,17.540000915527344,4003.81005859375,6307.89990234375,15.420000076293945
2013-12-12,0.08868999999999999,0.0872,0.08497,0.00068,0.006750000000000001,1226.0,61.59000015258789,1775.5,17.739999771118164,3998.39990234375,6237.0498046875,15.539999961853027
2013-12-13,0.08941,0.08710000000000001,0.08517,0.00066,0.006750000000000001,1235.699951171875,62.15999984741211,1775.3199462890625,17.84000015258789,4000.97998046875,6168.39990234375,15.760000228881836
2013-12-16,0.09042,0.0874,0.08478999999999999,0.0007099999999999999,0.006750000000000001,1245.5,62.1879997253418,1786.5400390625,18.360000610351562,4029.52001953125,6154.7001953125,16.030000686645508
2013-12-17,0.09035,0.087,0.08471999999999999,0.00066,0.0064600000000000005,1231.199951171875,61.779998779296875,1781.0,18.329999923706055,4023.679931640625,6139.0498046875,16.209999084472656
2013-12-18,0.08990000000000001,0.0863,0.08405,0.0007099999999999999,0.0064600000000000005,1236.0999755859375,61.709999084472656,1810.6500244140625,17.540000915527344,4070.06005859375,6217.14990234375,13.800000190734863
2013-12-19,0.08945,0.0864,0.08442999999999999,0.0007099999999999999,0.007019999999999999,1195.0,62.029998779296875,1809.5999755859375,16.579999923706055,4058.139892578125,6166.64990234375,14.149999618530273
2013-12-20,0.09019,0.0864,0.08467000000000001,0.00066,0.00729,1205.0999755859375,62.459999084472656,1818.3199462890625,16.020000457763672,4104.740234375,6274.25,13.789999961853027
2013-12-21,0.09019,0.0864,0.08467000000000001,0.00066,0.00729,1205.0999755859375,62.459999084472656,1818.3199462890625,16.020000457763672,4104.740234375,6274.25,13.789999961853027
2013-12-23,0.09048,0.0868,0.08539999999999999,0.0007599999999999999,0.0076100000000000004,1198.4000244140625,62.02000045776367,1827.989990234375,16.260000228881836,4148.89990234375,6284.5,13.039999961853027
2013-12-24,0.09019,0.0872,0.08606,0.00073,0.00788,1205.0999755859375,61.84000015258789,1833.3199462890625,15.579999923706055,4155.419921875,6268.39990234375,12.479999542236328
2013-12-25,0.08907,0.0872,0.08606,0.00073,0.00801,1205.0999755859375,61.74800109863281,1833.3199462890625,15.579999923706055,4155.419921875,6268.39990234375,12.479999542236328
2013-12-26,0.09086999999999999,0.0868,0.08675000000000001,0.0007099999999999999,0.0079,1214.0999755859375,61.790000915527344,1842.02001953125,14.880000114440918,4167.18017578125,6278.89990234375,12.329999923706055
2013-12-27,0.09203,0.0868,0.08693,0.00066,0.00775,1216.0999755859375,61.88999938964844,1841.4000244140625,14.65999984741211,4156.58984375,6313.7998046875,12.460000038146973
2013-12-28,0.09203,0.0868,0.08693,0.00066,0.00775,1216.0999755859375,61.88999938964844,1841.4000244140625,14.65999984741211,4156.58984375,6313.7998046875,12.460000038146973
2013-12-30,0.09075,0.08689999999999999,0.08639,0.0007099999999999999,0.00756,1203.0999755859375,61.66999816894531,1841.0699462890625,15.079999923706055,4154.2001953125,6291.10009765625,13.5600004196167
2013-12-31,0.08978,0.08529999999999999,0.08509,0.00073,0.00767,1201.9000244140625,61.779998779296875,1848.3599853515625,15.119999885559082,4176.58984375,6304.0,13.720000267028809
2014-01-01,0.0855,0.0849,0.08544,0.00073,0.00767,1201.9000244140625,61.803001403808594,1848.3599853515625,15.579999923706055,4176.58984375,6304.0,13.720000267028809
2014-01-02,0.08514,0.0868,0.08525,0.00068,0.00751,1225.0,61.84000015258789,1831.97998046875,16.549999237060547,4143.06982421875,6221.14990234375,14.229999542236328
2014-01-03,0.08485,0.08710000000000001,0.08546,0.0006900000000000001,0.0077800000000000005,1238.4000244140625,62.060001373291016,1831.3699951171875,15.869999885559082,4131.91015625,6211.14990234375,13.760000228881836
2014-01-06,0.08462,0.0868,0.08489000000000001,0.0005600000000000001,0.00754,1237.800048828125,62.22999954223633,1826.77001953125,16.5,4113.68017578125,6191.4501953125,13.550000190734863
2014-01-07,0.08542,0.0872,0.08451,0.0005099999999999999,0.00754,1229.4000244140625,62.310001373291016,1837.8800048828125,16.31999969482422,4153.18017578125,6162.25,12.920000076293945
2014-01-08,0.08558,0.0872,0.08451,0.00043,0.0088,1225.300048828125,62.08000183105469,1837.489990234375,16.31999969482422,4165.60986328125,6174.60009765625,12.869999885559082
2014-01-09,0.08666,0.0874,0.08471000000000001,0.00043,0.0088,1229.300048828125,62.119998931884766,1838.1300048828125,16.18000030517578,4156.18994140625,6168.35009765625,12.890000343322754
2014-01-10,0.08663,0.0872,0.08453,0.00041,0.00776,1246.699951171875,61.779998779296875,1842.3699951171875,15.579999923706055,4174.669921875,6171.4501953125,12.140000343322754
2014-01-13,0.08603999999999999,0.0872,0.08582000000000001,0.00037999999999999997,0.0075,1250.9000244140625,61.439998626708984,1819.199951171875,15.949999809265137,4113.2998046875,6272.75,13.279999732971191
2014-01-14,0.08603999999999999,0.0872,0.08582000000000001,0.00035000000000000005,0.00787,1245.199951171875,61.470001220703125,1838.8800048828125,15.739999771118164,4183.02001953125,6241.85009765625,12.279999732971191
2014-01-15,0.08608,0.08689999999999999,0.08377000000000001,0.00043,0.00819,1238.0999755859375,61.470001220703125,1848.3800048828125,15.420000076293945,4214.8798828125,6320.89990234375,12.279999732971191
2014-01-16,0.08584,0.08710000000000001,0.08505000000000001,0.00035000000000000005,0.00795,1240.0,61.540000915527344,1845.8900146484375,15.539999961853027,4218.68994140625,6318.89990234375,12.529999732971191
2014-01-17,0.08635,0.087,0.08513,0.00035000000000000005,0.0079,1251.699951171875,61.41999816894531,1838.699951171875,15.40999984741211,4197.580078125,6261.64990234375,12.4399995803833
2014-01-20,0.08476,0.0872,0.08358,0.00041,0.0079,1251.699951171875,61.54999923706055,1838.699951171875,15.350000381469727,4197.580078125,6303.9501953125,12.4399995803833
2014-01-21,0.0852,0.0861,0.08378000000000001,0.00035000000000000005,0.008060000000000001,1242.300048828125,61.61800003051758,1843.800048828125,15.550000190734863,4225.759765625,6313.7998046875,12.869999885559082
2014-01-22,0.08578,0.08710000000000001,0.08474999999999999,0.00035000000000000005,0.00846,1239.0,61.970001220703125,1844.8599853515625,15.850000381469727,4243.0,6338.9501953125,12.84000015258789
2014-01-23,0.08650000000000001,0.08710000000000001,0.08522,0.00041,0.00769,1262.5999755859375,61.869998931884766,1828.4599609375,15.579999923706055,4218.8798828125,6345.64990234375,13.770000457763672
2014-01-24,0.08660999999999999,0.0873,0.08613,0.00046,0.00726,1264.5,62.130001068115234,1790.2900390625,15.829999923706055,4128.169921875,6266.75,18.139999389648438
2014-01-27,0.08622999999999999,0.0874,0.0866,0.00053,0.00747,1263.5999755859375,62.72999954223633,1781.56005859375,18.670000076293945,4083.610107421875,6135.85009765625,17.420000076293945
2014-01-28,0.08710000000000001,0.0886,0.08771000000000001,0.0005099999999999999,0.00734,1251.0,63.380001068115234,1792.5,17.719999313354492,4097.9599609375,6126.25,15.800000190734863
2014-01-29,0.08784,0.0892,0.08791,0.00043,0.007019999999999999,1262.199951171875,62.380001068115234,1774.199951171875,18.040000915527344,4051.429931640625,6120.25,17.350000381469727
2014-01-30,0.08811999999999999,0.0892,0.08752,0.0002,0.007019999999999999,1242.199951171875,62.46799850463867,1794.18994140625,17.25,4123.1298828125,6073.7001953125,17.290000915527344
2014-01-31,0.08826,0.0892,0.08753,0.0002,0.006670000000000001,1240.0999755859375,62.310001373291016,1782.5899658203125,16.81999969482422,4103.8798828125,6089.5,18.40999984741211
2014-02-01,0.08826,0.0892,0.08753,0.0002,0.006670000000000001,1240.0999755859375,62.310001373291016,1782.5899658203125,16.81999969482422,4103.8798828125,6089.5,18.40999984741211
2014-02-03,0.0883,0.0891,0.08654,0.00053,0.00621,1260.4000244140625,62.5,1741.8900146484375,18.270000457763672,3996.9599609375,6001.7998046875,21.440000534057617
2014-02-04,0.08835000000000001,0.08929999999999999,0.08622999999999999,0.0005600000000000001,0.0064,1251.699951171875,62.869998931884766,1755.199951171875,18.690000534057617,4031.52001953125,6000.89990234375,19.110000610351562
2014-02-05,0.08825,0.0895,0.08622999999999999,0.00061,0.00645,1257.300048828125,62.130001068115234,1751.6400146484375,18.93000030517578,4011.550048828125,6022.39990234375,19.950000762939453
2014-02-06,0.08816,0.0894,0.08639,0.00068,0.00664,1257.5999755859375,62.22999954223633,1773.4300537109375,18.940000534057617,4057.1201171875,6036.2998046875,17.229999542236328
2014-02-07,0.08859,0.08960000000000001,0.08625,0.00086,0.00634,1263.300048828125,62.22999954223633,1797.02001953125,18.549999237060547,4125.85986328125,6063.2001953125,15.289999961853027
2014-02-10,0.08762,0.0895,0.08617000000000001,0.00068,0.00637,1274.800048828125,62.09000015258789,1799.8399658203125,19.049999237060547,4148.169921875,6053.4501953125,15.260000228881836
2014-02-11,0.08810000000000001,0.08990000000000001,0.08617000000000001,0.00068,0.0068200000000000005,1290.0999755859375,62.448001861572266,1819.75,18.6299991607666,4191.0498046875,6062.7001953125,14.510000228881836
2014-02-12,0.08947,0.09029999999999999,0.08757,0.0005099999999999999,0.00741,1295.300048828125,62.029998779296875,1819.260009765625,17.43000030517578,4201.2900390625,6084.0,14.300000190734863
2014-02-13,0.08952,0.091,0.08858,0.00033,0.006959999999999999,1300.4000244140625,61.68000030517578,1829.8299560546875,17.799999237060547,4240.669921875,6001.10009765625,14.140000343322754
2014-02-14,0.09147,0.09050000000000001,0.08859,0.0002,0.007039999999999999,1319.0,62.150001525878906,1838.6300048828125,16.65999984741211,4244.02001953125,6048.35009765625,13.569999694824219
2014-02-17,0.09139,0.0906,0.0886,0.00023,0.0070999999999999995,1319.0,61.83000183105469,1838.6300048828125,15.829999923706055,4244.02001953125,6048.35009765625,13.569999694824219
2014-02-18,0.09151,0.09050000000000001,0.08861000000000001,0.00053,0.0067,1324.699951171875,61.790000915527344,1840.760009765625,15.40999984741211,4272.77978515625,6127.10009765625,13.869999885559082
2014-02-19,0.09151,0.09050000000000001,0.08861000000000001,0.0005600000000000001,0.00699,1320.5999755859375,62.209999084472656,1828.75,15.069999694824219,4237.9501953125,6152.75,15.5
2014-02-20,0.09142,0.0907,0.08862,0.0005099999999999999,0.0070999999999999995,1317.0999755859375,62.2599983215332,1839.780029296875,15.15999984741211,4267.5498046875,6091.4501953125,14.789999961853027
2014-02-21,0.08977,0.0906,0.08863,0.00041,0.00705,1323.9000244140625,62.130001068115234,1836.25,14.039999961853027,4263.41015625,6155.4501953125,14.680000305175781
2014-02-24,0.08968,0.0902,0.08904,0.00048,0.0070999999999999995,1338.300048828125,62.0099983215332,1847.6099853515625,14.359999656677246,4292.97021484375,6186.10009765625,14.229999542236328
2014-02-25,0.08927,0.09029999999999999,0.08893000000000001,0.00046,0.006939999999999999,1343.0,62.06800079345703,1845.1199951171875,13.949999809265137,4287.58984375,6200.0498046875,13.670000076293945
2014-02-26,0.09,0.0915,0.08906,0.00048,0.0067,1328.199951171875,61.97800064086914,1845.1600341796875,13.960000038146973,4292.06005859375,6238.7998046875,14.350000381469727
2014-02-27,0.09,0.0915,0.08906,0.00046,0.0066,1331.5999755859375,62.150001525878906,1854.2900390625,13.960000038146973,4318.93017578125,6238.7998046875,14.039999961853027
2014-02-28,0.08967,0.09140000000000001,0.08868000000000001,0.0005099999999999999,0.0067,1321.4000244140625,62.02000045776367,1859.449951171875,14.180000305175781,4308.1201171875,6276.9501953125,14.0
2014-03-03,0.09117000000000001,0.09119999999999999,0.08889,0.0005099999999999999,0.00644,1350.0999755859375,61.81999969482422,1845.72998046875,15.279999732971191,4277.2998046875,6221.4501953125,16.0
2014-03-04,0.08932000000000001,0.0917,0.08869999999999999,0.0005099999999999999,0.00695,1337.800048828125,62.16999816894531,1873.9100341796875,14.390000343322754,4351.97021484375,6297.9501953125,14.100000381469727
2014-03-05,0.08968999999999999,0.0919,0.08878,0.0005600000000000001,0.006999999999999999,1340.199951171875,61.599998474121094,1873.81005859375,13.84000015258789,4357.97021484375,6328.64990234375,13.890000343322754
2014-03-06,0.08943,0.0917,0.08871000000000001,0.00053,0.00716,1351.699951171875,61.74800109863281,1877.030029296875,14.479999542236328,4352.1298828125,6401.14990234375,14.210000038146973
2014-03-07,0.08961999999999999,0.09179999999999999,0.08872999999999999,0.00053,0.00771,1338.0999755859375,60.79999923706055,1878.0400390625,16.719999313354492,4336.22021484375,6526.64990234375,14.109999656677246
2014-03-10,0.08951,0.0916,0.08901999999999999,0.0005600000000000001,0.0076500000000000005,1341.4000244140625,61.22999954223633,1877.1700439453125,17.780000686645508,4334.4501953125,6537.25,14.199999809265137
2014-03-11,0.08925000000000001,0.09179999999999999,0.08915,0.0005099999999999999,0.0076300000000000005,1346.5,60.810001373291016,1867.6300048828125,17.329999923706055,4307.18994140625,6511.89990234375,14.800000190734863
2014-03-12,0.08964,0.09230000000000001,0.08875,0.00046,0.0079,1370.300048828125,61.040000915527344,1868.199951171875,17.040000915527344,4323.330078125,6516.89990234375,14.470000267028809
2014-03-13,0.08574,0.092,0.08863,0.0005099999999999999,0.00737,1372.199951171875,60.77000045776367,1846.3399658203125,16.81999969482422,4260.419921875,6493.10009765625,16.219999313354492
2014-03-14,0.08577,0.09179999999999999,0.08919,0.00053,0.0074199999999999995,1379.0,61.459999084472656,1841.1300048828125,16.450000762939453,4245.39990234375,6504.2001953125,17.81999969482422
2014-03-17,0.08577,0.09179999999999999,0.08919,0.0005099999999999999,0.00771,1372.9000244140625,60.97999954223633,1858.8299560546875,16.450000762939453,4279.9501953125,6504.2001953125,15.640000343322754
2014-03-18,0.08563000000000001,0.0919,0.08858,0.0005600000000000001,0.00753,1359.0,61.040000915527344,1872.25,17.1299991607666,4333.31005859375,6516.64990234375,14.520000457763672
2014-03-19,0.08548,0.091,0.08837999999999999,0.00058,0.00885,1341.4000244140625,61.108001708984375,1860.77001953125,16.8799991607666,4307.60009765625,6524.0498046875,15.119999885559082
2014-03-20,0.08551,0.0904,0.08847,0.00061,0.00886,1330.5,60.95000076293945,1872.010009765625,16.90999984741211,4319.2900390625,6483.10009765625,14.520000457763672
2014-03-21,0.08542,0.0882,0.08843999999999999,0.00053,0.00899,1336.0,61.33300018310547,1866.52001953125,16.18000030517578,4276.7900390625,6493.2001953125,15.0
2014-03-24,0.08563000000000001,0.08900000000000001,0.08840999999999999,0.00048,0.009260000000000001,1311.199951171875,61.02000045776367,1857.43994140625,16.540000915527344,4226.39013671875,6583.5,15.09000015258789
2014-03-25,0.08531000000000001,0.0886,0.08821,0.0005099999999999999,0.00916,1311.4000244140625,60.59000015258789,1865.6199951171875,16.920000076293945,4234.27001953125,6589.75,14.020000457763672
2014-03-26,0.08525,0.0888,0.08768000000000001,0.0005099999999999999,0.00876,1303.4000244140625,60.220001220703125,1852.56005859375,17.770000457763672,4173.580078125,6601.39990234375,14.930000305175781
2014-03-27,0.08734,0.08869999999999999,0.08746999999999999,0.00041,0.00894,1294.699951171875,60.15999984741211,1849.0400390625,18.3700008392334,4151.22998046875,6641.75,14.619999885559082
2014-03-28,0.08495,0.0855,0.0875,0.00041,0.00911,1293.800048828125,60.237998962402344,1857.6199951171875,18.6299991607666,4155.759765625,6695.89990234375,14.40999984741211
2014-03-31,0.08495,0.0855,0.0875,0.00046,0.00871,1283.4000244140625,59.84000015258789,1872.3399658203125,21.6200008392334,4198.990234375,6704.2001953125,13.880000114440918
2014-04-01,0.08593999999999999,0.0855,0.0875,0.00041,0.00884,1279.5999755859375,59.9900016784668,1885.52001953125,20.690000534057617,4268.0400390625,6721.0498046875,13.100000381469727
2014-04-02,0.08643,0.0889,0.08888,0.0002,0.009250000000000001,1290.5,59.779998779296875,1890.9000244140625,21.209999084472656,4276.4599609375,6752.5498046875,13.09000015258789
2014-04-03,0.08637,0.08839999999999999,0.08821999999999999,0.0002,0.009300000000000001,1284.4000244140625,59.89799880981445,1888.77001953125,22.110000610351562,4237.740234375,6736.10009765625,13.369999885559082
2014-04-04,0.08647,0.0882,0.08891,0.00025,0.00869,1303.199951171875,60.38999938964844,1865.0899658203125,22.690000534057617,4127.72998046875,6694.35009765625,13.960000038146973
2014-04-07,0.08608,0.0882,0.08786,0.0003,0.00847,1298.0,59.66999816894531,1845.0400390625,24.950000762939453,4079.75,6695.0498046875,15.569999694824219
2014-04-08,0.08608,0.0882,0.08786,0.0003,0.0085,1308.699951171875,60.119998931884766,1851.9599609375,24.950000762939453,4112.990234375,6695.0498046875,14.890000343322754
2014-04-09,0.08603,0.0888,0.0875,0.00035000000000000005,0.008329999999999999,1305.5,60.09000015258789,1872.1800537109375,26.90999984741211,4183.89990234375,6796.2001953125,13.819999694824219
2014-04-10,0.08569,0.0886,0.08743000000000001,0.00033,0.00812,1320.0999755859375,59.959999084472656,1833.0799560546875,28.719999313354492,4054.110107421875,6796.39990234375,15.890000343322754
2014-04-11,0.08535999999999999,0.0885,0.08723,0.00037999999999999997,0.00801,1318.699951171875,60.29999923706055,1815.68994140625,29.190000534057617,3999.72998046875,6776.2998046875,17.030000686645508
2014-04-14,0.08535999999999999,0.0885,0.08723,0.00035000000000000005,0.0083,1327.199951171875,60.34000015258789,1830.6099853515625,29.190000534057617,4022.68994140625,6776.2998046875,16.110000610351562
2014-04-15,0.08529999999999999,0.0886,0.08698,0.00035000000000000005,0.00843,1300.0,60.34000015258789,1842.97998046875,31.8799991607666,4034.159912109375,6733.10009765625,15.609999656677246
2014-04-16,0.08524,0.0888,0.08695,0.00033,0.00864,1303.0999755859375,60.29999923706055,1862.31005859375,31.15999984741211,4086.22998046875,6675.2998046875,14.180000305175781
2014-04-17,0.08509,0.0883,0.08646000000000001,0.0003,0.0091,1293.4000244140625,60.25,1864.8499755859375,30.850000381469727,4095.52001953125,6779.39990234375,13.359999656677246
2014-04-18,0.08509,0.0883,0.08646000000000001,0.0003,0.0091,1293.4000244140625,60.290000915527344,1864.8499755859375,30.850000381469727,4095.52001953125,6779.39990234375,13.359999656677246
2014-04-21,0.08512,0.0882,0.08642,0.0003,0.00899,1288.0,60.150001525878906,1871.8900146484375,34.38999938964844,4121.5498046875,6817.64990234375,13.25
2014-04-22,0.08525,0.08839999999999999,0.08646000000000001,0.0003,0.0091,1280.5999755859375,60.47999954223633,1879.550048828125,33.349998474121094,4161.4599609375,6815.35009765625,13.1899995803833
2014-04-23,0.08654999999999999,0.08839999999999999,0.08644,0.0002,0.00902,1284.199951171875,60.757999420166016,1875.3900146484375,31.1299991607666,4126.97021484375,6840.7998046875,13.270000457763672
2014-04-24,0.08654999999999999,0.08839999999999999,0.08644,0.00015,0.008960000000000001,1290.5,61.0099983215332,1878.6099853515625,31.1299991607666,4148.33984375,6840.7998046875,13.319999694824219
2014-04-25,0.08628,0.0886,0.0863,0.00015,0.00886,1300.699951171875,61.119998931884766,1863.4000244140625,30.68000030517578,4075.56005859375,6782.75,14.0600004196167
2014-04-28,0.08622,0.0889,0.08638,0.00023,0.008960000000000001,1298.9000244140625,60.63800048828125,1869.4300537109375,31.389999389648438,4074.39990234375,6761.25,13.970000267028809
2014-04-29,0.08606,0.0888,0.0862,0.0002,0.008960000000000001,1296.0,60.643001556396484,1878.3299560546875,31.049999237060547,4103.5400390625,6715.25,13.710000038146973
2014-04-30,0.08585000000000001,0.0889,0.0864,0.00025,0.00851,1295.5999755859375,60.417999267578125,1883.949951171875,30.59000015258789,4114.56005859375,6696.39990234375,13.40999984741211
2014-05-01,0.08585000000000001,0.0889,0.0864,0.00028000000000000003,0.0084,1283.0999755859375,60.119998931884766,1883.6800537109375,30.59000015258789,4127.4501953125,6696.39990234375,13.25
2014-05-02,0.08537,0.08869999999999999,0.08625999999999999,0.00023,0.00867,1302.5999755859375,60.13999938964844,1881.1400146484375,33.060001373291016,4123.89990234375,6694.7998046875,12.90999984741211
2014-05-05,0.08541,0.08810000000000001,0.08622999999999999,0.00028000000000000003,0.00878,1309.0,60.02000045776367,1884.6600341796875,34.189998626708984,4138.06005859375,6699.35009765625,13.289999961853027
2014-05-06,0.08564,0.0882,0.0862,0.00025,0.00883,1308.300048828125,60.11000061035156,1867.719970703125,33.27000045776367,4080.760009765625,6715.2998046875,13.800000190734863
2014-05-07,0.08607,0.0882,0.08617000000000001,0.0003,0.008960000000000001,1288.5999755859375,59.97800064086914,1878.2099609375,33.61000061035156,4067.669921875,6652.5498046875,13.399999618530273
2014-05-08,0.08502000000000001,0.08810000000000001,0.08617000000000001,0.00033,0.00864,1287.4000244140625,59.88999938964844,1875.6300048828125,34.29999923706055,4051.5,6659.85009765625,13.430000305175781
2014-05-09,0.08571999999999999,0.0883,0.08619,0.00028000000000000003,0.00864,1287.300048828125,59.93000030517578,1878.47998046875,37.709999084472656,4071.8701171875,6858.7998046875,12.920000076293945
2014-05-12,0.08487,0.08810000000000001,0.08532999999999999,0.0003,0.0088,1295.5999755859375,59.849998474121094,1896.6500244140625,37.099998474121094,4143.85986328125,7014.25,12.229999542236328
2014-05-13,0.08524,0.0885,0.08602,0.00028000000000000003,0.00846,1294.5999755859375,59.41999816894531,1897.449951171875,32.04999923706055,4130.169921875,7108.75,12.130000114440918
2014-05-14,0.08524,0.0885,0.08602,0.00025,0.00817,1305.699951171875,59.310001373291016,1888.530029296875,32.41999816894531,4100.6298828125,7108.75,12.170000076293945
2014-05-15,0.08498,0.08839999999999999,0.08583,0.00025,0.007980000000000001,1293.5,59.400001525878906,1870.8499755859375,36.77000045776367,4069.2900390625,7123.14990234375,13.170000076293945
2014-05-16,0.08458,0.08800000000000001,0.08667,0.0002,0.00809,1293.300048828125,59.33000183105469,1877.8599853515625,24.290000915527344,4090.590087890625,7203.0,12.4399995803833
2014-05-19,0.08381,0.0872,0.08589000000000001,0.00025,0.00793,1293.699951171875,58.560001373291016,1885.0799560546875,20.6299991607666,4125.81005859375,7263.5498046875,12.420000076293945
2014-05-20,0.08404,0.087,0.08699,0.0003,0.00766,1294.5,58.36800003051758,1872.8299560546875,19.229999542236328,4096.89013671875,7275.5,12.960000038146973
2014-05-21,0.08388,0.0866,0.08529999999999999,0.00035000000000000005,0.00774,1288.0,58.58300018310547,1888.030029296875,17.90999984741211,4131.5400390625,7252.89990234375,11.90999984741211
2014-05-22,0.08349999999999999,0.0859,0.08567999999999999,0.00035000000000000005,0.00787,1294.9000244140625,58.6879997253418,1892.489990234375,17.84000015258789,4154.33984375,7276.39990234375,12.029999732971191
2014-05-23,0.08288999999999999,0.0857,0.08551,0.00033,0.00779,1291.5999755859375,58.27799987792969,1900.530029296875,17.700000762939453,4185.81005859375,7367.10009765625,11.359999656677246
2014-05-26,0.08414999999999999,0.0858,0.08495,0.00035000000000000005,0.00782,1291.5999755859375,58.41999816894531,1900.530029296875,19.84000015258789,4185.81005859375,7359.0498046875,11.359999656677246
2014-05-27,0.08316000000000001,0.0861,0.08476,0.00035000000000000005,0.00779,1265.4000244140625,58.650001525878906,1911.9100341796875,19.100000381469727,4237.06982421875,7318.0,11.510000228881836
2014-05-28,0.08329,0.0864,0.08458,0.00033,0.00747,1259.300048828125,59.03799819946289,1909.780029296875,17.559999465942383,4225.080078125,7329.64990234375,11.680000305175781
2014-05-29,0.08312,0.0861,0.08515,0.00035000000000000005,0.00771,1256.300048828125,58.83000183105469,1920.030029296875,16.690000534057617,4247.9501953125,7235.64990234375,11.569999694824219
2014-05-30,0.08288000000000001,0.08539999999999999,0.08459,0.0034999999999999996,0.00776,1245.5999755859375,58.900001525878906,1923.5699462890625,16.34000015258789,4242.6201171875,7229.9501953125,11.399999618530273
2014-06-02,0.08312,0.0859,0.08460000000000001,0.00035000000000000005,0.00808,1243.699951171875,59.1879997253418,1924.969970703125,16.5,4237.2001953125,7362.5,11.579999923706055
2014-06-03,0.08263,0.085,0.08403000000000001,0.00041,0.00832,1244.300048828125,59.15999984741211,1924.239990234375,15.800000190734863,4234.080078125,7415.85009765625,11.869999885559082
2014-06-04,0.08308,0.08529999999999999,0.08381,0.00035000000000000005,0.008239999999999999,1244.0,59.29999923706055,1927.8800048828125,15.569999694824219,4251.64013671875,7402.25,12.079999923706055
2014-06-05,0.08269,0.0851,0.08320999999999999,0.00035000000000000005,0.008020000000000001,1253.0,59.2599983215332,1940.4599609375,15.449999809265137,4296.22998046875,7474.10009765625,11.680000305175781
2014-06-06,0.08153,0.0848,0.0833,0.00033,0.00832,1252.0999755859375,59.16299819946289,1949.43994140625,15.979999542236328,4321.39990234375,7583.39990234375,10.729999542236328
2014-06-09,0.08102999999999999,0.0849,0.08292,0.00035000000000000005,0.00864,1253.5,59.167999267578125,1951.27001953125,17.100000381469727,4336.240234375,7654.60009765625,11.149999618530273
2014-06-10,0.08032,0.0849,0.08308,0.00035000000000000005,0.00891,1259.800048828125,59.198001861572266,1950.7900390625,16.65999984741211,4338.0,7656.39990234375,10.989999771118164
2014-06-11,0.08055999999999999,0.08529999999999999,0.08288999999999999,0.00037999999999999997,0.00928,1260.800048828125,59.119998931884766,1943.8900146484375,17.059999465942383,4331.93017578125,7626.85009765625,11.600000381469727
2014-06-12,0.08175,0.0849,0.08218,0.00041,0.0092,1273.5999755859375,59.33300018310547,1930.1099853515625,16.899999618530273,4297.6298828125,7649.89990234375,12.5600004196167
2014-06-13,0.08302,0.0855,0.08388999999999999,0.00035000000000000005,0.00931,1273.699951171875,59.28799819946289,1936.1600341796875,17.760000228881836,4310.64990234375,7542.10009765625,12.180000305175781
2014-06-16,0.08292999999999999,0.086,0.08295,0.00041,0.009519999999999999,1274.9000244140625,59.702999114990234,1937.780029296875,17.979999542236328,4321.10009765625,7533.5498046875,12.649999618530273
2014-06-17,0.08307,0.0857,0.08371,0.00041,0.00992,1271.699951171875,60.09000015258789,1941.989990234375,17.700000762939453,4337.22998046875,7631.7001953125,12.0600004196167
2014-06-18,0.08396,0.08560000000000001,0.08410000000000001,0.00025,0.00936,1272.4000244140625,60.323001861572266,1956.97998046875,18.579999923706055,4362.83984375,7558.2001953125,10.609999656677246
2014-06-19,0.08356,0.08560000000000001,0.08410000000000001,0.0002,0.00928,1313.699951171875,59.810001373291016,1959.47998046875,18.739999771118164,4359.330078125,7540.7001953125,10.619999885559082
2014-06-20,0.08375,0.08529999999999999,0.08384,0.00017999999999999998,0.00928,1316.199951171875,60.15999984741211,1962.8699951171875,18.850000381469727,4368.0400390625,7511.4501953125,10.850000381469727
2014-06-23,0.08444000000000002,0.08539999999999999,0.08546,0.00025,0.0095,1318.0,60.167999267578125,1962.6099853515625,18.959999084472656,4368.68017578125,7493.35009765625,10.979999542236328
2014-06-24,0.08481,0.0855,0.08393,0.0003,0.009340000000000001,1320.9000244140625,60.15299987792969,1949.97998046875,19.190000534057617,4350.35009765625,7580.2001953125,12.130000114440918
2014-06-25,0.08451,0.0855,0.08393,0.00025,0.00915,1322.199951171875,60.189998626708984,1959.530029296875,18.309999465942383,4379.759765625,7569.25,11.59000015258789
2014-06-26,0.08454,0.0855,0.08375,0.0003,0.00883,1316.0999755859375,59.95000076293945,1957.219970703125,17.700000762939453,4379.0498046875,7493.2001953125,11.630000114440918
2014-06-27,0.08285000000000001,0.08539999999999999,0.08384,0.00028000000000000003,0.00878,1319.0,60.08000183105469,1960.9599609375,17.6299991607666,4397.93017578125,7508.7998046875,11.260000228881836
2014-06-30,0.08287000000000001,0.0858,0.08376,0.00046,0.00867,1321.800048828125,60.03799819946289,1960.22998046875,17.8700008392334,4408.18017578125,7611.35009765625,11.569999694824219
2014-07-01,0.08289999999999999,0.085,0.08384,0.00041,0.00883,1326.4000244140625,59.970001220703125,1973.3199462890625,17.65999984741211,4458.64990234375,7634.7001953125,11.149999618530273
2014-07-02,0.08248,0.085,0.08339,0.0002,0.009210000000000001,1330.699951171875,60.02799987792969,1974.6199951171875,17.56999969482422,4457.72998046875,7725.14990234375,10.819999694824219
2014-07-03,0.08251,0.08470000000000001,0.08339,0.0001,0.00959,1320.4000244140625,59.439998626708984,1985.43994140625,17.809999465942383,4485.93017578125,7714.7998046875,10.319999694824219
2014-07-04,0.0827,0.08470000000000001,0.08377000000000001,0.0001,0.00959,1320.4000244140625,59.61000061035156,1985.43994140625,18.15999984741211,4485.93017578125,7751.60009765625,10.319999694824219
2014-07-07,0.0825,0.08449999999999999,0.08455,0.00033,0.0097,1316.5,59.71799850463867,1977.6500244140625,19.40999984741211,4451.52978515625,7787.14990234375,11.329999923706055
2014-07-08,0.08276,0.08449999999999999,0.08385,0.00033,0.009479999999999999,1316.0,59.948001861572266,1963.7099609375,19.18000030517578,4391.4599609375,7623.2001953125,11.979999542236328
2014-07-09,0.08279,0.0855,0.08405,0.00025,0.0096,1323.800048828125,59.74800109863281,1972.8299560546875,18.190000534057617,4419.02978515625,7585.0,11.649999618530273
2014-07-10,0.08305,0.08560000000000001,0.08455,0.0002,0.00941,1338.699951171875,59.757999420166016,1964.6800537109375,15.970000267028809,4396.2001953125,7567.75,12.59000015258789
2014-07-11,0.08314,0.0859,0.08421,0.0002,0.009250000000000001,1337.0,60.1879997253418,1967.5699462890625,15.720000267028809,4415.490234375,7459.60009765625,12.079999923706055
2014-07-12,0.08547,0.0859,0.08421,0.0002,0.009250000000000001,1337.0,60.1879997253418,1967.5699462890625,15.720000267028809,4415.490234375,7459.60009765625,12.079999923706055
2014-07-14,0.08294,0.0862,0.08456,0.00025,0.00949,1306.300048828125,60.0880012512207,1977.0999755859375,15.5600004196167,4440.419921875,7454.14990234375,11.819999694824219
2014-07-15,0.08308,0.0857,0.08410000000000001,0.00025,0.009729999999999999,1296.9000244140625,60.060001373291016,1973.280029296875,14.770000457763672,4416.39013671875,7526.64990234375,11.960000038146973
2014-07-16,0.08288000000000001,0.0859,0.0839,0.00025,0.00984,1299.5999755859375,60.16999816894531,1981.5699462890625,14.729999542236328,4425.97021484375,7624.39990234375,11.0
2014-07-17,0.08256000000000001,0.0858,0.08398,0.00015,0.0092,1316.699951171875,60.08000183105469,1958.1199951171875,14.970000267028809,4363.4501953125,7640.4501953125,14.539999961853027
2014-07-18,0.08265,0.0859,0.08426,0.00015,0.00968,1309.199951171875,60.599998474121094,1978.219970703125,15.100000381469727,4432.14990234375,7663.89990234375,12.0600004196167
2014-07-21,0.08256000000000001,0.0859,0.08395,0.00028000000000000003,0.00984,1313.699951171875,60.27799987792969,1973.6300048828125,14.899999618530273,4424.7001953125,7684.2001953125,12.8100004196167
2014-07-22,0.08283,0.0861,0.08359,0.00028000000000000003,0.0096,1306.0999755859375,60.25,1983.530029296875,14.640000343322754,4456.02001953125,7767.85009765625,12.239999771118164
2014-07-23,0.0825,0.0861,0.0834,0.00025,0.0095,1304.5,60.097999572753906,1987.010009765625,14.6899995803833,4473.7001953125,7795.75,11.520000457763672
2014-07-24,0.08157,0.0859,0.0834,0.00025,0.00982,1290.5999755859375,59.86000061035156,1987.97998046875,14.720000267028809,4472.10986328125,7830.60009765625,11.84000015258789
2014-07-25,0.08164999999999999,0.086,0.0834,0.0003,0.00971,1303.0999755859375,60.060001373291016,1978.3399658203125,14.220000267028809,4449.56005859375,7790.4501953125,12.6899995803833
2014-07-28,0.08219,0.0861,0.0834,0.00028000000000000003,0.009899999999999999,1303.300048828125,60.053001403808594,1978.9100341796875,14.319999694824219,4444.91015625,7748.7001953125,12.5600004196167
2014-07-29,0.08219,0.0861,0.0834,0.00035000000000000005,0.00985,1298.300048828125,60.04999923706055,1969.949951171875,14.319999694824219,4442.7001953125,7748.7001953125,13.279999732971191
2014-07-30,0.08207,0.0864,0.0836,0.00035000000000000005,0.0102,1294.9000244140625,60.040000915527344,1970.0699462890625,13.890000343322754,4462.89990234375,7791.39990234375,13.329999923706055
2014-07-31,0.0821,0.0861,0.08499000000000001,0.00025,0.00996,1281.300048828125,60.25,1930.6700439453125,13.819999694824219,4369.77001953125,7721.2998046875,16.950000762939453
2014-08-01,0.08689,0.0861,0.08380000000000001,0.00025,0.00918,1293.5999755859375,60.77000045776367,1925.1500244140625,15.220000267028809,4352.64013671875,7602.60009765625,17.030000686645508
2014-08-02,0.08664,0.0861,0.08380000000000001,0.00023,0.00918,1293.5999755859375,60.77000045776367,1925.1500244140625,15.220000267028809,4352.64013671875,7602.60009765625,17.030000686645508
2014-08-04,0.08681,0.0857,0.084,0.0002,0.00899,1287.699951171875,61.20800018310547,1938.989990234375,14.819999694824219,4383.89013671875,7683.64990234375,15.119999885559082
2014-08-05,0.08861000000000001,0.0861,0.08488,0.0003,0.00905,1284.0,60.900001525878906,1920.2099609375,13.949999809265137,4352.83984375,7746.5498046875,16.8700008392334
2014-08-06,0.08866,0.0864,0.0864,0.00025,0.00902,1306.699951171875,60.84299850463867,1920.239990234375,14.300000190734863,4355.0498046875,7672.0498046875,16.3700008392334
2014-08-07,0.08744999999999999,0.0864,0.08552,0.00025,0.00867,1310.800048828125,61.189998626708984,1909.5699462890625,14.140000343322754,4334.97021484375,7649.25,16.65999984741211
2014-08-08,0.08721999999999999,0.08650000000000001,0.08564999999999999,0.00025,0.00894,1308.9000244140625,61.237998962402344,1931.5899658203125,14.619999885559082,4370.89990234375,7568.5498046875,15.770000457763672
2014-08-11,0.08688000000000001,0.0864,0.08566000000000001,0.0003,0.00894,1308.5,61.13800048828125,1936.9200439453125,14.0,4401.330078125,7625.9501953125,14.229999542236328
2014-08-12,0.08706,0.0863,0.08566000000000001,0.0003,0.00894,1308.800048828125,61.119998931884766,1933.75,13.470000267028809,4389.25,7727.0498046875,14.130000114440918
2014-08-13,0.08685000000000001,0.0864,0.08554,0.00035000000000000005,0.00883,1312.800048828125,61.220001220703125,1946.719970703125,13.760000228881836,4434.1298828125,7739.5498046875,12.899999618530273
2014-08-14,0.08631,0.08650000000000001,0.08544,0.00033,0.00883,1313.9000244140625,61.02000045776367,1955.1800537109375,13.220000267028809,4453.0,7791.7001953125,12.420000076293945
2014-08-15,0.08631,0.08650000000000001,0.08544,0.00028000000000000003,0.00862,1304.5,60.63999938964844,1955.06005859375,13.220000267028809,4464.93017578125,7791.7001953125,13.149999618530273
2014-08-18,0.08631,0.08650000000000001,0.08544,0.00028000000000000003,0.00888,1297.699951171875,60.77299880981445,1971.739990234375,13.5,4508.31005859375,7874.25,12.319999694824219
2014-08-19,0.08675000000000001,0.0864,0.08544,0.0003,0.008960000000000001,1295.0999755859375,60.81999969482422,1981.5999755859375,13.90999984741211,4527.509765625,7897.5,12.210000038146973
2014-08-20,0.08641,0.0864,0.08484,0.0003,0.00947,1293.4000244140625,60.7400016784668,1986.510009765625,13.65999984741211,4526.47998046875,7875.2998046875,11.779999732971191
2014-08-21,0.08514,0.08650000000000001,0.08456,0.0002,0.009389999999999999,1273.699951171875,60.608001708984375,1992.3699951171875,13.729999542236328,4532.10009765625,7891.10009765625,11.760000228881836
2014-08-22,0.08500999999999999,0.0861,0.08448,0.00023,0.009689999999999999,1278.5999755859375,60.439998626708984,1988.4000244140625,13.619999885559082,4538.5498046875,7913.2001953125,11.470000267028809
2014-08-25,0.08664999999999999,0.0861,0.08465,0.0002,0.00979,1277.300048828125,60.4630012512207,1997.9200439453125,13.789999961853027,4557.35009765625,7906.2998046875,11.699999809265137
2014-08-26,0.08643,0.0861,0.08457,0.0003,0.00966,1283.800048828125,60.5099983215332,2000.02001953125,13.899999618530273,4570.64013671875,7904.75,11.630000114440918
2014-08-27,0.08621000000000001,0.0861,0.08445,0.00033,0.00955,1281.9000244140625,60.428001403808594,2000.1199951171875,13.0600004196167,4569.6201171875,7936.0498046875,11.779999732971191
2014-08-28,0.08635999999999999,0.0863,0.08446,0.00028000000000000003,0.009389999999999999,1288.699951171875,60.448001861572266,1996.739990234375,13.069999694824219,4557.7001953125,7954.35009765625,12.050000190734863
2014-08-29,0.08635999999999999,0.0863,0.08446,0.00025,0.00929,1285.800048828125,60.61000061035156,2003.3699951171875,13.069999694824219,4580.27001953125,7954.35009765625,12.09000015258789
2014-09-01,0.08709,0.0863,0.08454,0.0003,0.00937,1285.800048828125,60.51300048828125,2003.3699951171875,13.529999732971191,4580.27001953125,8027.7001953125,12.09000015258789
2014-09-02,0.087,0.086,0.08459,0.00025,0.00972,1263.699951171875,60.52299880981445,2002.280029296875,13.449999809265137,4598.18994140625,8083.0498046875,12.25
2014-09-03,0.08692,0.086,0.08446999999999999,0.00025,0.00964,1268.9000244140625,60.678001403808594,2000.719970703125,13.390000343322754,4572.56005859375,8114.60009765625,12.359999656677246
2014-09-04,0.08696999999999999,0.0861,0.08549,0.00028000000000000003,0.00986,1265.0999755859375,60.38999938964844,1997.6500244140625,13.079999923706055,4562.2900390625,8095.9501953125,12.640000343322754
2014-09-05,0.08712999999999999,0.0859,0.08489000000000001,0.00028000000000000003,0.00962,1265.800048828125,60.369998931884766,2007.7099609375,12.9399995803833,4582.89990234375,8086.85009765625,12.09000015258789
2014-09-08,0.08691,0.0862,0.0855,0.00025,0.00994,1252.699951171875,60.38800048828125,2001.5400390625,12.789999961853027,4592.2900390625,8173.89990234375,12.65999984741211
2014-09-09,0.08724,0.0862,0.08468999999999999,0.0002,0.01035,1246.800048828125,60.380001068115234,1988.43994140625,12.760000228881836,4552.2900390625,8152.9501953125,13.5
2014-09-10,0.08715999999999999,0.0859,0.08457,0.0002,0.01085,1243.5,60.790000915527344,1995.68994140625,12.930000305175781,4586.52001953125,8094.10009765625,12.880000114440918
2014-09-11,0.08679,0.086,0.08468999999999999,0.00017999999999999998,0.01077,1237.4000244140625,60.79999923706055,1997.449951171875,12.520000457763672,4591.81005859375,8085.7001953125,12.800000190734863
2014-09-12,0.08724,0.0861,0.08470000000000001,0.00015,0.010820000000000001,1229.9000244140625,60.810001373291016,1985.5400390625,12.369999885559082,4567.60009765625,8105.5,13.3100004196167
2014-09-13,0.08681,0.0861,0.08470000000000001,0.00017999999999999998,0.010820000000000001,1229.9000244140625,60.810001373291016,1985.5400390625,12.369999885559082,4567.60009765625,8105.5,13.3100004196167
2014-09-15,0.08715,0.0861,0.08471000000000001,0.00015,0.01058,1233.5999755859375,60.64799880981445,1984.1300048828125,13.260000228881836,4518.89990234375,8042.0,14.119999885559082
2014-09-16,0.08307,0.0862,0.0843,0.0002,0.01048,1235.199951171875,60.970001220703125,1998.97998046875,13.279999732971191,4552.759765625,7932.89990234375,12.729999542236328
2014-09-17,0.0864,0.0862,0.08401,0.00017999999999999998,0.01099,1234.4000244140625,61.053001403808594,2001.5699462890625,12.949999809265137,4562.18994140625,7975.5,12.649999618530273
2014-09-18,0.08603,0.086,0.08385,0.00015,0.010960000000000001,1225.699951171875,60.90800094604492,2011.3599853515625,12.329999923706055,4593.43017578125,8114.75,12.029999732971191
2014-09-19,0.08546,0.0859,0.08356999999999999,0.00017999999999999998,0.01088,1215.300048828125,60.689998626708984,2010.4000244140625,11.890000343322754,4579.7900390625,8121.4501953125,12.109999656677246
2014-09-22,0.08506999999999999,0.0857,0.0839,5e-05,0.01061,1216.800048828125,60.85300064086914,1994.2900390625,11.569999694824219,4527.68994140625,8146.2998046875,13.6899995803833
2014-09-23,0.086,0.0857,0.08381999999999999,0.00013,0.01045,1221.0,61.0,1982.77001953125,12.40999984741211,4508.68994140625,8017.5498046875,14.930000305175781
2014-09-24,0.08621000000000001,0.08539999999999999,0.08391,0.00017999999999999998,0.01064,1218.5999755859375,60.97999954223633,1998.300048828125,12.539999961853027,4555.22021484375,8002.39990234375,13.270000457763672
2014-09-25,0.08464,0.08529999999999999,0.08391,0.0001,0.010209999999999999,1221.199951171875,60.810001373291016,1965.989990234375,13.300000190734863,4466.75,7911.85009765625,15.640000343322754
2014-09-26,0.08643,0.08539999999999999,0.08392,0.00013,0.010620000000000001,1214.0999755859375,61.4900016784668,1982.8499755859375,12.930000305175781,4512.18994140625,7968.85009765625,14.850000381469727
2014-09-27,0.08598,0.08539999999999999,0.08392,0.00013,0.010620000000000001,1214.0999755859375,61.4900016784668,1982.8499755859375,12.930000305175781,4512.18994140625,7968.85009765625,14.850000381469727
2014-09-29,0.08589000000000001,0.08539999999999999,0.08380000000000001,0.00013,0.01035,1217.5,61.13800048828125,1977.800048828125,13.390000343322754,4505.85009765625,7958.89990234375,15.979999542236328
2014-09-30,0.087,0.08560000000000001,0.08393,0.00023,0.01046,1210.5,61.553001403808594,1972.2900390625,13.149999618530273,4493.39013671875,7964.7998046875,16.309999465942383
2014-10-01,0.08645,0.0849,0.08394,0.00017999999999999998,0.009729999999999999,1214.5999755859375,61.81999969482422,1946.1600341796875,13.0,4422.08984375,7945.5498046875,16.709999084472656
2014-10-02,0.08645,0.0849,0.08394,0.00015,0.00989,1214.199951171875,61.7130012512207,1946.1700439453125,13.0,4430.2001953125,7945.5498046875,16.15999984741211
2014-10-03,0.08645,0.0849,0.08394,0.00015,0.0103,1192.199951171875,61.439998626708984,1967.9000244140625,13.0,4475.6201171875,7945.5498046875,14.550000190734863
2014-10-06,0.08645,0.0849,0.08394,0.00015,0.00997,1206.699951171875,61.53799819946289,1964.8199462890625,13.0,4454.7998046875,7945.5498046875,15.460000038146973
2014-10-07,0.0862,0.0851,0.08395,0.00015,0.00946,1211.699951171875,61.209999084472656,1935.0999755859375,14.460000038146973,4385.2001953125,7852.39990234375,17.200000762939453
2014-10-08,0.08564,0.085,0.08374000000000001,0.0001,0.00899,1205.300048828125,61.27000045776367,1968.8900146484375,14.109999656677246,4468.58984375,7842.7001953125,15.109999656677246
2014-10-09,0.08616,0.0849,0.08454,0.0001,0.00912,1224.5999755859375,60.880001068115234,1928.2099609375,13.15999984741211,4378.33984375,7960.5498046875,18.760000228881836
2014-10-10,0.08618,0.085,0.08401,0.0001,0.00883,1221.0,61.02000045776367,1906.1300048828125,14.329999923706055,4276.240234375,7859.9501953125,21.239999771118164
2014-10-13,0.08593,0.08470000000000001,0.08417999999999999,0.0001,0.00835,1229.300048828125,61.27799987792969,1874.739990234375,14.5,4213.66015625,7884.25,24.639999389648438
2014-10-14,0.08573,0.085,0.08338,0.0001,0.008060000000000001,1233.5999755859375,61.00299835205078,1877.699951171875,14.59000015258789,4227.169921875,7864.0,22.790000915527344
2014-10-15,0.08493,0.085,0.08338,0.00015,0.0070599999999999994,1244.0999755859375,61.393001556396484,1862.489990234375,14.59000015258789,4215.31982421875,7864.0,25.270000457763672
2014-10-16,0.08547,0.0848,0.08334,0.00025,0.00748,1240.5,61.37300109863281,1862.760009765625,16.43000030517578,4217.39013671875,7748.2001953125,25.200000762939453
2014-10-17,0.08564999999999999,0.0848,0.08356,0.00028000000000000003,0.00787,1238.300048828125,61.722999572753906,1886.760009765625,16.399999618530273,4258.43994140625,7779.7001953125,21.989999771118164
2014-10-18,0.08564999999999999,0.0848,0.08356,0.00028000000000000003,0.00787,1238.300048828125,61.722999572753906,1886.760009765625,16.399999618530273,4258.43994140625,7779.7001953125,21.989999771118164
2014-10-20,0.08539,0.08470000000000001,0.08356999999999999,0.00025,0.00769,1244.0,61.358001708984375,1904.010009765625,14.1899995803833,4316.06982421875,7879.39990234375,18.56999969482422
2014-10-21,0.08478999999999999,0.0848,0.08315,0.00023,0.00779,1251.0,61.22800064086914,1941.280029296875,13.329999923706055,4419.47998046875,7927.75,16.079999923706055
2014-10-22,0.08526,0.0843,0.08295,0.0002,0.00774,1244.800048828125,61.143001556396484,1927.1099853515625,13.029999732971191,4382.85009765625,7995.89990234375,17.8700008392334
2014-10-23,0.08526,0.0843,0.08295,5e-05,0.008239999999999999,1228.5,61.099998474121094,1950.8199462890625,13.029999732971191,4452.7900390625,7995.89990234375,16.530000686645508
2014-10-24,0.08526,0.0843,0.08295,0.0001,0.00814,1231.199951171875,61.130001068115234,1964.5799560546875,13.029999732971191,4483.72021484375,7995.89990234375,16.110000610351562
2014-10-27,0.08431,0.084,0.08295,0.0001,0.00808,1229.0999755859375,61.16299819946289,1961.6300048828125,13.520000457763672,4485.93017578125,7991.7001953125,16.040000915527344
2014-10-28,0.08404,0.084,0.08295,0.0002,0.00832,1229.199951171875,61.29800033569336,1985.050048828125,13.319999694824219,4564.2900390625,8027.60009765625,14.390000343322754
2014-10-29,0.08359,0.08439999999999999,0.08295,0.0002,0.0091,1224.300048828125,61.180999755859375,1982.300048828125,13.010000228881836,4549.22998046875,8090.4501953125,15.149999618530273
2014-10-30,0.08342000000000001,0.0842,0.08295,0.0001,0.00891,1198.0999755859375,61.28300094604492,1994.6500244140625,13.270000457763672,4566.14013671875,8169.2001953125,14.520000457763672
2014-10-31,0.08358,0.084,0.08231999999999999,8e-05,0.00923,1171.0999755859375,61.43299865722656,2018.050048828125,13.300000190734863,4630.740234375,8322.2001953125,14.029999732971191
2014-11-03,0.08301,0.0836,0.08254,8e-05,0.00942,1169.4000244140625,61.39799880981445,2017.81005859375,13.739999771118164,4638.91015625,8324.150390625,14.729999542236328
2014-11-04,0.08301,0.0836,0.08254,0.00028000000000000003,0.00945,1167.4000244140625,61.41299819946289,2012.0999755859375,13.739999771118164,4623.64013671875,8324.150390625,14.890000343322754
2014-11-05,0.08224999999999999,0.08349999999999999,0.08169,0.00025,0.009559999999999999,1145.4000244140625,61.28799819946289,2023.5699462890625,13.760000228881836,4620.72021484375,8338.2998046875,14.170000076293945
2014-11-06,0.08224999999999999,0.08311,0.08169,0.00023,0.00991,1142.300048828125,61.369998931884766,2031.2099609375,13.760000228881836,4638.47021484375,8338.2998046875,13.670000076293945
2014-11-07,0.08311,0.083,0.08204,0.0,0.009260000000000001,1169.5999755859375,61.49300003051758,2031.9200439453125,14.109999656677246,4632.52978515625,8337.0,13.119999885559082
2014-11-10,0.08299,0.08349999999999999,0.08213,0.0002,0.0097,1159.5999755859375,61.51300048828125,2038.260009765625,13.930000305175781,4651.6201171875,8344.25,12.670000076293945
2014-11-11,0.08269,0.0837,0.08204,0.0002,0.01018,1162.800048828125,61.529998779296875,2039.6800537109375,14.800000190734863,4660.56005859375,8362.650390625,12.920000076293945
2014-11-12,0.08285999999999999,0.0834,0.08213,0.00017999999999999998,0.010049999999999998,1158.9000244140625,61.4900016784668,2038.25,14.4399995803833,4675.14013671875,8383.2998046875,13.020000457763672
2014-11-13,0.08315,0.08349999999999999,0.08278,0.0001,0.00971,1161.0999755859375,61.36800003051758,2039.3299560546875,13.800000190734863,4680.14013671875,8357.849609375,13.789999961853027
2014-11-14,0.08351000000000001,0.08349999999999999,0.08279,0.00013,0.00957,1185.0,61.59299850463867,2039.8199462890625,13.970000267028809,4688.5400390625,8389.900390625,13.3100004196167
2014-11-15,0.08351000000000001,0.08349999999999999,0.08279,0.00013,0.00957,1185.0,61.59299850463867,2039.8199462890625,13.970000267028809,4688.5400390625,8389.900390625,13.3100004196167
2014-11-17,0.08301,0.08349999999999999,0.08236,0.00015,0.00963,1183.0,61.70800018310547,2041.3199462890625,14.40999984741211,4671.0,8430.75,13.989999771118164
2014-11-18,0.08263999999999999,0.0833,0.08163000000000001,0.00017,0.009519999999999999,1196.699951171875,61.823001861572266,2051.800048828125,14.069999694824219,4702.43994140625,8425.900390625,13.859999656677246
2014-11-19,0.0828,0.0832,0.08172,5e-05,0.00974,1193.5999755859375,61.71799850463867,2048.719970703125,14.350000381469727,4675.7099609375,8382.2998046875,13.960000038146973
2014-11-20,0.08256000000000001,0.0828,0.08172,8e-05,0.00958,1190.699951171875,61.9379997253418,2052.75,14.170000076293945,4701.8701171875,8401.900390625,13.579999923706055
2014-11-21,0.0832,0.0828,0.08172,8e-05,0.00942,1197.5,61.92300033569336,2063.5,13.850000381469727,4712.97021484375,8477.349609375,12.899999618530273
2014-11-22,0.0832,0.0828,0.08172,8e-05,0.00942,1197.5,61.92300033569336,2063.5,13.850000381469727,4712.97021484375,8477.349609375,12.899999618530273
2014-11-24,0.08295,0.0827,0.08173,0.00013,0.009389999999999999,1195.5,61.7599983215332,2069.409912109375,13.020000457763672,4754.89013671875,8530.150390625,12.619999885559082
2014-11-25,0.08285000000000001,0.0827,0.08163999999999999,0.00028000000000000003,0.009260000000000001,1197.0999755859375,61.85300064086914,2067.030029296875,13.529999732971191,4758.25,8463.099609375,12.25
2014-11-26,0.08288000000000001,0.0823,0.08163999999999999,0.00017999999999999998,0.00915,1196.5999755859375,61.84000015258789,2072.830078125,12.989999771118164,4787.31982421875,8475.75,12.069999694824219
2014-11-27,0.08305,0.0825,0.08164999999999999,0.0002,0.00899,1196.5999755859375,61.78799819946289,2072.830078125,12.739999771118164,4787.31982421875,8494.2001953125,12.069999694824219
2014-11-28,0.08245,0.083,0.08178,0.00013,0.00862,1175.199951171875,61.85300064086914,2067.56005859375,12.899999618530273,4791.6298828125,8588.25,13.329999923706055
2014-12-01,0.08234,0.0823,0.08087,0.00015,0.00899,1218.0,62.202999114990234,2053.43994140625,13.199999809265137,4727.35009765625,8555.900390625,14.15999984741211
2014-12-02,0.08166999999999999,0.08259999999999999,0.08065,0.00025,0.00945,1199.199951171875,61.948001861572266,2066.550048828125,12.399999618530273,4755.81005859375,8524.7001953125,12.850000381469727
2014-12-03,0.08226000000000001,0.08259999999999999,0.08105000000000001,0.00028000000000000003,0.009689999999999999,1208.5,61.78799819946289,2074.330078125,12.369999885559082,4774.47021484375,8537.650390625,12.5
2014-12-04,0.08215,0.08259999999999999,0.08065,0.0002,0.00951,1207.5,61.85599899291992,2071.919921875,12.449999809265137,4769.43994140625,8564.400390625,12.380000114440918
2014-12-05,0.08224000000000001,0.0825,0.07987,0.00017999999999999998,0.01073,1190.0999755859375,61.78300094604492,2075.3701171875,11.949999809265137,4780.759765625,8538.2998046875,11.890000343322754
2014-12-08,0.08199,0.0825,0.08001,0.00013,0.01065,1194.699951171875,61.9109992980957,2060.31005859375,12.210000038146973,4740.68994140625,8438.25,14.210000038146973
2014-12-09,0.08202,0.08259999999999999,0.07987,0.00037999999999999997,0.01024,1231.5,61.81800079345703,2059.820068359375,12.5,4766.47021484375,8340.7001953125,15.350000381469727
2014-12-10,0.08191000000000001,0.0825,0.07953,0.0003,0.01011,1228.9000244140625,61.87300109863281,2026.1400146484375,12.239999771118164,4684.02001953125,8355.650390625,18.530000686645508
2014-12-11,0.0815,0.0824,0.07911,0.0003,0.01048,1225.0999755859375,62.00299835205078,2035.3299560546875,12.770000457763672,4708.16015625,8292.900390625,20.079999923706055
2014-12-12,0.08086,0.0823,0.07918,0.0002,0.00974,1222.0,62.472999572753906,2002.3299560546875,13.75,4653.60009765625,8224.099609375,21.079999923706055
2014-12-15,0.08147,0.0823,0.07907,0.00017999999999999998,0.01026,1207.199951171875,62.518001556396484,1989.6300048828125,14.020000457763672,4605.16015625,8219.599609375,20.420000076293945
2014-12-16,0.08298,0.0827,0.08138999999999999,0.00035000000000000005,0.00989,1193.9000244140625,63.167999267578125,1972.739990234375,16.309999465942383,4547.830078125,8067.60009765625,23.56999969482422
2014-12-17,0.08302,0.0836,0.08033,0.00025,0.01069,1194.300048828125,63.65299987792969,2012.8900146484375,16.93000030517578,4644.31005859375,8029.7998046875,19.440000534057617
2014-12-18,0.08291,0.0834,0.07998999999999999,0.00041,0.01093,1194.699951171875,63.518001556396484,2061.22998046875,14.600000381469727,4748.39990234375,8159.2998046875,16.809999465942383
2014-12-19,0.08226000000000001,0.08349999999999999,0.08034000000000001,0.00033,0.01091,1195.9000244140625,62.983001708984375,2070.64990234375,14.510000228881836,4765.3798828125,8225.2001953125,16.489999771118164
2014-12-22,0.08199,0.0836,0.08002000000000001,0.00023,0.0111,1179.699951171875,63.2400016784668,2078.5400390625,14.210000038146973,4781.419921875,8324.0,15.25
2014-12-23,0.08172,0.0833,0.07998999999999999,0.00028000000000000003,0.011659999999999998,1177.9000244140625,63.222999572753906,2082.169921875,15.300000190734863,4765.419921875,8267.0,14.800000190734863
2014-12-24,0.0821,0.0839,0.08035,0.00028000000000000003,0.01169,1173.5,63.43299865722656,2081.8798828125,15.069999694824219,4773.47021484375,8174.10009765625,14.369999885559082
2014-12-25,0.0821,0.0839,0.08035,0.0001,0.011739999999999999,1173.5,63.400001525878906,2081.8798828125,15.069999694824219,4773.47021484375,8174.10009765625,14.369999885559082
2014-12-26,0.08204,0.08380000000000001,0.08106,5e-05,0.01169,1195.300048828125,63.51300048828125,2088.77001953125,14.649999618530273,4806.85986328125,8200.7001953125,14.5
2014-12-29,0.08161,0.0836,0.08035,0.00013,0.011240000000000002,1181.699951171875,63.59000015258789,2090.570068359375,14.579999923706055,4806.91015625,8246.2998046875,15.0600004196167
2014-12-30,0.08130000000000001,0.08349999999999999,0.07964,0.0003,0.01097,1200.199951171875,63.66299819946289,2080.35009765625,14.859999656677246,4777.43994140625,8248.25,15.920000076293945
2014-12-31,0.08102000000000001,0.0833,0.07964,0.00041,0.01073,1183.9000244140625,63.37799835205078,2058.89990234375,15.119999885559082,4736.0498046875,8282.7001953125,19.200000762939453
2015-01-01,0.08167999999999999,0.083,0.08003,0.00043,0.01073,1183.9000244140625,63.02799987792969,2058.89990234375,15.029999732971191,4736.0498046875,8282.7001953125,19.200000762939453
2015-01-02,0.08257999999999999,0.083,0.08,0.0002,0.010589999999999999,1186.0,63.02799987792969,2058.199951171875,13.800000190734863,4726.81005859375,8395.4501953125,17.790000915527344
2015-01-05,0.08356999999999999,0.0828,0.08,8e-05,0.01043,1203.9000244140625,63.27799987792969,2020.5799560546875,14.149999618530273,4652.56982421875,8378.400390625,19.920000076293945
2015-01-06,0.08378000000000001,0.0839,0.08,0.0003,0.00986,1219.300048828125,63.3380012512207,2002.6099853515625,17.420000076293945,4592.740234375,8127.35009765625,21.1200008392334
2015-01-07,0.08366,0.0834,0.07983,0.00025,0.00976,1210.5999755859375,63.56800079345703,2025.9000244140625,18.139999389648438,4650.47021484375,8102.10009765625,19.309999465942383
2015-01-08,0.08353999999999999,0.08349999999999999,0.07983,0.00023,0.00976,1208.4000244140625,63.27299880981445,2062.139892578125,16.469999313354492,4736.18994140625,8234.599609375,17.010000228881836
2015-01-09,0.08317999999999999,0.0839,0.07994,0.0002,0.009210000000000001,1216.0,62.667999267578125,2044.81005859375,15.960000038146973,4704.06982421875,8284.5,17.549999237060547
2015-01-12,0.08289999999999999,0.0834,0.07923,0.00017999999999999998,0.00891,1232.699951171875,62.347999572753906,2028.260009765625,16.110000610351562,4664.7099609375,8323.0,19.600000381469727
2015-01-13,0.08294,0.0834,0.07909,0.0003,0.00893,1234.300048828125,62.06800079345703,2023.030029296875,16.479999542236328,4661.5,8299.400390625,20.559999465942383
2015-01-14,0.08281000000000001,0.08380000000000001,0.07909,0.0003,0.00838,1234.4000244140625,61.972999572753906,2011.27001953125,17.25,4639.31982421875,8277.5498046875,21.479999542236328
2015-01-15,0.08153,0.0818,0.07795,0.00028000000000000003,0.0072499999999999995,1264.699951171875,62.0880012512207,1992.6700439453125,16.15999984741211,4570.81982421875,8494.150390625,22.389999389648438
2015-01-16,0.08130000000000001,0.0812,0.07769999999999999,0.00025,0.00819,1276.9000244140625,62.05799865722656,2019.4200439453125,17.270000457763672,4634.3798828125,8513.7998046875,20.950000762939453
2015-01-19,0.08218,0.0815,0.07777,0.00025,0.007850000000000001,1276.9000244140625,61.862998962402344,2019.4200439453125,17.649999618530273,4634.3798828125,8550.7001953125,20.950000762939453
2015-01-20,0.08172,0.0819,0.07751999999999999,0.00015,0.00835,1294.199951171875,61.63800048828125,2022.550048828125,17.270000457763672,4654.85009765625,8695.599609375,19.889999389648438
2015-01-21,0.07919999999999999,0.0819,0.07734,0.00025,0.00875,1293.699951171875,61.64799880981445,2032.1199951171875,17.709999084472656,4667.419921875,8729.5,18.850000381469727
2015-01-22,0.07923,0.0818,0.07734,0.0002,0.008960000000000001,1300.699951171875,61.553001403808594,2063.14990234375,18.56999969482422,4750.39990234375,8761.400390625,16.399999618530273
2015-01-23,0.07951,0.0816,0.07681,0.00017999999999999998,0.00851,1292.5999755859375,61.597999572753906,2051.820068359375,17.889999389648438,4757.8798828125,8835.599609375,16.65999984741211
2015-01-26,0.07951,0.0816,0.07681,0.0001,0.00878,1279.4000244140625,61.43299865722656,2057.090087890625,17.889999389648438,4771.759765625,8835.599609375,15.520000457763672
2015-01-27,0.08007,0.0815,0.07708999999999999,0.00025,0.00872,1291.699951171875,61.472999572753906,2029.550048828125,18.09000015258789,4681.5,8910.5,17.219999313354492
2015-01-28,0.0801,0.0821,0.07708999999999999,0.0002,0.008,1285.9000244140625,61.40299987792969,2002.1600341796875,19.770000457763672,4637.990234375,8914.2998046875,20.440000534057617
2015-01-29,0.07978,0.0819,0.07730000000000001,0.00015,0.008289999999999999,1254.5999755859375,61.35100173950195,2021.25,19.43000030517578,4683.41015625,8952.349609375,18.760000228881836
2015-01-30,0.08055999999999999,0.0818,0.07716,0.00013,0.00736,1278.5,61.79600143432617,1994.989990234375,20.170000076293945,4635.240234375,8808.900390625,20.969999313354492
2015-02-02,0.0806,0.0825,0.07705000000000001,0.0001,0.0076500000000000005,1276.199951171875,62.01300048828125,2020.8499755859375,20.40999984741211,4676.68994140625,8797.400390625,19.43000030517578
2015-02-03,0.08009000000000001,0.0818,0.07751999999999999,0.00023,0.008369999999999999,1259.699951171875,61.72800064086914,2050.030029296875,19.809999465942383,4727.740234375,8756.5498046875,17.329999923706055
2015-02-04,0.08102999999999999,0.0823,0.07780000000000001,0.00015,0.008,1263.800048828125,61.61399841308594,2041.510009765625,20.049999237060547,4716.7001953125,8723.7001953125,18.329999923706055
2015-02-05,0.08071,0.0825,0.07759,0.00015,0.00848,1262.0,61.86000061035156,2062.52001953125,20.6200008392334,4765.10009765625,8711.7001953125,16.850000381469727
2015-02-06,0.08064,0.0827,0.07748000000000001,0.00023,0.010129999999999998,1233.9000244140625,61.733001708984375,2055.469970703125,20.690000534057617,4744.39990234375,8661.0498046875,17.290000915527344
2015-02-09,0.08048999999999999,0.0824,0.07748000000000001,0.0001,0.010320000000000001,1240.800048828125,61.9630012512207,2046.739990234375,22.020000457763672,4726.009765625,8526.349609375,18.549999237060547
2015-02-10,0.08071999999999999,0.08259999999999999,0.07744,0.0001,0.0103,1231.5999755859375,62.130001068115234,2068.590087890625,21.190000534057617,4787.64013671875,8565.5498046875,17.229999542236328
2015-02-11,0.08038000000000001,0.083,0.07788,0.0001,0.010740000000000001,1219.0,62.34199905395508,2068.530029296875,20.5,4801.18017578125,8627.400390625,16.959999084472656
2015-02-12,0.08174,0.0828,0.07795,0.00013,0.010209999999999999,1220.0999755859375,62.38199996948242,2088.47998046875,20.15999984741211,4857.60986328125,8711.5498046875,15.34000015258789
2015-02-13,0.08054,0.083,0.07751999999999999,0.0001,0.01045,1226.5,62.16999816894531,2096.989990234375,20.100000381469727,4893.83984375,8805.5,14.6899995803833
2015-02-16,0.07849,0.083,0.07777,0.0001,0.01019,1226.5,62.069000244140625,2096.989990234375,20.829999923706055,4893.83984375,8809.349609375,14.6899995803833
2015-02-17,0.07849,0.083,0.07777,0.00013,0.01088,1208.0999755859375,62.18600082397461,2100.340087890625,20.829999923706055,4899.27001953125,8809.349609375,15.800000190734863
2015-02-18,0.07873000000000001,0.0837,0.07788,0.0002,0.01016,1199.699951171875,62.11199951171875,2099.679931640625,20.90999984741211,4906.35986328125,8869.099609375,15.449999809265137
2015-02-19,0.07917,0.0837,0.07788,0.0002,0.01048,1207.0999755859375,62.07400131225586,2097.449951171875,20.399999618530273,4924.7001953125,8895.2998046875,15.289999961853027
2015-02-20,0.07796,0.08380000000000001,0.07762,0.00015,0.01056,1204.4000244140625,62.165000915527344,2110.300048828125,21.270000457763672,4955.97021484375,8833.599609375,14.300000190734863
2015-02-23,0.07827,0.0842,0.07788,0.0002,0.010209999999999999,1200.300048828125,62.10100173950195,2109.659912109375,21.6299991607666,4960.97021484375,8754.9501953125,14.5600004196167
2015-02-24,0.07843,0.08470000000000001,0.07799,0.00023,0.00955,1196.9000244140625,62.17100143432617,2115.47998046875,21.549999237060547,4968.1201171875,8762.099609375,13.6899995803833
2015-02-25,0.07844000000000001,0.08380000000000001,0.07788,0.0002,0.00968,1201.0,62.233001708984375,2113.860107421875,20.780000686645508,4967.14013671875,8767.25,13.84000015258789
2015-02-26,0.07889,0.084,0.07795,0.0002,0.01027,1209.5999755859375,61.87699890136719,2110.739990234375,20.579999923706055,4987.89013671875,8683.849609375,13.90999984741211
2015-02-27,0.07873999999999999,0.08380000000000001,0.07792,0.00015,0.01,1212.5999755859375,61.75400161743164,2104.5,19.56999969482422,4963.52978515625,8844.599609375,13.34000015258789
2015-03-02,0.07912,0.08380000000000001,0.07825,0.00013,0.01048,1207.699951171875,61.6510009765625,2117.389892578125,15.850000381469727,5008.10009765625,8956.75,13.039999961853027
2015-03-03,0.07929,0.08380000000000001,0.07859,0.0,0.01075,1204.0,61.9010009765625,2107.780029296875,15.489999771118164,4979.89990234375,8996.25,13.859999656677246
2015-03-04,0.07833,0.08259999999999999,0.07748000000000001,0.00015,0.01048,1200.5999755859375,61.8129997253418,2098.530029296875,15.199999809265137,4967.14013671875,8922.650390625,14.229999542236328
2015-03-05,0.0786,0.08220000000000001,0.07769999999999999,0.0001,0.01038,1195.9000244140625,62.30500030517578,2101.0400390625,14.4399995803833,4982.81005859375,8937.75,14.039999961853027
2015-03-06,0.0786,0.08220000000000001,0.07769999999999999,0.00013,0.011439999999999999,1164.0999755859375,62.44300079345703,2071.260009765625,14.4399995803833,4927.3701171875,8937.75,15.199999809265137
2015-03-09,0.07885,0.0823,0.07796,0.0001,0.01106,1166.4000244140625,62.452999114990234,2079.429931640625,15.8100004196167,4942.43994140625,8756.75,15.0600004196167
2015-03-10,0.07931,0.08289999999999999,0.07826,0.00015,0.01068,1160.0999755859375,62.67300033569336,2044.1600341796875,15.529999732971191,4859.7900390625,8712.0498046875,16.690000534057617
2015-03-11,0.0794,0.0832,0.07815,0.00017999999999999998,0.01098,1150.699951171875,62.7130012512207,2040.239990234375,15.130000114440918,4849.93994140625,8699.9501953125,16.8700008392334
2015-03-12,0.07942,0.0832,0.07789,0.00023,0.01077,1152.0999755859375,62.755001068115234,2065.949951171875,14.75,4893.2900390625,8776.0,15.420000076293945
2015-03-13,0.08007999999999998,0.0833,0.07857,0.00028000000000000003,0.01072,1152.5999755859375,62.53499984741211,2053.39990234375,14.970000267028809,4871.759765625,8647.75,16.0
2015-03-16,0.08016999999999999,0.08349999999999999,0.07864,0.00035999999999999997,0.01056,1153.300048828125,63.07600021362305,2081.18994140625,15.180000305175781,4929.509765625,8633.150390625,15.609999656677246
2015-03-17,0.07965,0.0837,0.07919999999999999,0.00053,0.01069,1148.300048828125,62.78900146484375,2074.280029296875,15.130000114440918,4937.43017578125,8723.2998046875,15.65999984741211
2015-03-18,0.07943,0.08310000000000001,0.07864,0.00048,0.00912,1151.4000244140625,62.61600112915039,2099.5,15.510000228881836,4982.830078125,8685.900390625,13.970000267028809
2015-03-19,0.07868,0.0825,0.0779,0.00015,0.00992,1169.0999755859375,62.69300079345703,2089.27001953125,15.199999809265137,4992.3798828125,8634.650390625,14.069999694824219
2015-03-20,0.07841000000000001,0.083,0.07779,8e-05,0.009439999999999999,1184.800048828125,62.483001708984375,2108.10009765625,14.260000228881836,5026.419921875,8570.900390625,13.020000457763672
2015-03-23,0.07936,0.083,0.0779,5e-05,0.009250000000000001,1188.0,62.40299987792969,2104.419921875,14.270000457763672,5010.97021484375,8550.900390625,13.40999984741211
2015-03-24,0.07852,0.083,0.0779,0.0002,0.00904,1191.699951171875,62.222999572753906,2091.5,13.670000076293945,4994.72998046875,8542.9501953125,13.619999885559082
2015-03-25,0.07892,0.08289999999999999,0.07824,0.00023,0.00941,1197.300048828125,62.27799987792969,2061.050048828125,13.140000343322754,4876.52001953125,8530.7998046875,15.4399995803833
2015-03-26,0.07901,0.08289999999999999,0.07847,0.00035999999999999997,0.00963,1205.0999755859375,62.46200180053711,2056.14990234375,15.15999984741211,4863.35986328125,8342.150390625,15.800000190734863
2015-03-27,0.07905999999999999,0.083,0.07825,0.00037999999999999997,0.009300000000000001,1199.800048828125,62.82899856567383,2061.02001953125,14.5,4891.22021484375,8341.400390625,15.069999694824219
2015-03-30,0.07905999999999999,0.0827,0.07821,0.00028000000000000003,0.00914,1184.800048828125,62.51499938964844,2086.239990234375,14.260000228881836,4947.43994140625,8492.2998046875,14.510000228881836
2015-03-31,0.07797,0.0788,0.07791000000000001,0.00035999999999999997,0.00882,1183.0999755859375,62.50899887084961,2067.889892578125,14.489999771118164,4900.8798828125,8491.0,15.289999961853027
2015-04-01,0.07797,0.0788,0.07791000000000001,0.00037999999999999997,0.00852,1208.0999755859375,62.305999755859375,2059.68994140625,13.670000076293945,4880.22998046875,8586.25,15.109999656677246
2015-04-02,0.07797,0.0788,0.07791000000000001,0.00015,0.0086,1200.9000244140625,62.16899871826172,2066.9599609375,13.670000076293945,4886.93994140625,8586.25,14.670000076293945
2015-04-03,0.07797,0.0788,0.07791000000000001,0.00013,0.00784,1200.9000244140625,62.060001373291016,2066.9599609375,13.670000076293945,4886.93994140625,8586.25,14.670000076293945
2015-04-06,0.07806,0.0783,0.07735,0.0001,0.00808,1218.5999755859375,62.060001373291016,2080.6201171875,14.569999694824219,4917.31982421875,8659.900390625,14.739999771118164
2015-04-07,0.07776,0.0794,0.07826,0.00025,0.0083,1210.5999755859375,62.060001373291016,2076.330078125,14.25,4910.22998046875,8660.2998046875,14.779999732971191
2015-04-08,0.0788,0.0786,0.07868,0.00023,0.00877,1203.0999755859375,62.308998107910156,2081.89990234375,14.350000381469727,4950.81982421875,8714.400390625,13.979999542236328
2015-04-09,0.07882,0.0785,0.07773,0.00025,0.00909,1193.5999755859375,62.18199920654297,2091.179931640625,14.420000076293945,4974.56005859375,8778.2998046875,13.09000015258789
2015-04-10,0.07887,0.079,0.07754,0.0002,0.00914,1204.5999755859375,62.31399917602539,2102.06005859375,14.260000228881836,4995.97998046875,8780.349609375,12.579999923706055
2015-04-13,0.07914,0.0785,0.07768,0.00013,0.00887,1199.300048828125,62.26900100708008,2092.429931640625,14.489999771118164,4988.25,8834.0,13.9399995803833
2015-04-14,0.07914,0.0785,0.07768,0.00015,0.00861,1192.800048828125,62.39099884033203,2095.840087890625,14.489999771118164,4977.2900390625,8834.0,13.670000076293945
2015-04-15,0.07867,0.0785,0.07780000000000001,0.0002,0.0084,1201.5,62.31399917602539,2106.6298828125,14.619999885559082,5011.02001953125,8834.0,12.84000015258789
2015-04-16,0.07876999999999999,0.0785,0.0776,0.00017999999999999998,0.008239999999999999,1198.0,62.38999938964844,2104.989990234375,14.949999809265137,5007.7900390625,8706.7001953125,12.600000381469727
2015-04-17,0.07882,0.0788,0.07751999999999999,0.00017999999999999998,0.00843,1202.9000244140625,62.32600021362305,2081.179931640625,15.039999961853027,4931.81005859375,8606.0,13.890000343322754
2015-04-20,0.07884000000000001,0.0788,0.07751999999999999,0.00017999999999999998,0.00851,1193.5,62.542999267578125,2100.39990234375,16.299999237060547,4994.60009765625,8448.099609375,13.300000190734863
2015-04-21,0.07869,0.0788,0.07771,0.00025,0.00851,1202.9000244140625,63.14500045776367,2097.2900390625,17.030000686645508,5014.10009765625,8377.75,13.25
2015-04-22,0.07862,0.079,0.07763,0.00025,0.008960000000000001,1186.9000244140625,62.87799835205078,2107.9599609375,17.209999084472656,5035.169921875,8429.7001953125,12.710000038146973
2015-04-23,0.07847,0.0788,0.07767,0.00025,0.00873,1194.4000244140625,62.935001373291016,2112.929931640625,18.5,5056.06005859375,8398.2998046875,12.479999542236328
2015-04-24,0.07869,0.0795,0.07828,0.0002,0.00836,1175.199951171875,63.2869987487793,2117.68994140625,19.110000610351562,5092.080078125,8305.25,12.289999961853027
2015-04-27,0.07829,0.079,0.07804,0.00017999999999999998,0.00857,1203.300048828125,63.654998779296875,2108.919921875,18.739999771118164,5060.25,8213.7998046875,13.119999885559082
2015-04-28,0.07831,0.0793,0.07789,0.00017999999999999998,0.00895,1214.0,63.13999938964844,2114.760009765625,17.40999984741211,5055.419921875,8285.599609375,12.40999984741211
2015-04-29,0.07816,0.0794,0.07827,8e-05,0.00895,1209.800048828125,63.03300094604492,2106.85009765625,17.239999771118164,5023.64013671875,8239.75,13.390000343322754
2015-04-30,0.07866,0.0795,0.07865,5e-05,0.00906,1182.4000244140625,63.44200134277344,2085.510009765625,17.229999542236328,4941.419921875,8181.5,14.550000190734863
2015-05-01,0.07866,0.0795,0.07865,8e-05,0.00949,1174.5,63.52299880981445,2108.2900390625,17.229999542236328,5005.39013671875,8181.5,12.699999809265137
2015-05-04,0.07866,0.0795,0.07865,8e-05,0.009439999999999999,1186.800048828125,63.52299880981445,2114.489990234375,17.309999465942383,5016.93017578125,8331.9501953125,12.850000381469727
2015-05-05,0.07876,0.07919999999999999,0.07858,0.00013,0.00988,1193.199951171875,63.59299850463867,2089.4599609375,17.360000610351562,4939.330078125,8324.7998046875,14.3100004196167
2015-05-06,0.07886,0.07980000000000001,0.0799,0.00015,0.01018,1190.300048828125,63.34400177001953,2080.14990234375,19.670000076293945,4919.64013671875,8097.0,15.149999618530273
2015-05-07,0.07972,0.0796,0.08021,0.0001,0.0101,1182.4000244140625,63.65999984741211,2088.0,19.649999618530273,4945.5400390625,8057.2998046875,15.130000114440918
2015-05-08,0.07961,0.0799,0.08002000000000001,8e-05,0.00929,1189.0999755859375,64.08200073242188,2116.10009765625,19.110000610351562,5003.5498046875,8191.5,12.859999656677246
2015-05-11,0.07919999999999999,0.0795,0.07908,0.00013,0.00997,1183.199951171875,63.70399856567383,2105.330078125,18.6299991607666,4993.56982421875,8325.25,13.850000381469727
2015-05-12,0.07905000000000001,0.0795,0.07904,0.00023,0.0097,1192.5999755859375,64.0199966430664,2099.1201171875,20.549999237060547,4976.18994140625,8126.9501953125,13.859999656677246
2015-05-13,0.07856,0.08,0.07931,0.0002,0.00974,1218.4000244140625,64.21099853515625,2098.47998046875,20.690000534057617,4981.68994140625,8235.4501953125,13.760000228881836
2015-05-14,0.07798,0.08,0.07927,0.00017999999999999998,0.009210000000000001,1225.4000244140625,64.04399871826172,2121.10009765625,20.700000762939453,5050.7998046875,8224.2001953125,12.739999771118164
2015-05-15,0.07915,0.0795,0.07912,0.00015,0.00904,1225.5,63.40800094604492,2122.72998046875,19.81999969482422,5048.2900390625,8262.349609375,12.380000114440918
2015-05-18,0.07882,0.07919999999999999,0.07904,0.00013,0.0096,1227.800048828125,63.43299865722656,2129.199951171875,17.899999618530273,5078.43994140625,8373.650390625,12.729999542236328
2015-05-19,0.07901,0.0795,0.07864,0.0002,0.01016,1206.9000244140625,63.729000091552734,2127.830078125,18.270000457763672,5070.02978515625,8365.650390625,12.850000381469727
2015-05-20,0.07799,0.079,0.07821,0.00023,0.00984,1208.9000244140625,63.78499984741211,2125.85009765625,17.719999313354492,5071.740234375,8423.25,12.880000114440918
2015-05-21,0.07757,0.0784,0.07786,0.00017999999999999998,0.009519999999999999,1204.4000244140625,63.625,2130.820068359375,17.40999984741211,5090.7900390625,8421.0,12.109999656677246
2015-05-22,0.07832,0.0785,0.07777,0.0002,0.00997,1204.300048828125,63.625999450683594,2126.06005859375,16.950000762939453,5089.35986328125,8458.9501953125,12.130000114440918
2015-05-25,0.07773,0.0781,0.07777,0.0002,0.010029999999999999,1204.300048828125,63.483001708984375,2126.06005859375,16.93000030517578,5089.35986328125,8370.25,12.130000114440918
2015-05-26,0.07783000000000001,0.0782,0.07812999999999999,0.00015,0.00981,1187.199951171875,63.57099914550781,2104.199951171875,17.06999969482422,5032.75,8339.349609375,14.0600004196167
2015-05-27,0.07740999999999999,0.0785,0.07805,0.00017999999999999998,0.00987,1185.9000244140625,63.97600173950195,2123.47998046875,17.280000686645508,5106.58984375,8334.599609375,13.270000457763672
2015-05-28,0.07725,0.078,0.078,8e-05,0.00957,1188.0999755859375,63.874000549316406,2120.7900390625,17.1299991607666,5097.97998046875,8319.0,13.3100004196167
2015-05-29,0.07728,0.0785,0.07783999999999999,3e-05,0.00927,1189.4000244140625,63.82500076293945,2107.389892578125,16.65999984741211,5070.02978515625,8433.650390625,13.84000015258789
2015-05-30,0.0779,0.0785,0.07783999999999999,2e-05,0.00927,1189.4000244140625,63.82500076293945,2107.389892578125,16.65999984741211,5070.02978515625,8433.650390625,13.84000015258789
2015-06-01,0.07703,0.078,0.07804,0.0001,0.00981,1188.300048828125,63.736000061035156,2111.72998046875,16.90999984741211,5082.93017578125,8433.400390625,13.970000267028809
2015-06-02,0.07696,0.077,0.07844000000000001,0.00015,0.010049999999999998,1194.0999755859375,63.61000061035156,2109.60009765625,16.81999969482422,5076.52001953125,8236.4501953125,14.239999771118164
2015-06-03,0.0767,0.0767,0.07891,0.00015,0.01046,1184.699951171875,63.6619987487793,2114.070068359375,17.510000228881836,5099.22998046875,8135.10009765625,13.65999984741211
2015-06-04,0.07734,0.0765,0.07902999999999999,0.00013,0.01024,1174.9000244140625,64.05899810791016,2095.840087890625,18.1200008392334,5059.1201171875,8130.64990234375,14.710000038146973
2015-06-05,0.07703,0.0765,0.07883,0.00017999999999999998,0.011000000000000001,1167.800048828125,64.0009994506836,2092.830078125,18.09000015258789,5068.4599609375,8114.7001953125,14.210000038146973
2015-06-06,0.07703,0.0765,0.07883,0.00017999999999999998,0.011000000000000001,1167.800048828125,64.0009994506836,2092.830078125,18.09000015258789,5068.4599609375,8114.7001953125,14.210000038146973
2015-06-08,0.07795,0.0766,0.07902999999999999,0.00015,0.01065,1173.199951171875,63.762001037597656,2079.280029296875,18.889999389648438,5021.6298828125,8044.14990234375,15.289999961853027
2015-06-09,0.07662,0.0768,0.07883,0.00017999999999999998,0.01109,1177.300048828125,63.97600173950195,2080.14990234375,18.010000228881836,5013.8701171875,8022.39990234375,14.470000267028809
2015-06-10,0.07636,0.07719999999999999,0.07891,0.00017999999999999998,0.01149,1186.0999755859375,64.03800201416016,2105.199951171875,17.079999923706055,5076.68994140625,8124.4501953125,13.220000267028809
2015-06-11,0.07728,0.077,0.07964,0.00013,0.01117,1179.9000244140625,63.79899978637695,2108.860107421875,17.809999465942383,5082.509765625,7965.35009765625,12.850000381469727
2015-06-12,0.07688,0.07730000000000001,0.07964,0.0001,0.01133,1178.800048828125,63.999000549316406,2094.110107421875,17.479999542236328,5051.10009765625,7982.89990234375,13.779999732971191
2015-06-15,0.07671,0.0767,0.07944,0.0001,0.011040000000000001,1185.300048828125,64.09200286865234,2084.429931640625,17.520000457763672,5029.97021484375,8013.89990234375,15.390000343322754
2015-06-16,0.07673,0.0768,0.07944,0.00013,0.0108,1180.5,64.052001953125,2096.2900390625,17.170000076293945,5055.5498046875,8047.2998046875,14.8100004196167
2015-06-17,0.07647,0.0768,0.07932,0.00013,0.010320000000000001,1176.4000244140625,64.18199920654297,2100.43994140625,16.729999542236328,5064.8798828125,8091.5498046875,14.5
2015-06-18,0.07611,0.0764,0.07863,0.0001,0.01019,1201.5,64.00299835205078,2121.239990234375,16.020000457763672,5132.9501953125,8174.60009765625,13.1899995803833
2015-06-19,0.07579,0.07719999999999999,0.07831,8e-05,0.00986,1201.5,63.64500045776367,2109.989990234375,15.09000015258789,5117.0,8224.9501953125,13.960000038146973
2015-06-22,0.07525,0.0762,0.07823000000000001,8e-05,0.0105,1183.699951171875,63.492000579833984,2122.85009765625,15.489999771118164,5153.97021484375,8353.099609375,12.739999771118164
2015-06-23,0.07563,0.0762,0.07851,0.00013,0.010660000000000001,1176.199951171875,63.50699996948242,2124.199951171875,15.039999961853027,5160.08984375,8381.5498046875,12.109999656677246
2015-06-24,0.07565000000000001,0.0762,0.07835,0.0001,0.01045,1172.5999755859375,63.599998474121094,2108.580078125,15.920000076293945,5122.41015625,8360.849609375,13.260000228881836
2015-06-25,0.07697,0.077,0.07892,5e-05,0.01061,1171.5,63.5620002746582,2102.31005859375,15.930000305175781,5112.18994140625,8398.0,14.010000228881836
2015-06-26,0.07702,0.0768,0.07945,5e-05,0.01087,1172.9000244140625,63.51100158691406,2101.489990234375,15.760000228881836,5080.509765625,8381.099609375,14.020000457763672
2015-06-29,0.07751000000000001,0.0768,0.07896,5e-05,0.00983,1178.5,63.444000244140625,2057.639892578125,17.299999237060547,4958.47021484375,8318.400390625,18.850000381469727
2015-06-30,0.07676999999999999,0.0761,0.07871,0.0002,0.010009999999999998,1171.5,63.7239990234375,2063.110107421875,16.93000030517578,4986.8701171875,8368.5,18.229999542236328
2015-07-01,0.07651,0.0759,0.07896,0.00013,0.010660000000000001,1169.0,63.59000015258789,2077.419921875,15.850000381469727,5013.1201171875,8453.0498046875,16.09000015258789
2015-07-02,0.07624,0.0755,0.07863,8e-05,0.00993,1163.0,63.57400131225586,2076.780029296875,15.5600004196167,5009.2099609375,8444.900390625,16.790000915527344
2015-07-03,0.07562,0.07629999999999999,0.07843,8e-05,0.00993,1163.0,63.369998931884766,2076.780029296875,16.309999465942383,5009.2099609375,8484.900390625,16.790000915527344
2015-07-06,0.07544,0.0745,0.07822,0.0001,0.00936,1172.9000244140625,63.40399932861328,2068.760009765625,16.020000457763672,4991.93994140625,8522.150390625,17.010000228881836
2015-07-07,0.07498,0.0747,0.07818,0.00015,0.009300000000000001,1152.4000244140625,63.3650016784668,2081.340087890625,16.309999465942383,4997.4599609375,8510.7998046875,16.09000015258789
2015-07-08,0.07528,0.0754,0.07843,0.00015,0.00915,1163.300048828125,63.518001556396484,2046.6800537109375,17.790000915527344,4909.759765625,8363.0498046875,19.65999984741211
2015-07-09,0.07549,0.075,0.07831,0.00017999999999999998,0.00968,1159.0,63.5620002746582,2051.31005859375,17.440000534057617,4922.39990234375,8328.5498046875,19.969999313354492
2015-07-10,0.07543,0.0751,0.0781,0.00015,0.010289999999999999,1157.699951171875,63.36399841308594,2076.6201171875,17.06999969482422,4997.7001953125,8360.5498046875,16.829999923706055
2015-07-13,0.07564,0.0755,0.07987,-3e-05,0.010740000000000001,1155.199951171875,63.35200119018555,2099.60009765625,16.270000457763672,5071.509765625,8459.650390625,13.899999618530273
2015-07-14,0.07556,0.0755,0.07905000000000001,0.00015,0.010289999999999999,1153.300048828125,63.513999938964844,2108.949951171875,16.010000228881836,5104.89013671875,8454.099609375,13.369999885559082
2015-07-15,0.07558,0.07519999999999999,0.07917,0.0002,0.010129999999999998,1147.199951171875,63.32400131225586,2107.39990234375,15.569999694824219,5098.93994140625,8523.7998046875,13.229999542236328
2015-07-16,0.07569,0.07519999999999999,0.07901,0.00017999999999999998,0.01042,1143.800048828125,63.52399826049805,2124.2900390625,14.779999732971191,5163.18017578125,8608.0498046875,12.109999656677246
2015-07-17,0.07583999999999999,0.0753,0.07901,0.0002,0.01054,1131.800048828125,63.481998443603516,2126.639892578125,14.800000190734863,5210.14013671875,8609.849609375,11.949999809265137
2015-07-18,0.07603,0.0753,0.07901,0.0002,0.01054,1131.800048828125,63.481998443603516,2126.639892578125,14.800000190734863,5210.14013671875,8609.849609375,11.949999809265137
2015-07-20,0.07576,0.07519999999999999,0.07918,0.00028000000000000003,0.01094,1106.699951171875,63.48400115966797,2128.280029296875,14.960000038146973,5218.85986328125,8603.4501953125,12.25
2015-07-21,0.07567,0.07519999999999999,0.07905000000000001,0.00035999999999999997,0.01054,1103.4000244140625,63.625,2119.2099609375,15.100000381469727,5208.1201171875,8529.4501953125,12.220000267028809
2015-07-22,0.07589,0.07519999999999999,0.07897,0.00035999999999999997,0.01083,1091.4000244140625,63.58300018310547,2114.14990234375,15.130000114440918,5171.77001953125,8633.5,12.119999885559082
2015-07-23,0.07581,0.0746,0.07885,0.00035999999999999997,0.0106,1094.0,63.66400146484375,2102.14990234375,15.520000457763672,5146.41015625,8589.7998046875,12.640000343322754
2015-07-24,0.07586,0.0747,0.07885,0.00037999999999999997,0.010409999999999999,1085.5999755859375,63.847999572753906,2079.64990234375,15.460000038146973,5088.6298828125,8521.5498046875,13.739999771118164
2015-07-27,0.07586999999999999,0.07440000000000001,0.07881,0.00033,0.00998,1096.5,64.0999984741211,2067.639892578125,16.3700008392334,5039.77978515625,8361.0,15.600000381469727
2015-07-28,0.07609,0.07429999999999999,0.07843,0.00053,0.0102,1096.300048828125,64.21700286865234,2093.25,15.920000076293945,5089.2099609375,8337.0,13.4399995803833
2015-07-29,0.07601,0.0745,0.0786,0.00053,0.01039,1092.699951171875,63.8390007019043,2108.570068359375,15.880000114440918,5111.72998046875,8375.0498046875,12.5
2015-07-30,0.07591,0.07440000000000001,0.07881,0.0006900000000000001,0.01052,1088.4000244140625,63.882999420166016,2108.6298828125,15.329999923706055,5128.77978515625,8421.7998046875,12.130000114440918
2015-07-31,0.07586,0.07440000000000001,0.07885,0.00064,0.00977,1094.9000244140625,64.11799621582031,2103.840087890625,14.569999694824219,5128.27978515625,8532.849609375,12.119999885559082
2015-08-01,0.07586,0.07440000000000001,0.07885,0.00064,0.00977,1094.9000244140625,64.11799621582031,2103.840087890625,14.569999694824219,5128.27978515625,8532.849609375,12.119999885559082
2015-08-03,0.07597999999999999,0.0742,0.07873000000000001,0.0006900000000000001,0.00978,1089.4000244140625,63.97999954223633,2098.0400390625,15.390000343322754,5115.3798828125,8543.0498046875,12.5600004196167
2015-08-04,0.07589,0.07429999999999999,0.07886,0.0008100000000000001,0.01064,1090.699951171875,64.1240005493164,2093.320068359375,14.829999923706055,5105.5498046875,8516.900390625,13.0
2015-08-05,0.07571,0.0742,0.07894,0.0008100000000000001,0.01081,1085.699951171875,63.819000244140625,2099.840087890625,14.670000076293945,5139.93994140625,8567.9501953125,12.510000228881836
2015-08-06,0.07583000000000001,0.07400000000000001,0.07882,0.00033,0.010589999999999999,1090.199951171875,63.69599914550781,2083.56005859375,14.729999542236328,5056.43994140625,8588.650390625,13.770000457763672
2015-08-07,0.07557,0.0739,0.07886,0.00066,0.01057,1094.0999755859375,63.733001708984375,2077.570068359375,14.90999984741211,5043.5400390625,8564.599609375,13.390000343322754
2015-08-10,0.07559,0.0738,0.07873999999999999,0.0007599999999999999,0.010709999999999999,1104.199951171875,63.733001708984375,2104.179931640625,15.470000267028809,5101.7998046875,8525.599609375,12.229999542236328
2015-08-11,0.07561,0.0739,0.07878,0.00104,0.01,1107.5999755859375,63.8380012512207,2084.070068359375,15.890000343322754,5036.7900390625,8462.349609375,13.710000038146973
2015-08-12,0.07531,0.0739,0.07882,0.0010199999999999999,0.01019,1123.199951171875,64.32599639892578,2086.050048828125,17.450000762939453,5044.39013671875,8349.4501953125,13.609999656677246
2015-08-13,0.07522000000000001,0.0738,0.07819,0.00092,0.01061,1115.699951171875,64.79900360107422,2083.389892578125,17.020000457763672,5033.56005859375,8355.849609375,13.489999771118164
2015-08-14,0.07506,0.0738,0.07811,0.00092,0.010820000000000001,1112.9000244140625,65.26899719238281,2091.5400390625,16.020000457763672,5048.240234375,8518.5498046875,12.829999923706055
2015-08-15,0.07506,0.0738,0.07811,0.00092,0.010820000000000001,1112.9000244140625,65.26899719238281,2091.5400390625,16.020000457763672,5048.240234375,8518.5498046875,12.829999923706055
2015-08-17,0.07497,0.0739,0.07823000000000001,0.0007099999999999999,0.01061,1118.5999755859375,65.12200164794922,2102.43994140625,16.459999084472656,5091.7001953125,8477.2998046875,13.020000457763672
2015-08-18,0.07497,0.0739,0.07823000000000001,0.00092,0.010669999999999999,1117.0999755859375,65.44300079345703,2096.919921875,16.360000610351562,5059.35009765625,8466.5498046875,13.789999961853027
2015-08-19,0.07466,0.07400000000000001,0.07806,0.0005099999999999999,0.00997,1128.0999755859375,65.44599914550781,2079.610107421875,16.68000030517578,5019.0498046875,8495.150390625,15.25
2015-08-20,0.07478,0.0741,0.07801999999999999,0.0002,0.00987,1153.0,65.05400085449219,2035.72998046875,16.979999542236328,4877.490234375,8372.75,19.139999389648438
2015-08-21,0.07448,0.0742,0.07815,0.00031,0.009439999999999999,1159.5999755859375,65.46099853515625,1970.8900146484375,17.110000610351562,4706.0400390625,8299.9501953125,28.030000686645508
2015-08-24,0.07449,0.07429999999999999,0.07879,0.00023,0.00898,1153.4000244140625,66.0260009765625,1893.2099609375,28.1299991607666,4526.25,7809.0,40.7400016784668
2015-08-25,0.07439,0.0742,0.07837,0.00061,0.00933,1138.199951171875,66.80699920654297,1867.6099853515625,26.850000381469727,4506.490234375,7880.7001953125,36.02000045776367
2015-08-26,0.07418,0.07440000000000001,0.0782,0.00064,0.00979,1124.5999755859375,66.28299713134766,1940.510009765625,25.520000457763672,4697.5400390625,7791.85009765625,30.31999969482422
2015-08-27,0.07418999999999999,0.0741,0.07811,0.00058,0.00995,1122.4000244140625,66.05599975585938,1987.6600341796875,22.040000915527344,4812.7099609375,7948.9501953125,26.100000381469727
2015-08-28,0.0742,0.0741,0.07811,0.00058,0.01027,1133.0999755859375,66.05500030517578,1988.8699951171875,23.329999923706055,4828.31982421875,8001.9501953125,26.049999237060547
2015-08-29,0.0742,0.0741,0.07811,0.00058,0.01027,1133.0999755859375,66.05500030517578,1988.8699951171875,23.329999923706055,4828.31982421875,8001.9501953125,26.049999237060547
2015-08-31,0.07421,0.0741,0.07816,0.0001,0.010509999999999999,1131.5999755859375,66.14299774169922,1972.1800537109375,24.600000381469727,4776.509765625,7971.2998046875,28.43000030517578
2015-09-01,0.07422,0.0742,0.07803,0.00053,0.01016,1138.699951171875,66.3499984741211,1913.8499755859375,28.719999313354492,4636.10009765625,7785.85009765625,31.399999618530273
2015-09-02,0.07423,0.07429999999999999,0.07803,0.00031,0.01016,1132.5,66.4229965209961,1948.8599853515625,26.649999618530273,4749.97998046875,7717.0,26.09000015258789
2015-09-03,0.07423,0.07400000000000001,0.07803,0.0002,0.00987,1123.699951171875,66.22599792480469,1951.1300048828125,24.1200008392334,4733.5,7823.0,25.610000610351562
2015-09-04,0.07426,0.07400000000000001,0.07795,0.00035999999999999997,0.00992,1120.5999755859375,66.16000366210938,1921.219970703125,26.420000076293945,4683.919921875,7655.0498046875,27.799999237060547
2015-09-05,0.07426,0.07400000000000001,0.07795,0.00035999999999999997,0.00992,1120.5999755859375,66.16000366210938,1921.219970703125,26.420000076293945,4683.919921875,7655.0498046875,27.799999237060547
2015-09-07,0.07438,0.0742,0.07812000000000001,0.00035999999999999997,0.010029999999999999,1120.5999755859375,66.6780014038086,1921.219970703125,26.350000381469727,4683.919921875,7558.7998046875,27.799999237060547
2015-09-08,0.07428,0.0742,0.07804,0.00031,0.01035,1120.4000244140625,66.8030014038086,1969.4100341796875,24.56999969482422,4811.93017578125,7688.25,24.899999618530273
2015-09-09,0.07429000000000001,0.07440000000000001,0.07799,0.00046,0.010660000000000001,1102.199951171875,66.40599822998047,1942.0400390625,24.299999237060547,4756.52978515625,7818.60009765625,26.229999542236328
2015-09-10,0.07418,0.07429999999999999,0.07804,0.00025,0.01061,1109.5,66.59700012207031,1952.2900390625,24.75,4796.25,7788.10009765625,24.3700008392334
2015-09-11,0.07443,0.0745,0.07804,0.00031,0.010289999999999999,1103.5,66.31900024414062,1961.050048828125,24.979999542236328,4822.33984375,7789.2998046875,23.200000762939453
2015-09-14,0.07422,0.0746,0.07782,0.0,0.01034,1107.699951171875,66.23400115966797,1953.030029296875,24.31999969482422,4805.759765625,7872.25,24.25
2015-09-15,0.07445,0.07440000000000001,0.07782,0.00064,0.011279999999999998,1102.800048828125,66.31500244140625,1978.0899658203125,23.739999771118164,4860.52001953125,7829.10009765625,22.540000915527344
2015-09-16,0.07436,0.0748,0.07778,0.00064,0.011279999999999998,1119.199951171875,66.43000030517578,1995.31005859375,22.0,4889.240234375,7899.14990234375,21.350000381469727
2015-09-17,0.07436,0.0748,0.07778,0.00013,0.00987,1117.300048828125,66.19599914550781,1990.199951171875,22.0,4893.9501953125,7899.14990234375,21.139999389648438
2015-09-18,0.07415,0.0747,0.07721,-8e-05,0.00979,1138.0999755859375,66.12200164794922,1958.030029296875,18.290000915527344,4827.22998046875,7981.89990234375,22.280000686645508
2015-09-21,0.07428,0.0745,0.07735,-8e-05,0.01019,1133.0999755859375,65.86100006103516,1966.969970703125,18.18000030517578,4828.9501953125,7977.10009765625,20.139999389648438
2015-09-22,0.07452,0.0742,0.07730000000000001,8e-05,0.00976,1125.0,65.73899841308594,1942.739990234375,20.350000381469727,4756.72021484375,7812.0,22.440000534057617
2015-09-23,0.07442,0.0745,0.07726,0.0001,0.00992,1131.5999755859375,65.875,1938.760009765625,20.690000534057617,4752.740234375,7845.9501953125,22.1299991607666
2015-09-24,0.07422,0.07400000000000001,0.07726,5e-05,0.00976,1153.800048828125,66.16200256347656,1932.239990234375,20.8799991607666,4734.47998046875,7868.5,23.469999313354492
2015-09-25,0.07422,0.07400000000000001,0.07726,-0.00013,0.00992,1146.0,66.22100067138672,1931.3399658203125,20.8799991607666,4686.5,7868.5,23.6200008392334
2015-09-28,0.07458999999999999,0.0745,0.07726,-3e-05,0.0096,1132.0,66.16300201416016,1881.77001953125,21.670000076293945,4543.97021484375,7795.7001953125,27.6299991607666
2015-09-29,0.07185,0.0705,0.07536999999999999,0.0001,0.00936,1127.0999755859375,66.26000213623047,1884.0899658203125,21.56999969482422,4517.31982421875,7843.2998046875,26.829999923706055
2015-09-30,0.07186,0.0705,0.07506,8e-05,0.00901,1115.5,65.91999816894531,1920.030029296875,19.6299991607666,4620.16015625,7948.89990234375,24.5
2015-10-01,0.07246999999999999,0.0702,0.07514,-0.0001,0.00919,1114.199951171875,65.5270004272461,1923.8199462890625,19.239999771118164,4627.080078125,7950.89990234375,22.549999237060547
2015-10-02,0.07246999999999999,0.0702,0.07514,3e-05,0.00844,1137.0999755859375,65.61799621582031,1951.3599853515625,19.239999771118164,4707.77978515625,7950.89990234375,20.940000534057617
2015-10-03,0.07296,0.0702,0.07514,2e-05,0.00844,1137.0999755859375,65.61799621582031,1951.3599853515625,19.239999771118164,4707.77978515625,7950.89990234375,20.940000534057617
2015-10-05,0.07175,0.0703,0.07505,3e-05,0.00879,1138.0999755859375,65.35700225830078,1987.050048828125,19.1299991607666,4781.259765625,8119.2998046875,19.540000915527344
2015-10-06,0.07175,0.0699,0.07522999999999999,5e-05,0.00878,1146.800048828125,65.12300109863281,1979.9200439453125,19.309999465942383,4748.35986328125,8152.89990234375,19.399999618530273
2015-10-07,0.07176,0.0698,0.07536,0.0,0.009250000000000001,1149.0,65.18399810791016,1995.8299560546875,19.34000015258789,4791.14990234375,8177.39990234375,18.399999618530273
2015-10-08,0.07176,0.0705,0.07536,5e-05,0.009439999999999999,1144.699951171875,64.93900299072266,2013.4300537109375,19.559999465942383,4810.7900390625,8129.35009765625,17.420000076293945
2015-10-09,0.07165,0.0704,0.07535,8e-05,0.00949,1156.300048828125,64.99500274658203,2014.8900146484375,18.93000030517578,4830.47021484375,8189.7001953125,17.079999923706055
2015-10-12,0.07165,0.0705,0.07539,2e-05,0.009439999999999999,1164.9000244140625,64.77200317382812,2017.4599609375,19.1200008392334,4838.64013671875,8143.60009765625,16.170000076293945
2015-10-13,0.0719,0.0705,0.07538,5e-05,0.00912,1165.800048828125,64.78199768066406,2003.68994140625,18.020000457763672,4796.60986328125,8131.7001953125,17.670000076293945
2015-10-14,0.07153,0.0705,0.07519999999999999,0.0,0.00838,1180.0999755859375,65.08499908447266,1994.239990234375,17.719999313354492,4782.85009765625,8107.89990234375,18.030000686645508
2015-10-15,0.07166,0.0706,0.07506,5e-05,0.00893,1187.9000244140625,64.8489990234375,2023.8599853515625,17.170000076293945,4870.10009765625,8179.5,16.049999237060547
2015-10-16,0.07167,0.0706,0.075,5e-05,0.00907,1183.5999755859375,64.78399658203125,2033.1099853515625,16.270000457763672,4886.68994140625,8238.150390625,15.050000190734863
2015-10-17,0.07167,0.0706,0.075,5e-05,0.00907,1183.5999755859375,64.78399658203125,2033.1099853515625,16.270000457763672,4886.68994140625,8238.150390625,15.050000190734863
2015-10-19,0.07193,0.0705,0.075,3e-05,0.00888,1173.300048828125,64.69499969482422,2033.6600341796875,16.8799991607666,4905.47021484375,8275.0498046875,14.979999542236328
2015-10-20,0.07168000000000001,0.0706,0.07499,0.0002,0.009250000000000001,1178.0,64.95099639892578,2030.77001953125,17.0,4880.97021484375,8261.650390625,15.75
2015-10-21,0.07155,0.0706,0.07489,5e-05,0.00907,1167.5999755859375,64.99400329589844,2018.93994140625,16.6200008392334,4840.1201171875,8251.7001953125,16.700000762939453
2015-10-22,0.07155,0.0706,0.07489,5e-05,0.00891,1166.5999755859375,65.15899658203125,2052.510009765625,16.6200008392334,4920.0498046875,8251.7001953125,14.449999809265137
2015-10-23,0.07168999999999999,0.071,0.07497,8e-05,0.00947,1163.300048828125,65.05000305175781,2075.14990234375,16.190000534057617,5031.85986328125,8295.4501953125,14.460000038146973
2015-10-26,0.07365000000000001,0.0711,0.07492,0.00017999999999999998,0.009340000000000001,1167.0,64.88500213623047,2071.179931640625,17.229999542236328,5034.7001953125,8260.5498046875,15.289999961853027
2015-10-27,0.07183,0.07150000000000001,0.07482,0.0002,0.00907,1166.800048828125,64.9010009765625,2065.889892578125,16.540000915527344,5030.14990234375,8232.900390625,15.430000305175781
2015-10-28,0.07197,0.0711,0.07482,0.00046,0.00998,1177.0999755859375,65.06700134277344,2090.35009765625,17.040000915527344,5095.68994140625,8171.2001953125,14.329999923706055
2015-10-29,0.07197,0.0712,0.07481,0.00064,0.01031,1147.199951171875,64.94599914550781,2089.409912109375,17.579999923706055,5074.27001953125,8111.75,14.609999656677246
2015-10-30,0.07198,0.0711,0.07471,0.00079,0.010289999999999999,1141.5,65.44400024414062,2079.360107421875,17.8799991607666,5053.75,8065.7998046875,15.069999694824219
2015-11-02,0.07186,0.0712,0.0748,0.00064,0.010669999999999999,1135.800048828125,65.41500091552734,2104.050048828125,19.479999542236328,5127.14990234375,8050.7998046875,14.149999618530273
2015-11-03,0.07200000000000001,0.071,0.07484,0.0006900000000000001,0.01091,1114.199951171875,65.54100036621094,2109.7900390625,19.559999465942383,5145.1298828125,8060.7001953125,14.539999961853027
2015-11-04,0.07200000000000001,0.071,0.07488,0.00066,0.011399999999999999,1106.5,65.53099822998047,2102.31005859375,19.360000610351562,5142.47998046875,8040.2001953125,15.510000228881836
2015-11-05,0.07200999999999999,0.0711,0.07483,0.00048,0.01135,1104.4000244140625,65.58499908447266,2099.929931640625,19.290000915527344,5127.740234375,7955.4501953125,15.050000190734863
2015-11-06,0.07243000000000001,0.0709,0.07481,0.00084,0.01218,1087.5999755859375,65.86000061035156,2099.199951171875,19.469999313354492,5147.1201171875,7954.2998046875,14.329999923706055
2015-11-09,0.07216,0.0712,0.07499,0.00089,0.01237,1087.9000244140625,66.13300323486328,2078.580078125,17.040000915527344,5095.2998046875,7915.2001953125,16.520000457763672
2015-11-10,0.0726,0.07150000000000001,0.07489,0.00132,0.012310000000000001,1088.199951171875,66.46800231933594,2081.719970703125,16.829999923706055,5083.240234375,7783.35009765625,15.289999961853027
2015-11-11,0.0726,0.07150000000000001,0.07489,0.0013700000000000001,0.012390000000000002,1084.699951171875,66.19300079345703,2075.0,16.829999923706055,5067.02001953125,7783.35009765625,16.059999465942383
2015-11-12,0.0726,0.07150000000000001,0.07489,0.00135,0.012310000000000001,1080.800048828125,66.06300354003906,2045.969970703125,16.829999923706055,5005.080078125,7783.35009765625,18.3700008392334
2015-11-13,0.07234,0.0712,0.07483,0.00125,0.01191,1080.800048828125,66.0479965209961,2023.0400390625,17.649999618530273,4927.8798828125,7762.25,20.079999923706055
2015-11-16,0.07263,0.0716,0.07487,0.00109,0.011890000000000001,1083.699951171875,66.0510025024414,2053.18994140625,17.8799991607666,4984.6201171875,7806.60009765625,18.15999984741211
2015-11-17,0.07236,0.07139999999999999,0.07482,0.00147,0.011890000000000001,1068.699951171875,65.89700317382812,2050.43994140625,16.969999313354492,4986.02001953125,7837.5498046875,18.84000015258789
2015-11-18,0.07223,0.07139999999999999,0.07486,0.00135,0.012150000000000001,1068.800048828125,66.03700256347656,2083.580078125,17.420000076293945,5075.2001953125,7731.7998046875,16.850000381469727
2015-11-19,0.07209,0.07139999999999999,0.07490000000000001,0.00099,0.012150000000000001,1078.0,66.07499694824219,2081.239990234375,15.84000015258789,5073.64013671875,7842.75,16.989999771118164
2015-11-20,0.0724,0.07139999999999999,0.07503,0.00104,0.01242,1076.4000244140625,66.08499908447266,2089.169921875,15.899999618530273,5104.919921875,7856.5498046875,15.470000267028809
2015-11-21,0.0724,0.07139999999999999,0.07503,0.00104,0.01242,1076.4000244140625,66.08499908447266,2089.169921875,15.899999618530273,5104.919921875,7856.5498046875,15.470000267028809
2015-11-23,0.07255,0.07150000000000001,0.07521,0.00117,0.01242,1066.800048828125,66.05000305175781,2086.590087890625,17.079999923706055,5102.47998046875,7849.25,15.619999885559082
2015-11-24,0.07243000000000001,0.07139999999999999,0.07492,0.00165,0.01234,1074.300048828125,66.37100219726562,2089.139892578125,16.25,5102.81005859375,7831.60009765625,15.930000305175781
2015-11-25,0.07243000000000001,0.07139999999999999,0.07492,0.00188,0.01242,1070.5,66.30000305175781,2088.8701171875,16.25,5116.14013671875,7831.60009765625,15.1899995803833
2015-11-26,0.07258,0.07139999999999999,0.07496,0.00193,0.012390000000000002,1070.5,66.38200378417969,2088.8701171875,16.690000534057617,5116.14013671875,7883.7998046875,15.1899995803833
2015-11-27,0.07246000000000001,0.07150000000000001,0.07499,0.0017299999999999998,0.01218,1056.199951171875,66.55799865722656,2090.110107421875,16.729999542236328,5127.52001953125,7942.7001953125,15.119999885559082
2015-11-30,0.07246999999999999,0.07139999999999999,0.07499,0.00181,0.012230000000000001,1065.800048828125,66.9000015258789,2080.409912109375,16.43000030517578,5108.669921875,7935.25,16.1299991607666
2015-12-01,0.07232999999999999,0.07139999999999999,0.0747,0.00216,0.011850000000000001,1063.800048828125,66.50800323486328,2102.6298828125,15.640000343322754,5156.31005859375,7954.89990234375,14.670000076293945
2015-12-02,0.07249,0.0716,0.0747,0.00208,0.012150000000000001,1054.199951171875,66.46099853515625,2079.510009765625,15.489999771118164,5123.22021484375,7931.35009765625,15.90999984741211
2015-12-03,0.0725,0.07150000000000001,0.07437,0.00211,0.012580000000000001,1061.699951171875,66.55699920654297,2049.6201171875,16.059999465942383,5037.52978515625,7864.14990234375,18.110000610351562
2015-12-04,0.07253,0.07150000000000001,0.07449,0.00221,0.01242,1084.5,66.8030014038086,2091.68994140625,16.09000015258789,5142.27001953125,7781.89990234375,14.8100004196167
2015-12-05,0.07253,0.07150000000000001,0.07449,0.00221,0.01242,1084.5,66.8030014038086,2091.68994140625,16.09000015258789,5142.27001953125,7781.89990234375,14.8100004196167
2015-12-07,0.07224,0.0718,0.07631,0.00249,0.01228,1076.4000244140625,66.63600158691406,2077.070068359375,15.869999885559082,5101.81005859375,7765.39990234375,15.84000015258789
2015-12-08,0.07225,0.0718,0.07632,0.0028199999999999996,0.012230000000000001,1076.300048828125,66.76799774169922,2063.590087890625,15.970000267028809,5098.240234375,7701.7001953125,17.600000381469727
2015-12-09,0.07241,0.0718,0.07632,0.0025900000000000003,0.01229,1077.5999755859375,66.83300018310547,2047.6199951171875,16.729999542236328,5022.8701171875,7612.5,19.610000610351562
2015-12-10,0.07227,0.0717,0.07625,0.00244,0.012580000000000001,1073.0999755859375,66.88999938964844,2052.22998046875,16.290000915527344,5045.169921875,7683.2998046875,19.34000015258789
2015-12-11,0.07245,0.0717,0.07619,0.00226,0.01165,1076.9000244140625,66.78600311279297,2012.3699951171875,17.18000030517578,4933.47021484375,7610.4501953125,24.389999389648438
2015-12-12,0.07245,0.0717,0.07619,0.00226,0.01165,1076.9000244140625,66.78600311279297,2012.3699951171875,17.18000030517578,4933.47021484375,7610.4501953125,24.389999389648438
2015-12-14,0.07246000000000001,0.0718,0.07673,0.00214,0.0125,1064.699951171875,67.14099884033203,2021.93994140625,17.799999237060547,4952.22998046875,7650.0498046875,22.729999542236328
2015-12-15,0.07278,0.0719,0.07646,0.00265,0.0129,1062.9000244140625,67.07099914550781,2043.4100341796875,17.34000015258789,4995.35986328125,7700.89990234375,20.950000762939453
2015-12-16,0.07202,0.0722,0.07629,0.0027,0.01341,1078.0,66.90299987792969,2073.070068359375,16.729999542236328,5071.1298828125,7750.89990234375,17.860000610351562
2015-12-17,0.07234,0.07200000000000001,0.07615999999999999,0.00226,0.01314,1050.800048828125,66.4280014038086,2041.8900146484375,14.220000267028809,5002.5498046875,7844.35009765625,18.940000534057617
2015-12-18,0.07174,0.07200000000000001,0.0762,0.00188,0.01282,1066.199951171875,66.45899963378906,2005.550048828125,14.489999771118164,4923.080078125,7761.9501953125,20.700000762939453
2015-12-19,0.07174,0.07200000000000001,0.0762,0.00188,0.01282,1066.199951171875,66.45899963378906,2005.550048828125,14.489999771118164,4923.080078125,7761.9501953125,20.700000762939453
2015-12-21,0.07238,0.07200000000000001,0.07629999999999999,0.00168,0.012769999999999998,1081.9000244140625,66.24800109863281,2021.1500244140625,14.229999542236328,4968.919921875,7834.4501953125,18.700000762939453
2015-12-22,0.07239,0.0721,0.07617,0.00211,0.01306,1074.800048828125,66.26899719238281,2038.969970703125,14.479999542236328,5001.10986328125,7786.10009765625,16.600000381469727
2015-12-23,0.07196,0.0721,0.07607,0.00198,0.01314,1069.4000244140625,66.24299621582031,2064.2900390625,13.649999618530273,5045.93017578125,7865.9501953125,15.569999694824219
2015-12-24,0.07196,0.0721,0.07607,0.00201,0.013229999999999999,1077.199951171875,66.15399932861328,2060.989990234375,13.75,5048.490234375,7861.0498046875,15.739999771118164
2015-12-25,0.07196,0.0721,0.07607,0.00201,0.013229999999999999,1077.199951171875,65.94000244140625,2060.989990234375,13.75,5048.490234375,7861.0498046875,15.739999771118164
2015-12-26,0.07196,0.0721,0.07607,0.00201,0.013229999999999999,1077.199951171875,65.94000244140625,2060.989990234375,13.75,5048.490234375,7861.0498046875,15.739999771118164
2015-12-28,0.0723,0.07200000000000001,0.07641,0.00203,0.013229999999999999,1070.5,65.94000244140625,2056.5,14.399999618530273,5040.990234375,7925.14990234375,16.90999984741211
2015-12-29,0.07281,0.07200000000000001,0.07628,0.00229,0.01374,1077.5,66.13400268554688,2078.360107421875,14.239999771118164,5107.93994140625,7928.9501953125,16.079999923706055
2015-12-30,0.07297,0.0722,0.07614,0.00219,0.01345,1060.0999755859375,66.26000213623047,2063.360107421875,14.350000381469727,5065.85009765625,7896.25,17.290000915527344
2015-12-31,0.07299,0.0717,0.07618,0.00178,0.01307,1060.300048828125,66.45500183105469,2043.93994140625,13.869999885559082,5007.41015625,7946.35009765625,18.209999084472656
2016-01-01,0.07236,0.07139999999999999,0.07591,0.00178,0.01307,1060.300048828125,66.19300079345703,2043.93994140625,14.260000228881836,5007.41015625,7946.35009765625,18.209999084472656
2016-01-04,0.07254,0.0719,0.07578,0.00168,0.01302,1075.0999755859375,66.19300079345703,2012.6600341796875,16.84000015258789,4903.08984375,7791.2998046875,20.700000762939453
2016-01-05,0.07255,0.0708,0.07581,0.00219,0.012929999999999999,1078.4000244140625,66.60099792480469,2016.7099609375,16.700000762939453,4891.43017578125,7784.64990234375,19.34000015258789
2016-01-06,0.0724,0.0707,0.07575,0.00219,0.01242,1091.9000244140625,66.52400207519531,1990.260009765625,16.549999237060547,4835.759765625,7741.0,20.59000015258789
2016-01-07,0.07241,0.0722,0.07561,0.00203,0.01206,1107.699951171875,66.7239990234375,1943.0899658203125,18.959999084472656,4689.43017578125,7568.2998046875,24.989999771118164
2016-01-08,0.07245,0.07200000000000001,0.07558,0.00203,0.01176,1097.800048828125,66.9209976196289,1922.030029296875,17.799999237060547,4643.6298828125,7601.35009765625,27.010000228881836
2016-01-11,0.07229000000000001,0.07200000000000001,0.07551000000000001,0.00191,0.011899999999999999,1096.5,66.83999633789062,1923.6700439453125,18.690000534057617,4637.990234375,7563.85009765625,24.299999237060547
2016-01-12,0.07231,0.0722,0.07558,0.00219,0.0116,1085.5999755859375,66.79299926757812,1938.6800537109375,18.709999084472656,4685.919921875,7510.2998046875,22.469999313354492
2016-01-13,0.07232,0.0721,0.07565000000000001,0.0022400000000000002,0.011619999999999998,1087.5,66.91999816894531,1890.280029296875,18.350000381469727,4526.06005859375,7562.39990234375,25.219999313354492
2016-01-14,0.07251,0.0724,0.07562,0.00249,0.01138,1073.9000244140625,66.93599700927734,1921.8399658203125,18.610000610351562,4615.0,7536.7998046875,23.950000762939453
2016-01-15,0.07255,0.0725,0.07566,0.0023699999999999997,0.01085,1091.5,67.30400085449219,1880.3299560546875,19.420000076293945,4488.419921875,7437.7998046875,27.020000457763672
2016-01-18,0.07257,0.0722,0.07559,0.00234,0.01085,1091.5,67.76699829101562,1880.3299560546875,20.229999542236328,4488.419921875,7351.0,27.020000457763672
2016-01-19,0.07222,0.0722,0.07528,0.00244,0.01106,1089.9000244140625,67.71099853515625,1881.3299560546875,18.43000030517578,4476.9501953125,7435.10009765625,26.049999237060547
2016-01-20,0.07224,0.0726,0.07515,0.00262,0.01053,1107.0999755859375,67.76699829101562,1859.3299560546875,20.969999313354492,4471.68994140625,7309.2998046875,27.59000015258789
2016-01-21,0.07189,0.0726,0.07477,0.0028499999999999997,0.01064,1099.0999755859375,67.9489974975586,1868.989990234375,20.809999465942383,4472.06005859375,7276.7998046875,26.690000534057617
2016-01-22,0.07174,0.0725,0.07488,0.003,0.01103,1097.199951171875,67.80799865722656,1906.9000244140625,18.81999969482422,4591.18017578125,7422.4501953125,22.34000015258789
2016-01-25,0.07195,0.0726,0.07488,0.0029,0.01079,1106.199951171875,67.54100036621094,1877.0799560546875,18.270000457763672,4518.490234375,7436.14990234375,24.149999618530273
2016-01-26,0.07195,0.0726,0.07488,0.00315,0.01069,1121.699951171875,67.74099731445312,1903.6300048828125,18.270000457763672,4567.669921875,7436.14990234375,22.5
2016-01-27,0.07214999999999999,0.0726,0.07474,0.00315,0.010549999999999999,1116.0999755859375,67.7699966430664,1882.949951171875,19.059999465942383,4468.169921875,7437.75,23.110000610351562
2016-01-28,0.07198,0.0726,0.07471,0.00333,0.01031,1115.5999755859375,68.19599914550781,1893.3599853515625,17.899999618530273,4506.68017578125,7424.64990234375,22.420000076293945
2016-01-29,0.0722,0.0725,0.07454,0.00315,0.009689999999999999,1116.4000244140625,68.09300231933594,1940.239990234375,17.239999771118164,4613.9501953125,7563.5498046875,20.200000762939453
2016-02-01,0.07222,0.0725,0.07464,0.0031,0.00998,1127.9000244140625,67.87000274658203,1939.3800048828125,17.889999389648438,4620.3701171875,7555.9501953125,19.979999542236328
2016-02-02,0.07223,0.0727,0.07499,0.0034599999999999995,0.00918,1127.300048828125,67.88200378417969,1903.030029296875,18.040000915527344,4516.9501953125,7455.5498046875,21.979999542236328
2016-02-03,0.07205,0.0732,0.07499,0.0034599999999999995,0.00907,1141.300048828125,67.98600006103516,1912.530029296875,18.59000015258789,4504.240234375,7361.7998046875,21.649999618530273
2016-02-04,0.07246000000000001,0.07339999999999999,0.07485,0.00298,0.00874,1157.5999755859375,67.927001953125,1915.449951171875,18.209999084472656,4509.56005859375,7404.0,21.84000015258789
2016-02-05,0.07231,0.0732,0.07482,0.00292,0.009000000000000001,1157.800048828125,67.56400299072266,1880.050048828125,18.110000610351562,4363.14013671875,7489.10009765625,23.3799991607666
2016-02-08,0.07261000000000001,0.0731,0.07489,0.0027500000000000003,0.008329999999999999,1197.9000244140625,67.802001953125,1853.43994140625,20.260000228881836,4283.75,7387.25,26.0
2016-02-09,0.07288,0.0733,0.07493,0.00313,0.00838,1198.699951171875,68.07599639892578,1852.2099609375,21.729999542236328,4268.759765625,7298.2001953125,26.540000915527344
2016-02-10,0.07251,0.0735,0.07486,0.00313,0.008369999999999999,1194.699951171875,67.9280014038086,1851.8599853515625,22.469999313354492,4283.58984375,7215.7001953125,26.290000915527344
2016-02-11,0.0726,0.0733,0.07490000000000001,0.0028699999999999997,0.00832,1247.9000244140625,67.89299774169922,1829.0799560546875,25.969999313354492,4266.83984375,6976.35009765625,28.139999389648438
2016-02-12,0.07259,0.0731,0.07504,0.0029,0.008960000000000001,1239.0999755859375,68.4739990234375,1864.780029296875,24.670000076293945,4337.509765625,6980.9501953125,25.399999618530273
2016-02-15,0.07258,0.07339999999999999,0.07518,0.0029,0.00914,1239.0999755859375,68.11100006103516,1864.780029296875,22.3799991607666,4337.509765625,7162.9501953125,25.399999618530273
2016-02-16,0.07293999999999999,0.0732,0.07543,0.0028699999999999997,0.00906,1207.9000244140625,68.13700103759766,1895.5799560546875,23.040000915527344,4435.9599609375,7048.25,24.110000610351562
2016-02-17,0.07248,0.0731,0.07564,0.0031,0.00933,1211.0999755859375,68.50599670410156,1926.8199462890625,21.829999923706055,4534.06005859375,7108.4501953125,22.309999465942383
2016-02-18,0.07246999999999999,0.0732,0.07568,0.003,0.00864,1226.0999755859375,68.35600280761719,1917.8299560546875,21.489999771118164,4487.5400390625,7191.75,21.639999389648438
2016-02-19,0.07246999999999999,0.0732,0.07568,0.00295,0.00904,1230.4000244140625,68.56600189208984,1917.780029296875,20.920000076293945,4504.43017578125,7210.75,20.530000686645508
2016-02-22,0.07264999999999999,0.0731,0.07603,0.00308,0.0091,1209.5,68.53800201416016,1945.5,21.020000457763672,4570.60986328125,7234.5498046875,19.3799991607666
2016-02-23,0.07273,0.07339999999999999,0.07667,0.00331,0.00886,1222.300048828125,68.5739974975586,1921.27001953125,23.84000015258789,4503.580078125,7109.5498046875,20.979999542236328
2016-02-24,0.07292,0.0731,0.07731,0.00331,0.00902,1238.699951171875,68.60299682617188,1929.800048828125,22.959999084472656,4542.60986328125,7018.7001953125,20.719999313354492
2016-02-25,0.07328,0.0731,0.07844999999999999,0.00328,0.00859,1238.199951171875,68.3759994506836,1951.699951171875,22.75,4582.2001953125,6970.60009765625,19.110000610351562
2016-02-26,0.07281,0.0731,0.07775,0.00318,0.00924,1219.800048828125,68.7969970703125,1948.050048828125,21.8700008392334,4590.47021484375,7029.75,19.809999465942383
2016-02-27,0.07281,0.0731,0.07775,0.00318,0.00924,1219.800048828125,68.7969970703125,1948.050048828125,21.8700008392334,4590.47021484375,7029.75,19.809999465942383
2016-02-29,0.07261999999999999,0.0727,0.07574,0.0032300000000000002,0.00903,1233.9000244140625,68.7300033569336,1932.22998046875,20.15999984741211,4557.9501953125,6987.0498046875,20.549999237060547
2016-03-01,0.07252,0.0725,0.07556,0.00335,0.00978,1230.300048828125,68.21800231933594,1978.3499755859375,18.670000076293945,4689.60009765625,7222.2998046875,17.700000762939453
2016-03-02,0.07289,0.0719,0.07574,0.00317,0.00989,1241.0999755859375,67.74600219726562,1986.449951171875,18.989999771118164,4703.419921875,7368.85009765625,17.09000015258789
2016-03-03,0.07289,0.0717,0.07585,0.0027900000000000004,0.00995,1257.4000244140625,67.38800048828125,1993.4000244140625,18.040000915527344,4707.419921875,7475.60009765625,16.700000762939453
2016-03-04,0.07297,0.0721,0.07596,0.0027600000000000003,0.010280000000000001,1269.9000244140625,67.14299774169922,1999.989990234375,17.8799991607666,4717.02001953125,7485.35009765625,16.860000610351562
2016-03-07,0.07297,0.0721,0.07596,0.0027600000000000003,0.01072,1263.199951171875,66.93000030517578,2001.760009765625,17.8799991607666,4708.25,7485.35009765625,17.350000381469727
2016-03-08,0.07325999999999999,0.0723,0.07615,0.00317,0.01026,1262.0999755859375,67.0459976196289,1979.260009765625,18.469999313354492,4648.81982421875,7485.2998046875,18.670000076293945
2016-03-09,0.07316,0.0723,0.07611,0.0030399999999999997,0.01072,1256.5999755859375,67.35700225830078,1989.260009765625,17.510000228881836,4674.3798828125,7531.7998046875,18.34000015258789
2016-03-10,0.07325,0.0724,0.07611,0.00317,0.01122,1272.0,67.1449966430664,1989.5699462890625,17.899999618530273,4662.16015625,7486.14990234375,18.049999237060547
2016-03-11,0.07296,0.0724,0.07627,0.0032,0.01157,1258.699951171875,67.30899810791016,2022.18994140625,17.100000381469727,4748.47021484375,7510.2001953125,16.5
2016-03-12,0.07296,0.0724,0.07627,0.0032,0.01157,1258.699951171875,67.30899810791016,2022.18994140625,17.100000381469727,4748.47021484375,7510.2001953125,16.5
2016-03-14,0.07315,0.0723,0.07595,0.00322,0.01149,1244.4000244140625,66.91300201416016,2019.6400146484375,17.100000381469727,4750.27978515625,7538.75,16.920000076293945
2016-03-15,0.07275999999999999,0.0721,0.07577,0.00345,0.01157,1230.4000244140625,67.17400360107422,2015.9300537109375,17.600000381469727,4728.669921875,7460.60009765625,16.84000015258789
2016-03-16,0.07256,0.0721,0.07559,0.00315,0.01043,1229.300048828125,67.35900115966797,2027.219970703125,17.110000610351562,4763.97021484375,7498.75,14.989999771118164
2016-03-17,0.07236,0.0722,0.07506,0.0028699999999999997,0.0104,1264.5,66.83000183105469,2040.5899658203125,16.84000015258789,4774.990234375,7512.5498046875,14.4399995803833
2016-03-18,0.07245,0.0722,0.07524,0.00294,0.010049999999999998,1253.800048828125,66.61199951171875,2049.580078125,16.3799991607666,4795.64990234375,7604.35009765625,14.020000457763672
2016-03-19,0.07245,0.0722,0.07524,0.00294,0.010049999999999998,1253.800048828125,66.61199951171875,2049.580078125,16.3799991607666,4795.64990234375,7604.35009765625,14.020000457763672
2016-03-21,0.07235,0.0724,0.07503,0.00302,0.01045,1243.800048828125,66.3759994506836,2051.60009765625,16.329999923706055,4808.8701171875,7704.25,13.789999961853027
2016-03-22,0.07234,0.07200000000000001,0.075,0.00309,0.01075,1248.199951171875,66.5199966430664,2049.800048828125,16.43000030517578,4821.66015625,7714.89990234375,14.170000076293945
2016-03-23,0.07222,0.0721,0.07479,0.00309,0.01027,1223.699951171875,66.76399993896484,2036.7099609375,16.350000381469727,4768.85986328125,7716.5,14.9399995803833
2016-03-24,0.07222,0.0721,0.07479,0.00292,0.01046,1221.4000244140625,66.9020004272461,2035.93994140625,16.350000381469727,4773.5,7716.5,14.739999771118164
2016-03-25,0.07222,0.0721,0.07479,0.00292,0.01046,1221.4000244140625,66.90699768066406,2035.93994140625,16.350000381469727,4773.5,7716.5,14.739999771118164
2016-03-28,0.07202,0.0725,0.07447,0.0027600000000000003,0.01038,1219.9000244140625,66.90699768066406,2037.050048828125,17.489999771118164,4766.7900390625,7615.10009765625,15.239999771118164
2016-03-29,0.07181,0.0725,0.07461999999999999,0.0023599999999999997,0.00936,1235.5999755859375,66.90699768066406,2055.010009765625,17.639999389648438,4846.6201171875,7597.0,13.819999694824219
2016-03-30,0.07151,0.0722,0.07436,0.00198,0.00903,1226.9000244140625,66.36799621582031,2063.949951171875,16.809999465942383,4869.2900390625,7735.2001953125,13.5600004196167
2016-03-31,0.07200000000000001,0.0708,0.07372,0.00213,0.00855,1234.199951171875,66.36799621582031,2059.739990234375,16.579999923706055,4869.85009765625,7738.39990234375,13.949999809265137
2016-04-01,0.07200000000000001,0.0708,0.07372,0.00233,0.00873,1222.199951171875,66.24800109863281,2072.780029296875,17.280000686645508,4914.5400390625,7713.0498046875,13.100000381469727
2016-04-04,0.06995,0.06849999999999999,0.07329,0.0019500000000000001,0.00868,1218.0,66.35800170898438,2066.1298828125,17.450000762939453,4891.7998046875,7758.7998046875,14.119999885559082
2016-04-05,0.06984,0.0676,0.07318,0.00231,0.00844,1228.4000244140625,66.13300323486328,2045.1700439453125,17.829999923706055,4843.93017578125,7603.2001953125,15.420000076293945
2016-04-06,0.06983,0.0684,0.07271,0.00233,0.0087,1222.5,66.46800231933594,2066.659912109375,17.350000381469727,4920.72021484375,7614.35009765625,14.09000015258789
2016-04-07,0.0701,0.0683,0.07272,0.0023599999999999997,0.00814,1236.199951171875,66.53299713134766,2041.9100341796875,16.93000030517578,4848.3701171875,7546.4501953125,16.15999984741211
2016-04-08,0.0701,0.0683,0.07272,0.00231,0.00827,1242.5,66.77899932861328,2047.5999755859375,16.43000030517578,4850.68994140625,7555.2001953125,15.359999656677246
2016-04-11,0.07041,0.068,0.0725,0.00221,0.00832,1256.699951171875,66.54399871826172,2041.989990234375,16.010000228881836,4833.39990234375,7671.39990234375,16.260000228881836
2016-04-12,0.07019,0.0675,0.07257,0.0023799999999999997,0.00875,1259.4000244140625,66.29000091552734,2061.719970703125,16.020000457763672,4872.08984375,7708.9501953125,14.850000381469727
2016-04-13,0.07044,0.068,0.07297,0.0023599999999999997,0.00901,1246.800048828125,66.31500244140625,2082.419921875,16.040000915527344,4947.419921875,7850.4501953125,13.84000015258789
2016-04-14,0.07044,0.068,0.07297,0.00228,0.00923,1225.0,66.5250015258789,2082.780029296875,16.040000915527344,4945.89013671875,7850.4501953125,13.720000267028809
2016-04-15,0.07044,0.068,0.07297,0.00228,0.00888,1233.0999755859375,66.63700103759766,2080.72998046875,16.040000915527344,4938.22021484375,7850.4501953125,13.619999885559082
2016-04-18,0.0701,0.0678,0.07279,0.0021,0.00894,1233.5999755859375,66.65299987792969,2094.340087890625,16.950000762939453,4960.02001953125,7914.7001953125,13.350000381469727
2016-04-19,0.0701,0.0678,0.07279,0.00223,0.00923,1253.0,66.40899658203125,2100.800048828125,16.950000762939453,4940.330078125,7914.7001953125,13.239999771118164
2016-04-20,0.07019,0.0679,0.07283,0.00228,0.00968,1253.199951171875,66.22200012207031,2102.39990234375,17.079999923706055,4948.1298828125,7914.75,13.279999732971191
2016-04-21,0.0706,0.0681,0.07298,0.00233,0.00987,1249.0,66.2040023803711,2091.47998046875,16.510000228881836,4945.89013671875,7912.0498046875,13.949999809265137
2016-04-22,0.07034,0.0679,0.07283,0.0023599999999999997,0.010029999999999999,1228.699951171875,66.51200103759766,2091.580078125,16.3799991607666,4906.22998046875,7899.2998046875,13.220000267028809
2016-04-25,0.07032,0.0678,0.07287,0.00251,0.010169999999999998,1238.9000244140625,66.65299987792969,2087.7900390625,16.56999969482422,4895.7900390625,7855.0498046875,14.079999923706055
2016-04-26,0.0703,0.0681,0.07291,0.00254,0.0103,1242.199951171875,66.70500183105469,2091.699951171875,16.579999923706055,4888.27978515625,7962.64990234375,13.960000038146973
2016-04-27,0.07029,0.0682,0.07287,0.00254,0.00971,1249.199951171875,66.45700073242188,2095.14990234375,16.350000381469727,4863.14013671875,7979.89990234375,13.770000457763672
2016-04-28,0.07016,0.068,0.07273,0.00221,0.009340000000000001,1265.5,66.3550033569336,2075.81005859375,16.600000381469727,4805.2900390625,7847.25,15.220000267028809
2016-04-29,0.07,0.0683,0.07269,0.0020499999999999997,0.00937,1289.199951171875,66.43800354003906,2065.300048828125,16.540000915527344,4775.35986328125,7849.7998046875,15.699999809265137
2016-05-02,0.07021,0.068,0.07277,0.00198,0.00953,1294.699951171875,66.41799926757812,2081.429931640625,17.09000015258789,4817.58984375,7805.89990234375,14.680000305175781
2016-05-03,0.07041,0.0682,0.07277,0.00216,0.00905,1290.699951171875,66.37100219726562,2063.3701171875,17.459999084472656,4763.22021484375,7747.0,15.600000381469727
2016-05-04,0.07039,0.06849999999999999,0.07277,0.0021,0.00888,1273.300048828125,66.59200286865234,2051.1201171875,17.450000762939453,4725.64013671875,7706.5498046875,16.049999237060547
2016-05-05,0.07038,0.0684,0.07273,0.0019500000000000001,0.00856,1271.4000244140625,66.62000274658203,2050.6298828125,17.170000076293945,4717.08984375,7735.5,15.90999984741211
2016-05-06,0.07033,0.0682,0.07261999999999999,0.00193,0.00883,1292.9000244140625,66.60199737548828,2057.139892578125,16.950000762939453,4736.16015625,7733.4501953125,14.720000267028809
2016-05-09,0.0702,0.0681,0.07255,0.00213,0.00856,1265.5999755859375,66.59400177001953,2058.68994140625,16.610000610351562,4750.2099609375,7866.0498046875,14.569999694824219
2016-05-10,0.07017999999999999,0.0683,0.07255,0.00251,0.00861,1263.9000244140625,66.72100067138672,2084.389892578125,16.420000076293945,4809.8798828125,7887.7998046875,13.630000114440918
2016-05-11,0.07017000000000001,0.06849999999999999,0.07248,0.00256,0.00883,1274.5999755859375,66.66600036621094,2064.4599609375,16.959999084472656,4760.68994140625,7848.85009765625,14.6899995803833
2016-05-12,0.07014999999999999,0.0682,0.07229000000000001,0.00271,0.00912,1270.300048828125,66.59100341796875,2064.110107421875,16.329999923706055,4737.330078125,7900.39990234375,14.40999984741211
2016-05-13,0.07033,0.0683,0.07245,0.00271,0.00899,1271.9000244140625,66.7509994506836,2046.6099853515625,17.0,4717.68017578125,7814.89990234375,15.039999961853027
2016-05-16,0.07043,0.06849999999999999,0.07232999999999999,0.00271,0.00947,1273.4000244140625,66.9000015258789,2066.659912109375,17.030000686645508,4775.4599609375,7860.75,14.680000305175781
2016-05-17,0.07041,0.0682,0.07234,0.0028699999999999997,0.00987,1276.199951171875,66.875,2047.2099609375,16.3700008392334,4715.72998046875,7890.75,15.569999694824219
2016-05-18,0.0704,0.0684,0.07256,0.0028199999999999996,0.01069,1273.699951171875,66.86799621582031,2047.6300048828125,16.450000762939453,4739.1201171875,7870.14990234375,15.949999809265137
2016-05-19,0.07038,0.0683,0.07245,0.0030399999999999997,0.01054,1254.199951171875,67.16000366210938,2040.0400390625,17.059999465942383,4712.52978515625,7783.39990234375,16.329999923706055
2016-05-20,0.07056,0.0684,0.07241,0.00317,0.01049,1252.4000244140625,67.47699737548828,2052.320068359375,16.43000030517578,4769.56005859375,7749.7001953125,15.199999809265137
2016-05-23,0.0702,0.0682,0.07238,0.0032700000000000003,0.010589999999999999,1251.0999755859375,67.4229965209961,2048.0400390625,16.15999984741211,4765.77978515625,7731.0498046875,15.819999694824219
2016-05-24,0.0703,0.0684,0.07241,0.0035499999999999998,0.01081,1228.9000244140625,67.447998046875,2076.06005859375,16.219999313354492,4861.06005859375,7748.85009765625,14.420000076293945
2016-05-25,0.0704,0.0683,0.07242,0.0032500000000000003,0.01081,1223.5,67.6510009765625,2090.5400390625,15.520000457763672,4894.89013671875,7934.89990234375,13.899999618530273
2016-05-26,0.07038,0.0683,0.07242,0.00294,0.010249999999999999,1220.0999755859375,67.30400085449219,2090.10009765625,15.329999923706055,4901.77001953125,8069.64990234375,13.430000305175781
2016-05-27,0.07034,0.0684,0.07234,0.00317,0.01061,1213.800048828125,66.9540023803711,2099.06005859375,15.260000228881836,4933.5,8156.64990234375,13.119999885559082
2016-05-30,0.07022,0.0684,0.07223,0.00318,0.01088,1213.800048828125,67.02400207519531,2099.06005859375,15.979999542236328,4933.5,8178.5,13.119999885559082
2016-05-31,0.0702,0.0682,0.0722,0.00302,0.01039,1214.800048828125,67.13300323486328,2096.949951171875,16.049999237060547,4948.0498046875,8160.10009765625,14.1899995803833
2016-06-01,0.0703,0.0682,0.07231,0.00309,0.01053,1211.9000244140625,67.23100280761719,2099.330078125,15.84000015258789,4952.25,8179.9501953125,14.199999809265137
2016-06-02,0.07017000000000001,0.0684,0.07227,0.0028899999999999998,0.010209999999999999,1209.800048828125,67.4260025024414,2105.260009765625,15.09000015258789,4971.35986328125,8218.9501953125,13.630000114440918
2016-06-03,0.07097,0.0682,0.07227,0.0028899999999999998,0.0091,1240.0999755859375,67.29199981689453,2099.1298828125,15.0,4942.52001953125,8220.7998046875,13.470000267028809
2016-06-06,0.06998,0.0681,0.07214999999999999,0.00269,0.00937,1244.5999755859375,66.99199676513672,2109.409912109375,15.359999656677246,4968.7099609375,8201.0498046875,13.649999618530273
2016-06-07,0.07069,0.0681,0.07219,0.0027900000000000004,0.009210000000000001,1244.4000244140625,66.8010025024414,2112.1298828125,14.869999885559082,4961.75,8266.4501953125,14.050000190734863
2016-06-08,0.07019,0.068,0.07214999999999999,0.00249,0.00933,1259.800048828125,66.76300048828125,2119.1201171875,15.140000343322754,4974.64013671875,8273.0498046875,14.079999923706055
2016-06-09,0.07005,0.0679,0.07200000000000001,0.00256,0.0092,1270.199951171875,66.51000213623047,2115.47998046875,15.670000076293945,4958.6201171875,8203.599609375,14.640000343322754
2016-06-10,0.07025,0.0679,0.07203,0.00256,0.0088,1273.4000244140625,66.74099731445312,2096.070068359375,15.970000267028809,4894.5498046875,8170.0498046875,17.030000686645508
2016-06-11,0.07025,0.0679,0.07203,0.00256,0.0088,1273.4000244140625,66.74099731445312,2096.070068359375,15.970000267028809,4894.5498046875,8170.0498046875,17.030000686645508
2016-06-13,0.07011,0.0679,0.07225,0.00261,0.00849,1284.4000244140625,66.94499969482422,2079.06005859375,16.579999923706055,4848.43994140625,8110.60009765625,20.969999313354492
2016-06-14,0.07009,0.0674,0.0721,0.0027400000000000002,0.008539999999999999,1285.5999755859375,67.15399932861328,2075.320068359375,17.190000534057617,4843.5498046875,8108.85009765625,20.5
2016-06-15,0.07007,0.0678,0.07202,0.00269,0.00793,1285.800048828125,67.2979965209961,2071.5,17.059999465942383,4834.93017578125,8206.599609375,20.139999389648438
2016-06-16,0.07005,0.0679,0.07194,0.00264,0.00814,1296.0999755859375,67.072998046875,2077.989990234375,17.700000762939453,4844.919921875,8140.75,19.3700008392334
2016-06-17,0.06988,0.0675,0.07194,0.00266,0.0083,1292.5,67.30699920654297,2071.219970703125,17.350000381469727,4800.33984375,8170.2001953125,19.40999984741211
2016-06-20,0.06985999999999999,0.0675,0.07178,0.00266,0.00875,1290.0,67.06600189208984,2083.25,17.520000457763672,4837.2099609375,8238.5,18.3700008392334
2016-06-21,0.06984,0.0678,0.07182000000000001,0.0027900000000000004,0.00894,1270.5,67.12999725341797,2088.89990234375,17.260000228881836,4843.759765625,8219.900390625,18.479999542236328
2016-06-22,0.06995,0.0674,0.0717,0.0027600000000000003,0.0087,1268.0,67.60600280761719,2085.449951171875,18.18000030517578,4833.31982421875,8203.7001953125,21.170000076293945
2016-06-23,0.06968,0.0675,0.07166,0.00292,0.0092,1261.199951171875,67.4219970703125,2113.320068359375,18.020000457763672,4910.0400390625,8270.4501953125,17.25
2016-06-24,0.07001,0.0675,0.07150000000000001,0.0025900000000000003,0.0074399999999999996,1320.0,67.24199676513672,2037.4100341796875,18.6299991607666,4707.97998046875,8088.60009765625,25.760000228881836
2016-06-25,0.07001,0.0675,0.07150000000000001,0.0025900000000000003,0.0074399999999999996,1320.0,67.24199676513672,2037.4100341796875,18.6299991607666,4707.97998046875,8088.60009765625,25.760000228881836
2016-06-27,0.0696,0.0673,0.07143,0.00254,0.006939999999999999,1322.5,67.87699890136719,2000.5400390625,18.530000686645508,4594.43994140625,8094.7001953125,23.850000381469727
2016-06-28,0.07011,0.0672,0.07139000000000001,0.00269,0.00712,1315.300048828125,67.9209976196289,2036.0899658203125,17.729999542236328,4691.8701171875,8127.85009765625,18.75
2016-06-29,0.0697,0.06709999999999999,0.07135,0.00264,0.00749,1323.9000244140625,67.70500183105469,2070.77001953125,16.15999984741211,4779.25,8204.0,16.639999389648438
2016-06-30,0.06968,0.0659,0.07134,0.00266,0.006979999999999999,1318.4000244140625,67.41600036621094,2098.860107421875,16.290000915527344,4842.669921875,8287.75,15.630000114440918
2016-07-01,0.06936,0.0654,0.0713,0.0025900000000000003,0.00703,1336.699951171875,67.5009994506836,2102.949951171875,15.739999771118164,4862.56982421875,8328.349609375,14.770000457763672
2016-07-04,0.06934,0.065,0.07103,0.0025900000000000003,0.00695,1336.699951171875,67.18199920654297,2102.949951171875,15.579999923706055,4862.56982421875,8370.7001953125,14.770000457763672
2016-07-05,0.06916,0.0646,0.07071,0.00254,0.006520000000000001,1356.4000244140625,67.23699951171875,2088.550048828125,15.359999656677246,4822.89990234375,8335.9501953125,15.579999923706055
2016-07-06,0.06916,0.0646,0.07071,0.00271,0.006730000000000001,1364.9000244140625,67.4260025024414,2099.72998046875,15.359999656677246,4859.16015625,8335.9501953125,14.960000038146973
2016-07-07,0.06874,0.0654,0.0704,0.0028399999999999996,0.006919999999999999,1360.0999755859375,67.4010009765625,2097.89990234375,15.3100004196167,4876.81005859375,8337.900390625,14.760000228881836
2016-07-08,0.06867,0.0654,0.07043,0.0028699999999999997,0.007019999999999999,1356.5999755859375,67.49700164794922,2129.89990234375,15.079999923706055,4956.759765625,8323.2001953125,13.199999809265137
2016-07-09,0.06867,0.0654,0.07043,0.0028699999999999997,0.007019999999999999,1356.5999755859375,67.49700164794922,2129.89990234375,15.079999923706055,4956.759765625,8323.2001953125,13.199999809265137
2016-07-11,0.06865,0.06559999999999999,0.07043,0.0028899999999999998,0.00759,1355.0,67.13200378417969,2137.159912109375,14.850000381469727,4988.64013671875,8467.900390625,13.539999961853027
2016-07-12,0.06849,0.06570000000000001,0.07012,0.00309,0.00813,1334.0999755859375,67.1449966430664,2152.139892578125,14.779999732971191,5022.81982421875,8521.0498046875,13.550000190734863
2016-07-13,0.06847,0.0658,0.0695,0.00312,0.00795,1342.4000244140625,66.87000274658203,2152.429931640625,15.329999923706055,5005.72998046875,8519.5,13.039999961853027
2016-07-14,0.06858,0.0655,0.06953000000000001,0.00317,0.00827,1331.300048828125,67.00599670410156,2163.75,15.609999656677246,5034.06005859375,8565.0,12.819999694824219
2016-07-15,0.06824,0.06559999999999999,0.06952,0.00317,0.00835,1326.5,66.83799743652344,2161.739990234375,15.640000343322754,5029.58984375,8541.400390625,12.670000076293945
2016-07-18,0.06835,0.0655,0.06967,0.00302,0.00845,1328.4000244140625,67.13300323486328,2166.889892578125,15.989999771118164,5055.77978515625,8508.7001953125,12.4399995803833
2016-07-19,0.06833,0.0655,0.06959,0.0032500000000000003,0.00832,1331.5,67.13899993896484,2163.780029296875,15.800000190734863,5036.3701171875,8528.5498046875,11.970000267028809
2016-07-20,0.06845,0.06559999999999999,0.06955,0.0032500000000000003,0.00851,1318.800048828125,67.20600128173828,2173.02001953125,15.989999771118164,5089.93017578125,8565.849609375,11.770000457763672
2016-07-21,0.06842,0.0658,0.06939000000000001,0.0032,0.00808,1330.5,67.16400146484375,2165.169921875,15.710000038146973,5073.89990234375,8510.099609375,12.739999771118164
2016-07-22,0.06849999999999999,0.0655,0.06942,0.00317,0.00835,1323.0999755859375,67.15399932861328,2175.030029296875,15.5,5100.16015625,8541.2001953125,12.020000457763672
2016-07-25,0.06833,0.06570000000000001,0.06941,0.00312,0.00868,1319.300048828125,67.14600372314453,2168.47998046875,15.720000267028809,5097.6298828125,8635.650390625,12.869999885559082
2016-07-26,0.0683,0.0659,0.06941,0.00322,0.00862,1320.699951171875,67.40499877929688,2169.179931640625,15.619999885559082,5110.0498046875,8590.650390625,13.050000190734863
2016-07-27,0.06828000000000001,0.06570000000000001,0.06949,0.00312,0.008199999999999999,1326.5999755859375,67.28399658203125,2166.580078125,15.430000305175781,5139.81005859375,8615.7998046875,12.829999923706055
2016-07-28,0.06811,0.06559999999999999,0.06905,0.0023799999999999997,0.00814,1332.300048828125,67.06300354003906,2170.06005859375,15.149999618530273,5154.97998046875,8666.2998046875,12.720000267028809
2016-07-29,0.06820999999999999,0.0653,0.06904,0.0025900000000000003,0.00747,1349.0,67.00700378417969,2173.60009765625,14.920000076293945,5162.1298828125,8638.5,11.869999885559082
2016-08-01,0.06833,0.06559999999999999,0.06908,0.00254,0.007850000000000001,1351.4000244140625,66.64800262451172,2170.840087890625,15.180000305175781,5184.2001953125,8636.5498046875,12.4399995803833
2016-08-02,0.06845,0.0655,0.06915,0.0028899999999999998,0.0079,1364.4000244140625,66.7509994506836,2157.030029296875,15.6899995803833,5137.72998046875,8622.900390625,13.369999885559082
2016-08-03,0.06843,0.06570000000000001,0.06931,0.0028199999999999996,0.00782,1356.0999755859375,66.6760025024414,2163.7900390625,16.239999771118164,5159.740234375,8544.849609375,12.859999656677246
2016-08-04,0.06826,0.0655,0.06915,0.00264,0.00753,1358.800048828125,66.76000213623047,2164.25,15.140000343322754,5166.25,8551.099609375,12.420000076293945
2016-08-05,0.06848,0.0654,0.06918,0.00269,0.00847,1336.4000244140625,66.84100341796875,2182.8701171875,14.350000381469727,5221.1201171875,8683.150390625,11.390000343322754
2016-08-06,0.06848,0.0654,0.06918,0.00271,0.00847,1336.4000244140625,66.84100341796875,2182.8701171875,14.350000381469727,5221.1201171875,8683.150390625,11.390000343322754
2016-08-08,0.06831000000000001,0.0655,0.06913,0.00269,0.00855,1333.4000244140625,66.83499908447266,2180.889892578125,14.59000015258789,5213.14013671875,8711.349609375,11.5
2016-08-09,0.06843,0.06559999999999999,0.06901,0.00307,0.00831,1339.0,66.79399871826172,2181.739990234375,14.539999961853027,5225.47998046875,8678.25,11.65999984741211
2016-08-10,0.06811,0.066,0.06905,0.0028699999999999997,0.00805,1344.300048828125,66.78299713134766,2175.489990234375,14.920000076293945,5204.580078125,8575.2998046875,12.050000190734863
2016-08-11,0.06808,0.0659,0.06892000000000001,0.00294,0.00866,1342.5,66.75800323486328,2185.7900390625,14.210000038146973,5228.39990234375,8592.150390625,11.680000305175781
2016-08-12,0.06798,0.06559999999999999,0.06895,0.0028199999999999996,0.008239999999999999,1335.800048828125,66.73999786376953,2184.050048828125,13.770000457763672,5232.89013671875,8592.150390625,11.550000190734863
2016-08-13,0.06844,0.06559999999999999,0.06895,0.0028000000000000004,0.008239999999999999,1335.800048828125,66.73999786376953,2184.050048828125,13.770000457763672,5232.89013671875,8592.150390625,11.550000190734863
2016-08-15,0.06844,0.06559999999999999,0.06895,0.00292,0.00845,1340.300048828125,66.89959716796875,2190.14990234375,13.770000457763672,5262.02001953125,8592.150390625,11.8100004196167
2016-08-16,0.06761,0.0658,0.0689,0.00302,0.00872,1350.5,66.86489868164062,2178.14990234375,14.180000305175781,5227.10986328125,8642.5498046875,12.640000343322754
2016-08-17,0.06761,0.0658,0.0689,0.00302,0.00851,1342.699951171875,66.85769653320312,2182.219970703125,14.779999732971191,5228.66015625,8624.0498046875,12.1899995803833
2016-08-18,0.06805,0.06559999999999999,0.06886,0.00302,0.008239999999999999,1351.199951171875,66.90550231933594,2187.02001953125,14.550000190734863,5240.14990234375,8673.25,11.430000305175781
2016-08-19,0.06798,0.06559999999999999,0.06877,0.00309,0.00872,1340.4000244140625,66.81999969482422,2183.8701171875,14.539999961853027,5238.3798828125,8666.900390625,11.34000015258789
2016-08-20,0.06798,0.06559999999999999,0.06877,0.00309,0.00872,1340.4000244140625,66.81999969482422,2183.8701171875,14.539999961853027,5238.3798828125,8666.900390625,11.34000015258789
2016-08-22,0.06811,0.06559999999999999,0.06912,0.00297,0.008539999999999999,1337.699951171875,67.12750244140625,2182.639892578125,14.239999771118164,5244.60009765625,8629.150390625,12.270000457763672
2016-08-23,0.0684,0.06559999999999999,0.069,0.00315,0.00859,1340.5999755859375,67.1874008178711,2186.89990234375,13.899999618530273,5260.080078125,8632.599609375,12.380000114440918
2016-08-24,0.06822,0.0655,0.06896,0.00315,0.00867,1324.4000244140625,67.12999725341797,2175.43994140625,13.489999771118164,5217.68994140625,8650.2998046875,13.449999809265137
2016-08-25,0.06803,0.0654,0.06887,0.0032500000000000003,0.00897,1320.0999755859375,67.16000366210938,2172.469970703125,13.289999961853027,5212.2001953125,8592.2001953125,13.630000114440918
2016-08-26,0.06811,0.0655,0.06881999999999999,0.0032700000000000003,0.009559999999999999,1321.5,67.00559997558594,2169.0400390625,13.569999694824219,5218.919921875,8572.5498046875,13.649999618530273
2016-08-29,0.06776,0.0655,0.06881999999999999,0.00322,0.00911,1322.9000244140625,67.12899780273438,2180.3798828125,13.170000076293945,5232.330078125,8607.4501953125,12.9399995803833
2016-08-30,0.06792,0.0654,0.0689,0.0034000000000000002,0.00908,1311.699951171875,67.08999633789062,2176.1201171875,13.020000457763672,5222.990234375,8744.349609375,13.119999885559082
2016-08-31,0.06788999999999999,0.06559999999999999,0.06877,0.0033,0.00922,1306.9000244140625,67.12660217285156,2170.949951171875,13.239999771118164,5213.22021484375,8786.2001953125,13.420000076293945
2016-09-01,0.0682,0.06559999999999999,0.06881,0.00335,0.00903,1312.199951171875,66.97470092773438,2170.860107421875,13.34000015258789,5227.2099609375,8774.650390625,13.479999542236328
2016-09-02,0.06792,0.06559999999999999,0.06876,0.00322,0.00915,1322.0999755859375,66.79299926757812,2179.97998046875,12.9399995803833,5249.89990234375,8809.650390625,11.979999542236328
2016-09-03,0.06792,0.06559999999999999,0.06876,0.00322,0.00915,1322.0999755859375,66.79299926757812,2179.97998046875,12.9399995803833,5249.89990234375,8809.650390625,11.979999542236328
2016-09-05,0.06792,0.06559999999999999,0.06876,0.0032700000000000003,0.0092,1322.0999755859375,66.57279968261719,2179.97998046875,12.9399995803833,5249.89990234375,8809.650390625,11.979999542236328
2016-09-06,0.0679,0.06559999999999999,0.06851,0.0032,0.00842,1349.4000244140625,66.45999908447266,2186.47998046875,12.75,5275.91015625,8943.0,12.020000457763672
2016-09-07,0.06753,0.0655,0.06826,0.0034000000000000002,0.00855,1344.300048828125,66.25520324707031,2186.159912109375,13.149999618530273,5283.93017578125,8917.9501953125,11.9399995803833
2016-09-08,0.06733,0.06559999999999999,0.06817999999999999,0.0035299999999999997,0.00899,1336.800048828125,66.47160339355469,2181.300048828125,13.119999885559082,5259.47998046875,8952.5,12.510000228881836
2016-09-09,0.06723,0.0654,0.06813,0.0035499999999999998,0.009260000000000001,1330.0999755859375,66.44999694824219,2127.81005859375,13.229999542236328,5125.91015625,8866.7001953125,17.5
2016-09-12,0.06826,0.0654,0.06831999999999999,0.0037,0.0091,1321.0,66.77799987792969,2159.0400390625,15.239999771118164,5211.89013671875,8715.599609375,15.15999984741211
2016-09-13,0.06826,0.0654,0.06831999999999999,0.0036,0.009519999999999999,1319.0,66.7229995727539,2127.02001953125,15.239999771118164,5155.25,8715.599609375,17.850000381469727
2016-09-14,0.06820999999999999,0.0652,0.06815,0.00332,0.00904,1321.5,66.99500274658203,2125.77001953125,14.760000228881836,5173.77001953125,8726.599609375,18.139999389648438
2016-09-15,0.06804,0.065,0.06811,0.00294,0.00875,1313.5,66.75810241699219,2147.260009765625,14.680000305175781,5249.68994140625,8742.5498046875,16.299999237060547
2016-09-16,0.06791,0.06509999999999999,0.06793,0.0028899999999999998,0.00907,1305.800048828125,66.85030364990234,2139.159912109375,14.579999923706055,5244.56982421875,8779.849609375,15.369999885559082
2016-09-17,0.06791,0.06509999999999999,0.06793,0.0028899999999999998,0.00907,1305.800048828125,66.85030364990234,2139.159912109375,14.579999923706055,5244.56982421875,8779.849609375,15.369999885559082
2016-09-19,0.06747,0.0652,0.06805,0.00256,0.00923,1313.5,67.06529998779297,2139.1201171875,14.9399995803833,5235.02978515625,8808.400390625,15.529999732971191
2016-09-20,0.06743,0.0653,0.06809,0.00302,0.0092,1313.699951171875,66.9552001953125,2139.760009765625,14.779999732971191,5241.35009765625,8775.900390625,15.920000076293945
2016-09-21,0.06724999999999999,0.0652,0.06796,0.0023599999999999997,0.00915,1326.9000244140625,66.9749984741211,2163.1201171875,14.8100004196167,5295.18017578125,8777.150390625,13.300000190734863
2016-09-22,0.06694,0.0652,0.06751,0.0018,0.00907,1340.4000244140625,66.76119995117188,2177.179931640625,13.34000015258789,5339.52001953125,8867.4501953125,12.020000457763672
2016-09-23,0.068,0.0652,0.06721,0.00185,0.00891,1337.199951171875,66.62259674072266,2164.68994140625,13.25,5305.75,8831.5498046875,12.289999961853027
2016-09-24,0.06706000000000001,0.0652,0.06721,0.00183,0.00891,1337.199951171875,66.62259674072266,2164.68994140625,13.25,5305.75,8831.5498046875,12.289999961853027
2016-09-26,0.06648,0.0652,0.06692000000000001,0.0019,0.00859,1339.699951171875,66.69650268554688,2146.10009765625,14.569999694824219,5257.490234375,8723.0498046875,14.5
2016-09-27,0.06615,0.0652,0.06687,0.00271,0.00856,1325.9000244140625,66.60649871826172,2159.929931640625,14.25,5305.7099609375,8706.400390625,13.100000381469727
2016-09-28,0.06597,0.0652,0.06678,0.0028199999999999996,0.00862,1319.4000244140625,66.44129943847656,2171.3701171875,13.850000381469727,5318.5498046875,8745.150390625,12.390000343322754
2016-09-29,0.06687,0.065,0.06776,0.00254,0.0084,1321.699951171875,66.33280181884766,2151.1298828125,18.450000762939453,5269.14990234375,8591.25,14.020000457763672
2016-09-30,0.06631000000000001,0.0645,0.06726,0.0028399999999999996,0.00875,1313.300048828125,66.81629943847656,2168.27001953125,17.18000030517578,5312.0,8611.150390625,13.289999961853027
2016-10-03,0.06612,0.06480000000000001,0.06655,0.00307,0.0091,1309.0,66.54650115966797,2161.199951171875,15.619999885559082,5300.8701171875,8738.099609375,13.569999694824219
2016-10-04,0.06593,0.0634,0.06559999999999999,0.0033,0.009479999999999999,1266.300048828125,66.38030242919922,2150.489990234375,14.989999771118164,5289.66015625,8769.150390625,13.630000114440918
2016-10-05,0.06518,0.0635,0.06559,0.0032700000000000003,0.00964,1265.199951171875,66.5780029296875,2159.72998046875,14.930000305175781,5316.02001953125,8743.9501953125,12.989999771118164
2016-10-06,0.06526,0.0633,0.06583,0.0032700000000000003,0.00991,1249.800048828125,66.56320190429688,2160.77001953125,14.84000015258789,5306.85009765625,8709.5498046875,12.84000015258789
2016-10-07,0.06538000000000001,0.0636,0.0661,0.0032700000000000003,0.00984,1248.9000244140625,66.68710327148438,2153.739990234375,14.489999771118164,5292.39990234375,8697.599609375,13.479999542236328
2016-10-10,0.06521,0.0637,0.06584,0.0032300000000000002,0.01022,1248.9000244140625,66.59120178222656,2163.659912109375,14.289999961853027,5328.669921875,8708.7998046875,13.380000114440918
2016-10-11,0.06521,0.0637,0.06584,0.00337,0.01019,1253.0,66.48509979248047,2136.72998046875,14.289999961853027,5246.7900390625,8708.7998046875,15.359999656677246
2016-10-12,0.06521,0.0637,0.06584,0.00358,0.01016,1251.0999755859375,66.79850006103516,2139.179931640625,14.289999961853027,5239.02001953125,8708.7998046875,15.90999984741211
2016-10-13,0.06529,0.0637,0.066,0.00294,0.01,1255.0,66.81809997558594,2132.550048828125,15.430000305175781,5213.330078125,8573.349609375,16.690000534057617
2016-10-14,0.06541000000000001,0.0637,0.06598,0.0030399999999999997,0.01008,1253.0999755859375,66.78399658203125,2132.97998046875,14.890000343322754,5214.16015625,8583.400390625,16.1200008392334
2016-10-15,0.06584,0.0637,0.06598,0.0031,0.01008,1253.0999755859375,66.78399658203125,2132.97998046875,14.890000343322754,5214.16015625,8583.400390625,16.1200008392334
2016-10-17,0.06535,0.0637,0.06597,0.00309,0.00976,1254.4000244140625,66.7052993774414,2126.5,15.65999984741211,5199.81982421875,8520.400390625,16.209999084472656
2016-10-18,0.06529,0.0637,0.0658,0.0034799999999999996,0.00955,1260.800048828125,66.78359985351562,2139.60009765625,14.539999961853027,5243.83984375,8677.900390625,15.279999732971191
2016-10-19,0.06524,0.0642,0.06575,0.00337,0.00957,1267.9000244140625,66.73799896240234,2144.2900390625,14.609999656677246,5246.41015625,8659.099609375,14.40999984741211
2016-10-20,0.06634999999999999,0.0639,0.06575,0.00332,0.00979,1265.5999755859375,66.63639831542969,2141.340087890625,14.170000076293945,5241.830078125,8699.400390625,13.75
2016-10-21,0.06589,0.0639,0.06577,0.00332,0.00981,1265.9000244140625,66.84130096435547,2141.159912109375,13.829999923706055,5257.39990234375,8693.0498046875,13.34000015258789
2016-10-22,0.06589,0.0639,0.06577,0.00332,0.00981,1265.9000244140625,66.84130096435547,2141.159912109375,13.829999923706055,5257.39990234375,8693.0498046875,13.34000015258789
2016-10-24,0.06583,0.064,0.06547,0.0032700000000000003,0.00997,1262.0,66.91120147705078,2151.330078125,14.329999923706055,5309.830078125,8708.9501953125,13.020000457763672
2016-10-25,0.06593,0.0639,0.06555,0.00345,0.01,1271.9000244140625,66.83399963378906,2143.159912109375,14.479999542236328,5283.39990234375,8691.2998046875,13.460000038146973
2016-10-26,0.06541999999999999,0.064,0.06558,0.0033,0.01016,1264.800048828125,66.78130340576172,2139.429931640625,14.449999809265137,5250.27001953125,8615.25,14.239999771118164
2016-10-27,0.06521,0.0639,0.06566,0.0028899999999999998,0.01038,1267.9000244140625,66.86399841308594,2133.0400390625,14.09000015258789,5215.97021484375,8615.25,15.359999656677246
2016-10-28,0.0661,0.0635,0.06573000000000001,0.0028899999999999998,0.01008,1275.5,66.90299987792969,2126.409912109375,14.649999618530273,5190.10009765625,8638.0,16.190000534057617
2016-10-31,0.0661,0.0635,0.06573000000000001,0.00309,0.00992,1271.5,66.78140258789062,2126.14990234375,14.649999618530273,5189.14013671875,8638.0,17.059999465942383
2016-11-01,0.0662,0.0638,0.06585,0.0036,0.00987,1286.4000244140625,66.66549682617188,2111.719970703125,15.739999771118164,5153.580078125,8626.25,18.559999465942383
2016-11-02,0.06537,0.0638,0.0658,0.0036,0.0097,1306.800048828125,66.67849731445312,2097.93994140625,16.799999237060547,5105.56982421875,8514.0,19.31999969482422
2016-11-03,0.06546,0.0643,0.06570999999999999,0.00373,0.00962,1302.0999755859375,66.77749633789062,2088.659912109375,16.469999313354492,5058.41015625,8484.9501953125,22.079999923706055
2016-11-04,0.06544,0.0643,0.06573999999999999,0.00373,0.00941,1303.300048828125,66.68450164794922,2085.179931640625,16.850000381469727,5046.3701171875,8433.75,22.510000228881836
2016-11-05,0.06544,0.0643,0.06573999999999999,0.00373,0.00941,1303.300048828125,66.68450164794922,2085.179931640625,16.850000381469727,5046.3701171875,8433.75,22.510000228881836
2016-11-07,0.06554,0.0642,0.06569,0.004079999999999999,0.00978,1278.300048828125,66.7853012084961,2131.52001953125,16.510000228881836,5166.169921875,8497.0498046875,18.709999084472656
2016-11-08,0.06405999999999999,0.064,0.06564,0.00436,0.01022,1273.4000244140625,66.73500061035156,2139.56005859375,16.770000457763672,5193.490234375,8543.5498046875,18.739999771118164
2016-11-09,0.06351,0.0634,0.06423,0.00434,0.0113,1272.5999755859375,66.22949981689453,2163.260009765625,16.6200008392334,5251.06982421875,8432.0,14.380000114440918
2016-11-10,0.06312999999999999,0.06269999999999999,0.06387999999999999,0.00475,0.011619999999999998,1265.5,66.50749969482422,2167.47998046875,15.460000038146973,5208.7998046875,8525.75,14.739999771118164
2016-11-11,0.06348,0.0626,0.06411,0.00475,0.011619999999999998,1265.5,67.2145004272461,2164.449951171875,17.360000610351562,5237.10986328125,8296.2998046875,14.170000076293945
2016-11-14,0.06348,0.0626,0.06411,0.0052,0.012769999999999998,1221.199951171875,67.54679870605469,2164.199951171875,17.360000610351562,5218.39990234375,8296.2998046875,14.479999542236328
2016-11-15,0.062439999999999996,0.06,0.06287,0.00505,0.012769999999999998,1224.0,67.77549743652344,2180.389892578125,20.149999618530273,5275.6201171875,8108.4501953125,13.369999885559082
2016-11-16,0.060739999999999995,0.059500000000000004,0.06265,0.00469,0.012769999999999998,1223.4000244140625,67.74800109863281,2176.93994140625,19.5,5294.580078125,8111.60009765625,13.720000267028809
2016-11-17,0.06131,0.059500000000000004,0.06234,0.00436,0.01318,1216.5,67.98149871826172,2187.1201171875,18.709999084472656,5333.97021484375,8079.9501953125,13.350000381469727
2016-11-18,0.06107,0.059800000000000006,0.062439999999999996,0.00434,0.01357,1208.5,67.97480010986328,2181.89990234375,17.809999465942383,5321.509765625,8074.10009765625,12.850000381469727
2016-11-21,0.061810000000000004,0.059500000000000004,0.06132,0.00442,0.01343,1209.5999755859375,68.16999816894531,2198.179931640625,19.100000381469727,5368.85986328125,7929.10009765625,12.420000076293945
2016-11-22,0.06107,0.0594,0.061349999999999995,0.00492,0.013460000000000001,1211.0,68.21549987792969,2202.93994140625,18.469999313354492,5386.35009765625,8002.2998046875,12.40999984741211
2016-11-23,0.060309999999999996,0.059000000000000004,0.06109,0.00502,0.01398,1189.0999755859375,68.385498046875,2204.719970703125,18.040000915527344,5380.68017578125,8033.2998046875,12.430000305175781
2016-11-24,0.059210000000000006,0.0572,0.059669999999999994,0.00502,0.014450000000000001,1189.0999755859375,68.79850006103516,2204.719970703125,17.15999984741211,5380.68017578125,7965.5,12.430000305175781
2016-11-25,0.05979,0.0575,0.0601,0.00502,0.013999999999999999,1178.199951171875,68.74549865722656,2213.35009765625,17.610000610351562,5398.919921875,8114.2998046875,12.34000015258789
2016-11-28,0.06107,0.0596,0.06112,0.004719999999999999,0.01362,1190.5999755859375,68.50849914550781,2201.719970703125,18.059999465942383,5368.81005859375,8126.89990234375,13.149999618530273
2016-11-29,0.060289999999999996,0.059800000000000006,0.061020000000000005,0.00485,0.013460000000000001,1187.9000244140625,68.55549621582031,2204.659912109375,17.709999084472656,5379.919921875,8142.14990234375,12.899999618530273
2016-11-30,0.06037,0.0592,0.06033,0.00485,0.01401,1170.800048828125,68.60800170898438,2198.81005859375,16.850000381469727,5323.68017578125,8224.5,13.329999923706055
2016-12-01,0.060289999999999996,0.0596,0.05989,0.00475,0.01439,1166.9000244140625,68.58799743652344,2191.080078125,16.690000534057617,5251.10986328125,8192.900390625,14.069999694824219
2016-12-02,0.06072,0.06,0.06027999999999999,0.00475,0.013879999999999998,1175.0999755859375,68.21649932861328,2191.949951171875,17.93000030517578,5255.64990234375,8086.7998046875,14.119999885559082
2016-12-05,0.060270000000000004,0.0591,0.06018,0.004719999999999999,0.014079999999999999,1174.0,68.0114974975586,2204.7099609375,17.290000915527344,5308.89013671875,8128.75,12.140000343322754
2016-12-06,0.060540000000000004,0.059699999999999996,0.05986,0.00505,0.01395,1167.5999755859375,68.01249694824219,2212.22998046875,17.110000610351562,5333.0,8143.14990234375,11.789999961853027
2016-12-07,0.060090000000000005,0.061500000000000006,0.06231,0.00505,0.01365,1175.0,67.72200012207031,2241.35009765625,16.850000381469727,5393.759765625,8102.0498046875,12.220000267028809
2016-12-08,0.06269,0.0625,0.062,0.0051,0.01387,1169.800048828125,67.43150329589844,2246.18994140625,15.529999732971191,5417.35986328125,8246.849609375,12.640000343322754
2016-12-09,0.06273,0.0623,0.06234,0.005410000000000001,0.01418,1159.4000244140625,67.40599822998047,2259.530029296875,15.069999694824219,5444.5,8261.75,11.75
2016-12-12,0.06273,0.0623,0.06234,0.005180000000000001,0.014079999999999999,1163.5,67.46050262451172,2256.9599609375,16.190000534057617,5412.5400390625,8170.7998046875,12.640000343322754
2016-12-13,0.06265,0.062,0.06215,0.005430000000000001,0.01463,1156.699951171875,67.41799926757812,2271.719970703125,15.920000076293945,5463.830078125,8221.7998046875,12.720000267028809
2016-12-14,0.062380000000000005,0.061799999999999994,0.06214,0.005410000000000001,0.015780000000000002,1161.300048828125,67.3864974975586,2253.280029296875,16.59000015258789,5436.669921875,8182.4501953125,13.1899995803833
2016-12-15,0.062110000000000005,0.061799999999999994,0.06292,0.00505,0.01616,1127.800048828125,67.81999969482422,2262.030029296875,15.65999984741211,5456.85009765625,8153.60009765625,12.789999961853027
2016-12-16,0.062220000000000004,0.061900000000000004,0.06297,0.00505,0.01598,1135.300048828125,67.84500122070312,2258.070068359375,15.25,5437.16015625,8139.4501953125,12.199999809265137
2016-12-19,0.06299,0.062,0.06505,0.0049499999999999995,0.01555,1140.5,67.83499908447266,2262.530029296875,14.84000015258789,5457.43994140625,8104.35009765625,11.710000038146973
2016-12-20,0.0632,0.0621,0.06459,0.00528,0.015609999999999999,1131.5,67.84020233154297,2270.760009765625,14.539999961853027,5483.93994140625,8082.39990234375,11.449999809265137
2016-12-21,0.06317,0.0621,0.06439,0.00515,0.01534,1131.0999755859375,67.89700317382812,2265.179931640625,14.710000038146973,5471.43017578125,8061.2998046875,11.270000457763672
2016-12-22,0.06321,0.0621,0.06476,0.00513,0.015449999999999998,1128.800048828125,67.82550048828125,2260.9599609375,15.550000190734863,5447.419921875,7979.10009765625,11.430000305175781
2016-12-23,0.06344,0.0621,0.06484,0.0052,0.01543,1131.9000244140625,67.83799743652344,2263.7900390625,15.130000114440918,5462.68994140625,7985.75,11.4399995803833
2016-12-24,0.06344,0.0621,0.06484,0.0052,0.01543,1131.9000244140625,67.83799743652344,2263.7900390625,15.130000114440918,5462.68994140625,7985.75,11.4399995803833
2016-12-26,0.06366,0.062400000000000004,0.06527999999999999,0.005180000000000001,0.01543,1131.9000244140625,67.83080291748047,2263.7900390625,16.600000381469727,5462.68994140625,7908.25,11.4399995803833
2016-12-27,0.06387,0.0623,0.06561,0.00515,0.01562,1137.300048828125,67.77200317382812,2268.8798828125,15.079999923706055,5487.43994140625,8032.85009765625,11.989999771118164
2016-12-28,0.06384000000000001,0.062400000000000004,0.06527999999999999,0.00513,0.015269999999999999,1139.4000244140625,67.96800231933594,2249.919921875,15.539999961853027,5438.56005859375,8034.85009765625,12.949999809265137
2016-12-29,0.06332,0.062,0.06454,0.00462,0.014750000000000001,1156.4000244140625,68.20500183105469,2249.260009765625,15.279999732971191,5432.08984375,8103.60009765625,13.369999885559082
2016-12-30,0.06326,0.0622,0.06457,0.00502,0.01459,1150.0,67.93299865722656,2238.830078125,15.470000267028809,5383.1201171875,8185.7998046875,14.039999961853027
2017-01-02,0.06282,0.061,0.0636,0.00502,0.01459,1150.0,67.9448013305664,2238.830078125,15.829999923706055,5383.1201171875,8179.5,14.039999961853027
2017-01-03,0.0632,0.061,0.06397,0.00497,0.01481,1160.4000244140625,68.13390350341797,2257.830078125,15.960000038146973,5429.080078125,8192.25,12.850000381469727
2017-01-04,0.06275,0.060899999999999996,0.06354,0.00536,0.01478,1163.800048828125,68.2697982788086,2270.75,15.890000343322754,5477.0,8190.5,11.850000381469727
2017-01-05,0.06256,0.061900000000000004,0.06353,0.00525,0.014079999999999999,1179.699951171875,67.885498046875,2269.0,15.050000190734863,5487.93994140625,8273.7998046875,11.670000076293945
2017-01-06,0.06279,0.061900000000000004,0.06361,0.0052,0.014839999999999999,1171.9000244140625,67.73300170898438,2276.97998046875,14.90999984741211,5521.06005859375,8243.7998046875,11.319999694824219
2017-01-07,0.06279,0.061900000000000004,0.06361,0.0052,0.014839999999999999,1171.9000244140625,67.73300170898438,2276.97998046875,14.90999984741211,5521.06005859375,8243.7998046875,11.319999694824219
2017-01-09,0.06292,0.061900000000000004,0.06351,0.00502,0.01451,1183.5,68.1426010131836,2268.89990234375,15.479999542236328,5531.81982421875,8236.0498046875,11.5600004196167
2017-01-10,0.06280999999999999,0.0621,0.06359,0.0052,0.014490000000000001,1184.199951171875,68.09700012207031,2268.89990234375,15.199999809265137,5551.81982421875,8288.599609375,11.489999771118164
2017-01-11,0.06277,0.0621,0.06357,0.00515,0.01471,1195.5999755859375,68.31800079345703,2275.320068359375,14.8100004196167,5563.64990234375,8380.650390625,11.260000228881836
2017-01-12,0.06240999999999999,0.0623,0.06343,0.005180000000000001,0.014530000000000001,1198.9000244140625,68.13999938964844,2270.43994140625,14.609999656677246,5547.490234375,8407.2001953125,11.539999961853027
2017-01-13,0.06264,0.0625,0.06371,0.0053,0.014790000000000001,1195.300048828125,68.12950134277344,2274.639892578125,14.380000114440918,5574.1201171875,8400.349609375,11.229999542236328
2017-01-16,0.06261,0.062400000000000004,0.06379,0.0053,0.014610000000000001,1195.300048828125,68.15779876708984,2274.639892578125,15.069999694824219,5574.1201171875,8412.7998046875,11.229999542236328
2017-01-17,0.06240999999999999,0.0625,0.06378,0.0053,0.01418,1212.0,68.09459686279297,2267.889892578125,15.390000343322754,5538.72998046875,8398.0,11.869999885559082
2017-01-18,0.06237,0.0625,0.06392,0.00528,0.01509,1211.300048828125,67.89949798583984,2271.889892578125,15.180000305175781,5555.64990234375,8417.0,12.479999542236328
2017-01-19,0.06276,0.0625,0.0641,0.0052,0.01517,1200.9000244140625,68.197998046875,2263.68994140625,15.020000457763672,5540.080078125,8435.099609375,12.779999732971191
2017-01-20,0.06292,0.0623,0.06405999999999999,0.00497,0.014879999999999999,1204.300048828125,68.09030151367188,2271.31005859375,15.789999961853027,5555.330078125,8349.349609375,11.539999961853027
2017-01-23,0.06297,0.0623,0.06401,0.00492,0.01429,1215.0,68.07720184326172,2265.199951171875,15.90999984741211,5552.93994140625,8391.5,11.770000457763672
2017-01-24,0.06268,0.0623,0.06358,0.0051,0.01485,1210.300048828125,68.05139923095703,2280.070068359375,15.289999961853027,5600.9599609375,8475.7998046875,11.069999694824219
2017-01-25,0.06269999999999999,0.0622,0.06349,0.005,0.015069999999999998,1197.300048828125,68.16449737548828,2298.3701171875,15.170000076293945,5656.33984375,8602.75,10.8100004196167
2017-01-26,0.06269999999999999,0.0622,0.06349,0.00505,0.01494,1189.5,67.9729995727539,2296.679931640625,15.170000076293945,5655.18017578125,8602.75,10.630000114440918
2017-01-27,0.06286,0.0623,0.06341000000000001,0.00515,0.01478,1188.0999755859375,68.14900207519531,2294.68994140625,16.010000228881836,5660.77978515625,8641.25,10.579999923706055
2017-01-30,0.0626,0.062,0.06331,0.00513,0.01478,1193.199951171875,68.11000061035156,2280.89990234375,16.670000076293945,5613.7099609375,8632.75,11.880000114440918
2017-01-31,0.06256,0.0625,0.06366,0.005180000000000001,0.0147,1208.5999755859375,67.82099914550781,2278.8701171875,16.829999923706055,5614.7900390625,8561.2998046875,11.989999771118164
2017-02-01,0.062439999999999996,0.061799999999999994,0.06338,0.005180000000000001,0.01478,1205.5999755859375,67.50160217285156,2279.550048828125,13.970000267028809,5642.64990234375,8716.400390625,11.8100004196167
2017-02-02,0.062060000000000004,0.061500000000000006,0.06311,0.00505,0.0147,1216.699951171875,67.39540100097656,2280.85009765625,13.520000457763672,5636.2001953125,8734.25,11.930000305175781
2017-02-03,0.061950000000000005,0.0617,0.06306,0.00505,0.01462,1218.5,67.2656021118164,2297.419921875,13.130000114440918,5666.77001953125,8740.9501953125,10.970000267028809
2017-02-06,0.06192,0.061399999999999996,0.06321,0.0052,0.0141,1230.0,67.15730285644531,2292.56005859375,13.399999618530273,5663.5498046875,8801.0498046875,11.369999885559082
2017-02-07,0.062060000000000004,0.061399999999999996,0.06323000000000001,0.005430000000000001,0.014190000000000001,1234.199951171875,67.19529724121094,2293.080078125,13.510000228881836,5674.22021484375,8768.2998046875,11.289999961853027
2017-02-08,0.06379,0.0623,0.06570000000000001,0.005430000000000001,0.014039999999999999,1237.5999755859375,67.34049987792969,2294.669921875,13.350000381469727,5682.4501953125,8769.0498046875,11.449999809265137
2017-02-09,0.06412,0.0622,0.06681,0.005430000000000001,0.01455,1235.0999755859375,66.96430206298828,2307.8701171875,13.239999771118164,5715.18017578125,8778.400390625,10.880000114440918
2017-02-10,0.06411,0.0626,0.06621,0.00538,0.01471,1234.4000244140625,66.74530029296875,2316.10009765625,13.180000305175781,5734.1298828125,8793.5498046875,10.850000381469727
2017-02-13,0.06381,0.06269999999999999,0.066,0.005410000000000001,0.0149,1224.4000244140625,66.84369659423828,2328.25,13.6899995803833,5763.9599609375,8805.0498046875,11.069999694824219
2017-02-14,0.06378,0.0623,0.06619,0.00553,0.01536,1223.9000244140625,66.91539764404297,2337.580078125,13.800000190734863,5782.56982421875,8792.2998046875,10.739999771118164
2017-02-15,0.06357,0.062,0.06604,0.00538,0.015569999999999999,1231.699951171875,66.7759017944336,2349.25,14.210000038146973,5819.43994140625,8724.7001953125,11.970000267028809
2017-02-16,0.06372,0.061799999999999994,0.06587,0.00525,0.015029999999999998,1240.0,66.8655014038086,2347.219970703125,13.729999542236328,5814.89990234375,8778.0,11.760000228881836
2017-02-17,0.06362,0.061900000000000004,0.06586,0.00525,0.01477,1237.5999755859375,67.16480255126953,2351.159912109375,13.430000305175781,5838.580078125,8821.7001953125,11.489999771118164
2017-02-20,0.06392,0.062,0.06633,0.005180000000000001,0.014879999999999999,1237.5999755859375,67.06520080566406,2351.159912109375,13.609999656677246,5838.580078125,8879.2001953125,11.489999771118164
2017-02-21,0.06392,0.062,0.06633,0.00523,0.014910000000000001,1237.5,66.96499633789062,2365.3798828125,13.529999732971191,5865.9501953125,8907.849609375,11.569999694824219
2017-02-22,0.0637,0.061399999999999996,0.06649,0.00528,0.01477,1232.0,66.96510314941406,2362.820068359375,13.699999809265137,5860.6298828125,8926.900390625,11.739999771118164
2017-02-23,0.06339,0.0613,0.06624,0.00515,0.014339999999999999,1250.199951171875,66.91429901123047,2363.81005859375,13.399999618530273,5835.509765625,8939.5,11.710000038146973
2017-02-24,0.06339,0.0613,0.06624,0.00515,0.01394,1256.9000244140625,66.68280029296875,2367.340087890625,13.399999618530273,5845.31005859375,8939.5,11.470000267028809
2017-02-27,0.06298,0.0613,0.06583,0.0051,0.01451,1257.4000244140625,66.63500213623047,2369.75,13.680000305175781,5861.89990234375,8896.7001953125,12.09000015258789
2017-02-28,0.06325,0.060899999999999996,0.06582,0.005410000000000001,0.01524,1252.5999755859375,66.69319915771484,2363.639892578125,13.789999961853027,5825.43994140625,8879.599609375,12.920000076293945
2017-03-01,0.0635,0.0605,0.06638,0.00635,0.01567,1248.9000244140625,66.7051010131836,2395.9599609375,13.579999923706055,5904.02978515625,8945.7998046875,12.539999961853027
2017-03-02,0.06384000000000001,0.0601,0.06633,0.0066500000000000005,0.01589,1231.9000244140625,66.85800170898438,2381.919921875,13.359999656677246,5861.22021484375,8899.75,11.8100004196167
2017-03-03,0.06355000000000001,0.06,0.06623,0.0070599999999999994,0.01585,1225.5,66.84510040283203,2383.1201171875,13.350000381469727,5870.75,8897.5498046875,10.960000038146973
2017-03-06,0.06341999999999999,0.0593,0.06686,0.00729,0.01582,1224.5,66.77300262451172,2375.31005859375,13.640000343322754,5849.18017578125,8963.4501953125,11.239999771118164
2017-03-07,0.0632,0.059699999999999996,0.06732,0.00757,0.0161,1215.0999755859375,66.66470336914062,2368.389892578125,13.880000114440918,5833.93017578125,8946.900390625,11.449999809265137
2017-03-08,0.06354,0.0594,0.06727,0.00729,0.01665,1208.5,66.61620330810547,2362.97998046875,14.079999923706055,5837.5498046875,8924.2998046875,11.859999656677246
2017-03-09,0.06275,0.0594,0.06706000000000001,0.00734,0.01695,1202.4000244140625,66.76499938964844,2364.8701171875,14.390000343322754,5838.81005859375,8927.0,12.300000190734863
2017-03-10,0.06299,0.0593,0.06742,0.00747,0.01663,1200.699951171875,66.68049621582031,2372.60009765625,13.960000038146973,5861.72998046875,8934.5498046875,11.65999984741211
2017-03-13,0.06299,0.0593,0.06742,0.00749,0.01687,1202.4000244140625,66.48500061035156,2373.469970703125,13.960000038146973,5875.77978515625,8934.5498046875,11.350000381469727
2017-03-14,0.06334,0.0592,0.06741,0.00775,0.01687,1201.9000244140625,66.17009735107422,2365.449951171875,12.399999618530273,5856.81982421875,9087.0,12.300000190734863
2017-03-15,0.06301,0.0592,0.06719,0.00739,0.01587,1200.0999755859375,65.77510070800781,2385.260009765625,12.420000076293945,5900.0498046875,9084.7998046875,11.630000114440918
2017-03-16,0.06298,0.0596,0.06691,0.00734,0.01625,1226.5,65.62049865722656,2381.3798828125,11.90999984741211,5900.759765625,9153.7001953125,11.210000038146973
2017-03-17,0.06316,0.059500000000000004,0.06674000000000001,0.00729,0.01606,1229.800048828125,65.40450286865234,2378.25,11.850000381469727,5901.0,9160.0498046875,11.279999732971191
2017-03-18,0.06316,0.059500000000000004,0.06674000000000001,0.00729,0.01606,1229.800048828125,65.40450286865234,2378.25,11.850000381469727,5901.0,9160.0498046875,11.279999732971191
2017-03-20,0.06332,0.058899999999999994,0.06669,0.00734,0.01571,1233.5999755859375,65.46810150146484,2373.469970703125,12.020000457763672,5901.52978515625,9126.849609375,11.34000015258789
2017-03-21,0.0629,0.058600000000000006,0.06668,0.00775,0.015309999999999999,1246.0999755859375,65.33529663085938,2344.02001953125,11.9399995803833,5793.830078125,9121.5,12.470000267028809
2017-03-22,0.06276,0.0583,0.06609,0.00769,0.0152,1249.300048828125,65.49500274658203,2348.449951171875,12.270000457763672,5821.64013671875,9030.4501953125,12.8100004196167
2017-03-23,0.062430000000000006,0.058600000000000006,0.0659,0.00769,0.01528,1246.9000244140625,65.36499786376953,2345.9599609375,11.84000015258789,5817.68994140625,9086.2998046875,13.119999885559082
2017-03-24,0.06221,0.058600000000000006,0.06570000000000001,0.00769,0.01533,1248.199951171875,65.44439697265625,2343.97998046875,11.979999542236328,5828.740234375,9108.0,12.960000038146973
2017-03-25,0.06221,0.058600000000000006,0.06570000000000001,0.00769,0.01533,1248.199951171875,65.44439697265625,2343.97998046875,11.979999542236328,5828.740234375,9108.0,12.960000038146973
2017-03-27,0.06204,0.058600000000000006,0.06526,0.0078000000000000005,0.015109999999999998,1255.4000244140625,65.39309692382812,2341.590087890625,12.4399995803833,5840.3701171875,9045.2001953125,12.5
2017-03-28,0.06204,0.058600000000000006,0.06526,0.00795,0.01554,1255.300048828125,65.04499816894531,2358.570068359375,12.119999885559082,5875.14013671875,9100.7998046875,11.529999732971191
2017-03-29,0.0625,0.057699999999999994,0.06566,0.00777,0.01516,1253.4000244140625,65.11000061035156,2361.1298828125,12.09000015258789,5897.5498046875,9143.7998046875,11.420000076293945
2017-03-30,0.062400000000000004,0.0574,0.06549,0.0078000000000000005,0.015349999999999999,1245.0,64.77999877929688,2368.06005859375,12.149999618530273,5914.33984375,9173.75,11.539999961853027
2017-03-31,0.06239,0.057999999999999996,0.06569,0.00762,0.01497,1247.300048828125,64.79000091552734,2362.719970703125,12.420000076293945,5911.740234375,9173.75,12.369999885559082
2017-04-03,0.06251000000000001,0.057999999999999996,0.06577,0.00764,0.01437,1250.800048828125,64.79669952392578,2358.840087890625,11.489999771118164,5894.68017578125,9237.849609375,12.380000114440918
2017-04-04,0.06251000000000001,0.057999999999999996,0.06577,0.00803,0.01472,1255.0,64.87750244140625,2360.159912109375,11.489999771118164,5898.60986328125,9237.849609375,11.789999961853027
2017-04-05,0.06258,0.0575,0.066,0.00803,0.0144,1245.4000244140625,65.05000305175781,2352.949951171875,11.550000190734863,5864.47998046875,9265.150390625,12.890000343322754
2017-04-06,0.06480000000000001,0.0593,0.06709,0.008100000000000001,0.014450000000000001,1250.300048828125,65.04000091552734,2357.489990234375,11.289999961853027,5878.9501953125,9261.9501953125,12.390000343322754
2017-04-07,0.06366,0.059500000000000004,0.06743,0.008199999999999999,0.0151,1254.300048828125,64.58000183105469,2355.5400390625,11.6899995803833,5877.81005859375,9198.2998046875,12.869999885559082
2017-04-10,0.06384000000000001,0.059800000000000006,0.06746,0.008100000000000001,0.01502,1251.0999755859375,64.26000213623047,2357.159912109375,11.619999885559082,5880.93017578125,9181.4501953125,14.050000190734863
2017-04-11,0.0639,0.059500000000000004,0.06682,0.00823,0.01462,1271.199951171875,64.57499694824219,2353.780029296875,11.399999618530273,5866.77001953125,9237.0,15.069999694824219
2017-04-12,0.06405999999999999,0.059699999999999996,0.0667,0.00815,0.01417,1275.300048828125,64.62999725341797,2344.929931640625,11.630000114440918,5836.16015625,9203.4501953125,15.770000457763672
2017-04-13,0.0639,0.059500000000000004,0.06659,0.008100000000000001,0.01409,1285.9000244140625,64.5,2328.949951171875,11.579999923706055,5805.14990234375,9150.7998046875,15.960000038146973
2017-04-14,0.0639,0.059500000000000004,0.06659,0.008100000000000001,0.01409,1285.9000244140625,64.44999694824219,2328.949951171875,11.579999923706055,5805.14990234375,9150.7998046875,15.960000038146973
2017-04-17,0.06417,0.06,0.067,0.00815,0.01406,1289.4000244140625,64.45369720458984,2349.010009765625,11.890000343322754,5856.7900390625,9139.2998046875,14.65999984741211
2017-04-18,0.06392,0.0605,0.06677,0.00828,0.01353,1291.699951171875,64.4083023071289,2342.18994140625,12.380000114440918,5849.47021484375,9105.150390625,14.420000076293945
2017-04-19,0.06387,0.060700000000000004,0.06669,0.00808,0.01385,1281.4000244140625,64.56999969482422,2338.169921875,12.220000267028809,5863.02978515625,9103.5,14.930000305175781
2017-04-20,0.06372,0.0608,0.06668,0.00792,0.01403,1281.9000244140625,64.64669799804688,2355.840087890625,11.5600004196167,5916.77978515625,9136.400390625,14.149999618530273
2017-04-21,0.06424,0.0608,0.06727,0.007850000000000001,0.013999999999999999,1287.4000244140625,64.66000366210938,2348.68994140625,11.420000076293945,5910.52001953125,9119.400390625,14.630000114440918
2017-04-22,0.06445000000000001,0.0608,0.06727,0.00782,0.013999999999999999,1287.4000244140625,64.66000366210938,2348.68994140625,11.420000076293945,5910.52001953125,9119.400390625,14.630000114440918
2017-04-24,0.06441,0.061200000000000004,0.06744,0.00795,0.01433,1275.800048828125,64.63999938964844,2374.14990234375,11.630000114440918,5983.81982421875,9217.9501953125,10.84000015258789
2017-04-25,0.06437,0.061,0.06739,0.00831,0.01481,1265.5999755859375,64.38999938964844,2388.610107421875,11.15999984741211,6025.490234375,9306.599609375,10.760000228881836
2017-04-26,0.06487,0.061799999999999994,0.06777,0.00825,0.014570000000000001,1262.0999755859375,64.3499984741211,2387.449951171875,11.739999771118164,6025.22998046875,9351.849609375,10.850000381469727
2017-04-27,0.06461,0.0623,0.06765,0.00808,0.014410000000000001,1263.699951171875,64.0199966430664,2388.77001953125,11.069999694824219,6048.93994140625,9342.150390625,10.359999656677246
2017-04-28,0.06401,0.062,0.06788999999999999,0.00803,0.01451,1266.0999755859375,64.05999755859375,2384.199951171875,10.859999656677246,6047.60986328125,9304.0498046875,10.819999694824219
2017-05-01,0.06401,0.062,0.06788999999999999,0.00808,0.014650000000000002,1253.300048828125,64.25830078125,2388.330078125,10.859999656677246,6091.60009765625,9304.0498046875,10.109999656677246
2017-05-02,0.06463,0.0621,0.06806,0.00861,0.01448,1255.0999755859375,64.18000030517578,2391.169921875,11.449999809265137,6095.3701171875,9313.7998046875,10.59000015258789
2017-05-03,0.06469,0.062400000000000004,0.06787,0.00871,0.014839999999999999,1246.4000244140625,64.06999969482422,2388.1298828125,11.529999732971191,6072.5498046875,9311.9501953125,10.680000305175781
2017-05-04,0.06454,0.062400000000000004,0.06782,0.00879,0.015029999999999998,1226.5,64.20999908447266,2389.52001953125,11.329999923706055,6075.33984375,9359.900390625,10.460000038146973
2017-05-05,0.06486,0.06280000000000001,0.06736,0.00892,0.01505,1224.800048828125,64.16999816894531,2399.2900390625,11.989999771118164,6100.759765625,9285.2998046875,10.569999694824219
2017-05-08,0.06402999999999999,0.0625,0.06707,0.00894,0.01533,1225.300048828125,64.30799865722656,2399.3798828125,11.670000076293945,6102.66015625,9314.0498046875,9.770000457763672
2017-05-09,0.06405999999999999,0.0626,0.06737,0.00915,0.01541,1214.300048828125,64.41179656982422,2396.919921875,11.109999656677246,6120.58984375,9316.849609375,9.960000038146973
2017-05-10,0.06405999999999999,0.0626,0.06737,0.00899,0.01567,1217.300048828125,64.63999938964844,2399.6298828125,10.949999809265137,6129.14013671875,9407.2998046875,10.210000038146973
2017-05-11,0.06458,0.0629,0.06746,0.00884,0.01551,1222.699951171875,64.55000305175781,2394.43994140625,10.84000015258789,6115.9599609375,9422.400390625,10.600000381469727
2017-05-12,0.06457,0.063,0.06724999999999999,0.00879,0.014870000000000001,1226.199951171875,64.36000061035156,2390.89990234375,10.630000114440918,6121.22998046875,9400.900390625,10.399999618530273
2017-05-15,0.06429,0.0629,0.06667,0.00886,0.01497,1228.5999755859375,64.16549682617188,2402.320068359375,10.680000305175781,6149.669921875,9445.400390625,10.420000076293945
2017-05-16,0.06437,0.0629,0.06708,0.00915,0.01492,1235.0,64.03829956054688,2400.669921875,10.5600004196167,6169.8701171875,9512.25,10.649999618530273
2017-05-17,0.06513,0.063,0.06689,0.00902,0.01417,1257.5,63.900001525878906,2357.030029296875,10.640000343322754,6011.240234375,9525.75,15.59000015258789
2017-05-18,0.0652,0.06280000000000001,0.06692000000000001,0.009170000000000001,0.014379999999999999,1251.699951171875,64.2300033569336,2365.719970703125,11.789999961853027,6055.1298828125,9429.4501953125,14.65999984741211
2017-05-19,0.06448999999999999,0.063,0.06684999999999999,0.00914,0.014490000000000001,1252.699951171875,64.87110137939453,2381.72998046875,11.300000190734863,6083.7001953125,9427.900390625,12.039999961853027
2017-05-22,0.0641,0.0625,0.06655,0.00904,0.014539999999999999,1260.699951171875,64.44850158691406,2394.02001953125,11.199999809265137,6133.6201171875,9438.25,10.930000305175781
2017-05-23,0.06417,0.0629,0.06675,0.00937,0.014870000000000001,1254.800048828125,64.50019836425781,2398.419921875,12.199999809265137,6138.7099609375,9386.150390625,10.720000267028809
2017-05-24,0.06412,0.06309999999999999,0.06656,0.009300000000000001,0.014459999999999999,1252.4000244140625,64.88520050048828,2404.389892578125,11.829999923706055,6163.02001953125,9360.5498046875,10.020000457763672
2017-05-25,0.06396,0.0625,0.06666,0.00932,0.014570000000000001,1255.800048828125,64.76010131835938,2415.070068359375,10.449999809265137,6205.259765625,9509.75,9.989999771118164
2017-05-26,0.06371,0.062400000000000004,0.0663,0.00935,0.014570000000000001,1267.5999755859375,64.54540252685547,2415.820068359375,10.859999656677246,6210.18994140625,9595.099609375,9.8100004196167
2017-05-29,0.06402000000000001,0.06269999999999999,0.06657,0.00932,0.014570000000000001,1267.5999755859375,64.51319885253906,2415.820068359375,11.789999961853027,6210.18994140625,9604.900390625,9.8100004196167
2017-05-30,0.06545,0.063,0.06629,0.00935,0.01435,1262.0999755859375,64.50859832763672,2412.909912109375,11.770000457763672,6203.18994140625,9624.5498046875,10.380000114440918
2017-05-31,0.06529,0.06280000000000001,0.06616,0.00978,0.01435,1272.0,64.61859893798828,2411.800048828125,11.760000228881836,6198.52001953125,9621.25,10.40999984741211
2017-06-01,0.06501,0.06280000000000001,0.06576,0.009729999999999999,0.01443,1267.0,64.5000991821289,2430.06005859375,11.3100004196167,6246.830078125,9616.099609375,9.890000343322754
2017-06-02,0.06512,0.06269999999999999,0.06579,0.00978,0.01426,1276.800048828125,64.37229919433594,2439.070068359375,10.8100004196167,6305.7998046875,9653.5,9.75
2017-06-05,0.06508,0.0629,0.06589,0.009729999999999999,0.014450000000000001,1279.300048828125,64.40499877929688,2436.10009765625,11.020000457763672,6295.68017578125,9675.099609375,10.069999694824219
2017-06-06,0.06503,0.063,0.06584,0.00983,0.01421,1294.4000244140625,64.34400177001953,2429.330078125,11.130000114440918,6275.06005859375,9637.150390625,10.449999809265137
2017-06-07,0.06425,0.0629,0.06521,0.00999,0.01448,1290.0999755859375,64.42050170898438,2433.139892578125,10.890000343322754,6297.3798828125,9663.900390625,10.390000343322754
2017-06-08,0.06396,0.06269999999999999,0.06484,0.00999,0.01459,1276.300048828125,64.41829681396484,2433.7900390625,11.069999694824219,6321.759765625,9647.25,10.15999984741211
2017-06-09,0.06357,0.06280000000000001,0.06464,0.01006,0.01481,1268.5,64.243896484375,2431.77001953125,10.859999656677246,6207.919921875,9668.25,10.699999809265137
2017-06-12,0.06402000000000001,0.063,0.06474,0.00998,0.01489,1266.0999755859375,64.37699890136719,2429.389892578125,11.420000076293945,6175.4599609375,9616.400390625,11.460000038146973
2017-06-13,0.06359,0.06280000000000001,0.06465,0.010089999999999998,0.01508,1265.800048828125,64.46910095214844,2440.35009765625,11.34000015258789,6220.3701171875,9606.900390625,10.420000076293945
2017-06-14,0.06367,0.063,0.06463,0.01011,0.014650000000000002,1272.800048828125,64.35749816894531,2437.919921875,11.180000305175781,6194.89013671875,9618.150390625,10.640000343322754
2017-06-15,0.06362,0.0625,0.06476,0.01019,0.014950000000000001,1252.199951171875,64.16580200195312,2432.4599609375,11.329999923706055,6165.5,9578.0498046875,10.899999618530273
2017-06-16,0.06347,0.0626,0.06475,0.01011,0.01473,1254.0,64.55999755859375,2433.14990234375,10.920000076293945,6151.759765625,9588.0498046875,10.380000114440918
2017-06-19,0.06355000000000001,0.0625,0.06466,0.01011,0.01524,1244.199951171875,64.3949966430664,2453.4599609375,10.630000114440918,6239.009765625,9657.5498046875,10.369999885559082
2017-06-20,0.06376,0.0626,0.06468,0.01019,0.01497,1241.0,64.48760223388672,2437.030029296875,10.65999984741211,6188.02978515625,9653.5,10.859999656677246
2017-06-21,0.06396,0.0625,0.06452,0.00994,0.015,1243.4000244140625,64.53050231933594,2435.610107421875,10.920000076293945,6233.9501953125,9633.599609375,10.75
2017-06-22,0.06391,0.062400000000000004,0.06498,0.00958,0.014839999999999999,1247.5999755859375,64.5416030883789,2434.5,11.210000038146973,6236.68994140625,9630.0,10.479999542236328
2017-06-23,0.06385,0.0626,0.06473,0.00958,0.01481,1256.199951171875,64.59100341796875,2438.300048828125,11.5600004196167,6265.25,9574.9501953125,10.020000457763672
2017-06-26,0.06385,0.0626,0.06473,0.0096,0.01481,1246.300048828125,64.49800109863281,2439.070068359375,11.5600004196167,6247.14990234375,9574.9501953125,9.899999618530273
2017-06-27,0.06393,0.0626,0.06468,0.01019,0.015189999999999999,1246.4000244140625,64.42130279541016,2419.3798828125,12.510000228881836,6146.6201171875,9511.400390625,11.0600004196167
2017-06-28,0.06401,0.063,0.06507,0.01011,0.01505,1248.0,64.5248031616211,2440.68994140625,11.989999771118164,6234.41015625,9491.25,10.029999732971191
2017-06-29,0.06422,0.063,0.06501,0.010289999999999999,0.01524,1244.199951171875,64.51190185546875,2419.699951171875,11.380000114440918,6144.35009765625,9504.099609375,11.4399995803833
2017-06-30,0.06408,0.063,0.06504,0.010209999999999999,0.015489999999999999,1240.699951171875,64.78510284423828,2423.409912109375,11.729999542236328,6140.419921875,9520.900390625,11.180000305175781
2017-07-01,0.06421,0.063,0.06504,0.01026,0.015489999999999999,1240.699951171875,64.78510284423828,2423.409912109375,11.729999542236328,6140.419921875,9520.900390625,11.180000305175781
2017-07-03,0.06456,0.063,0.06554,0.01026,0.01584,1217.9000244140625,64.60679626464844,2429.010009765625,11.199999809265137,6110.06005859375,9615.0,11.220000267028809
2017-07-04,0.06424,0.06280000000000001,0.06553,0.010620000000000001,0.01579,1217.9000244140625,64.84269714355469,2429.010009765625,11.279999732971191,6110.06005859375,9613.2998046875,11.220000267028809
2017-07-05,0.06419,0.06280000000000001,0.06544,0.0105,0.01579,1220.4000244140625,64.7688980102539,2432.5400390625,11.149999618530273,6150.85986328125,9637.599609375,11.069999694824219
2017-07-06,0.06387,0.06280000000000001,0.06546,0.01034,0.01587,1222.199951171875,64.79139709472656,2409.75,10.979999542236328,6089.4599609375,9674.5498046875,12.539999961853027
2017-07-07,0.06372,0.06280000000000001,0.06538000000000001,0.01034,0.01593,1208.5999755859375,64.71330261230469,2425.179931640625,10.869999885559082,6153.080078125,9665.7998046875,11.1899995803833
2017-07-08,0.06372,0.06280000000000001,0.06538000000000001,0.01034,0.01593,1208.5999755859375,64.71330261230469,2425.179931640625,10.869999885559082,6153.080078125,9665.7998046875,11.1899995803833
2017-07-10,0.06367,0.0626,0.06525,0.01039,0.01574,1212.0999755859375,64.61170196533203,2427.429931640625,10.90999984741211,6176.39013671875,9771.0498046875,11.109999656677246
2017-07-11,0.06375,0.062400000000000004,0.0652,0.0106,0.01555,1213.5999755859375,64.61170196533203,2425.530029296875,10.890000343322754,6193.2998046875,9786.0498046875,10.890000343322754
2017-07-12,0.06329,0.062400000000000004,0.06514,0.0105,0.01538,1218.0999755859375,64.52559661865234,2443.25,11.050000190734863,6261.169921875,9816.099609375,10.300000190734863
2017-07-13,0.06337,0.061900000000000004,0.06498,0.01039,0.01562,1216.300048828125,64.36499786376953,2447.830078125,11.25,6274.43994140625,9891.7001953125,9.899999618530273
2017-07-14,0.06335,0.061799999999999994,0.06478,0.01034,0.01548,1226.5999755859375,64.42579650878906,2459.27001953125,11.170000076293945,6312.47021484375,9886.349609375,9.510000228881836
2017-07-17,0.06329,0.062,0.06465,0.01047,0.0154,1232.800048828125,64.26730346679688,2459.139892578125,11.460000038146973,6314.43017578125,9915.9501953125,9.819999694824219
2017-07-18,0.06309999999999999,0.0616,0.06468,0.010700000000000001,0.015189999999999999,1241.0999755859375,64.33000183105469,2460.610107421875,11.489999771118164,6344.31005859375,9827.150390625,9.890000343322754
2017-07-19,0.06361,0.0616,0.06451,0.011160000000000002,0.01524,1241.199951171875,64.3062973022461,2473.830078125,11.260000228881836,6385.0400390625,9899.599609375,9.789999961853027
2017-07-20,0.06384000000000001,0.061,0.06445000000000001,0.011439999999999999,0.01508,1244.800048828125,64.26329803466797,2473.449951171875,11.319999694824219,6390.0,9873.2998046875,9.579999923706055
2017-07-21,0.06339,0.0608,0.06429,0.01169,0.01497,1254.300048828125,64.32499694824219,2472.5400390625,11.09000015258789,6387.75,9915.25,9.359999656677246
2017-07-24,0.06319,0.0608,0.06434999999999999,0.01179,0.01513,1253.9000244140625,64.46109771728516,2469.909912109375,11.3100004196167,6410.81005859375,9966.400390625,9.430000305175781
2017-07-25,0.06312999999999999,0.061,0.06452,0.01172,0.01559,1251.699951171875,64.36509704589844,2477.1298828125,10.90999984741211,6412.169921875,9964.5498046875,9.430000305175781
2017-07-26,0.06322,0.060899999999999996,0.06462,0.01129,0.015109999999999998,1249.0,64.4469985961914,2477.830078125,11.170000076293945,6422.75,10020.650390625,9.600000381469727
2017-07-27,0.06301999999999999,0.061399999999999996,0.0646,0.01106,0.015220000000000001,1259.5999755859375,64.3447036743164,2475.419921875,11.220000267028809,6382.18994140625,10020.5498046875,10.109999656677246
2017-07-28,0.0629,0.0613,0.06457,0.0108,0.01505,1268.4000244140625,64.18499755859375,2472.10009765625,11.140000343322754,6374.68017578125,10014.5,10.289999961853027
2017-07-31,0.06299,0.061399999999999996,0.06456,0.01083,0.015109999999999998,1266.5999755859375,64.12349700927734,2470.300048828125,11.899999618530273,6348.1201171875,10077.099609375,10.260000228881836
2017-08-01,0.06323000000000001,0.061200000000000004,0.06446,0.01085,0.01492,1272.5999755859375,64.18949890136719,2476.35009765625,11.90999984741211,6362.93994140625,10114.650390625,10.09000015258789
2017-08-02,0.06258,0.061399999999999996,0.06407,0.010780000000000001,0.015109999999999998,1271.800048828125,64.05580139160156,2477.570068359375,11.9399995803833,6362.64990234375,10081.5,10.279999732971191
2017-08-03,0.062220000000000004,0.061200000000000004,0.06356,0.01085,0.01478,1267.800048828125,63.64059829711914,2472.159912109375,11.640000343322754,6340.33984375,10013.650390625,10.4399995803833
2017-08-04,0.06203,0.061,0.06355000000000001,0.01077,0.01505,1258.300048828125,63.696998596191406,2476.830078125,11.390000343322754,6351.56005859375,10066.400390625,10.029999732971191
2017-08-07,0.062119999999999995,0.061399999999999996,0.06361,0.01057,0.01508,1258.199951171875,63.66510009765625,2480.909912109375,11.899999618530273,6383.77001953125,10057.400390625,9.930000305175781
2017-08-08,0.06221,0.061399999999999996,0.06355000000000001,0.01057,0.015,1256.4000244140625,63.830101013183594,2474.919921875,12.770000457763672,6370.4599609375,9978.5498046875,10.960000038146973
2017-08-09,0.06215,0.061200000000000004,0.06361,0.01052,0.015029999999999998,1273.0,63.70289993286133,2474.02001953125,13.449999809265137,6352.330078125,9908.0498046875,11.109999656677246
2017-08-10,0.06312999999999999,0.061200000000000004,0.06378,0.01044,0.014839999999999999,1283.699951171875,63.887699127197266,2438.2099609375,13.800000190734863,6216.8701171875,9820.25,16.040000915527344
2017-08-11,0.06308,0.061200000000000004,0.06377,0.01039,0.014490000000000001,1287.699951171875,64.13860321044922,2441.320068359375,15.199999809265137,6256.56005859375,9710.7998046875,15.510000228881836
2017-08-12,0.06308,0.061200000000000004,0.06377,0.01039,0.014490000000000001,1287.699951171875,64.13860321044922,2441.320068359375,15.199999809265137,6256.56005859375,9710.7998046875,15.510000228881836
2017-08-14,0.06315,0.061200000000000004,0.06373999999999999,0.010289999999999999,0.014790000000000001,1284.199951171875,64.08100128173828,2465.840087890625,14.380000114440918,6340.22998046875,9794.150390625,12.329999923706055
2017-08-15,0.06315,0.061200000000000004,0.06373999999999999,0.01034,0.015189999999999999,1273.699951171875,64.17430114746094,2464.610107421875,14.380000114440918,6333.009765625,9794.150390625,12.039999961853027
2017-08-16,0.06315,0.0613,0.06386,0.01014,0.014870000000000001,1276.9000244140625,64.26300048828125,2468.110107421875,14.239999771118164,6345.10986328125,9897.2998046875,11.739999771118164
2017-08-17,0.06315,0.0613,0.06386,0.01004,0.0146,1286.4000244140625,64.1604995727539,2430.010009765625,14.34000015258789,6221.91015625,9904.150390625,15.550000190734863
2017-08-18,0.06311,0.061200000000000004,0.06396,0.01014,0.01462,1285.699951171875,64.18890380859375,2425.550048828125,14.569999694824219,6216.52978515625,9837.400390625,14.260000228881836
2017-08-21,0.06329,0.0613,0.06398,0.00991,0.01452,1290.800048828125,64.07589721679688,2428.3701171875,14.819999694824219,6213.1298828125,9754.349609375,13.1899995803833
2017-08-22,0.06282,0.061500000000000006,0.06408,0.01016,0.01476,1285.0999755859375,64.15750122070312,2452.510009765625,14.109999656677246,6297.47998046875,9765.5498046875,11.350000381469727
2017-08-23,0.06297,0.0613,0.06405999999999999,0.010009999999999998,0.014459999999999999,1288.9000244140625,64.05750274658203,2444.0400390625,13.180000305175781,6278.41015625,9852.5,12.25
2017-08-24,0.06291000000000001,0.061399999999999996,0.06404,0.01024,0.01473,1286.5,64.00499725341797,2438.969970703125,12.569999694824219,6271.330078125,9857.0498046875,12.229999542236328
2017-08-25,0.06291000000000001,0.061399999999999996,0.06404,0.010209999999999999,0.01467,1292.5,64.03500366210938,2443.050048828125,12.569999694824219,6265.64013671875,9857.0498046875,11.279999732971191
2017-08-28,0.06299,0.061399999999999996,0.06413,0.010320000000000001,0.014539999999999999,1309.699951171875,63.99549865722656,2444.239990234375,12.640000343322754,6283.02001953125,9912.7998046875,11.319999694824219
2017-08-29,0.06284,0.061200000000000004,0.06408,0.010369999999999999,0.01424,1313.0999755859375,63.78929901123047,2446.300048828125,13.539999961853027,6301.89013671875,9796.0498046875,11.699999809265137
2017-08-30,0.06307,0.0611,0.06412,0.01024,0.014379999999999999,1308.0999755859375,63.98680114746094,2457.590087890625,12.890000343322754,6368.31005859375,9884.400390625,11.220000267028809
2017-08-31,0.06292,0.0608,0.06405999999999999,0.01004,0.01432,1316.199951171875,63.976200103759766,2471.64990234375,11.949999809265137,6428.66015625,9917.900390625,10.59000015258789
2017-09-01,0.06269999999999999,0.0611,0.06393,0.01011,0.01462,1324.5,63.91189956665039,2476.550048828125,11.680000305175781,6435.330078125,9974.400390625,10.130000114440918
2017-09-04,0.06271,0.060899999999999996,0.06392,0.01011,0.01462,1324.5,64.0155029296875,2476.550048828125,13.170000076293945,6435.330078125,9912.849609375,10.130000114440918
2017-09-05,0.06256,0.0608,0.0639,0.010089999999999998,0.01391,1339.199951171875,64.02629852294922,2457.85009765625,12.890000343322754,6375.56982421875,9952.2001953125,12.229999542236328
2017-09-06,0.062329999999999997,0.060899999999999996,0.06387999999999999,0.01065,0.01413,1333.9000244140625,64.0999984741211,2465.5400390625,13.119999885559082,6393.31005859375,9916.2001953125,11.630000114440918
2017-09-07,0.06234,0.061,0.06387,0.01047,0.013720000000000001,1345.0999755859375,64.0154037475586,2465.10009765625,13.010000228881836,6397.8701171875,9929.900390625,11.550000190734863
2017-09-08,0.06303,0.060899999999999996,0.06393,0.01047,0.01374,1346.0,63.95009994506836,2461.429931640625,12.960000038146973,6360.18994140625,9934.7998046875,12.119999885559082
2017-09-11,0.06235,0.0608,0.06392,0.01047,0.0144,1331.0,63.930999755859375,2488.110107421875,12.359999656677246,6432.259765625,10006.0498046875,10.729999542236328
2017-09-12,0.06311,0.0608,0.0639,0.01044,0.01466,1328.0,63.97999954223633,2496.47998046875,11.760000228881836,6454.27978515625,10093.0498046875,10.579999923706055
2017-09-13,0.06280999999999999,0.0608,0.064,0.01044,0.01485,1323.4000244140625,63.98759841918945,2498.3701171875,11.760000228881836,6460.18994140625,10079.2998046875,10.5
2017-09-14,0.06289,0.0608,0.06402000000000001,0.010549999999999999,0.015009999999999999,1324.699951171875,64.11509704589844,2495.6201171875,11.470000267028809,6429.080078125,10086.599609375,10.4399995803833
2017-09-15,0.06275,0.060899999999999996,0.06405,0.010369999999999999,0.01525,1320.4000244140625,64.15499877929688,2500.22998046875,11.680000305175781,6448.47021484375,10085.400390625,10.170000076293945
2017-09-18,0.06267,0.060899999999999996,0.06415,0.01027,0.01544,1306.300048828125,64.12020111083984,2503.8701171875,11.4399995803833,6454.64013671875,10153.099609375,10.149999618530273
2017-09-19,0.06283,0.060899999999999996,0.0641,0.01044,0.01547,1306.199951171875,64.2146987915039,2506.64990234375,11.470000267028809,6461.31982421875,10147.5498046875,10.180000305175781
2017-09-20,0.06276,0.0611,0.06412,0.01047,0.01593,1312.0,64.29869842529297,2508.239990234375,11.630000114440918,6456.0400390625,10141.150390625,9.779999732971191
2017-09-21,0.06276,0.061,0.0647,0.01034,0.01599,1290.5999755859375,64.28369903564453,2500.60009765625,11.630000114440918,6422.68994140625,10121.900390625,9.670000076293945
2017-09-22,0.06293,0.061,0.06477000000000001,0.010289999999999999,0.0158,1293.300048828125,64.80229949951172,2502.219970703125,12.8100004196167,6426.919921875,9964.400390625,9.59000015258789
2017-09-25,0.06332,0.0611,0.06451,0.01024,0.015609999999999999,1306.800048828125,64.89099884033203,2496.659912109375,13.34000015258789,6370.58984375,9872.599609375,10.210000038146973
2017-09-26,0.06278,0.061,0.06480999999999999,0.010700000000000001,0.01572,1297.0,65.26509857177734,2496.840087890625,12.930000305175781,6380.16015625,9871.5,10.170000076293945
2017-09-27,0.06239,0.060899999999999996,0.06468,0.01065,0.015969999999999998,1283.4000244140625,65.3499984741211,2507.0400390625,13.859999656677246,6453.259765625,9735.75,9.869999885559082
2017-09-28,0.06255,0.0608,0.06462,0.01057,0.01576,1285.5,65.5250015258789,2510.06005859375,13.170000076293945,6453.4501953125,9768.9501953125,9.550000190734863
2017-09-29,0.0605,0.0608,0.06456,0.01057,0.01628,1281.5,65.36000061035156,2519.360107421875,12.489999771118164,6495.9599609375,9788.599609375,9.510000228881836
2017-10-02,0.0605,0.0608,0.06456,0.01044,0.01628,1272.699951171875,65.29329681396484,2529.1201171875,12.489999771118164,6516.72021484375,9788.599609375,9.449999809265137
2017-10-03,0.06249,0.0608,0.06437999999999999,0.010620000000000001,0.016120000000000002,1271.5,65.57170104980469,2534.580078125,12.460000038146973,6531.7099609375,9859.5,9.510000228881836
2017-10-04,0.062329999999999997,0.060700000000000004,0.06477000000000001,0.010700000000000001,0.01609,1273.699951171875,65.44309997558594,2537.739990234375,11.800000190734863,6534.6298828125,9914.900390625,9.630000114440918
2017-10-05,0.06225,0.060700000000000004,0.06475,0.010700000000000001,0.01629,1269.9000244140625,65.01950073242188,2552.070068359375,11.710000038146973,6585.35986328125,9888.7001953125,9.1899995803833
2017-10-06,0.06226,0.060700000000000004,0.06494,0.010700000000000001,0.01641,1271.5999755859375,65.20999908447266,2549.330078125,11.119999885559082,6590.18017578125,9979.7001953125,9.649999618530273
2017-10-09,0.06299,0.060700000000000004,0.06484,0.010700000000000001,0.01646,1281.800048828125,65.41419982910156,2544.72998046875,11.390000343322754,6579.72998046875,9988.75,10.329999923706055
2017-10-10,0.06203,0.060599999999999994,0.06475,0.01083,0.01635,1290.5999755859375,65.41459655761719,2550.639892578125,11.109999656677246,6587.25,10016.9501953125,10.079999923706055
2017-10-11,0.062270000000000006,0.060700000000000004,0.06477000000000001,0.01095,0.01647,1285.800048828125,65.23889923095703,2555.239990234375,11.729999542236328,6603.5498046875,9984.7998046875,9.850000381469727
2017-10-12,0.062439999999999996,0.060700000000000004,0.06484,0.0108,0.01665,1293.300048828125,65.20539855957031,2550.929931640625,11.039999961853027,6591.509765625,10096.400390625,9.90999984741211
2017-10-13,0.06269,0.0608,0.06463,0.01077,0.01633,1301.5,65.0459976196289,2553.169921875,11.260000228881836,6605.7998046875,10167.4501953125,9.609999656677246
2017-10-16,0.06301999999999999,0.0608,0.06457,0.01083,0.01684,1299.9000244140625,64.6729965209961,2557.639892578125,11.3100004196167,6624.0,10230.849609375,9.90999984741211
2017-10-17,0.06254,0.061,0.06472,0.011009999999999999,0.01687,1283.0,64.6946029663086,2559.360107421875,11.609999656677246,6623.66015625,10234.4501953125,10.3100004196167
2017-10-18,0.06256,0.061,0.06463,0.01095,0.017079999999999998,1279.9000244140625,64.92870330810547,2561.260009765625,11.539999961853027,6624.22021484375,10210.849609375,10.069999694824219
2017-10-19,0.06256,0.061,0.06463,0.01093,0.01668,1286.9000244140625,65.04010009765625,2562.10009765625,12.399999618530273,6605.06982421875,10146.5498046875,10.050000190734863
2017-10-20,0.06256,0.061,0.06463,0.01103,0.01717,1277.4000244140625,64.90460205078125,2575.2099609375,12.399999618530273,6629.0498046875,10146.5498046875,9.970000267028809
2017-10-21,0.06256,0.061,0.06463,0.01103,0.01717,1277.4000244140625,64.90460205078125,2575.2099609375,12.399999618530273,6629.0498046875,10146.5498046875,9.970000267028809
2017-10-23,0.062060000000000004,0.060899999999999996,0.06478,0.01098,0.01701,1277.699951171875,65.1041030883789,2564.97998046875,12.329999923706055,6586.830078125,10184.849609375,11.069999694824219
2017-10-24,0.06248,0.061,0.06477000000000001,0.01126,0.01728,1275.0,65.03489685058594,2569.1298828125,11.59000015258789,6598.43017578125,10207.7001953125,11.15999984741211
2017-10-25,0.06215,0.061,0.06483,0.01111,0.017310000000000002,1275.4000244140625,65.07949829101562,2557.14990234375,11.760000228881836,6563.89013671875,10295.349609375,11.229999542236328
2017-10-26,0.06274,0.061,0.06477000000000001,0.011080000000000001,0.01753,1266.300048828125,64.83999633789062,2560.39990234375,11.619999885559082,6556.77001953125,10343.7998046875,11.300000190734863
2017-10-27,0.06208,0.061,0.06480999999999999,0.011000000000000001,0.017230000000000002,1268.5,64.5999984741211,2581.070068359375,11.479999542236328,6701.259765625,10323.0498046875,9.800000190734863
2017-10-28,0.06208,0.061,0.06480999999999999,0.011000000000000001,0.017230000000000002,1268.5,64.5999984741211,2581.070068359375,11.479999542236328,6701.259765625,10323.0498046875,9.800000190734863
2017-10-30,0.0625,0.0611,0.06514,0.01103,0.01698,1274.0999755859375,64.87339782714844,2572.830078125,12.109999656677246,6698.9599609375,10363.650390625,10.5
2017-10-31,0.06259,0.061200000000000004,0.06512,0.01154,0.01726,1267.0,64.84239959716797,2575.260009765625,12.4399995803833,6727.669921875,10335.2998046875,10.180000305175781
2017-11-01,0.06268,0.0611,0.06527,0.01167,0.01737,1274.0999755859375,64.67009735107422,2579.360107421875,12.140000343322754,6716.52978515625,10440.5,10.199999809265137
2017-11-02,0.06311,0.061,0.06509000000000001,0.01167,0.017230000000000002,1274.9000244140625,64.55509948730469,2579.85009765625,12.010000228881836,6714.93994140625,10423.7998046875,9.930000305175781
2017-11-03,0.06312999999999999,0.061,0.06512,0.011770000000000001,0.01732,1266.5,64.50050354003906,2587.840087890625,11.90999984741211,6764.43994140625,10452.5,9.140000343322754
2017-11-04,0.06312999999999999,0.061,0.06512,0.011770000000000001,0.01732,1266.5,64.50050354003906,2587.840087890625,11.90999984741211,6764.43994140625,10452.5,9.140000343322754
2017-11-06,0.06296,0.061200000000000004,0.06532,0.01187,0.01726,1279.4000244140625,64.69339752197266,2591.1298828125,13.020000457763672,6786.43994140625,10451.7998046875,9.399999618530273
2017-11-07,0.06297,0.061,0.06559,0.01218,0.01737,1273.699951171875,64.59089660644531,2590.639892578125,13.239999771118164,6767.77978515625,10350.150390625,9.890000343322754
2017-11-08,0.06306,0.061,0.06553,0.01225,0.01771,1281.5999755859375,65.16449737548828,2594.3798828125,13.609999656677246,6789.1201171875,10303.150390625,9.779999732971191
2017-11-09,0.06298,0.060899999999999996,0.06552,0.01233,0.01761,1285.5999755859375,64.9104995727539,2584.6201171875,13.270000457763672,6750.0498046875,10308.9501953125,10.5
2017-11-10,0.06308,0.061,0.06581000000000001,0.0123,0.0179,1272.4000244140625,64.96800231933594,2582.300048828125,13.479999542236328,6750.93994140625,10321.75,11.289999961853027
2017-11-13,0.06326,0.061,0.06609,0.012150000000000001,0.01817,1277.300048828125,65.1603012084961,2584.840087890625,14.050000190734863,6757.60009765625,10224.9501953125,11.5
2017-11-14,0.06361,0.0611,0.06678,0.012709999999999999,0.01812,1281.5,65.43840026855469,2578.8701171875,14.170000076293945,6737.8701171875,10186.599609375,11.59000015258789
2017-11-15,0.06371,0.0611,0.0666,0.01256,0.01798,1276.5,65.41339874267578,2564.6201171875,14.270000457763672,6706.2099609375,10118.0498046875,13.130000114440918
2017-11-16,0.06372,0.0613,0.06718,0.01261,0.01828,1277.4000244140625,65.41339874267578,2585.639892578125,13.460000038146973,6793.2900390625,10214.75,11.760000228881836
2017-11-17,0.06356,0.0611,0.06722,0.012709999999999999,0.01823,1295.800048828125,65.20999908447266,2578.85009765625,13.710000038146973,6782.7900390625,10283.599609375,11.430000305175781
2017-11-20,0.06287,0.0611,0.06628,0.012709999999999999,0.01858,1274.5999755859375,64.90499877929688,2582.139892578125,13.430000305175781,6790.7099609375,10298.75,10.649999618530273
2017-11-21,0.0634,0.061,0.06643,0.0131,0.01877,1281.0999755859375,65.0250015258789,2599.030029296875,13.720000267028809,6862.47998046875,10326.900390625,9.729999542236328
2017-11-22,0.0635,0.0611,0.06692000000000001,0.012920000000000001,0.01831,1291.5999755859375,64.76129913330078,2597.080078125,14.039999961853027,6867.35986328125,10342.2998046875,9.880000114440918
2017-11-23,0.0635,0.0613,0.06678,0.01302,0.018420000000000002,1291.5999755859375,64.7699966430664,2597.080078125,13.869999885559082,6867.35986328125,10348.75,9.880000114440918
2017-11-24,0.06362,0.061200000000000004,0.0667,0.012709999999999999,0.01845,1286.699951171875,64.57939910888672,2602.419921875,13.510000228881836,6889.16015625,10389.7001953125,9.670000076293945
2017-11-27,0.06398,0.0613,0.06681,0.01256,0.01837,1293.800048828125,64.54499816894531,2601.419921875,13.029999732971191,6878.52001953125,10399.5498046875,9.869999885559082
2017-11-28,0.06408,0.061200000000000004,0.06646,0.012969999999999999,0.0184,1294.699951171875,64.43389892578125,2627.0400390625,13.149999618530273,6912.35986328125,10370.25,10.029999732971191
2017-11-29,0.06355000000000001,0.0613,0.0664,0.012889999999999999,0.01867,1282.0999755859375,64.47000122070312,2626.070068359375,13.0600004196167,6824.39013671875,10361.2998046875,10.699999809265137
2017-11-30,0.06349,0.0613,0.06655,0.01269,0.01897,1273.199951171875,64.41480255126953,2647.580078125,13.550000190734863,6873.97021484375,10226.5498046875,11.279999732971191
2017-12-01,0.06349,0.0613,0.06655,0.01266,0.01892,1278.800048828125,64.49939727783203,2642.219970703125,14.800000190734863,6847.58984375,10121.7998046875,11.430000305175781
2017-12-02,0.06349,0.0613,0.06655,0.01266,0.01892,1278.800048828125,64.49939727783203,2642.219970703125,14.800000190734863,6847.58984375,10121.7998046875,11.430000305175781
2017-12-04,0.06386,0.0613,0.06667,0.01315,0.01923,1274.300048828125,64.50900268554688,2639.43994140625,14.859999656677246,6775.3701171875,10127.75,11.680000305175781
2017-12-05,0.06405,0.061200000000000004,0.0664,0.01315,0.01931,1261.5999755859375,64.35140228271484,2629.570068359375,15.010000228881836,6762.2099609375,10118.25,11.329999923706055
2017-12-06,0.06351,0.061200000000000004,0.06621,0.01294,0.01915,1262.800048828125,64.35690307617188,2629.27001953125,15.09000015258789,6776.3798828125,10044.099609375,11.020000457763672
2017-12-07,0.06343,0.061,0.06637,0.012920000000000001,0.019119999999999998,1249.800048828125,64.51519775390625,2636.97998046875,14.270000457763672,6812.83984375,10166.7001953125,10.15999984741211
2017-12-08,0.06364,0.0611,0.06631000000000001,0.01284,0.0191,1245.199951171875,64.54239654541016,2651.5,13.670000076293945,6840.080078125,10265.650390625,9.579999923706055
2017-12-11,0.06383,0.061399999999999996,0.06663999999999999,0.01294,0.0194,1243.699951171875,64.4729995727539,2659.989990234375,14.149999618530273,6875.080078125,10322.25,9.34000015258789
2017-12-12,0.06402999999999999,0.061399999999999996,0.06688,0.01343,0.01956,1238.5,64.3499984741211,2664.110107421875,15.260000228881836,6862.31982421875,10240.150390625,9.920000076293945
2017-12-13,0.06422,0.061500000000000006,0.06691,0.013049999999999999,0.01894,1245.4000244140625,64.55000305175781,2662.85009765625,15.949999809265137,6875.7998046875,10192.9501953125,10.180000305175781
2017-12-14,0.06423,0.061500000000000006,0.06684999999999999,0.01315,0.01923,1253.800048828125,64.31999969482422,2652.010009765625,16.40999984741211,6856.52978515625,10252.099609375,10.489999771118164
2017-12-15,0.06417,0.0616,0.06697,0.01317,0.01948,1254.300048828125,64.2750015258789,2675.81005859375,14.9399995803833,6936.580078125,10333.25,9.420000076293945
2017-12-16,0.06483,0.0616,0.06697,0.01322,0.01948,1254.300048828125,64.2750015258789,2675.81005859375,14.9399995803833,6936.580078125,10333.25,9.420000076293945
2017-12-18,0.064,0.061900000000000004,0.06852,0.01348,0.01948,1262.199951171875,64.07230377197266,2690.159912109375,13.119999885559082,6994.759765625,10388.75,9.529999732971191
2017-12-19,0.06413,0.0625,0.06855,0.013859999999999999,0.01978,1260.699951171875,64.20010375976562,2681.469970703125,12.1899995803833,6963.85009765625,10463.2001953125,10.029999732971191
2017-12-20,0.06433,0.0621,0.06898,0.013839999999999998,0.01986,1266.0999755859375,64.04759979248047,2679.25,12.1899995803833,6960.9599609375,10444.2001953125,9.720000267028809
2017-12-21,0.0649,0.0621,0.06894,0.01353,0.01994,1267.300048828125,63.96500015258789,2684.570068359375,12.09000015258789,6965.35986328125,10440.2998046875,9.619999885559082
2017-12-22,0.0649,0.062,0.06932,0.013349999999999999,0.020110000000000003,1275.4000244140625,64.00969696044922,2683.340087890625,11.59000015258789,6959.9599609375,10493.0,9.899999618530273
2017-12-25,0.0649,0.062,0.06932,0.01353,0.02019,1275.4000244140625,64.00779724121094,2683.340087890625,11.59000015258789,6959.9599609375,10493.0,9.899999618530273
2017-12-26,0.06496,0.062400000000000004,0.06948,0.01345,0.02017,1284.0999755859375,64.010498046875,2680.5,12.050000190734863,6936.25,10531.5,10.25
2017-12-27,0.06502,0.0623,0.0692,0.01447,0.019790000000000002,1287.0,64.0281982421875,2682.6201171875,12.489999771118164,6939.33984375,10490.75,10.470000267028809
2017-12-28,0.06604,0.061500000000000006,0.07032,0.014070000000000001,0.02,1294.0999755859375,64.11499786376953,2687.5400390625,12.300000190734863,6950.16015625,10477.900390625,10.180000305175781
2017-12-29,0.06601,0.0622,0.0697,0.01391,0.01973,1306.300048828125,64.06199645996094,2673.610107421875,12.670000076293945,6903.39013671875,10530.7001953125,11.039999961853027
2018-01-01,0.06562,0.0613,0.07,0.01391,0.01973,1306.300048828125,63.84080123901367,2673.610107421875,13.350000381469727,6903.39013671875,10530.7001953125,11.039999961853027
2018-01-02,0.06568,0.061500000000000006,0.07006,0.014110000000000001,0.02012,1313.699951171875,63.86759948730469,2695.81005859375,13.6899995803833,7006.89990234375,10442.2001953125,9.770000457763672
2018-01-03,0.06567,0.06269999999999999,0.07029,0.014039999999999999,0.02015,1316.199951171875,63.459999084472656,2713.06005859375,13.619999885559082,7065.52978515625,10443.2001953125,9.149999618530273
2018-01-04,0.06595,0.06309999999999999,0.07022,0.014039999999999999,0.0204,1319.4000244140625,63.41910171508789,2723.989990234375,13.420000076293945,7077.91015625,10504.7998046875,9.220000267028809
2018-01-05,0.06561,0.063,0.06993,0.014039999999999999,0.0206,1320.300048828125,63.369598388671875,2743.14990234375,13.109999656677246,7136.56005859375,10558.849609375,9.220000267028809
2018-01-08,0.06567,0.0629,0.07026,0.01414,0.0206,1318.5999755859375,63.26499938964844,2747.7099609375,13.739999771118164,7157.39013671875,10623.599609375,9.520000457763672
2018-01-09,0.06573000000000001,0.06280000000000001,0.07043,0.014499999999999999,0.020790000000000003,1311.699951171875,63.45199966430664,2751.2900390625,13.850000381469727,7163.580078125,10637.0,10.079999923706055
2018-01-10,0.06587,0.06309999999999999,0.07074,0.01424,0.02092,1317.4000244140625,63.63610076904297,2748.22998046875,14.039999961853027,7153.56982421875,10632.2001953125,9.819999694824219
2018-01-11,0.06608,0.0632,0.07075999999999999,0.01437,0.020950000000000003,1320.5999755859375,63.7599983215332,2767.56005859375,14.010000228881836,7211.77978515625,10651.2001953125,9.880000114440918
2018-01-12,0.06611,0.0632,0.07067999999999999,0.014450000000000001,0.02116,1333.4000244140625,63.67210006713867,2786.239990234375,13.729999542236328,7261.06005859375,10681.25,10.15999984741211
2018-01-15,0.0661,0.0634,0.07074,0.014450000000000001,0.021240000000000002,1333.4000244140625,63.5885009765625,2786.239990234375,14.3100004196167,7261.06005859375,10741.5498046875,10.15999984741211
2018-01-16,0.06624,0.0632,0.07139999999999999,0.01429,0.02125,1335.4000244140625,63.52119827270508,2776.419921875,14.09000015258789,7223.68994140625,10700.4501953125,11.65999984741211
2018-01-17,0.06576,0.0636,0.07066,0.014450000000000001,0.02165,1338.0,63.994300842285156,2802.56005859375,13.859999656677246,7298.27978515625,10788.5498046875,11.90999984741211
2018-01-18,0.0659,0.0636,0.0708,0.0144,0.021709999999999997,1326.0,63.82500076293945,2798.030029296875,13.960000038146973,7296.0498046875,10817.0,12.220000267028809
2018-01-19,0.06594,0.0638,0.07078000000000001,0.014339999999999999,0.022010000000000002,1331.9000244140625,63.86759948730469,2810.300048828125,13.979999542236328,7336.3798828125,10894.7001953125,11.270000457763672
2018-01-22,0.06615,0.0636,0.07063,0.01424,0.022010000000000002,1330.9000244140625,63.83209991455078,2832.969970703125,15.390000343322754,7408.02978515625,10966.2001953125,11.029999732971191
2018-01-23,0.06583,0.0638,0.07025,0.01447,0.02177,1335.699951171875,63.88010025024414,2839.1298828125,16.229999542236328,7460.2900390625,11083.7001953125,11.100000381469727
2018-01-24,0.06581000000000001,0.0638,0.07045,0.0144,0.02199,1355.9000244140625,63.7504997253418,2837.5400390625,18.040000915527344,7415.06005859375,11086.0,11.470000267028809
2018-01-25,0.06599000000000001,0.0641,0.07057000000000001,0.01427,0.022019999999999998,1362.4000244140625,63.57789993286133,2839.25,17.510000228881836,7411.16015625,11069.650390625,11.579999923706055
2018-01-26,0.06599000000000001,0.0641,0.07057000000000001,0.01422,0.02241,1351.5999755859375,63.57310104370117,2872.8701171875,17.510000228881836,7505.77001953125,11069.650390625,11.079999923706055
2018-01-29,0.06645,0.0641,0.07119,0.01409,0.02255,1351.5999755859375,63.56999969482422,2853.530029296875,17.889999389648438,7466.509765625,11130.400390625,13.84000015258789
2018-01-30,0.0666,0.0641,0.07074,0.0146,0.022639999999999997,1335.4000244140625,63.66939926147461,2822.429931640625,16.420000076293945,7402.47998046875,11049.650390625,14.789999961853027
2018-01-31,0.06651,0.0642,0.0708,0.014650000000000002,0.02292,1339.0,63.769901275634766,2823.81005859375,15.930000305175781,7411.47998046875,11027.7001953125,13.539999961853027
2018-02-01,0.06602000000000001,0.0641,0.07224,0.014879999999999999,0.02319,1344.300048828125,63.665000915527344,2821.97998046875,14.109999656677246,7385.85986328125,11016.900390625,13.470000267028809
2018-02-02,0.0667,0.0642,0.07163,0.01486,0.02323,1333.699951171875,63.974998474121094,2762.1298828125,15.25,7240.9501953125,10760.599609375,17.309999465942383
2018-02-05,0.0666,0.0641,0.07183,0.01493,0.02193,1333.0,64.13249969482422,2648.93994140625,16.049999237060547,6967.52978515625,10666.5498046875,37.31999969482422
2018-02-06,0.06643,0.0642,0.07194,0.01524,0.022850000000000002,1326.0999755859375,64.314697265625,2695.139892578125,20.020000457763672,7115.8798828125,10498.25,29.979999542236328
2018-02-07,0.06626,0.0642,0.07136,0.01547,0.02323,1311.5999755859375,63.97999954223633,2681.659912109375,19.469999313354492,7051.97998046875,10476.7001953125,27.729999542236328
2018-02-08,0.0664,0.0638,0.0708,0.01552,0.02307,1316.9000244140625,64.19999694824219,2581.0,17.770000457763672,6777.16015625,10576.849609375,33.459999084472656
2018-02-09,0.0662,0.0639,0.07092,0.01562,0.022850000000000002,1313.0999755859375,64.44049835205078,2619.550048828125,19.229999542236328,6874.490234375,10454.9501953125,29.059999465942383
2018-02-12,0.0665,0.0637,0.07105,0.01572,0.02307,1324.199951171875,64.2113037109375,2656.0,17.8799991607666,6981.9599609375,10539.75,25.610000610351562
2018-02-13,0.0665,0.0637,0.07105,0.01608,0.023119999999999998,1328.0999755859375,64.28350067138672,2662.93994140625,17.8799991607666,7013.509765625,10539.75,24.969999313354492
2018-02-14,0.06616,0.0638,0.07066,0.015880000000000002,0.02402,1355.5,64.2500991821289,2698.6298828125,17.18000030517578,7143.6201171875,10500.900390625,19.260000228881836
2018-02-15,0.06688,0.0632,0.07122,0.01598,0.02405,1352.0999755859375,64.02519989013672,2731.199951171875,16.31999969482422,7256.43017578125,10545.5,19.1299991607666
2018-02-16,0.0665,0.0634,0.07109,0.01608,0.02384,1353.199951171875,63.890899658203125,2732.219970703125,16.3799991607666,7239.47021484375,10452.2998046875,19.459999084472656
2018-02-19,0.0665,0.0634,0.07109,0.01608,0.02414,1353.199951171875,64.37999725341797,2732.219970703125,16.670000076293945,7239.47021484375,10378.400390625,19.459999084472656
2018-02-20,0.06657,0.0633,0.07177,0.0161,0.02408,1328.800048828125,64.50499725341797,2716.260009765625,16.8700008392334,7234.31005859375,10360.400390625,20.600000381469727
2018-02-21,0.06647,0.0636,0.07176,0.01647,0.024380000000000002,1330.0,64.86499786376953,2701.330078125,15.920000076293945,7218.22998046875,10397.4501953125,20.020000457763672
2018-02-22,0.06687,0.0632,0.07212,0.01644,0.02414,1330.5999755859375,64.8949966430664,2703.9599609375,14.829999923706055,7210.08984375,10382.7001953125,18.719999313354492
2018-02-23,0.06658,0.0632,0.07171,0.01644,0.0239,1328.199951171875,64.95140075683594,2747.300048828125,14.199999809265137,7337.39013671875,10491.0498046875,16.489999771118164
2018-02-24,0.06658,0.0632,0.07171,0.01644,0.0239,1328.199951171875,64.95140075683594,2747.300048828125,14.199999809265137,7337.39013671875,10491.0498046875,16.489999771118164
2018-02-26,0.06657,0.06269999999999999,0.07178,0.01646,0.02376,1330.699951171875,64.7030029296875,2779.60009765625,13.699999809265137,7421.4599609375,10582.599609375,15.800000190734863
2018-02-27,0.06639,0.063,0.0717,0.01675,0.02426,1315.5,64.78040313720703,2744.280029296875,13.920000076293945,7330.35009765625,10554.2998046875,18.59000015258789
2018-02-28,0.06652,0.0632,0.07194,0.01659,0.02412,1315.5,64.91000366210938,2713.830078125,13.8100004196167,7273.009765625,10492.849609375,19.850000381469727
2018-03-01,0.06647,0.06309999999999999,0.07218,0.01629,0.023629999999999998,1302.9000244140625,65.23999786376953,2677.669921875,14.069999694824219,7180.56005859375,10458.349609375,22.469999313354492
2018-03-02,0.06647,0.06309999999999999,0.07218,0.01644,0.024009999999999997,1321.0999755859375,65.1500015258789,2691.25,14.069999694824219,7257.8701171875,10458.349609375,19.59000015258789
2018-03-05,0.06662,0.0629,0.07243000000000001,0.01667,0.02402,1318.0999755859375,65.18669891357422,2720.93994140625,15.399999618530273,7330.7099609375,10358.849609375,18.729999542236328
2018-03-06,0.06661,0.063,0.07239,0.016819999999999998,0.02418,1333.5999755859375,65.00370025634766,2728.1201171875,16.25,7372.009765625,10249.25,18.360000610351562
2018-03-07,0.06625,0.0629,0.07246000000000001,0.01685,0.02419,1326.0,64.88999938964844,2726.800048828125,15.699999809265137,7396.64990234375,10154.2001953125,17.760000228881836
2018-03-08,0.06633,0.0625,0.07227,0.01675,0.02413,1319.9000244140625,64.89119720458984,2738.969970703125,14.59000015258789,7427.9501953125,10242.650390625,16.540000915527344
2018-03-09,0.06628,0.0625,0.0723,0.01675,0.024329999999999997,1322.4000244140625,65.09040069580078,2786.570068359375,14.529999732971191,7560.81005859375,10226.849609375,14.640000343322754
2018-03-10,0.06628,0.0625,0.0723,0.01675,0.024329999999999997,1322.4000244140625,65.09040069580078,2786.570068359375,14.529999732971191,7560.81005859375,10226.849609375,14.640000343322754
2018-03-12,0.06627,0.0623,0.07208,0.016819999999999998,0.024220000000000002,1319.4000244140625,64.96489715576172,2783.02001953125,14.489999771118164,7588.31982421875,10421.400390625,15.779999732971191
2018-03-13,0.06634000000000001,0.0621,0.07211000000000001,0.01726,0.02413,1325.9000244140625,64.94550323486328,2765.31005859375,14.460000038146973,7511.009765625,10426.849609375,16.350000381469727
2018-03-14,0.06641,0.0625,0.07222,0.01754,0.0241,1324.4000244140625,64.8281021118164,2749.47998046875,14.359999656677246,7496.81005859375,10410.900390625,17.229999542236328
2018-03-15,0.06570999999999999,0.0617,0.07167,0.01772,0.02429,1316.800048828125,64.83679962158203,2747.330078125,14.329999923706055,7481.740234375,10360.150390625,16.59000015258789
2018-03-16,0.06549,0.061900000000000004,0.07125,0.01779,0.024460000000000003,1311.300048828125,65.01439666748047,2752.010009765625,15.220000267028809,7481.990234375,10195.150390625,15.800000190734863
2018-03-19,0.066,0.061799999999999994,0.07143,0.017689999999999997,0.0246,1316.800048828125,65.06500244140625,2712.919921875,15.819999694824219,7344.240234375,10094.25,19.020000457763672
2018-03-20,0.0659,0.0613,0.07142,0.018000000000000002,0.02495,1311.0999755859375,65.21009826660156,2716.93994140625,15.609999656677246,7364.2998046875,10124.349609375,18.200000762939453
2018-03-21,0.06649,0.061500000000000006,0.07138,0.01746,0.024620000000000003,1320.699951171875,65.2323989868164,2711.929931640625,15.109999656677246,7345.2900390625,10155.25,17.860000610351562
2018-03-22,0.06631000000000001,0.061399999999999996,0.07142,0.017230000000000002,0.02427,1326.5999755859375,65.06559753417969,2643.68994140625,15.25,7166.68017578125,10114.75,23.34000015258789
2018-03-23,0.06609,0.061500000000000006,0.07139999999999999,0.01728,0.02405,1349.300048828125,65.16000366210938,2588.260009765625,15.550000190734863,6992.669921875,9998.0498046875,24.8700008392334
2018-03-26,0.06625,0.0616,0.07166,0.01746,0.024409999999999998,1354.4000244140625,65.01499938964844,2658.550048828125,15.199999809265137,7220.5400390625,10130.650390625,21.030000686645508
2018-03-27,0.06526,0.0613,0.07106,0.01775,0.023889999999999998,1341.300048828125,64.69499969482422,2612.6201171875,15.550000190734863,7008.81005859375,10184.150390625,22.5
2018-03-28,0.06563,0.061200000000000004,0.07086,0.01736,0.02408,1324.199951171875,64.89550018310547,2605.0,15.760000228881836,6949.22998046875,10113.7001953125,22.8700008392334
2018-03-29,0.06563,0.061200000000000004,0.07086,0.017150000000000002,0.023860000000000003,1322.800048828125,65.14920043945312,2640.8701171875,15.760000228881836,7063.4501953125,10113.7001953125,19.969999313354492
2018-03-30,0.06563,0.061200000000000004,0.07086,0.017150000000000002,0.023860000000000003,1322.800048828125,65.02999877929688,2640.8701171875,15.760000228881836,7063.4501953125,10113.7001953125,19.969999313354492
2018-04-02,0.06563,0.061200000000000004,0.07086,0.017230000000000002,0.023690000000000003,1342.0999755859375,65.10549926757812,2581.8798828125,15.350000381469727,6870.1201171875,10211.7998046875,23.6200008392334
2018-04-03,0.06543,0.061200000000000004,0.07034,0.01754,0.02408,1332.800048828125,65.13999938964844,2614.449951171875,15.1899995803833,6941.27978515625,10245.0,21.100000381469727
2018-04-04,0.06488000000000001,0.0605,0.07011,0.017079999999999998,0.024329999999999997,1335.800048828125,64.90499877929688,2644.68994140625,16.34000015258789,7042.10986328125,10128.400390625,20.059999465942383
2018-04-05,0.06459,0.061,0.06922,0.01713,0.02444,1324.300048828125,64.99500274658203,2662.840087890625,14.800000190734863,7076.5498046875,10325.150390625,18.940000534057617
2018-04-06,0.06453,0.061,0.06939000000000001,0.0172,0.024,1331.9000244140625,64.86150360107422,2604.469970703125,14.75,6915.10986328125,10331.599609375,21.489999771118164
2018-04-07,0.06453,0.061,0.06939000000000001,0.0172,0.024,1331.9000244140625,64.86150360107422,2604.469970703125,14.75,6915.10986328125,10331.599609375,21.489999771118164
2018-04-09,0.06461,0.0608,0.06983,0.017150000000000002,0.02414,1336.300048828125,64.90450286865234,2613.159912109375,14.869999885559082,6950.33984375,10379.349609375,21.770000457763672
2018-04-10,0.06477000000000001,0.0608,0.07056,0.01736,0.02444,1342.0,64.87000274658203,2656.8701171875,14.5,7094.2998046875,10402.25,20.469999313354492
2018-04-11,0.06549,0.0603,0.07107000000000001,0.01734,0.02443,1356.5,64.92530059814453,2642.18994140625,14.720000267028809,7069.02978515625,10417.150390625,20.239999771118164
2018-04-12,0.0652,0.0608,0.07114,0.01746,0.02503,1338.4000244140625,65.19000244140625,2663.989990234375,14.5600004196167,7140.25,10458.650390625,18.489999771118164
2018-04-13,0.06543,0.0608,0.07146,0.017589999999999998,0.025,1344.800048828125,65.27570343017578,2656.300048828125,14.140000343322754,7106.64990234375,10480.599609375,17.40999984741211
2018-04-14,0.06543,0.0608,0.07146,0.017589999999999998,0.025,1344.800048828125,65.27570343017578,2656.300048828125,14.140000343322754,7106.64990234375,10480.599609375,17.40999984741211
2018-04-16,0.0655,0.060700000000000004,0.07156,0.01754,0.02522,1347.5,65.19560241699219,2677.840087890625,14.260000228881836,7156.27978515625,10528.349609375,16.559999465942383
2018-04-17,0.0667,0.060599999999999994,0.07174,0.017920000000000002,0.0253,1347.199951171875,65.4292984008789,2706.389892578125,14.039999961853027,7281.10009765625,10548.7001953125,15.25
2018-04-18,0.06594,0.060700000000000004,0.07200000000000001,0.01813,0.02577,1351.199951171875,65.67500305175781,2708.639892578125,14.109999656677246,7295.240234375,10526.2001953125,15.600000381469727
2018-04-19,0.0662,0.061200000000000004,0.07248,0.018260000000000002,0.025859999999999998,1346.800048828125,66.01000213623047,2693.1298828125,13.75,7238.06005859375,10565.2998046875,15.960000038146973
2018-04-20,0.06654,0.061500000000000006,0.07356,0.01807,0.02619,1336.699951171875,66.11479949951172,2670.139892578125,12.9399995803833,7146.1298828125,10564.0498046875,16.8799991607666
2018-04-23,0.067,0.061399999999999996,0.07473,0.01825,0.026389999999999997,1322.5,66.1968994140625,2670.2900390625,13.149999618530273,7128.60009765625,10584.7001953125,16.34000015258789
2018-04-24,0.06831000000000001,0.0617,0.07442,0.01867,0.02636,1331.4000244140625,66.54499816894531,2634.56005859375,11.899999618530273,7007.35009765625,10614.349609375,18.020000457763672
2018-04-25,0.06773,0.0616,0.07461000000000001,0.01854,0.026389999999999997,1321.199951171875,66.41410064697266,2639.39990234375,12.399999618530273,7003.740234375,10570.5498046875,17.84000015258789
2018-04-26,0.06763,0.0622,0.07490999999999999,0.01828,0.026230000000000003,1316.300048828125,66.90769958496094,2666.93994140625,12.039999961853027,7118.68017578125,10617.7998046875,16.239999771118164
2018-04-27,0.06785999999999999,0.062,0.0757,0.01813,0.02618,1320.300048828125,66.9000015258789,2669.909912109375,12.020000457763672,7119.7998046875,10692.2998046875,15.40999984741211
2018-04-30,0.06785999999999999,0.062,0.0757,0.01807,0.02629,1316.199951171875,66.61000061035156,2648.050048828125,12.359999656677246,7066.27001953125,10739.349609375,15.930000305175781
2018-05-01,0.06785999999999999,0.062,0.0757,0.01854,0.02643,1303.800048828125,66.44999694824219,2654.800048828125,12.359999656677246,7130.7001953125,10739.349609375,15.489999771118164
2018-05-02,0.06785000000000001,0.0621,0.07546,0.01823,0.02638,1302.5999755859375,66.7886962890625,2635.669921875,12.84000015258789,7100.89990234375,10718.0498046875,15.970000267028809
2018-05-03,0.06804,0.0625,0.07569,0.01831,0.02619,1310.699951171875,67.08000183105469,2629.72998046875,12.989999771118164,7088.14990234375,10679.650390625,15.899999618530273
2018-05-04,0.0683,0.0625,0.07595,0.01836,0.026389999999999997,1312.699951171875,66.66000366210938,2663.419921875,13.25,7209.6201171875,10618.25,14.770000457763672
2018-05-05,0.0683,0.0625,0.07595,0.01836,0.026389999999999997,1312.699951171875,66.66000366210938,2663.419921875,13.25,7209.6201171875,10618.25,14.770000457763672
2018-05-07,0.068,0.0625,0.07568,0.018349999999999998,0.02633,1312.199951171875,66.81050109863281,2672.6298828125,13.760000228881836,7265.2099609375,10715.5,14.75
2018-05-08,0.06799000000000001,0.0625,0.07548,0.01874,0.02645,1312.0,67.1187973022461,2671.919921875,14.0600004196167,7266.89990234375,10717.7998046875,14.710000038146973
2018-05-09,0.06857,0.062400000000000004,0.07617,0.01885,0.02685,1311.300048828125,67.1624984741211,2697.7900390625,14.270000457763672,7339.91015625,10741.7001953125,13.420000076293945
2018-05-10,0.06866,0.06269999999999999,0.07641,0.0189,0.02688,1320.800048828125,67.62000274658203,2723.070068359375,14.430000305175781,7404.97021484375,10716.5498046875,13.229999542236328
2018-05-11,0.06863999999999999,0.0626,0.07624,0.01905,0.02693,1319.0,67.38999938964844,2727.719970703125,13.979999542236328,7402.8798828125,10806.5,12.649999618530273
2018-05-14,0.06873,0.0632,0.07655,0.01899,0.0271,1316.5,67.3822021484375,2730.1298828125,14.25,7411.31982421875,10806.599609375,12.930000305175781
2018-05-15,0.06892000000000001,0.0629,0.07698,0.01915,0.02748,1288.9000244140625,67.6780014038086,2711.449951171875,13.170000076293945,7351.6298828125,10801.849609375,14.630000114440918
2018-05-16,0.06872,0.0632,0.07737,0.01905,0.02767,1290.199951171875,68.45999908447266,2722.4599609375,13.4399995803833,7398.2998046875,10741.099609375,13.420000076293945
2018-05-17,0.06910999999999999,0.0634,0.07717,0.01907,0.02754,1288.199951171875,68.05999755859375,2720.1298828125,13.40999984741211,7382.47021484375,10682.7001953125,13.430000305175781
2018-05-18,0.06899,0.064,0.07595,0.01899,0.02713,1290.199951171875,68.13999938964844,2712.969970703125,14.149999618530273,7354.33984375,10596.400390625,13.420000076293945
2018-05-21,0.06919,0.0634,0.07618,0.01907,0.027290000000000002,1290.199951171875,67.9749984741211,2733.010009765625,14.40999984741211,7394.0400390625,10516.7001953125,13.079999923706055
2018-05-22,0.06918,0.0632,0.07638,0.019379999999999998,0.027290000000000002,1291.699951171875,68.4000015258789,2724.43994140625,13.600000381469727,7378.4599609375,10536.7001953125,13.220000267028809
2018-05-23,0.06989,0.0632,0.07676999999999999,0.01918,0.026629999999999997,1289.300048828125,68.43000030517578,2733.2900390625,14.15999984741211,7425.9599609375,10430.349609375,12.579999923706055
2018-05-24,0.07143,0.0637,0.07696,0.01905,0.0265,1303.699951171875,68.6500015258789,2727.760009765625,13.149999618530273,7424.43017578125,10513.849609375,12.529999732971191
2018-05-25,0.07081,0.0639,0.07664,0.01897,0.026080000000000002,1303.300048828125,68.26010131835938,2721.330078125,12.649999618530273,7433.85009765625,10605.150390625,13.220000267028809
2018-05-28,0.0707,0.0636,0.07632,0.01899,0.025830000000000002,1303.300048828125,67.7217025756836,2721.330078125,13.0600004196167,7433.85009765625,10688.650390625,13.220000267028809
2018-05-29,0.07122,0.0637,0.07656,0.01886,0.024489999999999998,1298.699951171875,67.40280151367188,2689.860107421875,13.069999694824219,7396.58984375,10633.2998046875,17.020000457763672
2018-05-30,0.0707,0.0639,0.07656,0.01923,0.02536,1301.5,68.12999725341797,2724.010009765625,13.40999984741211,7462.4501953125,10614.349609375,14.9399995803833
2018-05-31,0.0707,0.0642,0.07690999999999999,0.01915,0.02558,1300.0999755859375,67.43000030517578,2705.27001953125,13.220000267028809,7442.1201171875,10736.150390625,15.430000305175781
2018-06-01,0.07067999999999999,0.0645,0.07722000000000001,0.0191,0.026019999999999998,1294.800048828125,67.43499755859375,2734.6201171875,13.569999694824219,7554.330078125,10696.2001953125,13.460000038146973
2018-06-04,0.07089000000000001,0.065,0.07726,0.0191,0.026520000000000002,1293.0999755859375,66.92500305175781,2746.8701171875,13.880000114440918,7606.4599609375,10628.5,12.739999771118164
2018-06-05,0.07077,0.0649,0.07698,0.01948,0.02619,1297.5,67.05999755859375,2748.800048828125,13.319999694824219,7637.85986328125,10593.150390625,12.399999618530273
2018-06-06,0.07066,0.06509999999999999,0.07734,0.01941,0.026549999999999997,1297.0999755859375,67.08999633789062,2772.35009765625,12.550000190734863,7689.240234375,10684.650390625,11.640000343322754
2018-06-07,0.07086,0.065,0.07821,0.019299999999999998,0.02622,1298.699951171875,66.8301010131836,2770.3701171875,12.779999732971191,7635.06982421875,10768.349609375,12.130000114440918
2018-06-08,0.07062,0.065,0.07773,0.01925,0.02636,1298.0999755859375,67.41000366210938,2779.030029296875,12.699999809265137,7645.509765625,10767.650390625,12.180000305175781
2018-06-11,0.07072,0.06570000000000001,0.07805,0.019119999999999998,0.026549999999999997,1298.9000244140625,67.51000213623047,2782.0,13.180000305175781,7659.93017578125,10786.9501953125,12.350000381469727
2018-06-12,0.07082,0.0655,0.07809,0.01933,0.026770000000000002,1295.0999755859375,67.48999786376953,2786.85009765625,12.729999542236328,7703.7900390625,10842.849609375,12.34000015258789
2018-06-13,0.0707,0.0652,0.07773,0.01936,0.027069999999999997,1296.9000244140625,67.91000366210938,2775.6298828125,12.640000343322754,7695.7001953125,10856.7001953125,12.9399995803833
2018-06-14,0.07058,0.0652,0.07765,0.01928,0.02693,1304.0,67.77999877929688,2782.489990234375,12.100000381469727,7761.0400390625,10808.0498046875,12.119999885559082
2018-06-15,0.07033,0.0652,0.07721,0.01933,0.0268,1274.5999755859375,68.12999725341797,2779.659912109375,12.069999694824219,7746.3798828125,10817.7001953125,11.979999542236328
2018-06-18,0.07075999999999999,0.065,0.07672,0.01927,0.026709999999999998,1276.199951171875,68.05000305175781,2773.75,12.380000114440918,7747.02978515625,10799.849609375,12.3100004196167
2018-06-19,0.07053,0.0647,0.07696,0.01943,0.026520000000000002,1275.5999755859375,68.01000213623047,2762.590087890625,12.920000076293945,7725.58984375,10710.4501953125,13.350000381469727
2018-06-20,0.06997,0.0647,0.07672,0.01933,0.0268,1271.199951171875,68.05000305175781,2767.320068359375,12.170000076293945,7781.509765625,10772.0498046875,12.789999961853027
2018-06-21,0.06963,0.0642,0.076,0.01933,0.026469999999999997,1267.199951171875,68.3499984741211,2749.760009765625,12.449999809265137,7712.9501953125,10741.099609375,14.640000343322754
2018-06-22,0.06982000000000001,0.0646,0.0768,0.01915,0.02644,1267.4000244140625,67.83000183105469,2754.8798828125,12.020000457763672,7692.81982421875,10821.849609375,13.770000457763672
2018-06-25,0.07003,0.0646,0.07651,0.01899,0.0263,1265.5999755859375,67.85489654541016,2717.070068359375,12.579999923706055,7532.009765625,10762.4501953125,17.329999923706055
2018-06-26,0.06979,0.0646,0.07658999999999999,0.019379999999999998,0.02625,1256.5999755859375,68.33999633789062,2723.06005859375,12.800000190734863,7561.6298828125,10769.150390625,15.920000076293945
2018-06-27,0.07023,0.065,0.07695,0.0192,0.02589,1252.800048828125,68.36499786376953,2699.6298828125,13.510000228881836,7445.080078125,10671.400390625,17.90999984741211
2018-06-28,0.07045,0.0647,0.07772,0.0192,0.026000000000000002,1247.800048828125,69.23999786376953,2716.31005859375,13.949999809265137,7503.68017578125,10589.099609375,16.850000381469727
2018-06-29,0.07019,0.0649,0.07751999999999999,0.0192,0.02625,1251.300048828125,68.79669952392578,2718.3701171875,12.9399995803833,7510.2998046875,10714.2998046875,16.09000015258789
2018-07-02,0.07174,0.0642,0.07744,0.01935,0.02644,1239.800048828125,68.43499755859375,2726.7099609375,13.369999885559082,7567.68994140625,10657.2998046875,15.600000381469727
2018-07-03,0.07195,0.0644,0.07751999999999999,0.019790000000000002,0.02622,1251.5999755859375,68.6948013305664,2713.219970703125,13.0,7502.669921875,10699.900390625,16.139999389648438
2018-07-04,0.07197,0.0639,0.07723,0.01972,0.0263,1251.5999755859375,68.83000183105469,2713.219970703125,12.65999984741211,7502.669921875,10769.900390625,16.139999389648438
2018-07-05,0.07198,0.065,0.07743,0.01956,0.02644,1257.300048828125,68.9800033569336,2736.610107421875,12.579999923706055,7586.43017578125,10749.75,14.970000267028809
2018-07-06,0.07232999999999999,0.0645,0.07751000000000001,0.01951,0.02633,1254.300048828125,69.06999969482422,2759.820068359375,12.4399995803833,7688.39013671875,10772.650390625,13.369999885559082
2018-07-09,0.07244,0.0644,0.07751000000000001,0.019610000000000002,0.02661,1258.0999755859375,68.75499725341797,2784.169921875,12.390000343322754,7756.2001953125,10852.900390625,12.6899995803833
2018-07-10,0.07235,0.06480000000000001,0.07792,0.01977,0.0268,1253.800048828125,68.65979766845703,2793.840087890625,12.399999618530273,7759.2001953125,10947.25,12.640000343322754
2018-07-11,0.07236,0.06509999999999999,0.07776,0.019610000000000002,0.02666,1242.800048828125,68.9000015258789,2774.02001953125,12.779999732971191,7716.60986328125,10948.2998046875,13.630000114440918
2018-07-12,0.07216,0.0655,0.07751000000000001,0.01974,0.026770000000000002,1245.0,68.72000122070312,2798.2900390625,12.510000228881836,7823.919921875,11023.2001953125,12.579999923706055
2018-07-13,0.07207,0.0654,0.07751000000000001,0.019710000000000002,0.026549999999999997,1239.5999755859375,68.54000091552734,2801.31005859375,12.300000190734863,7825.97998046875,11018.900390625,12.180000305175781
2018-07-16,0.07208,0.0655,0.07743,0.01981,0.026770000000000002,1238.0999755859375,68.48670196533203,2798.429931640625,12.949999809265137,7805.72021484375,10936.849609375,12.829999923706055
2018-07-17,0.07176,0.0655,0.07702,0.020179999999999997,0.02688,1225.699951171875,68.72000122070312,2809.550048828125,12.829999923706055,7855.1201171875,11008.0498046875,12.0600004196167
2018-07-18,0.07176,0.0655,0.07701,0.020019999999999996,0.02693,1226.300048828125,68.35600280761719,2815.6201171875,13.680000305175781,7854.43994140625,10980.4501953125,12.100000381469727
2018-07-19,0.07198,0.06559999999999999,0.07722000000000001,0.01994,0.02661,1222.4000244140625,68.6155014038086,2804.489990234375,13.59000015258789,7825.2998046875,10957.099609375,12.869999885559082
2018-07-20,0.07211000000000001,0.066,0.07726,0.019790000000000002,0.0268,1229.5,68.93509674072266,2801.830078125,13.539999961853027,7820.2001953125,11010.2001953125,12.859999656677246
2018-07-23,0.07211000000000001,0.0662,0.07697,0.01966,0.02727,1224.0,68.7332992553711,2806.97998046875,13.010000228881836,7841.8701171875,11084.75,12.619999885559082
2018-07-24,0.07245,0.0665,0.07693,0.02007,0.02735,1223.9000244140625,69.19999694824219,2820.39990234375,12.470000267028809,7840.77001953125,11134.2998046875,12.40999984741211
2018-07-25,0.07245,0.0665,0.07701,0.02,0.0276,1231.4000244140625,68.80999755859375,2846.070068359375,12.210000038146973,7932.240234375,11132.0,12.289999961853027
2018-07-26,0.07246000000000001,0.0673,0.07664,0.01989,0.027770000000000003,1225.300048828125,68.83999633789062,2837.43994140625,12.029999732971191,7852.18017578125,11167.2998046875,12.140000343322754
2018-07-27,0.07248,0.0672,0.07672,0.01992,0.02763,1222.5999755859375,68.73999786376953,2818.820068359375,12.3100004196167,7737.419921875,11278.349609375,13.029999732971191
2018-07-30,0.07248,0.06709999999999999,0.07684,0.01991,0.02763,1221.300048828125,68.61499786376953,2802.60009765625,12.59000015258789,7630.0,11319.5498046875,14.260000228881836
2018-07-31,0.07248,0.06709999999999999,0.07667,0.02033,0.027690000000000003,1223.699951171875,68.68499755859375,2816.2900390625,12.479999542236328,7671.7900390625,11356.5,12.829999923706055
2018-08-01,0.07212,0.06709999999999999,0.07605,0.02025,0.02783,1217.9000244140625,68.4968032836914,2813.360107421875,12.529999732971191,7707.2900390625,11346.2001953125,13.149999618530273
2018-08-02,0.07237,0.0679,0.07638,0.02007,0.027610000000000003,1210.5999755859375,68.30709838867188,2827.219970703125,12.5600004196167,7802.68994140625,11244.7001953125,12.1899995803833
2018-08-03,0.07249,0.0677,0.07646,0.02007,0.02733,1214.199951171875,68.6155014038086,2840.35009765625,12.079999923706055,7812.009765625,11360.7998046875,11.640000343322754
2018-08-06,0.07261000000000001,0.0678,0.07646,0.020139999999999998,0.0273,1208.5999755859375,68.50499725341797,2850.39990234375,12.5600004196167,7859.68017578125,11387.099609375,11.270000457763672
2018-08-07,0.07312,0.0678,0.07667,0.020560000000000002,0.027639999999999998,1209.5999755859375,68.80999755859375,2858.449951171875,12.579999923706055,7883.66015625,11389.4501953125,10.930000305175781
2018-08-08,0.07261000000000001,0.0675,0.07654,0.020560000000000002,0.027639999999999998,1212.5999755859375,68.59600067138672,2857.699951171875,12.539999961853027,7888.330078125,11450.0,10.850000381469727
2018-08-09,0.07235,0.067,0.07629,0.02051,0.027389999999999998,1211.9000244140625,68.45500183105469,2853.580078125,12.680000305175781,7891.77978515625,11470.7001953125,11.270000457763672
2018-08-10,0.07221,0.067,0.07612000000000001,0.02045,0.02682,1211.0999755859375,69.0999984741211,2833.280029296875,12.850000381469727,7839.10986328125,11429.5,13.15999984741211
2018-08-13,0.07286,0.06709999999999999,0.07658000000000001,0.02043,0.0269,1191.300048828125,69.08499908447266,2821.929931640625,13.399999618530273,7819.7099609375,11355.75,14.779999732971191
2018-08-14,0.0726,0.0675,0.07658000000000001,0.020819999999999998,0.027120000000000002,1193.0,69.9490966796875,2839.9599609375,13.279999732971191,7870.89013671875,11435.099609375,13.3100004196167
2018-08-15,0.0726,0.0675,0.07658000000000001,0.02069,0.02682,1177.5,69.94999694824219,2818.3701171875,13.279999732971191,7774.1201171875,11435.099609375,14.640000343322754
2018-08-16,0.07299,0.068,0.07713,0.020640000000000002,0.026869999999999998,1176.199951171875,70.66000366210938,2840.68994140625,13.649999618530273,7806.52001953125,11385.0498046875,13.449999809265137
2018-08-17,0.07299,0.068,0.07713,0.02043,0.026840000000000003,1176.5,70.00499725341797,2850.1298828125,13.15999984741211,7816.330078125,11470.75,12.640000343322754
2018-08-20,0.07285,0.0682,0.07708,0.0204,0.02648,1186.800048828125,69.78500366210938,2857.050048828125,13.029999732971191,7821.009765625,11551.75,12.489999771118164
2018-08-21,0.07299,0.0681,0.07696,0.020790000000000003,0.02673,1192.5999755859375,69.73999786376953,2862.9599609375,12.899999618530273,7859.169921875,11570.900390625,12.859999656677246
2018-08-22,0.07299,0.0681,0.07696,0.02084,0.026539999999999998,1196.300048828125,69.80999755859375,2861.820068359375,12.899999618530273,7889.10009765625,11570.900390625,12.25
2018-08-23,0.07339000000000001,0.0684,0.07734,0.020790000000000003,0.026760000000000003,1187.0,69.79000091552734,2856.97998046875,12.760000228881836,7878.4599609375,11582.75,12.40999984741211
2018-08-24,0.07299,0.0682,0.07734,0.02094,0.02675,1206.300048828125,70.2750015258789,2874.68994140625,12.40999984741211,7945.97998046875,11557.099609375,11.989999771118164
2018-08-27,0.07325999999999999,0.0682,0.07738,0.02109,0.027000000000000003,1209.0,69.76499938964844,2896.739990234375,12.239999771118164,8017.89990234375,11691.9501953125,12.15999984741211
2018-08-28,0.07325999999999999,0.068,0.07747,0.02128,0.0273,1207.4000244140625,69.94499969482422,2897.52001953125,12.430000305175781,8030.0400390625,11738.5,12.5
2018-08-29,0.07325999999999999,0.0683,0.07751000000000001,0.02125,0.027469999999999998,1204.5,70.54000091552734,2914.0400390625,12.4399995803833,8109.68994140625,11691.900390625,12.25
2018-08-30,0.07325999999999999,0.0683,0.07780999999999999,0.02105,0.02714,1197.699951171875,70.91000366210938,2901.1298828125,12.40999984741211,8088.35986328125,11676.7998046875,13.529999732971191
2018-08-31,0.07341,0.0681,0.07795,0.02104,0.02694,1200.300048828125,71.40499877929688,2901.52001953125,12.600000381469727,8109.5400390625,11680.5,12.859999656677246
2018-09-03,0.07597000000000001,0.0681,0.07864,0.021019999999999997,0.02703,1200.300048828125,70.99500274658203,2901.52001953125,13.390000343322754,8109.5400390625,11582.349609375,12.859999656677246
2018-09-04,0.07672,0.068,0.07937999999999999,0.02117,0.02725,1192.699951171875,71.06999969482422,2896.719970703125,13.779999732971191,8091.25,11520.2998046875,13.15999984741211
2018-09-05,0.07798,0.0681,0.0796,0.021349999999999997,0.02722,1194.9000244140625,71.75,2888.60009765625,13.649999618530273,7995.169921875,11476.9501953125,13.90999984741211
2018-09-06,0.07719000000000001,0.068,0.07982,0.0213,0.027000000000000003,1197.9000244140625,71.88999938964844,2878.050048828125,13.720000267028809,7922.72998046875,11536.900390625,14.649999618530273
2018-09-07,0.07694,0.06849999999999999,0.07956,0.02137,0.02775,1193.5999755859375,71.93890380859375,2871.679931640625,13.890000343322754,7902.5400390625,11589.099609375,14.880000114440918
2018-09-10,0.07937,0.0688,0.08066000000000001,0.021320000000000002,0.0278,1193.0,72.09500122070312,2877.1298828125,15.199999809265137,7924.16015625,11438.099609375,14.15999984741211
2018-09-11,0.07815,0.069,0.08084,0.02153,0.028220000000000002,1195.4000244140625,72.44499969482422,2887.889892578125,15.329999923706055,7972.47021484375,11287.5,13.220000267028809
2018-09-12,0.07980000000000001,0.07,0.08106999999999999,0.021509999999999998,0.028210000000000002,1204.699951171875,72.98999786376953,2888.919921875,14.25,7954.22998046875,11369.900390625,13.140000343322754
2018-09-13,0.07980000000000001,0.07,0.08106999999999999,0.021429999999999998,0.028290000000000003,1202.0,71.92520141601562,2904.179931640625,14.25,8013.7099609375,11369.900390625,12.369999885559082
2018-09-14,0.07864,0.0707,0.08108,0.02153,0.02857,1195.0,72.02749633789062,2904.97998046875,13.84000015258789,8010.0400390625,11515.2001953125,12.069999694824219
2018-09-17,0.07825,0.0705,0.08055999999999999,0.02158,0.02846,1199.699951171875,72.09500122070312,2888.800048828125,14.5,7895.7900390625,11377.75,13.680000305175781
2018-09-18,0.07801999999999999,0.0707,0.0806,0.02174,0.028849999999999997,1196.800048828125,72.53479766845703,2904.31005859375,14.420000076293945,7956.10986328125,11278.900390625,12.789999961853027
2018-09-19,0.078,0.0707,0.08016999999999999,0.02166,0.02887,1202.199951171875,73.12000274658203,2907.949951171875,14.010000228881836,7950.0400390625,11234.349609375,11.75
2018-09-20,0.078,0.0707,0.08016999999999999,0.02169,0.02896,1206.199951171875,72.34500122070312,2930.75,14.010000228881836,8028.22998046875,11234.349609375,11.800000190734863
2018-09-21,0.07766,0.071,0.08,0.02173,0.02891,1196.199951171875,71.72000122070312,2929.669921875,15.539999961853027,7986.9599609375,11143.099609375,11.680000305175781
2018-09-24,0.07966000000000001,0.0711,0.08058,0.02173,0.02905,1199.300048828125,72.2300033569336,2919.3701171875,17.43000030517578,7993.25,10967.400390625,12.199999809265137
2018-09-25,0.07952,0.07150000000000001,0.08045,0.02215,0.02916,1200.0,73.30000305175781,2915.56005859375,16.68000030517578,8007.47021484375,11067.4501953125,12.420000076293945
2018-09-26,0.07827,0.0717,0.08015,0.02212,0.0288,1194.0,73.08999633789062,2905.969970703125,17.09000015258789,7990.3701171875,11053.7998046875,12.890000343322754
2018-09-27,0.07778,0.0707,0.07975,0.021920000000000002,0.02891,1182.300048828125,72.7699966430664,2914.0,16.920000076293945,8041.97021484375,10977.5498046875,12.40999984741211
2018-09-28,0.07753,0.0697,0.07958,0.02199,0.02886,1191.5,72.94999694824219,2913.97998046875,17.0,8046.35009765625,10930.4501953125,12.119999885559082
2018-10-01,0.07725,0.0703,0.0791,0.02206,0.02891,1187.0999755859375,72.50499725341797,2924.590087890625,16.84000015258789,8037.2998046875,11008.2998046875,12.0
2018-10-02,0.07725,0.0703,0.0791,0.02223,0.02883,1202.4000244140625,73.75499725341797,2923.429931640625,16.84000015258789,7999.5498046875,11008.2998046875,12.050000190734863
2018-10-03,0.07884000000000001,0.0702,0.07955,0.02223,0.02964,1198.300048828125,73.27999877929688,2925.510009765625,18.1200008392334,8025.08984375,10858.25,11.609999656677246
2018-10-04,0.07896,0.0712,0.08012999999999999,0.02222,0.02964,1197.199951171875,73.8499984741211,2901.610107421875,18.920000076293945,7879.509765625,10599.25,14.220000267028809
2018-10-05,0.07643,0.0693,0.07844000000000001,0.022170000000000002,0.029849999999999998,1201.199951171875,74.22000122070312,2885.570068359375,19.729999542236328,7788.4501953125,10316.4501953125,14.819999694824219
2018-10-08,0.07629,0.0691,0.078,0.022170000000000002,0.029679999999999998,1184.4000244140625,73.76300048828125,2884.429931640625,20.149999618530273,7735.9501953125,10348.0498046875,15.6899995803833
2018-10-09,0.07561,0.0687,0.07863,0.02237,0.02979,1187.199951171875,73.88999938964844,2880.340087890625,19.760000228881836,7738.02001953125,10301.0498046875,15.949999809265137
2018-10-10,0.07582,0.0692,0.07831,0.02274,0.02935,1189.300048828125,74.55000305175781,2785.679931640625,17.90999984741211,7422.0498046875,10460.099609375,22.959999084472656
2018-10-11,0.07549,0.0694,0.07751000000000001,0.02266,0.029380000000000003,1223.5,74.5999984741211,2728.3701171875,20.549999237060547,7329.06005859375,10234.650390625,24.979999542236328
2018-10-12,0.07566,0.0689,0.07754,0.022709999999999998,0.02949,1218.0999755859375,74.16000366210938,2767.1298828125,18.6299991607666,7496.89013671875,10472.5,21.309999465942383
2018-10-15,0.07569,0.0691,0.07723,0.02283,0.02944,1226.4000244140625,73.6760025024414,2750.7900390625,18.889999389648438,7430.740234375,10512.5,21.299999237060547
2018-10-16,0.07509,0.0693,0.07686,0.0231,0.02955,1227.300048828125,74.08000183105469,2809.919921875,17.3700008392334,7645.490234375,10584.75,17.6200008392334
2018-10-17,0.07667,0.0692,0.07731,0.0231,0.02988,1223.699951171875,73.45549774169922,2809.2099609375,17.979999542236328,7642.7001953125,10453.0498046875,17.399999618530273
2018-10-18,0.07667,0.0692,0.07731,0.0231,0.02957,1226.5,73.91999816894531,2768.780029296875,17.979999542236328,7485.14013671875,10453.0498046875,20.059999465942383
2018-10-19,0.07487,0.0695,0.07730000000000001,0.023090000000000003,0.029849999999999998,1225.300048828125,74.16000366210938,2767.780029296875,19.790000915527344,7449.02978515625,10303.5498046875,19.889999389648438
2018-10-22,0.07453,0.0695,0.07707,0.023119999999999998,0.02988,1221.199951171875,73.46499633789062,2755.8798828125,21.360000610351562,7468.6298828125,10245.25,19.639999389648438
2018-10-23,0.07465,0.0696,0.07698,0.023399999999999997,0.02955,1233.4000244140625,73.8594970703125,2740.68994140625,19.040000915527344,7437.5400390625,10146.7998046875,20.709999084472656
2018-10-24,0.07576,0.0695,0.07662,0.023399999999999997,0.02894,1227.800048828125,73.22129821777344,2656.10009765625,18.8799991607666,7108.39990234375,10224.75,25.229999542236328
2018-10-25,0.07588,0.0696,0.0767,0.02335,0.029079999999999998,1229.0999755859375,73.22049713134766,2705.570068359375,18.959999084472656,7318.33984375,10124.900390625,24.219999313354492
2018-10-26,0.07588,0.0695,0.07665,0.02327,0.02858,1232.5,73.22019958496094,2658.68994140625,19.229999542236328,7167.2099609375,10030.0,24.15999984741211
2018-10-29,0.07444,0.0695,0.07619,0.02314,0.02875,1224.5,73.125,2641.25,19.829999923706055,7050.2900390625,10250.849609375,24.700000762939453
2018-10-30,0.0759,0.0696,0.07628,0.02338,0.02905,1222.5999755859375,73.5905990600586,2682.6298828125,20.5,7161.64990234375,10198.400390625,23.350000381469727
2018-10-31,0.07483,0.0695,0.07651,0.023330000000000004,0.02928,1212.300048828125,73.6500015258789,2711.739990234375,19.799999237060547,7305.89990234375,10386.599609375,21.229999542236328
2018-11-01,0.07431,0.0693,0.07615999999999999,0.023250000000000003,0.02905,1236.0,74.06999969482422,2740.3701171875,19.190000534057617,7434.06005859375,10380.4501953125,19.34000015258789
2018-11-02,0.07347000000000001,0.0696,0.07619,0.02327,0.02981,1230.9000244140625,73.30999755859375,2723.06005859375,18.229999542236328,7356.990234375,10553.0,19.510000228881836
2018-11-05,0.07534,0.0692,0.07573,0.02322,0.02978,1229.800048828125,72.90499877929688,2738.31005859375,19.479999542236328,7328.85009765625,10524.0,19.959999084472656
2018-11-06,0.07347000000000001,0.0694,0.07533000000000001,0.02366,0.03012,1223.800048828125,72.86000061035156,2755.449951171875,18.510000228881836,7375.9599609375,10530.0,19.90999984741211
2018-11-07,0.07347000000000001,0.0694,0.07533000000000001,0.023610000000000003,0.0304,1226.199951171875,73.2300033569336,2813.889892578125,17.719999313354492,7570.75,10598.400390625,16.360000610351562
2018-11-08,0.07347000000000001,0.0694,0.07533000000000001,0.02358,0.03048,1222.9000244140625,72.37999725341797,2806.830078125,17.719999313354492,7530.8798828125,10598.400390625,16.719999313354492
2018-11-09,0.07336000000000001,0.0695,0.07511,0.02355,0.02996,1206.4000244140625,72.9000015258789,2781.010009765625,17.770000457763672,7406.89990234375,10585.2001953125,17.360000610351562
2018-11-12,0.07450999999999999,0.0692,0.07535,0.02355,0.0296,1201.300048828125,72.47000122070312,2726.219970703125,19.3700008392334,7200.8701171875,10482.2001953125,20.450000762939453
2018-11-13,0.07293999999999999,0.0693,0.07534,0.0235,0.02952,1199.199951171875,73.18000030517578,2722.179931640625,18.700000762939453,7200.8701171875,10582.5,20.020000457763672
2018-11-14,0.07315,0.0691,0.07478,0.02376,0.029220000000000003,1207.9000244140625,72.55000305175781,2701.580078125,18.829999923706055,7136.39013671875,10576.2998046875,21.25
2018-11-15,0.07393,0.0684,0.07502,0.02366,0.02905,1212.800048828125,72.4000015258789,2730.199951171875,18.450000762939453,7259.02978515625,10616.7001953125,19.979999542236328
2018-11-16,0.07344,0.0682,0.07553,0.02355,0.02848,1220.800048828125,71.8917007446289,2736.27001953125,18.350000381469727,7247.8701171875,10682.2001953125,18.139999389648438
2018-11-19,0.07251,0.06849999999999999,0.07535,0.02355,0.02834,1223.0999755859375,71.7750015258789,2690.72998046875,19.260000228881836,7028.47998046875,10763.400390625,20.100000381469727
2018-11-20,0.07293999999999999,0.0683,0.07544,0.02392,0.028450000000000003,1219.0,71.69000244140625,2641.889892578125,19.329999923706055,6908.81982421875,10656.2001953125,22.479999542236328
2018-11-21,0.07293999999999999,0.0683,0.07544,0.02407,0.028530000000000003,1225.800048828125,71.41500091552734,2649.929931640625,19.559999465942383,6972.25,10600.0498046875,20.799999237060547
2018-11-22,0.07217,0.0678,0.075,0.02402,0.028530000000000003,1225.800048828125,71.29499816894531,2649.929931640625,19.15999984741211,6972.25,10526.75,20.799999237060547
2018-11-23,0.07217,0.0678,0.075,0.02404,0.02842,1221.0,70.83499908447266,2632.56005859375,19.15999984741211,6938.97998046875,10526.75,21.520000457763672
2018-11-26,0.07238,0.0681,0.07472000000000001,0.02399,0.02858,1220.199951171875,70.66999816894531,2673.449951171875,20.399999618530273,7081.85009765625,10628.599609375,18.899999618530273
2018-11-27,0.0726,0.0677,0.0751,0.02405,0.02864,1211.199951171875,70.80999755859375,2682.169921875,18.31999969482422,7082.7001953125,10685.599609375,19.020000457763672
2018-11-28,0.07165,0.0675,0.07432,0.02387,0.02844,1221.4000244140625,70.87999725341797,2743.7900390625,17.959999084472656,7291.58984375,10728.849609375,18.489999771118164
2018-11-29,0.07167,0.0676,0.07425,0.02366,0.02833,1224.0999755859375,70.5999984741211,2737.800048828125,18.700000762939453,7273.080078125,10858.7001953125,18.790000915527344
2018-11-30,0.07174,0.0675,0.07418999999999999,0.023629999999999998,0.02811,1220.199951171875,69.91999816894531,2760.169921875,19.15999984741211,7330.5400390625,10876.75,18.06999969482422
2018-12-03,0.07234,0.0677,0.07336000000000001,0.02342,0.02827,1233.9000244140625,69.76000213623047,2790.3701171875,18.219999313354492,7441.509765625,10883.75,16.440000534057617
2018-12-04,0.07203,0.0676,0.07316,0.02423,0.028079999999999997,1241.0999755859375,70.48500061035156,2700.06005859375,18.110000610351562,7158.43017578125,10869.5,20.739999771118164
2018-12-05,0.07117,0.0672,0.07224,0.024220000000000002,0.028130000000000002,1241.0999755859375,70.62999725341797,2700.06005859375,18.389999389648438,7158.43017578125,10782.900390625,20.739999771118164
2018-12-06,0.07078000000000001,0.06709999999999999,0.07185,0.0241,0.027690000000000003,1238.0999755859375,70.87000274658203,2695.949951171875,19.309999465942383,7188.259765625,10601.150390625,21.190000534057617
2018-12-07,0.0712,0.0669,0.07237,0.02396,0.02724,1246.800048828125,70.75,2633.080078125,18.59000015258789,6969.25,10693.7001953125,23.229999542236328
2018-12-10,0.07145,0.06709999999999999,0.07281,0.023860000000000003,0.02738,1243.699951171875,71.36499786376953,2637.719970703125,20.440000534057617,7020.52001953125,10488.4501953125,22.639999389648438
2018-12-11,0.0713,0.06709999999999999,0.07253,0.02428,0.02765,1241.9000244140625,72.7300033569336,2636.780029296875,17.950000762939453,7031.830078125,10549.150390625,21.760000228881836
2018-12-12,0.07042,0.067,0.07188,0.02428,0.02778,1244.4000244140625,72.62000274658203,2651.070068359375,15.8100004196167,7098.31005859375,10737.599609375,21.459999084472656
2018-12-13,0.06978,0.067,0.07163,0.0242,0.02759,1242.699951171875,72.1500015258789,2650.5400390625,15.550000190734863,7070.330078125,10791.5498046875,20.649999618530273
2018-12-14,0.0698,0.0668,0.07227,0.024239999999999998,0.02726,1237.0,71.5469970703125,2599.949951171875,15.15999984741211,6910.66015625,10805.4501953125,21.6299991607666
2018-12-17,0.06981,0.06709999999999999,0.07207,0.023940000000000003,0.02685,1247.4000244140625,71.91000366210938,2545.93994140625,14.539999961853027,6753.72998046875,10888.349609375,24.520000457763672
2018-12-18,0.06924000000000001,0.067,0.07099,0.02384,0.02636,1249.199951171875,71.58999633789062,2546.159912109375,14.579999923706055,6783.91015625,10908.7001953125,25.579999923706055
2018-12-19,0.06884,0.0665,0.0706,0.023940000000000003,0.02628,1252.0999755859375,70.56999969482422,2506.9599609375,14.65999984741211,6636.830078125,10967.2998046875,25.579999923706055
2018-12-20,0.06892000000000001,0.0663,0.07066,0.02392,0.026520000000000002,1263.5999755859375,70.68550109863281,2467.419921875,14.329999923706055,6528.41015625,10951.7001953125,28.3799991607666
2018-12-21,0.06869,0.0663,0.07065,0.023860000000000003,0.02619,1253.800048828125,70.30000305175781,2416.6201171875,15.989999771118164,6332.990234375,10754.0,30.110000610351562
2018-12-24,0.06862,0.0666,0.07066,0.02388,0.02553,1267.5,70.13999938964844,2351.10009765625,15.75,6192.919921875,10663.5,36.06999969482422
2018-12-25,0.06862,0.0666,0.07066,0.02443,0.02559,1267.5,70.23999786376953,2351.10009765625,15.75,6192.919921875,10663.5,36.06999969482422
2018-12-26,0.06829,0.0666,0.07045,0.02435,0.02611,1269.199951171875,70.23999786376953,2467.699951171875,15.920000076293945,6554.35986328125,10729.849609375,30.40999984741211
2018-12-27,0.06829,0.0667,0.07043,0.0241,0.025619999999999997,1277.300048828125,70.1500015258789,2488.830078125,16.06999969482422,6579.490234375,10779.7998046875,29.959999084472656
2018-12-28,0.0683,0.0667,0.0709,0.02383,0.024980000000000002,1279.9000244140625,69.98999786376953,2485.739990234375,15.270000457763672,6584.52001953125,10859.900390625,28.34000015258789
2018-12-31,0.06814,0.0667,0.071,0.023809999999999998,0.02459,1278.300048828125,69.92250061035156,2506.85009765625,16.0,6635.27978515625,10862.5498046875,25.420000076293945
2019-01-01,0.06831000000000001,0.0667,0.07052,0.02466,0.02459,1278.300048828125,69.70999908447266,2506.85009765625,15.329999923706055,6635.27978515625,10862.5498046875,25.420000076293945
2019-01-02,0.06814,0.0658,0.07032,0.024169999999999997,0.02442,1281.0,69.70999908447266,2510.030029296875,16.389999389648438,6665.93994140625,10792.5,23.219999313354492
2019-01-03,0.06823,0.0663,0.07061,0.02412,0.02338,1291.800048828125,69.95999908447266,2447.889892578125,16.790000915527344,6463.5,10672.25,25.450000762939453
2019-01-04,0.06841,0.0661,0.07106,0.02414,0.0248,1282.699951171875,70.30000305175781,2531.93994140625,16.15999984741211,6738.85986328125,10727.349609375,21.3799991607666
2019-01-07,0.06892000000000001,0.0662,0.07046999999999999,0.024089999999999997,0.025249999999999998,1286.800048828125,69.5250015258789,2549.68994140625,16.299999237060547,6823.47021484375,10771.7998046875,21.399999618530273
2019-01-08,0.06833,0.0663,0.07017999999999999,0.02458,0.02569,1283.199951171875,69.80999755859375,2574.409912109375,15.699999809265137,6897.0,10802.150390625,20.469999313354492
2019-01-09,0.06817000000000001,0.0662,0.07032,0.02443,0.02533,1289.300048828125,70.33000183105469,2584.9599609375,15.270000457763672,6957.080078125,10855.150390625,19.979999542236328
2019-01-10,0.06826,0.0664,0.07027,0.024329999999999997,0.02552,1284.699951171875,70.55049896240234,2596.639892578125,15.350000381469727,6986.06982421875,10821.599609375,19.5
2019-01-11,0.06835,0.0663,0.07065,0.024239999999999998,0.025160000000000002,1287.0999755859375,70.72000122070312,2596.260009765625,15.350000381469727,6971.47998046875,10794.9501953125,18.190000534057617
2019-01-14,0.06801,0.0664,0.06997,0.024169999999999997,0.02514,1289.0999755859375,70.37000274658203,2582.610107421875,16.15999984741211,6905.919921875,10737.599609375,19.06999969482422
2019-01-15,0.06819,0.0663,0.06992,0.02451,0.025160000000000002,1286.199951171875,71.08499908447266,2610.300048828125,15.579999923706055,7023.830078125,10886.7998046875,18.600000381469727
2019-01-16,0.06837,0.0666,0.07002,0.0242,0.02527,1291.5999755859375,71.09249877929688,2616.10009765625,16.079999923706055,7034.68994140625,10890.2998046875,19.040000915527344
2019-01-17,0.06828000000000001,0.0664,0.07003999999999999,0.0241,0.025550000000000003,1291.0,71.36499786376953,2635.9599609375,16.239999771118164,7084.4599609375,10905.2001953125,18.059999465942383
2019-01-18,0.06838,0.066,0.07003,0.02404,0.02601,1281.300048828125,71.03019714355469,2670.7099609375,16.6200008392334,7157.22998046875,10906.9501953125,17.799999237060547
2019-01-21,0.06839,0.06559999999999999,0.07083,0.02406,0.02588,1281.300048828125,71.2300033569336,2670.7099609375,18.149999618530273,7157.22998046875,10961.849609375,17.799999237060547
2019-01-22,0.06822,0.06559999999999999,0.06981,0.024009999999999997,0.02568,1282.5,71.5,2632.89990234375,17.989999771118164,7020.35986328125,10922.75,20.799999237060547
2019-01-23,0.06831000000000001,0.0658,0.07092,0.0241,0.02569,1283.0999755859375,71.2302017211914,2638.699951171875,18.09000015258789,7025.77001953125,10831.5,19.520000457763672
2019-01-24,0.06823,0.06570000000000001,0.07016,0.023690000000000003,0.02538,1279.0999755859375,71.15730285644531,2642.330078125,17.43000030517578,7073.4599609375,10849.7998046875,18.889999389648438
2019-01-25,0.06824,0.0658,0.07003999999999999,0.02383,0.02588,1297.4000244140625,70.98999786376953,2664.760009765625,17.690000534057617,7164.85986328125,10780.5498046875,17.420000076293945
2019-01-28,0.06824,0.06570000000000001,0.07006,0.02388,0.02577,1302.4000244140625,70.9749984741211,2643.85009765625,18.899999618530273,7085.68017578125,10661.5498046875,18.8700008392334
2019-01-29,0.06834,0.06559999999999999,0.07005,0.02423,0.025470000000000003,1308.199951171875,71.09010314941406,2640.0,18.43000030517578,7028.2900390625,10652.2001953125,19.1299991607666
2019-01-30,0.06834,0.06570000000000001,0.07009,0.024169999999999997,0.02483,1309.9000244140625,71.62000274658203,2681.050048828125,17.850000381469727,7183.080078125,10651.7998046875,17.65999984741211
2019-01-31,0.06736,0.0658,0.06976,0.023969999999999998,0.024390000000000002,1319.699951171875,71.12000274658203,2704.10009765625,17.1200008392334,7281.740234375,10830.9501953125,16.56999969482422
2019-02-01,0.06782,0.0655,0.07022,0.02396,0.02491,1316.9000244140625,71.19999694824219,2706.530029296875,15.720000267028809,7263.8701171875,10893.650390625,16.139999389648438
2019-02-04,0.06827,0.0658,0.07091,0.02391,0.02527,1314.300048828125,71.45169830322266,2724.8701171875,15.720000267028809,7347.5400390625,10912.25,15.729999542236328
2019-02-05,0.0681,0.06570000000000001,0.07113,0.024169999999999997,0.02508,1314.199951171875,71.68499755859375,2737.699951171875,15.779999732971191,7402.080078125,10934.349609375,15.569999694824219
2019-02-06,0.06783,0.0654,0.07021,0.024169999999999997,0.02503,1309.5,71.7699966430664,2731.610107421875,15.630000114440918,7375.27978515625,11062.4501953125,15.380000114440918
2019-02-07,0.06657,0.0647,0.06878000000000001,0.02412,0.02459,1309.4000244140625,71.54049682617188,2706.050048828125,15.4399995803833,7288.35009765625,11069.400390625,16.3700008392334
2019-02-08,0.06612,0.0638,0.06853,0.024220000000000002,0.024399999999999998,1313.699951171875,71.58000183105469,2707.8798828125,15.569999694824219,7298.2001953125,10943.599609375,15.720000267028809
2019-02-11,0.06639,0.0637,0.06847,0.024319999999999998,0.02467,1307.0,71.1500015258789,2709.800048828125,15.84000015258789,7307.89990234375,10888.7998046875,15.970000267028809
2019-02-12,0.0663,0.0641,0.06841,0.02435,0.02489,1309.199951171875,71.2300033569336,2744.72998046875,15.75,7414.6201171875,10831.400390625,15.430000305175781
2019-02-13,0.06548,0.0638,0.06788,0.024300000000000002,0.02524,1310.800048828125,70.80999755859375,2753.030029296875,15.75,7420.3798828125,10831.400390625,15.649999618530273
2019-02-14,0.06539,0.064,0.06739,0.024300000000000002,0.02476,1309.800048828125,70.86509704589844,2745.72998046875,15.770000457763672,7426.9501953125,10746.0498046875,16.219999313354492
2019-02-15,0.06548,0.0637,0.06785000000000001,0.02427,0.024940000000000004,1318.0999755859375,71.01000213623047,2775.60009765625,16.459999084472656,7472.41015625,10724.400390625,14.90999984741211
2019-02-18,0.06547,0.064,0.06825,0.02429,0.02497,1318.0999755859375,71.31999969482422,2775.60009765625,18.0,7472.41015625,10640.9501953125,14.90999984741211
2019-02-19,0.06547,0.064,0.06825,0.02429,0.02459,1340.0999755859375,71.69999694824219,2779.760009765625,18.469999313354492,7486.77001953125,10604.349609375,14.880000114440918
2019-02-20,0.06575,0.0641,0.06744,0.024460000000000003,0.024700000000000003,1343.300048828125,71.5999984741211,2784.699951171875,17.059999465942383,7489.06982421875,10735.4501953125,14.020000457763672
2019-02-21,0.06575,0.0643,0.06762,0.02448,0.02508,1323.5,71.30000305175781,2774.8798828125,16.049999237060547,7459.7099609375,10789.849609375,14.460000038146973
2019-02-22,0.06566,0.0643,0.06765,0.0245,0.02464,1329.199951171875,71.18499755859375,2792.669921875,15.449999809265137,7527.5400390625,10791.650390625,13.510000228881836
2019-02-25,0.06565,0.064,0.06807,0.0245,0.02475,1325.9000244140625,71.03099822998047,2796.110107421875,15.359999656677246,7554.4599609375,10880.099609375,14.850000381469727
2019-02-26,0.06565,0.064,0.06801,0.02458,0.02448,1325.0999755859375,71.08999633789062,2793.89990234375,17.110000610351562,7549.2998046875,10835.2998046875,15.170000076293945
2019-02-27,0.06594,0.0639,0.06787,0.02451,0.024700000000000003,1317.699951171875,70.94000244140625,2792.3798828125,18.899999618530273,7554.509765625,10806.650390625,14.699999809265137
2019-02-28,0.06565,0.0642,0.06777999999999999,0.024399999999999998,0.02497,1312.800048828125,71.19000244140625,2784.489990234375,18.280000686645508,7532.52978515625,10792.5,14.779999732971191
2019-03-01,0.06565,0.0642,0.0677,0.02435,0.025390000000000003,1296.4000244140625,70.81600189208984,2803.68994140625,16.270000457763672,7595.35009765625,10863.5,13.569999694824219
2019-03-04,0.06565,0.0642,0.0677,0.024319999999999998,0.02519,1284.800048828125,70.98999786376953,2792.81005859375,16.270000457763672,7577.56982421875,10863.5,14.630000114440918
2019-03-05,0.06565,0.064,0.06765,0.02465,0.02527,1282.0,70.9000015258789,2789.64990234375,15.65999984741211,7576.35986328125,10987.4501953125,14.739999771118164
2019-03-06,0.06575,0.0642,0.06755,0.02465,0.02497,1284.9000244140625,70.74250030517578,2771.449951171875,15.609999656677246,7505.919921875,11053.0,15.739999771118164
2019-03-07,0.06584,0.0642,0.06745,0.0246,0.024470000000000002,1283.800048828125,70.36499786376953,2748.929931640625,15.289999961853027,7421.4599609375,11058.2001953125,16.59000015258789
2019-03-08,0.06555,0.0641,0.06727,0.024540000000000003,0.024390000000000002,1297.0,70.48750305175781,2743.070068359375,14.9399995803833,7408.14013671875,11035.400390625,16.049999237060547
2019-03-11,0.06545,0.0641,0.06721,0.02444,0.024550000000000002,1288.800048828125,69.98690032958984,2783.300048828125,14.899999618530273,7558.06005859375,11168.0498046875,14.329999923706055
2019-03-12,0.06545,0.0641,0.06723,0.0246,0.02408,1296.300048828125,69.79010009765625,2791.52001953125,15.100000381469727,7591.02978515625,11301.2001953125,13.770000457763672
2019-03-13,0.06555,0.0641,0.06726,0.02452,0.02429,1307.5,69.84500122070312,2810.919921875,15.279999732971191,7643.41015625,11341.7001953125,13.40999984741211
2019-03-14,0.06516,0.0634,0.06671,0.02452,0.02421,1293.4000244140625,69.72630310058594,2808.47998046875,15.149999618530273,7630.91015625,11343.25,13.5
2019-03-15,0.06515,0.0632,0.06625,0.02452,0.023940000000000003,1301.800048828125,69.3373031616211,2822.47998046875,15.869999885559082,7688.52978515625,11426.849609375,12.880000114440918
2019-03-18,0.06515,0.0633,0.06623,0.024460000000000003,0.02408,1300.300048828125,68.9530029296875,2832.93994140625,16.899999618530273,7714.47998046875,11462.2001953125,13.100000381469727
2019-03-19,0.06525,0.06280000000000001,0.06633,0.024700000000000003,0.02427,1305.0,68.61799621582031,2832.570068359375,16.489999771118164,7723.9501953125,11532.400390625,13.5600004196167
2019-03-20,0.06515,0.06309999999999999,0.06637,0.02473,0.02334,1300.5,69.31749725341797,2824.22998046875,16.030000686645508,7728.97021484375,11521.0498046875,13.90999984741211
2019-03-21,0.06515,0.06309999999999999,0.06637,0.02473,0.023450000000000002,1306.0999755859375,68.82499694824219,2854.8798828125,16.030000686645508,7838.9599609375,11521.0498046875,13.630000114440918
2019-03-22,0.06525,0.06280000000000001,0.06619,0.024620000000000003,0.02244,1311.5999755859375,68.93000030517578,2800.7099609375,16.270000457763672,7642.669921875,11456.900390625,16.479999542236328
2019-03-25,0.06504,0.06269999999999999,0.06629,0.024540000000000003,0.02175,1321.9000244140625,69.1604995727539,2798.360107421875,16.670000076293945,7637.5400390625,11354.25,16.329999923706055
2019-03-26,0.06515,0.0629,0.06615,0.024700000000000003,0.02197,1314.300048828125,68.92340087890625,2818.4599609375,16.489999771118164,7691.52001953125,11483.25,14.680000305175781
2019-03-27,0.06525,0.0629,0.06609,0.02442,0.021480000000000003,1309.9000244140625,69.42749786376953,2805.3701171875,17.049999237060547,7643.3798828125,11445.0498046875,15.149999618530273
2019-03-28,0.06514,0.0622,0.06669,0.02437,0.0218,1289.800048828125,69.37000274658203,2815.43994140625,16.649999618530273,7669.169921875,11570.0,14.430000305175781
2019-03-29,0.06432,0.061200000000000004,0.06659,0.024,0.022099999999999998,1293.0,69.5,2834.39990234375,16.649999618530273,7729.31982421875,11570.0,13.710000038146973
2019-04-01,0.06432,0.061200000000000004,0.06659,0.02392,0.02298,1288.4000244140625,69.43000030517578,2867.18994140625,18.010000228881836,7828.91015625,11669.150390625,13.399999618530273
2019-04-02,0.0639,0.061799999999999994,0.06702,0.02434,0.022559999999999997,1290.0,69.19529724121094,2867.239990234375,18.079999923706055,7848.68994140625,11713.2001953125,13.359999656677246
2019-04-03,0.064,0.0622,0.06768,0.02437,0.023,1289.9000244140625,68.91020202636719,2873.39990234375,18.780000686645508,7895.5498046875,11643.9501953125,13.739999771118164
2019-04-04,0.06441,0.0622,0.06817999999999999,0.02434,0.022949999999999998,1289.0,68.8499984741211,2879.389892578125,18.649999618530273,7891.77978515625,11598.0,13.579999923706055
2019-04-05,0.0644,0.0621,0.06873,0.02434,0.022940000000000002,1290.4000244140625,68.97039794921875,2892.739990234375,18.389999389648438,7938.68994140625,11665.9501953125,12.819999694824219
2019-04-08,0.06493,0.062,0.06966,0.02429,0.02314,1297.0999755859375,69.16000366210938,2895.77001953125,20.149999618530273,7953.8798828125,11604.5,13.180000305175781
2019-04-09,0.06523,0.062,0.06965,0.02429,0.02297,1303.5,69.55249786376953,2878.199951171875,20.280000686645508,7909.27978515625,11671.9501953125,14.279999732971191
2019-04-10,0.06491,0.0622,0.06953999999999999,0.02427,0.022690000000000002,1309.0999755859375,69.26180267333984,2888.2099609375,21.1299991607666,7964.240234375,11584.2998046875,13.300000190734863
2019-04-11,0.06512,0.0632,0.0695,0.02429,0.02307,1288.5999755859375,69.14019775390625,2888.320068359375,20.959999084472656,7947.35986328125,11596.7001953125,13.020000457763672
2019-04-12,0.06509999999999999,0.06309999999999999,0.07006,0.024409999999999998,0.023610000000000003,1290.5999755859375,69.43000030517578,2907.409912109375,21.0,7984.16015625,11643.4501953125,12.010000228881836
2019-04-15,0.06548,0.06309999999999999,0.07021,0.02423,0.02359,1286.800048828125,69.16100311279297,2905.580078125,21.389999389648438,7976.009765625,11690.349609375,12.319999694824219
2019-04-16,0.06529,0.0634,0.0702,0.02442,0.023860000000000003,1272.5999755859375,69.80999755859375,2907.06005859375,21.690000534057617,8000.22998046875,11787.150390625,12.180000305175781
2019-04-17,0.06529,0.0634,0.0702,0.024390000000000002,0.023780000000000003,1272.199951171875,69.88500213623047,2900.449951171875,21.690000534057617,7996.080078125,11787.150390625,12.600000381469727
2019-04-18,0.06537,0.0634,0.06977,0.02429,0.023450000000000002,1271.9000244140625,69.4010009765625,2905.030029296875,22.739999771118164,7998.06005859375,11752.7998046875,12.09000015258789
2019-04-19,0.06537,0.0634,0.06977,0.02429,0.023450000000000002,1271.9000244140625,69.38099670410156,2905.030029296875,22.739999771118164,7998.06005859375,11752.7998046875,12.09000015258789
2019-04-22,0.06569,0.0635,0.07114,0.024409999999999998,0.023559999999999998,1273.5,69.36000061035156,2907.969970703125,24.049999237060547,8015.27001953125,11594.4501953125,12.420000076293945
2019-04-23,0.06591,0.0635,0.07083,0.0245,0.02335,1269.300048828125,70.0625,2933.679931640625,24.649999618530273,8120.81982421875,11575.9501953125,12.279999732971191
2019-04-24,0.06557,0.0636,0.07046000000000001,0.02434,0.022850000000000002,1275.5,69.75800323486328,2927.25,23.709999084472656,8102.009765625,11726.150390625,13.140000343322754
2019-04-25,0.0659,0.0639,0.07055,0.02429,0.02305,1275.800048828125,70.0958023071289,2926.169921875,23.229999542236328,8118.68017578125,11641.7998046875,13.25
2019-04-26,0.06555,0.0639,0.07049,0.02423,0.02253,1284.9000244140625,70.16000366210938,2939.8798828125,21.719999313354492,8146.39990234375,11754.650390625,12.729999542236328
2019-04-29,0.06555,0.0639,0.07049,0.02423,0.022690000000000002,1278.5999755859375,69.84200286865234,2943.030029296875,21.719999313354492,8161.85009765625,11754.650390625,13.109999656677246
2019-04-30,0.06565,0.064,0.07034,0.024319999999999998,0.02242,1282.800048828125,69.81179809570312,2945.830078125,21.829999923706055,8095.39013671875,11748.150390625,13.119999885559082
2019-05-01,0.06565,0.064,0.07034,0.02427,0.02283,1281.4000244140625,69.55599975585938,2923.72998046875,21.829999923706055,8049.64013671875,11748.150390625,14.800000190734863
2019-05-02,0.06564,0.0649,0.07043,0.02437,0.02319,1269.699951171875,69.63289642333984,2917.52001953125,22.979999542236328,8036.77001953125,11724.75,14.420000076293945
2019-05-03,0.0662,0.0647,0.07054,0.024310000000000002,0.02305,1279.199951171875,69.42440032958984,2945.639892578125,24.030000686645508,8164.0,11712.25,12.869999885559082
2019-05-06,0.06563,0.0646,0.07043,0.02426,0.02275,1281.699951171875,69.16799926757812,2932.469970703125,26.43000030517578,8123.2900390625,11598.25,15.4399995803833
2019-05-07,0.06562,0.0645,0.07042,0.024319999999999998,0.02241,1283.5,69.40029907226562,2884.050048828125,26.479999542236328,7963.759765625,11497.900390625,19.31999969482422
2019-05-08,0.06562,0.0646,0.07014999999999999,0.02434,0.022629999999999997,1279.4000244140625,69.91000366210938,2879.419921875,26.3700008392334,7943.31982421875,11359.4501953125,19.399999618530273
2019-05-09,0.06561,0.0645,0.07024,0.02434,0.02222,1283.5,70.01000213623047,2870.719970703125,25.489999771118164,7910.58984375,11301.7998046875,19.100000381469727
2019-05-10,0.06559999999999999,0.0645,0.07024,0.02429,0.02236,1285.699951171875,70.41000366210938,2881.39990234375,26.34000015258789,7916.93994140625,11278.900390625,16.040000915527344
2019-05-13,0.06513,0.0645,0.07003999999999999,0.02413,0.02152,1300.0999755859375,69.92250061035156,2811.8701171875,27.3799991607666,7647.02001953125,11148.2001953125,20.549999237060547
2019-05-14,0.06524,0.0638,0.06936,0.02416,0.0216,1294.699951171875,70.61699676513672,2834.409912109375,27.1299991607666,7734.490234375,11222.0498046875,18.059999465942383
2019-05-15,0.06477000000000001,0.0639,0.06949,0.024089999999999997,0.0212,1296.300048828125,70.30699920654297,2850.9599609375,28.65999984741211,7822.14990234375,11157.0,16.440000534057617
2019-05-16,0.06464,0.0638,0.06934,0.024009999999999997,0.02141,1285.0,70.20919799804688,2876.320068359375,28.3700008392334,7898.0498046875,11257.099609375,15.289999961853027
2019-05-17,0.06462,0.0635,0.06928,0.023929999999999996,0.02147,1274.5,70.23500061035156,2859.530029296875,28.079999923706055,7816.27978515625,11407.150390625,15.960000038146973
2019-05-20,0.06426,0.06269999999999999,0.06841,0.02382,0.02177,1276.0999755859375,70.28150177001953,2840.22998046875,23.68000030517578,7702.3798828125,11828.25,16.309999465942383
2019-05-21,0.06413,0.063,0.0683,0.023929999999999996,0.02204,1272.0,70.12750244140625,2864.360107421875,25.649999618530273,7785.72021484375,11709.099609375,14.949999809265137
2019-05-22,0.06401,0.0635,0.06816,0.023780000000000003,0.021629999999999996,1273.5999755859375,70.12750244140625,2856.27001953125,27.6299991607666,7750.83984375,11737.900390625,14.75
2019-05-23,0.06376,0.06280000000000001,0.06777999999999999,0.02365,0.02092,1284.800048828125,69.97250366210938,2822.239990234375,19.40999984741211,7628.27978515625,11657.0498046875,16.920000076293945
2019-05-24,0.06361,0.0625,0.06765,0.023540000000000002,0.02109,1283.0,69.94499969482422,2826.06005859375,16.469999313354492,7637.009765625,11844.099609375,15.850000381469727
2019-05-27,0.06336,0.062,0.06724000000000001,0.02352,0.02109,1283.0,69.36000061035156,2826.06005859375,16.190000534057617,7637.009765625,11924.75,15.850000381469727
2019-05-28,0.06359,0.0622,0.06733,0.023559999999999998,0.02059,1276.5,69.72000122070312,2802.389892578125,15.920000076293945,7607.35009765625,11928.75,17.5
2019-05-29,0.06333,0.0621,0.06727999999999999,0.0236,0.02059,1280.5999755859375,69.875,2783.02001953125,16.40999984741211,7547.31005859375,11861.099609375,17.899999618530273
2019-05-30,0.06321,0.0622,0.06735000000000001,0.023719999999999998,0.020099999999999996,1287.0999755859375,69.81500244140625,2788.860107421875,15.609999656677246,7567.72021484375,11945.900390625,17.299999237060547
2019-05-31,0.06257,0.061200000000000004,0.06672,0.023540000000000002,0.01879,1305.800048828125,69.9800033569336,2752.06005859375,16.06999969482422,7453.14990234375,11922.7998046875,18.709999084472656
2019-06-03,0.06194,0.0605,0.06651,0.02341,0.01797,1322.699951171875,69.5696029663086,2744.449951171875,15.970000267028809,7333.02001953125,12088.5498046875,18.860000610351562
2019-06-04,0.062279999999999995,0.060700000000000004,0.06672,0.02357,0.0184,1323.4000244140625,69.16190338134766,2803.27001953125,15.630000114440918,7527.1201171875,12021.650390625,16.969999313354492
2019-06-05,0.062279999999999995,0.060700000000000004,0.06672,0.02342,0.01818,1328.300048828125,69.55999755859375,2826.14990234375,15.630000114440918,7575.47998046875,12021.650390625,16.09000015258789
2019-06-06,0.06152,0.0588,0.06591,0.02313,0.018420000000000002,1337.5999755859375,69.625,2843.489990234375,15.529999732971191,7615.5498046875,11843.75,15.930000305175781
2019-06-07,0.061470000000000004,0.0592,0.0658,0.02274,0.018189999999999998,1341.199951171875,69.36000061035156,2873.340087890625,14.859999656677246,7742.10009765625,11870.650390625,16.299999237060547
2019-06-10,0.06158,0.0594,0.06619,0.022789999999999998,0.018799999999999997,1324.699951171875,69.34500122070312,2886.72998046875,14.979999542236328,7823.169921875,11922.7001953125,15.9399995803833
2019-06-11,0.06144,0.059699999999999996,0.06625,0.022719999999999997,0.01882,1326.4000244140625,69.52349853515625,2885.719970703125,14.489999771118164,7822.56982421875,11965.599609375,15.989999771118164
2019-06-12,0.06142,0.059699999999999996,0.06614,0.02221,0.01823,1331.9000244140625,69.3864974975586,2879.840087890625,14.119999885559082,7792.72021484375,11906.2001953125,15.90999984741211
2019-06-13,0.061529999999999994,0.059500000000000004,0.06582,0.02198,0.017769999999999998,1339.199951171875,69.69999694824219,2891.639892578125,13.65999984741211,7837.1298828125,11914.0498046875,15.819999694824219
2019-06-14,0.06122,0.059800000000000006,0.06535,0.02182,0.0179,1340.0999755859375,69.80000305175781,2886.97998046875,13.899999618530273,7796.66015625,11823.2998046875,15.279999732971191
2019-06-17,0.06107,0.059800000000000006,0.06548,0.021949999999999997,0.01812,1338.699951171875,69.77050018310547,2889.669921875,14.649999618530273,7845.02001953125,11672.150390625,15.350000381469727
2019-06-18,0.06067,0.059800000000000006,0.06546,0.02226,0.01796,1346.5999755859375,70.11250305175781,2917.75,14.600000381469727,7953.8798828125,11691.5,15.149999618530273
2019-06-19,0.06103,0.059800000000000006,0.06485,0.02182,0.01696,1344.5999755859375,69.76499938964844,2926.4599609375,14.729999542236328,7987.31982421875,11691.4501953125,14.329999923706055
2019-06-20,0.060759999999999995,0.059500000000000004,0.06413,0.02136,0.01728,1392.9000244140625,69.87000274658203,2954.179931640625,14.0,8051.33984375,11831.75,14.75
2019-06-21,0.06122,0.059699999999999996,0.06493,0.021099999999999997,0.017310000000000002,1396.199951171875,69.77999877929688,2950.4599609375,14.609999656677246,8031.7099609375,11724.099609375,15.399999618530273
2019-06-24,0.061200000000000004,0.059500000000000004,0.06526,0.02112,0.01688,1414.300048828125,69.56990051269531,2945.35009765625,15.220000267028809,8005.7001953125,11699.650390625,15.260000228881836
2019-06-25,0.061180000000000005,0.0596,0.06508,0.02139,0.01679,1414.9000244140625,69.60250091552734,2917.3798828125,15.010000228881836,7884.72021484375,11796.4501953125,16.280000686645508
2019-06-26,0.06129,0.059800000000000006,0.06581000000000001,0.02149,0.01747,1411.5999755859375,69.63749694824219,2913.780029296875,14.75,7909.97021484375,11847.5498046875,16.209999084472656
2019-06-27,0.06114,0.0599,0.06576,0.02144,0.01712,1408.4000244140625,69.60250091552734,2924.919921875,14.649999618530273,7967.759765625,11841.5498046875,15.819999694824219
2019-06-28,0.06189,0.0601,0.06569,0.021,0.01712,1409.699951171875,69.32499694824219,2941.760009765625,14.949999809265137,8006.240234375,11788.849609375,15.079999923706055
2019-07-01,0.0616,0.059800000000000006,0.0659,0.02125,0.01744,1385.5999755859375,68.94049835205078,2964.330078125,14.600000381469727,8091.16015625,11865.599609375,14.0600004196167
2019-07-02,0.06132,0.0596,0.06567,0.02205,0.01709,1404.5999755859375,69.1675033569336,2973.010009765625,14.25,8109.08984375,11910.2998046875,12.930000305175781
2019-07-03,0.06089000000000001,0.0596,0.06544,0.022080000000000002,0.01709,1417.699951171875,69.0824966430664,2995.820068359375,13.699999809265137,8170.22998046875,11916.75,12.569999694824219
2019-07-04,0.06101,0.059800000000000006,0.06494,0.022080000000000002,0.01704,1417.699951171875,69.00749969482422,2995.820068359375,13.529999732971191,8170.22998046875,11946.75,12.569999694824219
2019-07-05,0.060540000000000004,0.058899999999999994,0.06428,0.02218,0.01821,1396.699951171875,68.73999786376953,2990.409912109375,13.069999694824219,8161.7900390625,11811.150390625,13.279999732971191
2019-07-08,0.06079,0.0588,0.06363,0.02241,0.01838,1397.0,68.44000244140625,2975.949951171875,13.850000381469727,8098.3798828125,11558.599609375,13.960000038146973
2019-07-09,0.06091,0.059000000000000004,0.06382,0.02254,0.018680000000000002,1397.5,68.8499984741211,2979.6298828125,13.6899995803833,8141.72998046875,11555.900390625,14.09000015258789
2019-07-10,0.06089000000000001,0.0588,0.06369,0.0219,0.01798,1410.0999755859375,68.76499938964844,2993.070068359375,13.640000343322754,8202.5302734375,11498.900390625,13.029999732971191
2019-07-11,0.060730000000000006,0.058499999999999996,0.06355000000000001,0.02157,0.01858,1404.300048828125,68.36759948730469,2999.909912109375,12.470000267028809,8196.0400390625,11582.900390625,12.930000305175781
2019-07-12,0.06067,0.058499999999999996,0.06351,0.021509999999999998,0.01825,1409.9000244140625,68.66999816894531,3013.77001953125,12.0,8244.1396484375,11552.5,12.390000343322754
2019-07-15,0.06022,0.0582,0.06308,0.021429999999999998,0.01809,1411.4000244140625,68.55030059814453,3014.300048828125,12.020000457763672,8258.1904296875,11588.349609375,12.680000305175781
2019-07-16,0.05963,0.0584,0.06280999999999999,0.021589999999999998,0.01836,1409.199951171875,68.74749755859375,3004.0400390625,11.5600004196167,8222.7998046875,11662.599609375,12.859999656677246
2019-07-17,0.05946,0.057999999999999996,0.06297,0.02128,0.01782,1421.300048828125,68.8949966430664,2984.419921875,11.800000190734863,8185.2099609375,11687.5,13.970000267028809
2019-07-18,0.0593,0.057,0.06287,0.02069,0.017310000000000002,1426.0999755859375,68.78600311279297,2995.110107421875,11.75,8207.240234375,11596.900390625,13.529999732971191
2019-07-19,0.05907,0.057300000000000004,0.06236,0.020659999999999998,0.01791,1425.0999755859375,68.8499984741211,2976.610107421875,12.520000457763672,8146.490234375,11419.25,14.449999809265137
2019-07-22,0.058899999999999994,0.057699999999999994,0.06272,0.020819999999999998,0.0178,1425.300048828125,68.83000183105469,2985.030029296875,13.010000228881836,8204.1396484375,11346.2001953125,13.529999732971191
2019-07-23,0.05931,0.0576,0.06298,0.02092,0.018009999999999998,1420.0999755859375,69.16000366210938,3005.469970703125,13.430000305175781,8251.400390625,11331.0498046875,12.609999656677246
2019-07-24,0.05928,0.057699999999999994,0.06264,0.020950000000000003,0.01791,1422.800048828125,69.0199966430664,3019.56005859375,12.760000228881836,8321.5,11271.2998046875,12.069999694824219
2019-07-25,0.05969,0.0574,0.06316,0.021099999999999997,0.01837,1413.9000244140625,69.18499755859375,3003.669921875,12.640000343322754,8238.5400390625,11252.150390625,12.739999771118164
2019-07-26,0.05917,0.0574,0.06315,0.021179999999999997,0.01823,1418.5,69.15049743652344,3025.860107421875,12.130000114440918,8330.2099609375,11284.2998046875,12.15999984741211
2019-07-29,0.05899,0.0575,0.06246,0.02105,0.01818,1419.5999755859375,68.87000274658203,3020.969970703125,13.0600004196167,8293.330078125,11189.2001953125,12.829999923706055
2019-07-30,0.05929,0.0574,0.06229,0.020950000000000003,0.01813,1429.699951171875,68.94999694824219,3013.179931640625,13.609999656677246,8273.6103515625,11085.400390625,13.9399995803833
2019-07-31,0.05897,0.057300000000000004,0.06209,0.02085,0.01824,1426.0999755859375,69.07749938964844,2980.3798828125,13.59000015258789,8175.419921875,11118.0,16.1200008392334
2019-08-01,0.0601,0.056600000000000004,0.062119999999999995,0.02085,0.01695,1420.9000244140625,69.40499877929688,2953.56005859375,14.5600004196167,8111.1201171875,10980.0,17.8700008392334
2019-08-02,0.059539999999999996,0.0565,0.06121000000000001,0.020640000000000002,0.01671,1445.5999755859375,69.29720306396484,2932.050048828125,15.1899995803833,8004.06982421875,10997.349609375,17.610000610351562
2019-08-05,0.05959,0.0558,0.0616,0.02015,0.01537,1464.5999755859375,69.65689849853516,2844.739990234375,16.59000015258789,7726.0400390625,10862.599609375,24.59000015258789
2019-08-06,0.05934999999999999,0.056299999999999996,0.061040000000000004,0.020489999999999998,0.0154,1472.4000244140625,71.5199966430664,2881.77001953125,16.1200008392334,7833.27001953125,10948.25,20.170000076293945
2019-08-07,0.05875,0.0555,0.06027999999999999,0.02021,0.0154,1507.300048828125,71.2300033569336,2883.97998046875,16.739999771118164,7862.830078125,10855.5,19.489999771118164
2019-08-08,0.05852,0.054299999999999994,0.05981,0.02023,0.01548,1497.699951171875,71.16510009765625,2938.090087890625,16.09000015258789,8039.16015625,11032.4501953125,16.90999984741211
2019-08-09,0.058499999999999996,0.0542,0.06087,0.020019999999999996,0.01591,1496.5999755859375,70.47090148925781,2918.64990234375,15.850000381469727,7959.14013671875,11109.650390625,17.969999313354492
2019-08-12,0.058499999999999996,0.0542,0.06087,0.01984,0.01505,1505.300048828125,71.03500366210938,2882.699951171875,15.850000381469727,7863.41015625,11109.650390625,21.09000015258789
2019-08-13,0.058710000000000005,0.054299999999999994,0.0611,0.02008,0.016120000000000002,1502.199951171875,71.58000183105469,2926.320068359375,17.780000686645508,8016.35986328125,10925.849609375,17.520000457763672
2019-08-14,0.05815000000000001,0.0548,0.06198000000000001,0.01959,0.015269999999999999,1515.9000244140625,71.08000183105469,2840.60009765625,16.360000610351562,7773.93994140625,11029.400390625,22.100000381469727
2019-08-15,0.05815000000000001,0.0548,0.06198000000000001,0.01902,0.01423,1519.5999755859375,71.63520050048828,2847.60009765625,16.360000610351562,7766.6201171875,11029.400390625,21.18000030517578
2019-08-16,0.05815000000000001,0.0548,0.06126,0.01871,0.014379999999999999,1512.5,71.72000122070312,2888.679931640625,16.649999618530273,7895.990234375,11047.7998046875,18.469999313354492
2019-08-19,0.058339999999999996,0.0547,0.06132,0.01907,0.01497,1500.4000244140625,71.13200378417969,2923.64990234375,16.75,8002.81005859375,11053.900390625,16.8799991607666
2019-08-20,0.05825,0.0545,0.06105000000000001,0.01951,0.01444,1504.5999755859375,71.99500274658203,2900.510009765625,16.6299991607666,7948.56005859375,11017.0,17.5
2019-08-21,0.05815000000000001,0.0545,0.061079999999999995,0.01974,0.015,1504.5999755859375,71.80999755859375,2924.429931640625,17.020000457763672,8020.2099609375,10918.7001953125,15.800000190734863
2019-08-22,0.057830000000000006,0.0542,0.06094,0.01992,0.01532,1497.300048828125,71.43779754638672,2922.949951171875,17.850000381469727,7991.39013671875,10741.349609375,16.68000030517578
2019-08-23,0.05782,0.0541,0.06112,0.01964,0.01451,1526.5999755859375,71.92040252685547,2847.110107421875,17.350000381469727,7751.77001953125,10829.349609375,19.8700008392334
2019-08-26,0.05728,0.0546,0.060439999999999994,0.019870000000000002,0.01459,1526.300048828125,71.50250244140625,2878.3798828125,16.65999984741211,7853.740234375,11057.849609375,19.31999969482422
2019-08-27,0.05747,0.054299999999999994,0.060410000000000005,0.019950000000000002,0.01435,1541.0,72.16000366210938,2869.159912109375,16.010000228881836,7826.9501953125,11105.349609375,20.309999465942383
2019-08-28,0.057229999999999996,0.054299999999999994,0.06053,0.01992,0.014159999999999999,1537.800048828125,71.53500366210938,2887.93994140625,16.84000015258789,7856.8798828125,11046.099609375,19.350000381469727
2019-08-29,0.05742,0.0541,0.06049,0.01992,0.014459999999999999,1526.5,72.08499908447266,2924.580078125,16.43000030517578,7973.39013671875,10948.2998046875,17.8799991607666
2019-08-30,0.05769,0.0542,0.060629999999999996,0.019870000000000002,0.01432,1519.0999755859375,71.6801986694336,2926.4599609375,16.280000686645508,7962.8798828125,11023.25,18.979999542236328
2019-09-02,0.05769,0.0542,0.060629999999999996,0.01989,0.01427,1519.0999755859375,71.72989654541016,2926.4599609375,16.280000686645508,7962.8798828125,11023.25,18.979999542236328
2019-09-03,0.05683,0.0542,0.0605,0.01964,0.013720000000000001,1545.9000244140625,71.96209716796875,2906.27001953125,18.059999465942383,7874.16015625,10797.900390625,19.65999984741211
2019-09-04,0.05726,0.0541,0.06035,0.01967,0.01359,1550.300048828125,72.45999908447266,2937.780029296875,17.239999771118164,7976.8798828125,10844.650390625,17.329999923706055
2019-09-05,0.057229999999999996,0.0538,0.06024,0.01972,0.01467,1515.4000244140625,71.95570373535156,2976.0,17.270000457763672,8116.830078125,10847.900390625,16.270000457763672
2019-09-06,0.05692,0.053200000000000004,0.060149999999999995,0.01964,0.014750000000000001,1506.199951171875,72.22000122070312,2978.7099609375,16.270000457763672,8103.06982421875,10946.2001953125,15.0
2019-09-09,0.05702,0.0535,0.05973,0.01964,0.01536,1502.199951171875,71.66999816894531,2978.429931640625,15.850000381469727,8087.43994140625,11003.0498046875,15.270000457763672
2019-09-10,0.05702,0.0535,0.05973,0.01962,0.01637,1490.300048828125,72.09249877929688,2979.389892578125,15.850000381469727,8084.16015625,11003.0498046875,15.199999809265137
2019-09-11,0.05699,0.0538,0.06036,0.01962,0.01618,1494.4000244140625,71.85900115966797,3000.929931640625,15.369999885559082,8169.68017578125,11035.7001953125,14.609999656677246
2019-09-12,0.05704,0.053,0.06036,0.01956,0.01664,1498.699951171875,71.56009674072266,3009.570068359375,14.899999618530273,8194.4697265625,10982.7998046875,14.220000267028809
2019-09-13,0.05711,0.0533,0.06037,0.019610000000000002,0.01766,1490.9000244140625,71.28500366210938,3007.389892578125,14.119999885559082,8176.7099609375,11075.900390625,13.739999771118164
2019-09-16,0.05747,0.0533,0.06107,0.01999,0.017150000000000002,1503.0999755859375,71.02069854736328,2997.9599609375,14.949999809265137,8153.5400390625,11003.5,14.670000076293945
2019-09-17,0.05759,0.0533,0.06093,0.02,0.01686,1505.0999755859375,71.74909973144531,3005.699951171875,16.020000457763672,8186.02001953125,10817.599609375,14.4399995803833
2019-09-18,0.05726,0.053099999999999994,0.06042,0.01941,0.017070000000000002,1507.5,71.70999908447266,3006.72998046875,15.350000381469727,8177.39013671875,10840.650390625,13.949999809265137
2019-09-19,0.057229999999999996,0.053099999999999994,0.06048,0.019379999999999998,0.01691,1498.4000244140625,71.5425033569336,3006.7900390625,15.550000190734863,8182.8798828125,10704.7998046875,14.050000190734863
2019-09-20,0.05785,0.053200000000000004,0.061239999999999996,0.0191,0.01621,1507.300048828125,71.71749877929688,2992.070068359375,15.399999618530273,8117.669921875,11274.2001953125,15.319999694824219
2019-09-23,0.05774,0.053399999999999996,0.06127,0.01905,0.01616,1523.699951171875,71.19159698486328,2991.780029296875,16.790000915527344,8112.4599609375,11600.2001953125,14.90999984741211
2019-09-24,0.057800000000000004,0.0541,0.061399999999999996,0.01931,0.01548,1532.0999755859375,70.78959655761719,2966.60009765625,16.729999542236328,7993.6298828125,11588.2001953125,17.049999237060547
2019-09-25,0.05777,0.0542,0.06149,0.01895,0.01616,1504.5999755859375,71.28500366210938,2984.8701171875,16.170000076293945,8077.3798828125,11440.2001953125,15.960000038146973
2019-09-26,0.05774,0.0541,0.06132,0.01828,0.015969999999999998,1507.5,71.30999755859375,2977.6201171875,16.34000015258789,8030.66015625,11571.2001953125,16.06999969482422
2019-09-27,0.05822,0.0541,0.061470000000000004,0.01797,0.01576,1499.0999755859375,71.21499633789062,2961.7900390625,16.110000610351562,7939.6298828125,11512.400390625,17.219999313354492
2019-09-30,0.05763,0.053399999999999996,0.06126,0.01825,0.01562,1465.699951171875,70.49870300292969,2976.739990234375,15.869999885559082,7999.33984375,11474.4501953125,16.239999771118164
2019-10-01,0.05678,0.053,0.06052,0.018260000000000002,0.014950000000000001,1482.0,70.92250061035156,2940.25,16.760000228881836,7908.68017578125,11359.900390625,18.559999465942383
2019-10-02,0.05678,0.053,0.06052,0.01808,0.01435,1501.0,71.0999984741211,2887.610107421875,16.760000228881836,7785.25,11359.900390625,20.559999465942383
2019-10-03,0.056280000000000004,0.0525,0.060309999999999996,0.01718,0.01351,1507.0999755859375,71.1416015625,2910.6298828125,17.700000762939453,7872.259765625,11314.0,19.1200008392334
2019-10-04,0.05618,0.0524,0.06022,0.0171,0.01361,1506.199951171875,71.0199966430664,2952.010009765625,17.579999923706055,7982.47021484375,11174.75,17.040000915527344
2019-10-07,0.05636,0.0518,0.05994,0.017230000000000002,0.01421,1497.699951171875,70.81500244140625,2938.7900390625,17.829999923706055,7956.2900390625,11126.400390625,17.860000610351562
2019-10-08,0.05636,0.0518,0.05994,0.017,0.013720000000000001,1497.199951171875,71.36000061035156,2893.06005859375,17.829999923706055,7823.77978515625,11126.400390625,20.280000686645508
2019-10-09,0.05625,0.052300000000000006,0.05962,0.01705,0.01431,1506.0999755859375,71.20999908447266,2919.39990234375,17.15999984741211,7903.740234375,11313.2998046875,18.639999389648438
2019-10-10,0.05639,0.0519,0.05968,0.01687,0.01506,1494.800048828125,71.41000366210938,2938.1298828125,17.229999542236328,7950.77978515625,11234.5498046875,17.56999969482422
2019-10-11,0.05654,0.052000000000000005,0.05976,0.016819999999999998,0.01568,1482.699951171875,70.9800033569336,2970.27001953125,17.139999389648438,8057.0400390625,11305.0498046875,15.579999923706055
2019-10-14,0.05618,0.0516,0.05965,0.01687,0.01565,1491.699951171875,70.91400146484375,2966.14990234375,17.43000030517578,8048.64990234375,11341.150390625,14.569999694824219
2019-10-15,0.05591,0.0513,0.05947,0.01671,0.01603,1477.5999755859375,71.45249938964844,2995.679931640625,16.850000381469727,8148.7099609375,11428.2998046875,13.539999961853027
2019-10-16,0.055709999999999996,0.0508,0.059359999999999996,0.01669,0.01568,1488.0,71.76000213623047,2989.68994140625,16.360000610351562,8124.18017578125,11464.0,13.680000305175781
2019-10-17,0.05567999999999999,0.0508,0.05956,0.01669,0.01574,1492.300048828125,71.62000274658203,2997.949951171875,15.880000114440918,8156.85009765625,11586.349609375,13.789999961853027
2019-10-18,0.055549999999999995,0.0508,0.059320000000000005,0.01671,0.01555,1488.199951171875,71.42250061035156,2986.199951171875,15.930000305175781,8089.5400390625,11661.849609375,14.25
2019-10-21,0.055549999999999995,0.0508,0.059320000000000005,0.01669,0.016040000000000002,1482.4000244140625,71.02999877929688,3006.719970703125,15.930000305175781,8162.990234375,11661.849609375,14.0
2019-10-22,0.05551999999999999,0.0509,0.05924,0.01659,0.01583,1481.699951171875,71.1050033569336,2995.989990234375,16.809999465942383,8104.2998046875,11588.349609375,14.460000038146973
2019-10-23,0.05516,0.0508,0.05913,0.01659,0.015880000000000002,1489.9000244140625,71.07499694824219,3004.52001953125,16.540000915527344,8119.7900390625,11604.099609375,14.010000228881836
2019-10-24,0.055540000000000006,0.0508,0.05926,0.016739999999999998,0.01583,1498.9000244140625,70.71499633789062,3010.2900390625,16.239999771118164,8185.7998046875,11582.599609375,13.710000038146973
2019-10-25,0.05557,0.051,0.05923,0.016739999999999998,0.016220000000000002,1499.5,71.19000244140625,3022.550048828125,15.319999694824219,8243.1201171875,11583.900390625,12.649999618530273
2019-10-28,0.05557,0.051,0.05923,0.016479999999999998,0.01652,1490.0,70.83000183105469,3039.419921875,15.319999694824219,8325.990234375,11583.900390625,13.109999656677246
2019-10-29,0.055119999999999995,0.0509,0.0593,0.01644,0.01649,1487.0,70.73500061035156,3036.889892578125,16.420000076293945,8276.849609375,11786.849609375,13.199999809265137
2019-10-30,0.055,0.0507,0.05942,0.01644,0.01598,1493.199951171875,70.88459777832031,3046.77001953125,16.65999984741211,8303.98046875,11844.099609375,12.329999923706055
2019-10-31,0.05479,0.050499999999999996,0.05934999999999999,0.01546,0.01516,1511.4000244140625,70.98999786376953,3037.56005859375,16.280000686645508,8292.3603515625,11877.4501953125,13.220000267028809
2019-11-01,0.054779999999999995,0.0504,0.060540000000000004,0.01533,0.01546,1508.0,70.97000122070312,3066.909912109375,15.729999542236328,8386.400390625,11890.599609375,12.300000190734863
2019-11-04,0.05525,0.0504,0.06056,0.01548,0.01593,1508.0,70.51210021972656,3078.27001953125,15.930000305175781,8433.2001953125,11941.2998046875,12.829999923706055
2019-11-05,0.05513,0.0504,0.06081,0.01559,0.01635,1480.800048828125,71.0,3074.6201171875,15.920000076293945,8434.6796875,11917.2001953125,13.100000381469727
2019-11-06,0.05493000000000001,0.0504,0.060730000000000006,0.015560000000000001,0.01614,1490.199951171875,70.8949966430664,3076.780029296875,15.779999732971191,8410.6298828125,11966.0498046875,12.619999885559082
2019-11-07,0.05489,0.050499999999999996,0.06066,0.01559,0.017,1464.199951171875,71.0,3085.179931640625,15.210000038146973,8434.51953125,12012.0498046875,12.729999542236328
2019-11-08,0.054880000000000005,0.0508,0.06069,0.01554,0.01711,1461.300048828125,71.37650299072266,3093.080078125,15.859999656677246,8475.3095703125,11908.150390625,12.069999694824219
2019-11-11,0.05532,0.0508,0.06077,0.015560000000000001,0.017,1455.5,71.37650299072266,3087.010009765625,16.25,8464.2802734375,11913.4501953125,12.6899995803833
2019-11-12,0.05532,0.0508,0.06077,0.01574,0.016890000000000002,1452.0999755859375,71.5739974975586,3091.840087890625,16.25,8486.08984375,11913.4501953125,12.680000305175781
2019-11-13,0.055119999999999995,0.0508,0.0605,0.01572,0.01663,1461.699951171875,71.77999877929688,3094.0400390625,16.459999084472656,8482.099609375,11840.4501953125,13.0
2019-11-14,0.055170000000000004,0.0507,0.06055,0.01574,0.01593,1471.800048828125,72.1415023803711,3096.6298828125,15.649999618530273,8479.01953125,11872.099609375,13.050000190734863
2019-11-15,0.05454,0.0506,0.06065,0.01569,0.01617,1467.300048828125,71.95580291748047,3120.4599609375,15.029999732971191,8540.830078125,11895.4501953125,12.050000190734863
2019-11-18,0.05135,0.0507,0.060540000000000004,0.01574,0.016040000000000002,1470.9000244140625,71.70580291748047,3122.030029296875,15.760000228881836,8549.9404296875,11884.5,12.460000038146973
2019-11-19,0.05438,0.0506,0.06034,0.01567,0.01598,1473.300048828125,71.93509674072266,3120.179931640625,15.40999984741211,8570.66015625,11940.099609375,12.859999656677246
2019-11-20,0.05434,0.0506,0.0601,0.01572,0.01571,1473.300048828125,71.85099792480469,3108.4599609375,15.15999984741211,8526.73046875,11999.099609375,12.779999732971191
2019-11-21,0.05439,0.0504,0.06027999999999999,0.01577,0.01595,1463.0999755859375,71.76820373535156,3103.5400390625,14.979999542236328,8506.2099609375,11968.400390625,13.130000114440918
2019-11-22,0.0542,0.0504,0.06006,0.01589,0.01611,1463.0999755859375,71.7405014038086,3110.2900390625,14.869999885559082,8519.8798828125,11914.400390625,12.34000015258789
2019-11-25,0.05407,0.0504,0.06001,0.01589,0.01595,1456.5999755859375,71.78260040283203,3133.639892578125,15.0,8632.490234375,12073.75,11.869999885559082
2019-11-26,0.05394,0.050300000000000004,0.06016,0.01605,0.01579,1459.800048828125,71.67949676513672,3140.52001953125,14.84000015258789,8647.9296875,12037.7001953125,11.539999961853027
2019-11-27,0.05355000000000001,0.050199999999999995,0.06011999999999999,0.01608,0.01617,1453.4000244140625,71.42839813232422,3153.6298828125,14.619999885559082,8705.1796875,12100.7001953125,11.75
2019-11-28,0.0536,0.050199999999999995,0.06008,0.01608,0.016220000000000002,1453.4000244140625,71.22810363769531,3153.6298828125,13.989999771118164,8705.1796875,12151.150390625,11.75
2019-11-29,0.05321,0.049100000000000005,0.060039999999999996,0.01587,0.01609,1465.5999755859375,71.54740142822266,3140.97998046875,13.899999618530273,8665.4697265625,12056.0498046875,12.619999885559082
2019-12-02,0.053259999999999995,0.0492,0.0601,0.01579,0.01617,1462.300048828125,71.7229995727539,3113.8701171875,14.199999809265137,8567.990234375,12048.2001953125,14.90999984741211
2019-12-03,0.05349,0.0492,0.06027999999999999,0.01579,0.01541,1478.199951171875,71.625,3093.199951171875,14.5600004196167,8520.6396484375,11994.2001953125,15.960000038146973
2019-12-04,0.053540000000000004,0.0492,0.06014,0.01559,0.01584,1474.0,71.95999908447266,3112.760009765625,13.319999694824219,8566.669921875,12043.2001953125,14.800000190734863
2019-12-05,0.05579,0.0506,0.061950000000000005,0.01546,0.01609,1476.9000244140625,71.4801025390625,3117.429931640625,14.3100004196167,8570.7001953125,12018.400390625,14.520000457763672
2019-12-06,0.05567999999999999,0.050199999999999995,0.06251000000000001,0.015229999999999999,0.01644,1459.0999755859375,71.38500213623047,3145.909912109375,13.640000343322754,8656.5302734375,11921.5,13.619999885559082
2019-12-09,0.05556,0.050499999999999996,0.06269999999999999,0.015560000000000001,0.0163,1459.300048828125,71.28679656982422,3135.9599609375,14.600000381469727,8621.830078125,11937.5,15.859999656677246
2019-12-10,0.05561,0.0504,0.06322,0.01567,0.01665,1462.5999755859375,70.96019744873047,3132.52001953125,14.289999961853027,8616.1796875,11856.7998046875,15.680000305175781
2019-12-11,0.055670000000000004,0.0501,0.06351,0.01572,0.01625,1469.4000244140625,71.01000213623047,3141.6298828125,13.380000114440918,8654.0498046875,11910.150390625,14.989999771118164
2019-12-12,0.05591,0.0512,0.0637,0.01572,0.016890000000000002,1466.699951171875,70.72930145263672,3168.570068359375,13.350000381469727,8717.3203125,11971.7998046875,13.9399995803833
2019-12-13,0.05572,0.0504,0.06394,0.01564,0.01625,1475.5999755859375,70.55989837646484,3168.800048828125,13.300000190734863,8734.8798828125,12086.7001953125,12.630000114440918
2019-12-16,0.05606,0.050199999999999995,0.06383,0.01566,0.01655,1475.0,70.68900299072266,3191.449951171875,13.420000076293945,8814.23046875,12053.9501953125,12.140000343322754
2019-12-17,0.055650000000000005,0.050300000000000004,0.06369,0.01572,0.01652,1474.5999755859375,70.92050170898438,3192.52001953125,12.520000457763672,8823.3603515625,12165.0,12.289999961853027
2019-12-18,0.05589,0.050300000000000004,0.06351,0.01559,0.01671,1472.5999755859375,71.21499633789062,3191.139892578125,12.34000015258789,8827.740234375,12221.650390625,12.579999923706055
2019-12-19,0.05586,0.050199999999999995,0.06347,0.01574,0.01663,1478.199951171875,70.98989868164062,3205.3701171875,12.119999885559082,8887.2197265625,12259.7001953125,12.5
2019-12-20,0.05853,0.0504,0.06280999999999999,0.01579,0.01663,1474.699951171875,71.22270202636719,3221.219970703125,12.329999923706055,8924.9599609375,12271.7998046875,12.510000228881836
2019-12-23,0.056100000000000004,0.050300000000000004,0.06277,0.01574,0.01676,1482.5,71.02400207519531,3224.010009765625,11.960000038146973,8945.650390625,12262.75,12.609999656677246
2019-12-24,0.055650000000000005,0.050199999999999995,0.06279,0.01579,0.01644,1499.0999755859375,71.21070098876953,3223.3798828125,11.630000114440918,8952.8798828125,12214.5498046875,12.670000076293945
2019-12-25,0.055650000000000005,0.050199999999999995,0.06279,0.01582,0.01649,1499.0999755859375,71.45999908447266,3223.3798828125,11.630000114440918,8952.8798828125,12214.5498046875,12.670000076293945
2019-12-26,0.055510000000000004,0.050199999999999995,0.06304,0.01577,0.01644,1509.300048828125,71.54000091552734,3239.909912109375,11.119999885559082,9022.3896484375,12126.5498046875,12.649999618530273
2019-12-27,0.05686,0.050199999999999995,0.06318,0.01564,0.016,1513.800048828125,71.30030059814453,3240.02001953125,10.529999732971191,9006.6201171875,12245.7998046875,13.430000305175781
2019-12-30,0.055650000000000005,0.050199999999999995,0.06338,0.01541,0.01595,1514.5,71.31300354003906,3221.2900390625,11.010000228881836,8945.990234375,12255.849609375,14.819999694824219
2019-12-31,0.05562,0.050499999999999996,0.06357,0.015560000000000001,0.01609,1519.5,71.31099700927734,3230.780029296875,11.670000076293945,8972.599609375,12168.4501953125,13.779999732971191
2020-01-01,0.05548,0.0504,0.06312999999999999,0.015560000000000001,0.01609,1519.5,71.27580261230469,3230.780029296875,11.670000076293945,8972.599609375,12182.5,13.779999732971191
2020-01-02,0.05545,0.049699999999999994,0.06305,0.01533,0.01595,1524.5,71.0250015258789,3257.85009765625,11.489999771118164,9092.1904296875,12282.2001953125,12.470000267028809
2020-01-03,0.05534,0.0499,0.06269,0.0152,0.01546,1549.199951171875,71.41500091552734,3234.85009765625,12.699999809265137,9020.76953125,12226.650390625,14.020000457763672
2020-01-06,0.0553,0.049800000000000004,0.06325,0.01538,0.01559,1566.199951171875,71.73100280761719,3246.280029296875,14.779999732971191,9071.4697265625,11993.0498046875,13.850000381469727
2020-01-07,0.05476,0.0501,0.063,0.01551,0.01551,1571.800048828125,71.78700256347656,3237.179931640625,14.609999656677246,9068.580078125,12052.9501953125,13.789999961853027
2020-01-08,0.054720000000000005,0.050199999999999995,0.06309999999999999,0.01544,0.01607,1557.4000244140625,72.16000366210938,3253.050048828125,15.640000343322754,9129.240234375,12025.349609375,13.449999809265137
2020-01-09,0.05439,0.050499999999999996,0.06272,0.01541,0.015960000000000002,1551.699951171875,71.41190338134766,3274.699951171875,14.0,9203.4296875,12215.900390625,12.539999961853027
2020-01-10,0.05426,0.050499999999999996,0.06296,0.01538,0.01586,1557.5,71.19429779052734,3265.35009765625,14.079999923706055,9178.8603515625,12256.7998046875,12.5600004196167
2020-01-13,0.05422,0.050499999999999996,0.06295,0.01564,0.01602,1548.4000244140625,70.9530029296875,3288.1298828125,14.279999732971191,9273.9296875,12329.5498046875,12.319999694824219
2020-01-14,0.05449,0.0507,0.06338,0.01572,0.0158,1542.4000244140625,70.71890258789062,3283.14990234375,13.90999984741211,9251.330078125,12362.2998046875,12.390000343322754
2020-01-15,0.054240000000000003,0.051,0.06303,0.01569,0.01564,1552.0999755859375,70.84510040283203,3289.2900390625,14.119999885559082,9258.7001953125,12343.2998046875,12.420000076293945
2020-01-16,0.05634,0.0512,0.06292,0.01559,0.015780000000000002,1549.0,70.71800231933594,3316.81005859375,14.180000305175781,9357.1298828125,12355.5,12.319999694824219
2020-01-17,0.05479,0.051,0.06269,0.015609999999999999,0.01575,1558.800048828125,70.94560241699219,3329.6201171875,14.130000114440918,9388.9404296875,12352.349609375,12.100000381469727
2020-01-20,0.05474999999999999,0.051100000000000007,0.06272,0.01559,0.015700000000000002,1558.800048828125,71.03469848632812,3329.6201171875,15.40999984741211,9388.9404296875,12224.5498046875,12.100000381469727
2020-01-21,0.056459999999999996,0.051,0.06264,0.015560000000000001,0.01532,1556.4000244140625,71.03099822998047,3320.7900390625,15.859999656677246,9370.8095703125,12169.849609375,12.850000381469727
2020-01-22,0.05425,0.051100000000000007,0.06267,0.01554,0.015300000000000001,1555.300048828125,71.16999816894531,3321.75,16.360000610351562,9383.76953125,12106.900390625,12.90999984741211
2020-01-23,0.05431,0.0512,0.06245,0.015560000000000001,0.01505,1564.5999755859375,71.0781021118164,3325.5400390625,15.859999656677246,9402.48046875,12180.349609375,12.979999542236328
2020-01-24,0.05448,0.0512,0.06225,0.015309999999999999,0.01481,1571.0999755859375,71.32099914550781,3295.469970703125,15.5600004196167,9314.91015625,12248.25,14.5600004196167
2020-01-27,0.05443,0.051,0.062110000000000005,0.01546,0.014190000000000001,1576.800048828125,71.32499694824219,3243.6298828125,17.18000030517578,9139.3095703125,12119.0,18.229999542236328
2020-01-28,0.05438,0.051100000000000007,0.062169999999999996,0.01572,0.01459,1569.199951171875,71.44000244140625,3276.239990234375,17.299999237060547,9269.6796875,12055.7998046875,16.280000686645508
2020-01-29,0.054329999999999996,0.051,0.06216,0.01562,0.013919999999999998,1569.800048828125,71.23040008544922,3273.39990234375,16.5,9275.16015625,12129.5,16.389999389648438
2020-01-30,0.05449,0.0512,0.06198000000000001,0.01569,0.01394,1583.5,71.30000305175781,3283.659912109375,16.799999237060547,9298.9296875,12035.7998046875,15.489999771118164
2020-01-31,0.054349999999999996,0.0513,0.062119999999999995,0.01554,0.012969999999999999,1582.9000244140625,71.63999938964844,3225.52001953125,17.3700008392334,9150.9404296875,11962.099609375,18.84000015258789
2020-02-03,0.05398,0.051100000000000007,0.06136,0.01579,0.013340000000000001,1577.199951171875,71.49649810791016,3248.919921875,15.779999732971191,9273.400390625,11707.900390625,17.969999313354492
2020-02-04,0.05425,0.0512,0.06128,0.01574,0.01402,1550.4000244140625,71.31410217285156,3297.590087890625,14.380000114440918,9467.9697265625,11979.650390625,16.049999237060547
2020-02-05,0.0541,0.0513,0.0611,0.01562,0.01437,1557.800048828125,71.0999984741211,3334.68994140625,14.170000076293945,9508.6796875,12089.150390625,15.149999618530273
2020-02-06,0.05362,0.051500000000000004,0.059210000000000006,0.01574,0.0144,1565.0999755859375,71.18000030517578,3345.780029296875,13.779999732971191,9572.150390625,12137.9501953125,14.960000038146973
2020-02-07,0.05379,0.051100000000000007,0.05853,0.01564,0.013879999999999998,1568.5999755859375,71.47000122070312,3327.7099609375,13.75,9520.509765625,12098.349609375,15.470000267028809
2020-02-10,0.053739999999999996,0.051,0.05832,0.01566,0.01369,1574.699951171875,71.5155029296875,3352.090087890625,14.210000038146973,9628.3896484375,12031.5,15.039999961853027
2020-02-11,0.053579999999999996,0.0509,0.05851,0.01579,0.014039999999999999,1565.5999755859375,71.27999877929688,3357.75,13.880000114440918,9638.9404296875,12107.900390625,15.180000305175781
2020-02-12,0.053529999999999994,0.0512,0.058390000000000004,0.01577,0.01423,1567.4000244140625,71.27529907226562,3379.449951171875,13.619999885559082,9725.9599609375,12201.2001953125,13.739999771118164
2020-02-13,0.05348,0.051100000000000007,0.058070000000000004,0.01587,0.01421,1575.0999755859375,71.29620361328125,3373.93994140625,13.369999885559082,9711.9697265625,12174.650390625,14.149999618530273
2020-02-14,0.05321,0.051100000000000007,0.057800000000000004,0.01577,0.01399,1582.699951171875,71.26850128173828,3380.159912109375,13.619999885559082,9731.1796875,12113.4501953125,13.680000305175781
2020-02-17,0.0536,0.0512,0.05775,0.01577,0.01394,1582.699951171875,71.51480102539062,3380.159912109375,14.420000076293945,9731.1796875,12045.7998046875,13.680000305175781
2020-02-18,0.05339000000000001,0.0508,0.057859999999999995,0.01577,0.0138,1600.0,71.34919738769531,3370.2900390625,14.510000228881836,9732.740234375,11992.5,14.829999923706055
2020-02-19,0.05339000000000001,0.0508,0.057859999999999995,0.01579,0.01394,1607.5,71.57499694824219,3386.14990234375,14.020000457763672,9817.1796875,12125.900390625,14.380000114440918
2020-02-20,0.05408,0.0507,0.05771,0.01579,0.01359,1616.5999755859375,71.82749938964844,3373.22998046875,13.699999809265137,9750.9697265625,12080.849609375,15.5600004196167
2020-02-21,0.05408,0.0507,0.05771,0.01559,0.01319,1644.5999755859375,72.11000061035156,3337.75,13.699999809265137,9576.58984375,12080.849609375,17.079999923706055
2020-02-24,0.052969999999999996,0.0506,0.05728,0.01548,0.01203,1672.4000244140625,71.88680267333984,3225.889892578125,17.0,9221.2802734375,11829.400390625,25.030000686645508
2020-02-25,0.053200000000000004,0.0507,0.05727,0.015309999999999999,0.011819999999999999,1646.9000244140625,72.04669952392578,3128.2099609375,16.899999618530273,8965.6103515625,11797.900390625,27.850000381469727
2020-02-26,0.05298,0.0509,0.056740000000000006,0.01518,0.01149,1640.0,71.87000274658203,3116.389892578125,18.260000228881836,8980.7802734375,11678.5,27.559999465942383
2020-02-27,0.05269,0.0508,0.05669,0.014539999999999999,0.01061,1640.0,71.66339874267578,2978.760009765625,17.770000457763672,8566.48046875,11633.2998046875,39.15999984741211
2020-02-28,0.05236,0.0508,0.05657,0.012849999999999999,0.00916,1564.0999755859375,71.93000030517578,2954.219970703125,23.239999771118164,8567.3701171875,11201.75,40.11000061035156
2020-03-02,0.05196,0.0508,0.056319999999999995,0.01169,0.00894,1592.300048828125,72.1500015258789,3090.22998046875,25.200000762939453,8952.169921875,11132.75,33.41999816894531
2020-03-03,0.05202,0.0512,0.0562,0.00953,0.0070799999999999995,1642.0999755859375,72.82499694824219,3003.3701171875,24.540000915527344,8684.08984375,11303.2998046875,36.81999969482422
2020-03-04,0.050339999999999996,0.050199999999999995,0.05434,0.0070599999999999994,0.00715,1641.0999755859375,73.34200286865234,3130.1201171875,24.229999542236328,9018.08984375,11251.0,31.989999771118164
2020-03-05,0.05039,0.0492,0.0546,0.00625,0.00627,1666.4000244140625,74.0425033569336,3023.93994140625,23.25,8738.58984375,11269.0,39.619998931884766
2020-03-06,0.04962,0.0496,0.05418,0.00475,0.005580000000000001,1670.800048828125,73.8551025390625,2972.3701171875,25.639999389648438,8575.6201171875,10989.4501953125,41.939998626708984
2020-03-09,0.04961,0.049,0.054009999999999996,0.00383,0.00449,1674.5,73.99530029296875,2746.56005859375,30.799999237060547,7950.68017578125,10451.4501953125,54.459999084472656
2020-03-10,0.04961,0.049,0.054009999999999996,0.00426,0.00631,1659.0999755859375,74.40599822998047,2882.22998046875,30.799999237060547,8344.25,10451.4501953125,47.29999923706055
2020-03-11,0.05085,0.048499999999999995,0.05454,0.00434,0.00634,1641.4000244140625,74.20500183105469,2741.3798828125,31.559999465942383,7952.0498046875,10458.400390625,53.900001525878906
2020-03-12,0.05019,0.048799999999999996,0.055670000000000004,0.0032700000000000003,0.00553,1589.300048828125,74.76000213623047,2480.639892578125,41.15999984741211,7201.7998046875,9590.150390625,75.47000122070312
2020-03-13,0.05048,0.048799999999999996,0.05733,0.0027600000000000003,0.00624,1515.699951171875,75.30000305175781,2711.02001953125,51.470001220703125,7874.8798828125,9955.2001953125,57.83000183105469
2020-03-16,0.049690000000000005,0.0473,0.05683,0.00223,0.00437,1485.9000244140625,73.90399932861328,2386.1298828125,58.880001068115234,6904.58984375,9197.400390625,82.69000244140625
2020-03-17,0.04999,0.048,0.057510000000000006,0.00208,0.00616,1524.9000244140625,75.15499877929688,2529.18994140625,62.93000030517578,7334.77978515625,8967.0498046875,75.91000366210938
2020-03-18,0.05041,0.048799999999999996,0.057050000000000003,0.0002,0.006670000000000001,1477.300048828125,74.01239776611328,2398.10009765625,63.959999084472656,6989.83984375,8468.7998046875,76.44999694824219
2020-03-19,0.050469999999999994,0.048799999999999996,0.05801,0.00063,0.005659999999999999,1478.5999755859375,74.98200225830078,2409.389892578125,72.19999694824219,7150.580078125,8263.4501953125,72.0
2020-03-20,0.049909999999999996,0.0479,0.05745,0.00037999999999999997,0.00387,1484.0,75.15969848632812,2304.919921875,67.0999984741211,6879.52001953125,8745.4501953125,66.04000091552734
2020-03-23,0.04984,0.0472,0.058499999999999996,0.0003,0.0034200000000000003,1567.0,75.62210083007812,2237.39990234375,71.98999786376953,6860.669921875,7610.25,61.59000015258789
2020-03-24,0.04983,0.050499999999999996,0.05777,0.00028000000000000003,0.00426,1660.199951171875,76.50599670410156,2447.330078125,83.61000061035156,7417.85986328125,7801.0498046875,61.66999816894531
2020-03-25,0.04983,0.050499999999999996,0.05777,-0.00046,0.0039700000000000004,1632.300048828125,77.26000213623047,2475.56005859375,77.62999725341797,7384.2998046875,8317.849609375,63.95000076293945
2020-03-26,0.05151,0.0504,0.05656,-0.00035000000000000005,0.00373,1650.0999755859375,75.84549713134766,2630.070068359375,71.52999877929688,7797.5400390625,8641.4501953125,61.0
2020-03-27,0.0463,0.0426,0.054029999999999995,0.00015,0.00298,1623.9000244140625,74.72560119628906,2541.469970703125,70.38999938964844,7502.3798828125,8660.25,65.54000091552734
2020-03-30,0.04693,0.043,0.05396,0.00053,0.00298,1622.0,75.46499633789062,2626.64990234375,71.88999938964844,7774.14990234375,8281.099609375,57.08000183105469
2020-03-31,0.04897,0.0425,0.05399,0.00132,0.00295,1583.4000244140625,75.4000015258789,2584.590087890625,64.41000366210938,7700.10009765625,8597.75,53.540000915527344
2020-04-01,0.04897,0.0425,0.05399,0.00074,0.0029,1578.199951171875,75.32499694824219,2470.5,60.04999923706055,7360.580078125,8253.7998046875,57.060001373291016
2020-04-02,0.04897,0.0425,0.05399,0.00096,0.0028699999999999997,1625.699951171875,77.56999969482422,2526.89990234375,60.04999923706055,7487.31005859375,8253.7998046875,50.90999984741211
2020-04-03,0.04599,0.0429,0.054130000000000005,0.00106,0.00297,1633.699951171875,77.13999938964844,2488.64990234375,55.29999923706055,7373.080078125,8083.7998046875,46.79999923706055
2020-04-06,0.04599,0.0429,0.054130000000000005,0.00104,0.0034000000000000002,1677.0,76.2300033569336,2663.679931640625,55.29999923706055,7913.240234375,8083.7998046875,45.2400016784668
2020-04-07,0.04629,0.040999999999999995,0.05479,0.0015,0.00357,1664.800048828125,75.96489715576172,2659.409912109375,51.79999923706055,7887.259765625,8792.2001953125,46.70000076293945
2020-04-08,0.04582,0.040999999999999995,0.05513,0.00198,0.00344,1665.4000244140625,76.66000366210938,2749.97998046875,52.2400016784668,8090.89990234375,8748.75,43.349998474121094
2020-04-09,0.04562,0.0425,0.05525,0.0023599999999999997,0.00302,1736.199951171875,75.95899963378906,2789.820068359375,49.75,8153.580078125,9111.900390625,41.66999816894531
2020-04-10,0.04562,0.0425,0.05525,0.0023599999999999997,0.00302,1736.199951171875,76.6500015258789,2789.820068359375,49.75,8153.580078125,9111.900390625,41.66999816894531
2020-04-13,0.045439999999999994,0.04190000000000001,0.05486,0.00231,0.0032600000000000003,1744.800048828125,76.16649627685547,2761.6298828125,51.459999084472656,8192.419921875,8993.849609375,41.16999816894531
2020-04-14,0.045439999999999994,0.04190000000000001,0.05486,0.00208,0.0028699999999999997,1756.699951171875,76.91000366210938,2846.06005859375,51.459999084472656,8515.740234375,8993.849609375,37.7599983215332
2020-04-15,0.04364,0.0408,0.0529,0.00157,0.00242,1727.199951171875,75.93099975585938,2783.360107421875,49.7400016784668,8393.1796875,8925.2998046875,40.84000015258789
2020-04-16,0.043550000000000005,0.0406,0.052000000000000005,0.00147,0.00255,1720.4000244140625,77.2125015258789,2799.550048828125,46.099998474121094,8532.3603515625,8992.7998046875,40.11000061035156
2020-04-17,0.04166,0.039,0.049909999999999996,0.00124,0.0025,1689.199951171875,77.56999969482422,2874.56005859375,42.59000015258789,8650.1396484375,9266.75,38.150001525878906
2020-04-20,0.041159999999999995,0.0385,0.04824,0.00101,0.00255,1701.5999755859375,76.55999755859375,2823.159912109375,43.459999084472656,8560.73046875,9261.849609375,43.83000183105469
2020-04-21,0.04092,0.038,0.04875,0.00109,0.0024,1678.199951171875,77.20999908447266,2736.56005859375,45.20000076293945,8263.23046875,8981.4501953125,45.40999984741211
2020-04-22,0.03839,0.0365,0.04733,0.00104,0.00263,1728.699951171875,76.96939849853516,2799.31005859375,42.81999969482422,8495.3798828125,9187.2998046875,41.97999954223633
2020-04-23,0.04057,0.0366,0.04678,0.00109,0.00269,1733.300048828125,76.4000015258789,2797.800048828125,39.22999954223633,8494.75,9313.900390625,41.380001068115234
2020-04-24,0.04025,0.0365,0.04654,0.00122,0.00271,1723.5,76.42250061035156,2836.739990234375,39.119998931884766,8634.51953125,9154.400390625,35.93000030517578
2020-04-27,0.04014,0.0362,0.04666000000000001,0.00114,0.0029,1711.9000244140625,76.27149963378906,2878.47998046875,38.040000915527344,8730.16015625,9282.2998046875,33.290000915527344
2020-04-28,0.03976,0.0365,0.04642,0.00106,0.00269,1710.5,76.1863021850586,2863.389892578125,35.349998474121094,8607.73046875,9380.900390625,33.56999969482422
2020-04-29,0.03992,0.0368,0.046639999999999994,0.00101,0.00255,1703.4000244140625,76.46499633789062,2939.510009765625,33.84000015258789,8914.7099609375,9553.349609375,31.229999542236328
2020-04-30,0.03933,0.0364,0.04724999999999999,0.00106,0.00253,1684.199951171875,75.25849914550781,2912.429931640625,33.9900016784668,8889.5498046875,9859.900390625,34.150001525878906
2020-05-01,0.03933,0.0364,0.04724999999999999,0.00109,0.0025,1694.5,75.72000122070312,2830.7099609375,33.9900016784668,8604.9501953125,9859.900390625,37.189998626708984
2020-05-04,0.03936,0.0363,0.04691,0.00104,0.00242,1706.9000244140625,75.60050201416016,2842.739990234375,43.66999816894531,8710.7099609375,9293.5,35.970001220703125
2020-05-05,0.03882,0.0365,0.04661,0.00122,0.00253,1704.4000244140625,75.8499984741211,2868.43994140625,43.61000061035156,8809.1201171875,9205.599609375,33.61000061035156
2020-05-06,0.03787,0.0355,0.04639,0.0011899999999999999,0.00245,1684.199951171875,76.16999816894531,2848.419921875,41.25,8854.3896484375,9270.900390625,34.119998931884766
2020-05-07,0.03787,0.0355,0.04639,0.00106,0.00194,1721.800048828125,76.15129852294922,2881.18994140625,39.93000030517578,8979.66015625,9199.0498046875,31.440000534057617
2020-05-08,0.038650000000000004,0.0354,0.046239999999999996,0.00117,0.00215,1709.9000244140625,76.08000183105469,2929.800048828125,38.40999984741211,9121.3203125,9251.5,27.979999542236328
2020-05-11,0.04041,0.035699999999999996,0.047240000000000004,0.0011899999999999999,0.00223,1695.300048828125,75.5250015258789,2930.18994140625,38.040000915527344,9192.33984375,9239.2001953125,27.56999969482422
2020-05-12,0.03899,0.035,0.04775,0.00134,0.00209,1704.4000244140625,76.30999755859375,2870.1201171875,38.209999084472656,9002.5498046875,9196.5498046875,33.040000915527344
2020-05-13,0.03872,0.0345,0.047729999999999995,0.00122,0.0020599999999999998,1713.9000244140625,75.68000030517578,2820.0,38.84000015258789,8863.169921875,9383.5498046875,35.279998779296875
2020-05-14,0.03977,0.0345,0.04774,0.00122,0.0019,1738.0999755859375,75.42620086669922,2852.5,38.18000030517578,8943.7197265625,9142.75,32.61000061035156
2020-05-15,0.03823,0.0341,0.04764,0.00124,0.00191,1753.4000244140625,75.48500061035156,2863.699951171875,38.02000045776367,9014.5595703125,9136.849609375,31.889999389648438
2020-05-18,0.038849999999999996,0.034,0.04765,0.00122,0.00233,1731.800048828125,75.81999969482422,2953.909912109375,40.91999816894531,9234.830078125,8823.25,29.299999237060547
2020-05-19,0.03887,0.0337,0.04731,0.0012900000000000001,0.00212,1744.199951171875,75.60009765625,2922.93994140625,39.45000076293945,9185.099609375,8879.099609375,30.530000686645508
2020-05-20,0.038450000000000005,0.0325,0.0475,0.00124,0.00217,1750.5999755859375,76.0,2971.610107421875,35.810001373291016,9375.7802734375,9066.5498046875,27.989999771118164
2020-05-21,0.03832,0.0327,0.04733,0.00122,0.00214,1720.5,75.77999877929688,2948.510009765625,32.9900016784668,9284.8798828125,9106.25,29.530000686645508
2020-05-22,0.0355,0.027000000000000003,0.046740000000000004,0.00122,0.00207,1734.5999755859375,75.625,2955.449951171875,32.380001068115234,9324.58984375,9039.25,28.15999984741211
2020-05-25,0.0355,0.027000000000000003,0.046740000000000004,0.00122,0.00209,1734.5999755859375,75.98500061035156,2955.449951171875,32.380001068115234,9324.58984375,9039.25,28.15999984741211
2020-05-26,0.03875,0.0305,0.046180000000000006,0.0012900000000000001,0.00215,1704.800048828125,76.11000061035156,2991.77001953125,31.469999313354492,9340.2197265625,9029.0498046875,28.010000228881836
2020-05-27,0.036610000000000004,0.031,0.04601,0.0014199999999999998,0.00226,1710.300048828125,75.81999969482422,3036.1298828125,31.270000457763672,9412.3603515625,9314.9501953125,27.6200008392334
2020-05-28,0.036469999999999995,0.0323,0.04591,0.0015,0.00218,1713.300048828125,76.12999725341797,3029.72998046875,30.020000457763672,9368.990234375,9490.099609375,28.59000015258789
2020-05-29,0.03619,0.0327,0.04579,0.0014199999999999998,0.00197,1736.9000244140625,75.95999908447266,3044.31005859375,30.219999313354492,9489.8701171875,9580.2998046875,27.510000228881836
2020-06-01,0.03605,0.0329,0.04616,0.0013900000000000002,0.00199,1737.800048828125,75.51319885253906,3055.72998046875,30.739999771118164,9552.0498046875,9826.150390625,28.229999542236328
2020-06-02,0.03606,0.033,0.04571,0.0015199999999999999,0.00207,1725.199951171875,75.7300033569336,3080.820068359375,30.1200008392334,9608.3798828125,9979.099609375,26.84000015258789
2020-06-03,0.03608,0.0335,0.04583,0.00155,0.0024,1697.800048828125,75.06580352783203,3122.8701171875,30.040000915527344,9682.91015625,10061.5498046875,25.65999984741211
2020-06-04,0.03773,0.0344,0.04562,0.0015199999999999999,0.00256,1718.9000244140625,75.54499816894531,3112.35009765625,29.690000534057617,9615.8095703125,10029.099609375,25.809999465942383
2020-06-05,0.037919999999999995,0.0349,0.04569,0.00157,0.0028499999999999997,1676.199951171875,75.49089813232422,3193.929931640625,28.68000030517578,9814.080078125,10142.150390625,24.520000457763672
2020-06-08,0.03786,0.0346,0.04589000000000001,0.00165,0.0028799999999999997,1698.300048828125,75.5177001953125,3232.389892578125,29.649999618530273,9924.75,10167.4501953125,25.809999465942383
2020-06-09,0.03753,0.0345,0.04568,0.00172,0.0026,1714.699951171875,75.625,3207.179931640625,30.209999084472656,9953.75,10046.650390625,27.56999969482422
2020-06-10,0.03784,0.034300000000000004,0.045579999999999996,0.00172,0.0020599999999999998,1713.300048828125,75.50980377197266,3190.139892578125,29.440000534057617,10020.349609375,10116.150390625,27.56999969482422
2020-06-11,0.03769,0.0337,0.04563,0.00165,0.00229,1732.0,75.875,3002.10009765625,29.65999984741211,9492.73046875,9902.0,40.790000915527344
2020-06-12,0.03789,0.0335,0.04556,0.00165,0.00227,1729.300048828125,76.38999938964844,3041.31005859375,30.81999969482422,9588.8095703125,9972.900390625,36.09000015258789
2020-06-15,0.03793,0.0335,0.04535,0.00167,0.00229,1720.300048828125,75.95680236816406,3066.590087890625,32.58000183105469,9726.01953125,9813.7001953125,34.400001525878906
2020-06-16,0.038149999999999996,0.0335,0.04551,0.00172,0.00229,1729.5999755859375,75.97799682617188,3124.739990234375,32.970001220703125,9895.8701171875,9914.0,33.66999816894531
2020-06-17,0.03772,0.033,0.045410000000000006,0.00178,0.00226,1729.199951171875,76.65499877929688,3113.489990234375,33.349998474121094,9910.5302734375,9881.150390625,33.470001220703125
2020-06-18,0.037559999999999996,0.032799999999999996,0.045090000000000005,0.00157,0.00226,1724.800048828125,76.55000305175781,3115.340087890625,31.459999084472656,9943.0498046875,10091.650390625,32.939998626708984
2020-06-19,0.03738,0.032799999999999996,0.044829999999999995,0.00155,0.00218,1745.9000244140625,76.40039825439453,3097.739990234375,29.969999313354492,9946.1201171875,10244.400390625,35.119998931884766
2020-06-22,0.03723,0.0331,0.044809999999999996,0.0015199999999999999,0.00226,1756.699951171875,76.2520980834961,3117.860107421875,30.459999084472656,10056.48046875,10311.2001953125,31.770000457763672
2020-06-23,0.03717,0.032799999999999996,0.04496000000000001,0.0015199999999999999,0.00216,1772.0999755859375,75.78980255126953,3131.2900390625,29.34000015258789,10131.3701171875,10471.0,31.3700008392334
2020-06-24,0.03711,0.0321,0.04511999999999999,0.0015199999999999999,0.0021,1765.800048828125,75.60780334472656,3050.330078125,29.579999923706055,9909.169921875,10305.2998046875,33.84000015258789
2020-06-25,0.03724,0.0318,0.044660000000000005,0.0014199999999999998,0.00208,1762.0999755859375,75.97000122070312,3083.760009765625,29.729999542236328,10017.0,10288.900390625,32.220001220703125
2020-06-26,0.03686,0.0318,0.04436,0.00145,0.0018599999999999999,1772.5,75.53980255126953,3009.050048828125,28.739999771118164,9757.2197265625,10383.0,34.72999954223633
2020-06-29,0.03738,0.0317,0.04415,0.0013700000000000001,0.0017000000000000001,1774.800048828125,75.61979675292969,3053.239990234375,28.90999984741211,9874.150390625,10312.400390625,31.780000686645508
2020-06-30,0.03732,0.0315,0.04401,0.00147,0.0017599999999999998,1793.0,75.69999694824219,3100.2900390625,29.1200008392334,10058.76953125,10302.099609375,30.43000030517578
2020-07-01,0.03667,0.031400000000000004,0.043730000000000005,0.0014199999999999998,0.00189,1773.199951171875,75.75,3115.860107421875,28.1200008392334,10154.6298828125,10430.0498046875,28.6200008392334
2020-07-02,0.03641,0.0315,0.04366,0.0014199999999999998,0.00181,1784.0,75.45490264892578,3130.010009765625,26.510000228881836,10207.6298828125,10551.7001953125,27.68000030517578
2020-07-03,0.03701,0.0317,0.04354,0.0014199999999999998,0.00181,1784.0,74.72100067138672,3130.010009765625,25.770000457763672,10207.6298828125,10607.349609375,27.68000030517578
2020-07-06,0.037040000000000003,0.0317,0.04356,0.00145,0.0018599999999999999,1788.5,74.6792984008789,3179.719970703125,25.200000762939453,10433.650390625,10763.650390625,27.940000534057617
2020-07-07,0.03678,0.032,0.043120000000000006,0.00147,0.00181,1804.199951171875,74.60759735107422,3145.320068359375,25.100000381469727,10343.8896484375,10799.650390625,29.43000030517578
2020-07-08,0.03672,0.0318,0.04317,0.00147,0.0019,1815.5,75.125,3169.93994140625,26.100000381469727,10492.5,10705.75,28.079999923706055
2020-07-09,0.03675,0.0321,0.042960000000000005,0.00134,0.0018,1799.199951171875,74.93990325927734,3152.050048828125,24.90999984741211,10547.75,10813.4501953125,29.260000228881836
2020-07-10,0.03626,0.0319,0.042800000000000005,0.00132,0.0019,1798.199951171875,75.33999633789062,3185.0400390625,24.940000534057617,10617.4404296875,10768.0498046875,27.290000915527344
2020-07-13,0.03649,0.0321,0.04277,0.0013700000000000001,0.00183,1811.0,75.15850067138672,3155.219970703125,25.25,10390.83984375,10802.7001953125,32.189998626708984
2020-07-14,0.03643,0.0322,0.043230000000000005,0.00145,0.00188,1810.5999755859375,75.44999694824219,3197.52001953125,26.639999389648438,10488.580078125,10607.349609375,29.520000457763672
2020-07-15,0.03625,0.0323,0.04327,0.0013700000000000001,0.0018,1811.4000244140625,75.57499694824219,3226.56005859375,26.290000915527344,10550.490234375,10618.2001953125,27.760000228881836
2020-07-16,0.03588,0.032400000000000005,0.0435,0.00114,0.0017499999999999998,1798.699951171875,75.1249008178711,3215.570068359375,25.360000610351562,10473.830078125,10739.9501953125,28.0
2020-07-17,0.035769999999999996,0.032400000000000005,0.04316,0.00117,0.00172,1808.300048828125,75.17449951171875,3224.72998046875,24.15999984741211,10503.1904296875,10901.7001953125,25.68000030517578
2020-07-20,0.0359,0.0327,0.04354,0.00117,0.0017699999999999999,1815.9000244140625,74.89730072021484,3251.840087890625,24.709999084472656,10767.08984375,11022.2001953125,24.459999084472656
2020-07-21,0.03614,0.0325,0.04363,0.00124,0.00167,1842.4000244140625,74.98999786376953,3257.300048828125,24.43000030517578,10680.3603515625,11162.25,24.84000015258789
2020-07-22,0.03627,0.0325,0.04364,0.00122,0.0017499999999999998,1864.0999755859375,74.7699966430664,3276.02001953125,24.889999389648438,10706.1298828125,11132.599609375,24.31999969482422
2020-07-23,0.036309999999999995,0.032799999999999996,0.04365,0.00117,0.0017499999999999998,1889.0999755859375,74.81999969482422,3235.659912109375,24.639999389648438,10461.419921875,11215.4501953125,26.079999923706055
2020-07-24,0.0363,0.0329,0.04678,0.00109,0.0017000000000000001,1897.300048828125,74.80729675292969,3215.6298828125,24.540000915527344,10363.1796875,11194.150390625,25.84000015258789
2020-07-27,0.03644,0.033,0.04407,0.00104,0.00181,1931.0,74.75980377197266,3239.409912109375,25.020000457763672,10536.26953125,11131.7998046875,24.739999771118164
2020-07-28,0.036680000000000004,0.0332,0.0446,0.00109,0.00165,1944.699951171875,75.0,3218.43994140625,23.639999389648438,10402.08984375,11300.5498046875,25.440000534057617
2020-07-29,0.036610000000000004,0.0332,0.04439,0.00101,0.0015199999999999999,1953.5,75.08999633789062,3258.43994140625,24.110000610351562,10542.9404296875,11202.849609375,24.100000381469727
2020-07-30,0.036610000000000004,0.0332,0.044199999999999996,0.00096,0.00133,1942.300048828125,74.8311996459961,3246.219970703125,24.729999542236328,10587.8095703125,11102.150390625,24.760000228881836
2020-07-31,0.0366,0.0331,0.044039999999999996,0.00094,0.00117,1962.800048828125,74.98999786376953,3271.1201171875,24.190000534057617,10745.26953125,11073.4501953125,24.459999084472656
2020-08-03,0.03653,0.033,0.047409999999999994,0.00089,0.00122,1966.0,74.91780090332031,3294.610107421875,25.190000534057617,10902.7998046875,10891.599609375,24.280000686645508
2020-08-04,0.03635,0.033,0.04733,0.00099,0.00114,2001.199951171875,75.33000183105469,3306.510009765625,23.81999969482422,10941.169921875,11095.25,23.760000228881836
2020-08-05,0.03617,0.033,0.04724999999999999,0.00101,0.00128,2031.0999755859375,75.25,3327.77001953125,23.56999969482422,10998.400390625,11101.650390625,22.989999771118164
2020-08-06,0.03588,0.033,0.04763,0.00099,0.0013,2051.5,74.8822021484375,3349.159912109375,23.149999618530273,11108.0703125,11200.150390625,22.649999618530273
2020-08-07,0.03447,0.033,0.04824,0.00099,0.0014099999999999998,2010.0999755859375,74.8998031616211,3351.280029296875,22.579999923706055,11010.98046875,11214.0498046875,22.209999084472656
2020-08-10,0.036230000000000005,0.0332,0.048310000000000006,0.00099,0.00146,2024.4000244140625,75.0248031616211,3360.469970703125,22.510000228881836,10968.3603515625,11270.150390625,22.1299991607666
2020-08-11,0.03648,0.0331,0.04823,0.0011200000000000001,0.0017299999999999998,1932.5999755859375,75.0999984741211,3333.68994140625,21.360000610351562,10782.8203125,11322.5,24.030000686645508
2020-08-12,0.0363,0.0332,0.048330000000000005,0.00106,0.0019,1934.9000244140625,74.9000015258789,3380.35009765625,20.850000381469727,11012.240234375,11308.400390625,22.280000686645508
2020-08-13,0.03611,0.0329,0.04816,0.00099,0.00201,1956.699951171875,74.77210235595703,3373.429931640625,20.56999969482422,11042.5,11300.4501953125,22.1299991607666
2020-08-14,0.033460000000000004,0.033,0.04872,0.00099,0.00183,1937.0,75.02999877929688,3372.85009765625,21.670000076293945,11019.2998046875,11178.400390625,22.049999237060547
2020-08-17,0.03614,0.0331,0.04878999999999999,0.00094,0.00183,1985.0,74.90280151367188,3381.989990234375,21.309999465942383,11129.73046875,11247.099609375,21.350000381469727
2020-08-18,0.03617,0.0329,0.048799999999999996,0.00106,0.0017000000000000001,1999.4000244140625,75.0,3389.780029296875,20.43000030517578,11210.83984375,11385.349609375,21.510000228881836
2020-08-19,0.03609,0.0327,0.04851,0.00101,0.00172,1958.699951171875,74.79499816894531,3374.85009765625,19.959999084472656,11146.4599609375,11408.400390625,22.540000915527344
2020-08-20,0.03613,0.0317,0.048029999999999996,0.00096,0.00167,1933.800048828125,74.966796875,3385.510009765625,20.6200008392334,11264.9501953125,11312.2001953125,22.719999313354492
2020-08-21,0.03748,0.0319,0.0492,0.00096,0.00164,1934.5999755859375,74.9999008178711,3397.159912109375,19.940000534057617,11311.7998046875,11371.599609375,22.540000915527344
2020-08-24,0.0374,0.0325,0.050039999999999994,0.00094,0.00178,1927.699951171875,74.92179870605469,3431.280029296875,19.229999542236328,11379.7197265625,11466.4501953125,22.3700008392334
2020-08-25,0.0371,0.0327,0.04984,0.00101,0.00183,1911.800048828125,74.4000015258789,3443.6201171875,19.31999969482422,11466.4697265625,11472.25,22.030000686645508
2020-08-26,0.03748,0.032799999999999996,0.050780000000000006,0.00099,0.00178,1940.699951171875,74.45249938964844,3478.72998046875,19.299999237060547,11665.0595703125,11549.599609375,23.270000457763672
2020-08-27,0.03741,0.0331,0.05061,0.00101,0.00191,1921.5999755859375,74.24009704589844,3484.550048828125,18.899999618530273,11625.33984375,11559.25,24.469999313354492
2020-08-28,0.03749,0.0331,0.05045,0.00104,0.0015199999999999999,1964.5999755859375,73.77449798583984,3508.010009765625,18.350000381469727,11695.6298828125,11647.599609375,22.959999084472656
2020-08-31,0.03741,0.0329,0.04994,0.00106,0.00149,1967.5999755859375,73.12830352783203,3500.31005859375,22.84000015258789,11775.4599609375,11387.5,26.40999984741211
2020-09-01,0.03687,0.032799999999999996,0.04792,0.00106,0.00146,1968.199951171875,73.66999816894531,3526.64990234375,21.799999237060547,11939.669921875,11470.25,26.1200008392334
2020-09-02,0.03633,0.0326,0.0479,0.00106,0.00149,1934.4000244140625,73.2699966430664,3580.840087890625,21.110000610351562,12056.4404296875,11535.0,26.56999969482422
2020-09-03,0.03695,0.0326,0.047670000000000004,0.00106,0.00146,1927.5999755859375,73.24849700927734,3455.06005859375,20.5,11458.099609375,11527.4501953125,33.599998474121094
2020-09-04,0.03519,0.0327,0.04798,0.0011200000000000001,0.00178,1923.9000244140625,73.4478988647461,3426.9599609375,22.149999618530273,11313.1298828125,11333.849609375,30.75
2020-09-07,0.03675,0.0326,0.048949999999999994,0.0011200000000000001,0.0017299999999999998,1923.9000244140625,73.29029846191406,3426.9599609375,22.010000228881836,11313.1298828125,11355.0498046875,30.75
2020-09-08,0.03726,0.0327,0.05043,0.0011899999999999999,0.00168,1933.0,73.6500015258789,3331.840087890625,22.719999313354492,10847.6904296875,11317.349609375,31.459999084472656
2020-09-09,0.03707,0.0326,0.05038,0.0011200000000000001,0.00172,1944.699951171875,73.78679656982422,3398.9599609375,22.229999542236328,11141.5595703125,11278.0,28.809999465942383
2020-09-10,0.037469999999999996,0.0332,0.05055,0.00114,0.0016200000000000001,1954.199951171875,73.55000305175781,3339.18994140625,21.260000228881836,10919.58984375,11449.25,29.709999084472656
2020-09-11,0.035070000000000004,0.0334,0.050940000000000006,0.0011200000000000001,0.00151,1937.800048828125,73.52729797363281,3340.969970703125,20.709999084472656,10853.5498046875,11464.4501953125,26.8700008392334
2020-09-14,0.03727,0.0335,0.05055,0.00109,0.0016200000000000001,1953.0999755859375,73.47859954833984,3383.5400390625,21.190000534057617,11056.650390625,11440.0498046875,25.850000381469727
2020-09-15,0.03719,0.0333,0.05012,0.0011200000000000001,0.00164,1956.300048828125,73.61499786376953,3401.199951171875,20.600000381469727,11190.3203125,11521.7998046875,25.59000015258789
2020-09-16,0.03687,0.0335,0.04966,0.0011200000000000001,0.00167,1960.199951171875,73.80000305175781,3385.489990234375,19.65999984741211,11050.4697265625,11604.5498046875,26.040000915527344
2020-09-17,0.03727,0.0335,0.049960000000000004,0.00094,0.00159,1940.0,73.55069732666016,3357.010009765625,20.100000381469727,10910.2802734375,11516.099609375,26.459999084472656
2020-09-18,0.03666,0.0335,0.04966,0.00091,0.00167,1952.0999755859375,73.58360290527344,3319.469970703125,20.049999237060547,10793.2802734375,11504.9501953125,25.829999923706055
2020-09-21,0.03695,0.0337,0.049729999999999996,0.00086,0.00159,1901.199951171875,73.53479766845703,3281.06005859375,22.190000534057617,10778.7998046875,11250.5498046875,27.780000686645508
2020-09-22,0.03724,0.0339,0.049749999999999996,0.00099,0.00154,1898.5999755859375,73.57980346679688,3315.570068359375,21.40999984741211,10963.6396484375,11153.650390625,26.860000610351562
2020-09-23,0.036539999999999996,0.0338,0.049640000000000004,0.00099,0.0016200000000000001,1859.9000244140625,73.50299835205078,3236.919921875,20.989999771118164,10632.990234375,11131.849609375,28.579999923706055
2020-09-24,0.037450000000000004,0.0339,0.049710000000000004,0.00099,0.00159,1868.300048828125,73.77839660644531,3246.590087890625,23.510000228881836,10672.26953125,10805.5498046875,28.510000228881836
2020-09-25,0.03733,0.0339,0.04966,0.00101,0.00151,1857.699951171875,73.68240356445312,3298.4599609375,20.68000030517578,10913.5595703125,11050.25,26.3799991607666
2020-09-28,0.0375,0.0338,0.0499,0.00094,0.00149,1872.800048828125,73.69930267333984,3351.60009765625,19.56999969482422,11117.5302734375,11227.5498046875,26.190000534057617
2020-09-29,0.03754,0.0337,0.04966,0.00096,0.00149,1894.300048828125,73.9749984741211,3335.469970703125,19.770000457763672,11085.25,11222.400390625,26.270000457763672
2020-09-30,0.03708,0.0331,0.04939,0.00096,0.0016,1887.5,73.84500122070312,3363.0,19.530000686645508,11167.509765625,11247.5498046875,26.3700008392334
2020-10-01,0.035699999999999996,0.0326,0.049089999999999995,0.00091,0.0016,1908.4000244140625,73.70500183105469,3380.800048828125,18.350000381469727,11326.509765625,11416.9501953125,26.700000762939453
2020-10-02,0.035699999999999996,0.0326,0.049089999999999995,0.00091,0.00168,1900.199951171875,73.21700286865234,3348.419921875,18.350000381469727,11075.01953125,11416.9501953125,27.6299991607666
2020-10-05,0.03626,0.0332,0.048949999999999994,0.00096,0.00189,1912.5,73.32240295410156,3408.60009765625,19.700000762939453,11332.490234375,11503.349609375,27.959999084472656
2020-10-06,0.03617,0.0332,0.04887,0.00099,0.00181,1901.0999755859375,73.1082992553711,3360.969970703125,19.639999389648438,11154.599609375,11662.400390625,29.479999542236328
2020-10-07,0.03582,0.032799999999999996,0.04869,0.00099,0.00198,1883.5999755859375,73.81500244140625,3419.43994140625,20.059999465942383,11364.599609375,11738.849609375,28.059999465942383
2020-10-08,0.035859999999999996,0.032799999999999996,0.04855,0.00096,0.00196,1888.5999755859375,73.5425033569336,3446.830078125,20.3799991607666,11420.98046875,11834.599609375,26.360000610351562
2020-10-09,0.03572,0.0329,0.04754,0.00101,0.00201,1919.5,73.28050231933594,3477.139892578125,20.3799991607666,11579.9404296875,11914.2001953125,25.0
2020-10-12,0.03589,0.0329,0.04752,0.00101,0.00196,1922.5,73.01480102539062,3534.219970703125,21.1299991607666,11876.259765625,11930.9501953125,25.06999969482422
2020-10-13,0.03553,0.0329,0.04747,0.00099,0.0017699999999999999,1888.5,73.35079956054688,3511.929931640625,20.719999313354492,11863.900390625,11934.5,26.06999969482422
2020-10-14,0.03531,0.0329,0.04742,0.00106,0.0017699999999999999,1901.300048828125,73.62000274658203,3488.669921875,20.209999084472656,11768.73046875,11971.0498046875,26.399999618530273
2020-10-15,0.03521,0.032400000000000005,0.04718,0.00104,0.0018,1903.199951171875,73.29620361328125,3483.340087890625,22.059999465942383,11713.8701171875,11680.349609375,26.969999313354492
2020-10-16,0.03533,0.032400000000000005,0.047880000000000006,0.00096,0.00185,1900.800048828125,73.37100219726562,3483.81005859375,21.649999618530273,11671.5595703125,11762.4501953125,27.40999984741211
2020-10-19,0.0351,0.0325,0.04745,0.00096,0.00191,1906.4000244140625,73.44380187988281,3426.919921875,21.81999969482422,11478.8798828125,11873.0498046875,29.18000030517578
2020-10-20,0.035,0.0325,0.047080000000000004,0.00101,0.00191,1910.4000244140625,73.57499694824219,3443.1201171875,22.690000534057617,11516.490234375,11896.7998046875,29.350000381469727
2020-10-21,0.0349,0.0319,0.04687,0.00096,0.00196,1924.5999755859375,73.64749908447266,3435.56005859375,22.920000076293945,11484.6904296875,11937.650390625,28.649999618530273
2020-10-22,0.03453,0.0321,0.04678,0.00091,0.00207,1901.0999755859375,73.6812973022461,3453.489990234375,22.639999389648438,11506.009765625,11896.4501953125,28.110000610351562
2020-10-23,0.03436,0.0321,0.04625,0.00094,0.0020399999999999997,1902.0,73.72000122070312,3465.389892578125,21.829999923706055,11548.2802734375,11930.349609375,27.549999237060547
2020-10-26,0.03454,0.032400000000000005,0.04639,0.00089,0.00194,1902.699951171875,73.8228988647461,3400.969970703125,22.829999923706055,11358.9404296875,11767.75,32.459999084472656
2020-10-27,0.034300000000000004,0.032,0.04954,0.00096,0.0018599999999999999,1908.800048828125,73.94850158691406,3390.679931640625,22.200000762939453,11431.349609375,11889.400390625,33.349998474121094
2020-10-28,0.03447,0.0322,0.04657,0.00096,0.00183,1876.199951171875,73.80500030517578,3271.030029296875,23.280000686645508,11004.8701171875,11729.599609375,40.279998779296875
2020-10-29,0.03473,0.0323,0.04628,0.00094,0.00194,1865.5999755859375,74.44000244140625,3310.110107421875,24.020000457763672,11185.58984375,11670.7998046875,37.59000015258789
2020-10-30,0.03473,0.0323,0.04628,0.00094,0.00199,1877.4000244140625,74.26399993896484,3269.9599609375,24.75,10911.58984375,11642.400390625,38.02000045776367
2020-11-02,0.035339999999999996,0.032400000000000005,0.04642,0.00091,0.00199,1890.4000244140625,74.55049896240234,3310.239990234375,25.209999084472656,10957.6103515625,11669.150390625,37.130001068115234
2020-11-03,0.03524,0.0322,0.04643,0.00096,0.00213,1908.5,74.45680236816406,3369.159912109375,24.239999771118164,11160.5703125,11813.5,35.54999923706055
2020-11-04,0.03485,0.0323,0.04616,0.00094,0.0018599999999999999,1894.5999755859375,74.65560150146484,3443.43994140625,23.200000762939453,11590.7802734375,11908.5,29.56999969482422
2020-11-05,0.03489,0.0321,0.04566,0.00091,0.00189,1945.300048828125,74.37999725341797,3510.449951171875,20.969999313354492,11890.9296875,12120.2998046875,27.579999923706055
2020-11-06,0.03428,0.0316,0.0455,0.00094,0.00203,1950.300048828125,74.12000274658203,3509.43994140625,20.5,11895.23046875,12263.5498046875,24.860000610351562
2020-11-09,0.03374,0.0315,0.045439999999999994,0.00096,0.0023499999999999997,1853.199951171875,73.97979736328125,3550.5,20.110000610351562,11713.7802734375,12461.0498046875,25.75
2020-11-10,0.03436,0.0323,0.04578,0.00096,0.00253,1875.4000244140625,73.95320129394531,3545.530029296875,21.579999923706055,11553.8603515625,12631.099609375,24.799999237060547
2020-11-11,0.034249999999999996,0.0321,0.0455,0.00096,0.0025800000000000003,1860.699951171875,74.28160095214844,3572.659912109375,22.030000686645508,11786.4296875,12749.150390625,23.450000762939453
2020-11-12,0.034,0.031400000000000004,0.04551,0.00091,0.00232,1872.5999755859375,74.56999969482422,3537.010009765625,20.6200008392334,11709.58984375,12690.7998046875,25.350000381469727
2020-11-13,0.03325,0.031400000000000004,0.04517,0.00091,0.0023699999999999997,1885.699951171875,74.86499786376953,3585.14990234375,19.700000762939453,11829.2900390625,12719.9501953125,23.100000381469727
2020-11-16,0.03325,0.031400000000000004,0.04517,0.00084,0.00234,1887.300048828125,74.48770141601562,3626.909912109375,19.700000762939453,11924.1298828125,12719.9501953125,22.450000762939453
2020-11-17,0.03313,0.031400000000000004,0.04498,0.00086,0.0022400000000000002,1884.5,74.41809844970703,3609.530029296875,19.799999237060547,11899.33984375,12874.2001953125,22.709999084472656
2020-11-18,0.033620000000000004,0.030899999999999997,0.044989999999999995,0.00086,0.00229,1873.5,74.47969818115234,3567.7900390625,19.1200008392334,11801.599609375,12938.25,23.84000015258789
2020-11-19,0.03351,0.0298,0.04475,0.00066,0.00221,1861.0999755859375,74.41999816894531,3581.8701171875,19.56999969482422,11904.7099609375,12771.7001953125,23.110000610351562
2020-11-20,0.033780000000000004,0.029900000000000003,0.04418999999999999,0.00068,0.00208,1872.5999755859375,74.09960174560547,3557.5400390625,19.6200008392334,11854.9697265625,12859.0498046875,23.700000762939453
2020-11-23,0.03382,0.03,0.0443,0.0007599999999999999,0.00218,1837.800048828125,74.16239929199219,3577.590087890625,20.799999237060547,11880.6298828125,12926.4501953125,22.65999984741211
2020-11-24,0.03354,0.0304,0.04408,0.00086,0.00218,1804.800048828125,74.24490356445312,3635.409912109375,21.059999465942383,12036.7900390625,13055.150390625,21.639999389648438
2020-11-25,0.03342,0.0298,0.04413,0.00086,0.00208,1805.699951171875,73.96080017089844,3629.64990234375,23.1299991607666,12094.400390625,12858.400390625,21.25
2020-11-26,0.03315,0.0294,0.04385,0.00097,0.0020499999999999997,1805.699951171875,73.77989959716797,3629.64990234375,20.020000457763672,12094.400390625,12987.0,21.25
2020-11-27,0.0333,0.029300000000000003,0.04421,0.0008100000000000001,0.00197,1781.9000244140625,74.04879760742188,3638.35009765625,19.81999969482422,12205.849609375,12968.9501953125,20.84000015258789
2020-11-30,0.0333,0.029300000000000003,0.04421,0.0008100000000000001,0.00189,1775.699951171875,73.94090270996094,3621.6298828125,19.81999969482422,12198.740234375,12968.9501953125,20.56999969482422
2020-12-01,0.0377,0.0296,0.044509999999999994,0.00086,0.00221,1814.0999755859375,74.02519989013672,3662.449951171875,20.18000030517578,12355.1103515625,13109.0498046875,20.770000457763672
2020-12-02,0.03692,0.0302,0.04475,0.0008100000000000001,0.00215,1825.699951171875,73.65499877929688,3669.010009765625,19.90999984741211,12349.3701171875,13113.75,21.170000076293945
2020-12-03,0.03787,0.0305,0.04496000000000001,0.0008100000000000001,0.00202,1836.800048828125,73.66259765625,3666.719970703125,19.0,12377.1796875,13133.900390625,21.280000686645508
2020-12-04,0.03689,0.0301,0.04431,0.0008100000000000001,0.00215,1835.9000244140625,73.86489868164062,3699.1201171875,18.030000686645508,12464.23046875,13258.5498046875,20.790000915527344
2020-12-07,0.03694,0.030299999999999997,0.04487,0.0007599999999999999,0.00199,1861.800048828125,73.79029846191406,3691.9599609375,18.020000457763672,12519.9501953125,13355.75,21.299999237060547
2020-12-08,0.03707,0.030299999999999997,0.04505,0.00079,0.0020499999999999997,1870.800048828125,74.0199966430664,3702.25,18.6200008392334,12582.76953125,13392.9501953125,20.68000030517578
2020-12-09,0.0375,0.030699999999999998,0.04496000000000001,0.0007599999999999999,0.00216,1834.5999755859375,73.72640228271484,3672.820068359375,18.920000076293945,12338.9501953125,13529.099609375,22.270000457763672
2020-12-10,0.03732,0.0308,0.044770000000000004,0.00079,0.00196,1833.5999755859375,73.93499755859375,3668.10009765625,18.709999084472656,12405.8095703125,13478.2998046875,22.520000457763672
2020-12-11,0.03724,0.0311,0.04491,0.0007099999999999999,0.0017699999999999999,1839.800048828125,73.72669982910156,3663.4599609375,18.790000915527344,12377.8701171875,13513.849609375,23.309999465942383
2020-12-14,0.03721,0.0311,0.04472,0.0007099999999999999,0.0017499999999999998,1828.699951171875,73.73799896240234,3647.489990234375,19.399999618530273,12440.0400390625,13558.150390625,24.719999313354492
2020-12-15,0.03703,0.0311,0.0446,0.0007599999999999999,0.0017499999999999998,1852.300048828125,73.86000061035156,3694.6201171875,19.350000381469727,12595.0595703125,13567.849609375,22.889999389648438
2020-12-16,0.03716,0.031200000000000002,0.04441,0.0008100000000000001,0.0017699999999999999,1856.0999755859375,73.75980377197266,3701.169921875,19.200000762939453,12658.1904296875,13682.7001953125,22.5
2020-12-17,0.037290000000000004,0.0313,0.04439,0.00086,0.00185,1887.199951171875,73.6166000366211,3722.47998046875,19.15999984741211,12764.75,13740.7001953125,21.93000030517578
2020-12-18,0.03666,0.0311,0.04418999999999999,0.00086,0.0018,1885.699951171875,73.52980041503906,3709.409912109375,18.6200008392334,12755.6396484375,13760.5498046875,21.56999969482422
2020-12-21,0.03796,0.0313,0.0446,0.00089,0.0018,1879.199951171875,73.60359954833984,3694.919921875,23.190000534057617,12742.51953125,13328.400390625,25.15999984741211
2020-12-22,0.03723,0.031400000000000004,0.044509999999999994,0.00089,0.0017000000000000001,1866.5999755859375,73.935302734375,3687.260009765625,21.989999771118164,12807.919921875,13466.2998046875,24.229999542236328
2020-12-23,0.037360000000000004,0.0313,0.04458,0.00086,0.00172,1874.699951171875,74.2699966430664,3690.010009765625,20.5,12771.1103515625,13601.099609375,23.309999465942383
2020-12-24,0.03828,0.0313,0.04443,0.00089,0.00167,1879.9000244140625,73.83979797363281,3703.06005859375,19.969999313354492,12804.73046875,13749.25,21.530000686645508
2020-12-25,0.03828,0.0313,0.04443,0.00089,0.00167,1879.9000244140625,73.55780029296875,3703.06005859375,19.969999313354492,12804.73046875,13749.25,21.530000686645508
2020-12-28,0.03881,0.031200000000000002,0.044640000000000006,0.00094,0.00167,1877.199951171875,73.68900299072266,3735.360107421875,20.43000030517578,12899.419921875,13873.2001953125,21.700000762939453
2020-12-29,0.037200000000000004,0.0311,0.04469,0.00096,0.0017299999999999998,1879.699951171875,73.5448989868164,3727.0400390625,20.790000915527344,12850.2197265625,13932.599609375,23.079999923706055
2020-12-30,0.03741,0.030699999999999998,0.044320000000000005,0.0008100000000000001,0.00167,1891.0,73.45359802246094,3732.0400390625,21.110000610351562,12870.0,13981.9501953125,22.770000457763672
2020-12-31,0.03762,0.030699999999999998,0.044059999999999995,0.00079,0.00168,1893.0999755859375,73.13400268554688,3756.070068359375,21.100000381469727,12888.2802734375,13981.75,22.75
2021-01-01,0.03706,0.030299999999999997,0.04399,0.00079,0.00168,1893.0999755859375,73.08920288085938,3756.070068359375,21.100000381469727,12888.2802734375,14018.5,22.75
2021-01-04,0.03695,0.030299999999999997,0.0436,0.00079,0.0016200000000000001,1944.699951171875,73.09200286865234,3700.64990234375,20.030000686645508,12698.4501953125,14132.900390625,26.969999313354492
2021-01-05,0.03693,0.0305,0.043440000000000006,0.00084,0.0017299999999999998,1952.699951171875,73.31999969482422,3726.860107421875,20.459999084472656,12818.9599609375,14199.5,25.34000015258789
2021-01-06,0.03682,0.0308,0.04372,0.00089,0.00202,1906.9000244140625,73.37480163574219,3748.139892578125,21.0,12740.7900390625,14146.25,25.06999969482422
2021-01-07,0.036469999999999995,0.0305,0.0437,0.00086,0.00213,1912.300048828125,73.36000061035156,3803.7900390625,20.6200008392334,13067.48046875,14137.349609375,22.3700008392334
2021-01-08,0.036699999999999997,0.030600000000000002,0.043899999999999995,0.00086,0.0022400000000000002,1834.0999755859375,73.44599914550781,3824.679931640625,20.639999389648438,13201.98046875,14347.25,21.559999465942383
2021-01-11,0.03814,0.032799999999999996,0.04533,0.00086,0.0022400000000000002,1849.5999755859375,73.37339782714844,3799.610107421875,22.3799991607666,13036.4296875,14484.75,24.079999923706055
2021-01-12,0.04032,0.032799999999999996,0.04578,0.00086,0.00232,1842.9000244140625,73.51349639892578,3801.18994140625,22.850000381469727,13072.4296875,14563.4501953125,23.329999923706055
2021-01-13,0.03891,0.0327,0.04654,0.00086,0.0022400000000000002,1853.5999755859375,73.16500091552734,3809.840087890625,23.290000915527344,13128.9501953125,14564.849609375,22.209999084472656
2021-01-14,0.03913,0.0331,0.046689999999999995,0.0008100000000000001,0.0022400000000000002,1850.300048828125,73.1698989868164,3795.5400390625,23.030000686645508,13112.6396484375,14595.599609375,23.25
2021-01-15,0.039060000000000004,0.0329,0.04656,0.0008100000000000001,0.0020599999999999998,1829.300048828125,73.08760070800781,3768.25,24.010000228881836,12998.5,14433.7001953125,24.34000015258789
2021-01-18,0.0392,0.0331,0.04702,0.0008100000000000001,0.00212,1829.300048828125,73.15899658203125,3768.25,24.399999618530273,12998.5,14281.2998046875,24.34000015258789
2021-01-19,0.03959,0.0333,0.04683,0.00089,0.00201,1839.5,73.1886978149414,3798.909912109375,22.899999618530273,13197.1796875,14521.150390625,23.239999771118164
2021-01-20,0.03924,0.0332,0.047119999999999995,0.0008100000000000001,0.00193,1865.9000244140625,73.19190216064453,3851.85009765625,21.549999237060547,13457.25,14644.7001953125,21.579999923706055
2021-01-21,0.03954,0.0332,0.04713,0.0008100000000000001,0.00191,1865.300048828125,72.91089630126953,3853.070068359375,22.18000030517578,13530.91015625,14590.349609375,21.31999969482422
2021-01-22,0.03964,0.0332,0.0471,0.00079,0.00188,1855.699951171875,72.95490264892578,3841.469970703125,22.18000030517578,13543.0595703125,14371.900390625,21.90999984741211
2021-01-25,0.03968,0.0337,0.05005,0.0007599999999999999,0.00178,1854.9000244140625,72.99590301513672,3855.360107421875,23.25,13635.990234375,14238.900390625,23.190000534057617
2021-01-26,0.03968,0.0337,0.05005,0.00079,0.00178,1850.699951171875,72.97000122070312,3849.6201171875,23.25,13626.0595703125,14238.900390625,23.020000457763672
2021-01-27,0.03957,0.0333,0.04735,0.0007099999999999999,0.00178,1844.9000244140625,72.91999816894531,3750.77001953125,24.389999389648438,13270.599609375,13967.5,37.209999084472656
2021-01-28,0.03904,0.0336,0.04698,0.00063,0.0018599999999999999,1837.9000244140625,73.03710174560547,3787.3798828125,24.290000915527344,13337.16015625,13817.5498046875,30.209999084472656
2021-01-29,0.03904,0.0337,0.047080000000000004,0.00058,0.0017499999999999998,1847.300048828125,72.93879699707031,3714.239990234375,25.34000015258789,13070.6904296875,13634.599609375,33.09000015258789
2021-02-01,0.04176,0.0335,0.04813,0.0005600000000000001,0.0017299999999999998,1860.800048828125,72.90660095214844,3773.860107421875,23.31999969482422,13403.3896484375,14281.2001953125,30.239999771118164
2021-02-02,0.04045,0.0336,0.04993,0.0005600000000000001,0.00178,1830.5,73.11979675292969,3826.31005859375,23.350000381469727,13612.7802734375,14647.849609375,25.559999465942383
2021-02-03,0.039830000000000004,0.0338,0.04878999999999999,0.00046,0.00189,1832.199951171875,72.91629791259766,3830.169921875,23.75,13610.5400390625,14789.9501953125,22.90999984741211
2021-02-04,0.0398,0.0338,0.04863000000000001,0.00037999999999999997,0.0018599999999999999,1788.9000244140625,72.85800170898438,3871.739990234375,23.1200008392334,13777.740234375,14895.650390625,21.770000457763672
2021-02-05,0.0406,0.0337,0.049409999999999996,0.00033,0.00181,1810.9000244140625,72.9457015991211,3886.830078125,23.420000076293945,13856.2998046875,14924.25,20.8700008392334
2021-02-08,0.04058,0.0337,0.04886,0.0003,0.00189,1831.9000244140625,72.78479766845703,3915.590087890625,23.959999084472656,13987.6396484375,15115.7998046875,21.239999771118164
2021-02-09,0.040650000000000006,0.0338,0.04965,0.00041,0.00187,1835.300048828125,72.92990112304688,3911.22998046875,24.270000457763672,14007.7001953125,15109.2998046875,21.6299991607666
2021-02-10,0.040190000000000003,0.0338,0.049240000000000006,0.00041,0.00185,1840.5999755859375,72.85489654541016,3909.8798828125,23.950000762939453,13972.5302734375,15106.5,21.989999771118164
2021-02-11,0.04025,0.0335,0.04873,0.00041,0.00188,1824.9000244140625,72.80729675292969,3916.3798828125,23.049999237060547,14025.76953125,15173.2998046875,21.25
2021-02-12,0.04027,0.0333,0.05143,0.00041,0.00196,1821.5999755859375,72.70950317382812,3934.830078125,22.040000915527344,14095.4697265625,15163.2998046875,19.969999313354492
2021-02-15,0.04025,0.0332,0.051269999999999996,0.00041,0.00209,1821.5999755859375,72.59480285644531,3934.830078125,22.040000915527344,14095.4697265625,15314.7001953125,19.969999313354492
2021-02-16,0.040229999999999995,0.0331,0.048760000000000005,0.00041,0.0023,1797.199951171875,72.63870239257812,3932.590087890625,21.780000686645508,14047.5,15313.4501953125,21.459999084472656
2021-02-17,0.04029,0.0331,0.04885,0.00041,0.00209,1771.0999755859375,72.93499755859375,3931.330078125,21.780000686645508,13965.490234375,15208.900390625,21.5
2021-02-18,0.040830000000000005,0.0323,0.048760000000000005,0.00037999999999999997,0.0020599999999999998,1773.4000244140625,72.79730224609375,3913.969970703125,21.540000915527344,13865.3603515625,15118.9501953125,22.489999771118164
2021-02-19,0.040830000000000005,0.0323,0.048760000000000005,0.00033,0.00214,1775.800048828125,72.60540008544922,3906.7099609375,22.25,13874.4599609375,14981.75,22.049999237060547
2021-02-22,0.04072,0.0321,0.05024,0.0003,0.00228,1806.699951171875,72.5530014038086,3876.5,25.469999313354492,13533.0498046875,14675.7001953125,23.450000762939453
2021-02-23,0.04043,0.0322,0.05011,0.00033,0.00215,1804.4000244140625,72.44400024414062,3881.3701171875,25.229999542236328,13465.2001953125,14707.7998046875,23.110000610351562
2021-02-24,0.04041,0.0321,0.04984,0.00033,0.0023799999999999997,1796.4000244140625,72.37699890136719,3925.429931640625,24.170000076293945,13597.9697265625,14982.0,21.34000015258789
2021-02-25,0.04047,0.0318,0.05003,0.00043,0.0035499999999999998,1774.4000244140625,72.4000015258789,3829.340087890625,22.889999389648438,13119.4296875,15097.349609375,28.889999389648438
2021-02-26,0.040709999999999996,0.0317,0.0504,0.00041,0.0028100000000000004,1728.0999755859375,73.1509017944336,3811.14990234375,28.139999389648438,13192.349609375,14529.150390625,27.950000762939453
2021-03-01,0.04105,0.0322,0.05006,0.00035000000000000005,0.00252,1722.5,73.59590148925781,3901.820068359375,25.6299991607666,13588.830078125,14761.5498046875,23.350000381469727
2021-03-02,0.04122,0.0322,0.05022,0.00041,0.0025,1733.0999755859375,73.30940246582031,3870.2900390625,23.610000610351562,13358.7900390625,14919.099609375,24.100000381469727
2021-03-03,0.0412,0.0326,0.05041,0.00041,0.0029,1715.300048828125,73.27749633789062,3819.719970703125,22.09000015258789,12997.75,15245.599609375,26.670000076293945
2021-03-04,0.04099,0.0325,0.049850000000000005,0.00037999999999999997,0.00306,1700.199951171875,72.88069915771484,3768.469970703125,24.149999618530273,12723.4697265625,15080.75,28.56999969482422
2021-03-05,0.04111,0.032799999999999996,0.05026,0.00037999999999999997,0.00312,1698.0,73.13179779052734,3841.93994140625,25.559999465942383,12920.150390625,14938.099609375,24.65999984741211
2021-03-08,0.041280000000000004,0.0331,0.05056,0.00041,0.00344,1677.699951171875,73.1333999633789,3821.35009765625,24.68000030517578,12609.16015625,14956.2001953125,25.469999313354492
2021-03-09,0.041159999999999995,0.0332,0.050910000000000004,0.00041,0.00318,1716.5999755859375,73.33000183105469,3875.43994140625,22.5,13073.8203125,15098.400390625,24.030000686645508
2021-03-10,0.0414,0.0332,0.0508,0.00041,0.0032600000000000003,1721.5,72.7759017944336,3898.81005859375,20.75,13068.830078125,15174.7998046875,22.559999465942383
2021-03-11,0.0414,0.0332,0.0508,0.00037999999999999997,0.00318,1722.300048828125,72.70600128173828,3939.340087890625,20.75,13398.669921875,15174.7998046875,21.90999984741211
2021-03-12,0.041429999999999995,0.033,0.05103,0.0003,0.0033900000000000002,1719.5,72.63899993896484,3943.340087890625,21.709999084472656,13319.8603515625,15030.9501953125,20.690000534057617
2021-03-15,0.0417,0.0333,0.05141,0.00025,0.00336,1728.9000244140625,72.68299865722656,3968.93994140625,21.229999542236328,13459.7099609375,14929.5,20.030000686645508
2021-03-16,0.041870000000000004,0.0335,0.05136,0.00017999999999999998,0.0033900000000000002,1730.5999755859375,72.51529693603516,3962.7099609375,20.190000534057617,13471.5703125,14910.4501953125,19.790000915527344
2021-03-17,0.04166,0.0335,0.051230000000000005,0.00017999999999999998,0.0030499999999999998,1726.800048828125,72.5156021118164,3974.1201171875,20.15999984741211,13525.2001953125,14721.2998046875,19.229999542236328
2021-03-18,0.041159999999999995,0.0332,0.05069,0.00015,0.0032600000000000003,1732.199951171875,72.29560089111328,3915.4599609375,20.079999923706055,13116.169921875,14557.849609375,21.579999923706055
2021-03-19,0.0409,0.0333,0.05016,0.0001,0.00334,1741.4000244140625,72.6688003540039,3913.10009765625,19.989999771118164,13215.240234375,14744.0,20.950000762939453
2021-03-22,0.04029,0.0333,0.0501,0.0001,0.00321,1737.800048828125,72.40499877929688,3940.590087890625,20.489999771118164,13377.5400390625,14736.400390625,18.8799991607666
2021-03-23,0.04056,0.0333,0.04967,0.00015,0.0030499999999999998,1724.699951171875,72.38050079345703,3910.52001953125,20.670000076293945,13227.7001953125,14814.75,20.299999237060547
2021-03-24,0.04102,0.0333,0.049690000000000005,0.0002,0.00306,1732.9000244140625,72.61219787597656,3889.139892578125,22.459999084472656,12961.8896484375,14549.400390625,21.200000762939453
2021-03-25,0.040220000000000006,0.0332,0.049409999999999996,0.0002,0.00295,1724.9000244140625,72.64559936523438,3909.52001953125,22.700000762939453,12977.6796875,14324.900390625,19.809999465942383
2021-03-26,0.040119999999999996,0.0331,0.049109999999999994,0.0002,0.00308,1732.199951171875,72.61280059814453,3974.5400390625,20.649999618530273,13138.73046875,14507.2998046875,18.860000610351562
2021-03-29,0.040119999999999996,0.0331,0.049109999999999994,0.00015,0.00319,1712.0999755859375,72.44719696044922,3971.090087890625,20.649999618530273,13059.650390625,14507.2998046875,20.739999771118164
2021-03-30,0.03989,0.0331,0.04932,0.00023,0.0032700000000000003,1683.9000244140625,72.74189758300781,3958.550048828125,20.489999771118164,13045.3896484375,14845.099609375,19.610000610351562
2021-03-31,0.03926,0.0327,0.04929,0.00023,0.0034899999999999996,1713.800048828125,73.44529724121094,3972.889892578125,20.649999618530273,13246.8701171875,14690.7001953125,19.399999618530273
2021-04-01,0.03926,0.0327,0.04929,0.00017999999999999998,0.00338,1726.5,73.20349884033203,4019.8701171875,19.989999771118164,13480.1103515625,14867.349609375,17.329999923706055
2021-04-02,0.03926,0.0327,0.04929,0.0002,0.00338,1726.5,73.28730010986328,4019.8701171875,19.989999771118164,13480.1103515625,14867.349609375,17.329999923706055
2021-04-05,0.03883,0.0325,0.04816,0.0002,0.0036,1727.0,73.3759994506836,4077.909912109375,21.219999313354492,13705.58984375,14637.7998046875,17.90999984741211
2021-04-06,0.038900000000000004,0.032799999999999996,0.048209999999999996,0.0002,0.00336,1741.5,73.27950286865234,4073.93994140625,20.84000015258789,13698.3798828125,14683.5,18.1200008392334
2021-04-07,0.03978,0.0325,0.048490000000000005,0.00015,0.00333,1740.0999755859375,73.48999786376953,4079.949951171875,20.25,13688.83984375,14819.0498046875,17.15999984741211
2021-04-08,0.04046,0.0334,0.04835,0.00015,0.0032,1756.800048828125,74.40149688720703,4097.169921875,20.309999465942383,13829.3095703125,14873.7998046875,16.950000762939453
2021-04-09,0.03987,0.0334,0.04896,0.00013,0.00336,1743.300048828125,74.54450225830078,4128.7998046875,19.790000915527344,13900.1904296875,14834.849609375,16.690000534057617
2021-04-12,0.04208,0.0335,0.049080000000000006,0.00017999999999999998,0.0035199999999999997,1731.199951171875,74.72949981689453,4127.990234375,23.0,13850.0,14310.7998046875,16.90999984741211
2021-04-13,0.04208,0.0335,0.049080000000000006,0.0002,0.0035099999999999997,1746.199951171875,74.99099731445312,4141.58984375,20.459999084472656,13996.099609375,14504.7998046875,16.649999618530273
2021-04-14,0.04208,0.0335,0.049080000000000006,0.0002,0.00357,1734.9000244140625,75.18150329589844,4124.66015625,20.459999084472656,13857.83984375,14504.7998046875,16.989999771118164
2021-04-15,0.03928,0.0334,0.04905,0.00015,0.0034100000000000003,1765.4000244140625,75.0261001586914,4170.419921875,20.889999389648438,14038.759765625,14581.4501953125,16.56999969482422
2021-04-16,0.03918,0.0334,0.04899,0.00017999999999999998,0.0034599999999999995,1779.0,74.72740173339844,4185.47021484375,20.399999618530273,14052.33984375,14617.849609375,16.25
2021-04-19,0.03936,0.0335,0.04859,0.0002,0.0034100000000000003,1769.4000244140625,74.56320190429688,4163.259765625,22.489999771118164,13914.76953125,14359.4501953125,17.290000915527344
2021-04-20,0.03888,0.0334,0.048920000000000005,0.00025,0.00322,1777.300048828125,74.8781967163086,4134.93994140625,22.43000030517578,13786.26953125,14296.400390625,18.68000030517578
2021-04-21,0.03888,0.0334,0.048920000000000005,0.00023,0.0032,1792.300048828125,75.44920349121094,4173.419921875,22.43000030517578,13950.2197265625,14296.400390625,17.5
2021-04-22,0.03864,0.0335,0.04853,0.0002,0.00314,1781.199951171875,75.42949676513672,4134.97998046875,23.030000686645508,13818.41015625,14406.150390625,18.709999084472656
2021-04-23,0.03843,0.0333,0.04808,0.0002,0.00335,1777.0,75.0916976928711,4180.169921875,22.690000534057617,14016.8095703125,14341.349609375,17.329999923706055
2021-04-26,0.038610000000000005,0.0333,0.047869999999999996,0.00015,0.0034300000000000003,1779.199951171875,74.86810302734375,4187.6201171875,23.5,14138.7802734375,14485.0,17.639999389648438
2021-04-27,0.03836,0.0333,0.04781,0.00015,0.00359,1778.0,74.81490325927734,4186.72021484375,23.079999923706055,14090.2197265625,14653.0498046875,17.559999465942383
2021-04-28,0.03833,0.0333,0.04771,0.00017999999999999998,0.00335,1773.199951171875,74.57499694824219,4183.18017578125,22.579999923706055,14051.0302734375,14864.5498046875,17.280000686645508
2021-04-29,0.03818,0.0334,0.0478,0.00013,0.00338,1768.0999755859375,74.31179809570312,4211.47021484375,23.309999465942383,14082.5498046875,14894.900390625,17.610000610351562
2021-04-30,0.03819,0.0333,0.047729999999999995,0.00013,0.00332,1767.300048828125,74.10579681396484,4181.169921875,23.030000686645508,13962.6796875,14631.099609375,18.610000610351562
2021-05-03,0.03804,0.0334,0.04759,0.00015,0.00322,1791.4000244140625,74.09480285644531,4192.66015625,23.690000534057617,13895.1201171875,14634.150390625,18.309999465942383
2021-05-04,0.03671,0.0333,0.04768,0.00015,0.00319,1775.800048828125,73.8375015258789,4164.66015625,23.010000228881836,13633.5,14496.5,19.479999542236328
2021-05-05,0.03841,0.0334,0.04755,0.00017999999999999998,0.00308,1784.0999755859375,73.77890014648438,4167.58984375,23.010000228881836,13582.419921875,14617.849609375,19.149999618530273
2021-05-06,0.03826,0.0337,0.04737,0.00015,0.00311,1815.5,73.79940032958984,4201.6201171875,22.040000915527344,13632.83984375,14724.7998046875,18.389999389648438
2021-05-07,0.03848,0.0336,0.0473,0.00015,0.00292,1831.0999755859375,73.61519622802734,4232.60009765625,20.81999969482422,13752.240234375,14823.150390625,16.690000534057617
2021-05-10,0.03823,0.0338,0.047279999999999996,0.0001,0.00297,1837.5,73.29029846191406,4188.43017578125,20.229999542236328,13401.8603515625,14942.349609375,19.65999984741211
2021-05-11,0.037200000000000004,0.0338,0.04729,0.00015,0.0030299999999999997,1835.9000244140625,73.5,4152.10009765625,20.229999542236328,13389.4296875,14850.75,21.84000015258789
2021-05-12,0.03801,0.0339,0.04721,0.00015,0.0035499999999999998,1822.5999755859375,73.3750991821289,4063.0400390625,20.079999923706055,13031.6796875,14696.5,27.59000015258789
2021-05-13,0.03801,0.0339,0.04721,0.00013,0.00337,1823.800048828125,73.68160247802734,4112.5,20.079999923706055,13124.990234375,14696.5,23.1299991607666
2021-05-14,0.03789,0.0339,0.04721,0.0001,0.00329,1837.9000244140625,73.44490051269531,4173.85009765625,20.270000457763672,13429.98046875,14677.7998046875,18.809999465942383
2021-05-17,0.03786,0.034,0.04719,0.0001,0.00337,1867.5,73.27890014648438,4163.2900390625,19.610000610351562,13379.0498046875,14923.150390625,19.719999313354492
2021-05-18,0.03714,0.0338,0.047119999999999995,0.00015,0.0032600000000000003,1867.800048828125,73.26969909667969,4127.830078125,19.239999771118164,13303.6396484375,15108.099609375,21.34000015258789
2021-05-19,0.03812,0.0339,0.046950000000000006,0.00015,0.0034999999999999996,1881.300048828125,73.1281967163086,4115.68017578125,19.31999969482422,13299.740234375,15030.150390625,22.18000030517578
2021-05-20,0.03672,0.034,0.046849999999999996,8e-05,0.0032400000000000003,1881.800048828125,73.222900390625,4159.1201171875,19.31999969482422,13535.740234375,14906.0498046875,20.670000076293945
2021-05-21,0.03717,0.0339,0.04673,5e-05,0.00329,1876.699951171875,73.02189636230469,4155.85986328125,19.079999923706055,13470.990234375,15175.2998046875,20.149999618530273
2021-05-24,0.03724,0.0338,0.04671,0.0001,0.00321,1884.5999755859375,72.90979766845703,4197.0498046875,19.1299991607666,13661.169921875,15197.7001953125,18.399999618530273
2021-05-25,0.03774,0.0341,0.04639,0.00015,0.0030299999999999997,1898.0999755859375,72.83660125732422,4188.1298828125,19.1299991607666,13657.169921875,15208.4501953125,18.84000015258789
2021-05-26,0.03774,0.0341,0.04639,0.0001,0.00306,1901.300048828125,72.80490112304688,4195.990234375,20.8700008392334,13738.0,15301.4501953125,17.360000610351562
2021-05-27,0.03712,0.0341,0.046790000000000005,0.0001,0.00306,1895.699951171875,72.67250061035156,4200.8798828125,19.90999984741211,13736.2802734375,15337.849609375,16.739999771118164
2021-05-28,0.036989999999999995,0.0341,0.04686,0.00013,0.00292,1902.5,72.68299865722656,4204.10986328125,17.399999618530273,13748.740234375,15435.650390625,16.760000228881836
2021-05-31,0.03765,0.0341,0.04699,0.00015,0.00301,1902.5,72.39350128173828,4204.10986328125,17.399999618530273,13748.740234375,15582.7998046875,16.760000228881836
2021-06-01,0.03927,0.0342,0.04693,0.00015,0.0030299999999999997,1902.9000244140625,72.48719787597656,4202.0400390625,17.389999389648438,13736.48046875,15574.849609375,17.899999618530273
2021-06-02,0.03897,0.0342,0.046740000000000004,0.0002,0.0030299999999999997,1907.5,72.8550033569336,4208.1201171875,17.209999084472656,13756.330078125,15576.2001953125,17.479999542236328
2021-06-03,0.03828,0.0344,0.046799999999999994,0.0002,0.0032500000000000003,1871.199951171875,72.96510314941406,4192.85009765625,15.75,13614.509765625,15690.349609375,18.040000915527344
2021-06-04,0.03834,0.034300000000000004,0.04676,0.0002,0.0030299999999999997,1889.800048828125,73.04419708251953,4229.89013671875,15.9399995803833,13814.490234375,15670.25,16.420000076293945
2021-06-07,0.03902,0.0342,0.04650000000000001,0.00025,0.00309,1896.800048828125,72.90969848632812,4226.52001953125,15.569999694824219,13881.7197265625,15751.650390625,16.420000076293945
2021-06-08,0.038220000000000004,0.034300000000000004,0.0462,0.00025,0.0030299999999999997,1892.199951171875,72.80940246582031,4227.259765625,15.229999542236328,13924.91015625,15740.099609375,17.06999969482422
2021-06-09,0.0397,0.0341,0.046180000000000006,0.00025,0.00315,1893.199951171875,72.97530364990234,4219.5498046875,14.75,13911.75,15635.349609375,17.889999389648438
2021-06-10,0.038290000000000005,0.0341,0.045880000000000004,0.00025,0.00292,1894.199951171875,72.98529815673828,4239.18017578125,15.0,14020.330078125,15737.75,16.100000381469727
2021-06-11,0.03894,0.0341,0.04561,0.00028000000000000003,0.0031,1877.4000244140625,73.01229858398438,4247.43994140625,14.100000381469727,14069.419921875,15799.349609375,15.649999618530273
2021-06-14,0.03913,0.0342,0.04566,0.00025,0.00334,1864.0,73.23159790039062,4255.14990234375,14.720000267028809,14174.1396484375,15811.849609375,16.389999389648438
2021-06-15,0.039830000000000004,0.0341,0.0463,0.00025,0.00336,1854.5,73.18080139160156,4246.58984375,14.609999656677246,14072.8603515625,15869.25,17.020000457763672
2021-06-16,0.0392,0.0344,0.046509999999999996,0.00048,0.00416,1859.5,73.3447036743164,4223.7001953125,14.869999885559082,14039.6796875,15767.5498046875,18.149999618530273
2021-06-17,0.0398,0.0347,0.046959999999999995,0.00037999999999999997,0.00434,1773.800048828125,73.8240966796875,4221.85986328125,15.289999961853027,14161.349609375,15691.400390625,17.75
2021-06-18,0.03904,0.0348,0.04617,0.00041,0.00469,1767.9000244140625,74.25389862060547,4166.4501953125,14.800000190734863,14030.3798828125,15683.349609375,20.700000762939453
2021-06-21,0.03975,0.0345,0.04714,0.00041,0.004719999999999999,1781.800048828125,74.1438980102539,4224.7900390625,15.0600004196167,14141.48046875,15746.5,17.889999389648438
2021-06-22,0.039740000000000004,0.0347,0.04775,0.00043,0.0044,1776.300048828125,74.13520050048828,4246.43994140625,14.739999771118164,14253.26953125,15772.75,16.65999984741211
2021-06-23,0.03993,0.0346,0.04809,0.00046,0.00462,1782.300048828125,74.33219909667969,4241.83984375,15.369999885559082,14271.73046875,15686.9501953125,16.31999969482422
2021-06-24,0.04002,0.034300000000000004,0.04807,0.00053,0.00475,1775.5999755859375,74.24690246582031,4266.490234375,15.100000381469727,14369.7099609375,15790.4501953125,15.970000267028809
2021-06-25,0.04041,0.0342,0.04819,0.00053,0.0047599999999999995,1776.5999755859375,74.19029998779297,4280.7001953125,13.369999885559082,14360.3896484375,15860.349609375,15.619999885559082
2021-06-28,0.04008,0.0344,0.049139999999999996,0.0005099999999999999,0.0046300000000000004,1779.5999755859375,74.21299743652344,4290.60986328125,13.399999618530273,14500.509765625,15814.7001953125,15.760000228881836
2021-06-29,0.040490000000000005,0.0341,0.04875,0.0005099999999999999,0.0046,1762.800048828125,74.285400390625,4291.7998046875,13.0,14528.330078125,15748.4501953125,16.020000457763672
2021-06-30,0.0409,0.034,0.04893,0.00046,0.0046300000000000004,1770.800048828125,74.28759765625,4297.5,13.050000190734863,14503.9501953125,15721.5,15.829999923706055
2021-07-01,0.04072,0.034,0.048780000000000004,0.00048,0.00466,1775.9000244140625,74.37100219726562,4319.93994140625,12.84000015258789,14522.3798828125,15680.0,15.479999542236328
2021-07-02,0.04062,0.0341,0.04884,0.0005099999999999999,0.00443,1782.5999755859375,74.54499816894531,4352.33984375,12.09000015258789,14639.330078125,15722.2001953125,15.069999694824219
2021-07-05,0.04061,0.0341,0.04869,0.00046,0.00437,1782.5999755859375,74.48179626464844,4352.33984375,12.09000015258789,14639.330078125,15834.349609375,15.069999694824219
2021-07-06,0.04061,0.0342,0.049400000000000006,0.00048,0.004030000000000001,1793.5,74.31780242919922,4343.5400390625,12.279999732971191,14663.6396484375,15818.25,16.440000534057617
2021-07-07,0.04061,0.0342,0.04905,0.00053,0.004,1801.5,74.76290130615234,4358.1298828125,12.210000038146973,14665.0595703125,15879.650390625,16.200000762939453
2021-07-08,0.040229999999999995,0.0342,0.04753,0.00053,0.00363,1799.5999755859375,74.8218994140625,4320.81982421875,13.5600004196167,14559.7802734375,15727.900390625,19.0
2021-07-09,0.040490000000000005,0.0346,0.04785999999999999,0.00053,0.00395,1810.0,74.72139739990234,4369.5498046875,12.9399995803833,14701.919921875,15689.7998046875,16.18000030517578
2021-07-12,0.04059,0.034300000000000004,0.04804,0.00053,0.00406,1805.5,74.4905014038086,4384.6298828125,12.989999771118164,14733.240234375,15692.599609375,16.170000076293945
2021-07-13,0.04019999999999999,0.0344,0.04765,0.0005099999999999999,0.0046700000000000005,1809.4000244140625,74.54170227050781,4369.2099609375,12.619999885559082,14677.650390625,15812.349609375,17.1200008392334
2021-07-14,0.03991,0.0344,0.047380000000000005,0.0005099999999999999,0.00433,1824.300048828125,74.65910339355469,4374.2998046875,12.59000015258789,14644.9501953125,15853.9501953125,16.329999923706055
2021-07-15,0.03952,0.034300000000000004,0.047439999999999996,0.00048,0.00435,1828.4000244140625,74.46910095214844,4360.02978515625,12.270000457763672,14543.1298828125,15924.2001953125,17.010000228881836
2021-07-16,0.0395,0.0344,0.04687,0.00046,0.00433,1814.5,74.53700256347656,4327.16015625,11.710000038146973,14427.240234375,15923.400390625,18.450000762939453
2021-07-19,0.03949,0.0344,0.04684,0.00046,0.00388,1808.699951171875,74.63179779052734,4258.490234375,12.680000305175781,14274.98046875,15752.400390625,22.5
2021-07-20,0.03948,0.034300000000000004,0.04655,0.0005099999999999999,0.00364,1810.9000244140625,74.99340057373047,4323.06005859375,13.210000038146973,14498.8798828125,15632.099609375,19.729999542236328
2021-07-21,0.03948,0.034300000000000004,0.04655,0.0005099999999999999,0.00391,1802.9000244140625,74.5270004272461,4358.68994140625,13.210000038146973,14631.9501953125,15632.099609375,17.90999984741211
2021-07-22,0.03811,0.0344,0.046639999999999994,0.00048,0.00375,1805.0,74.44020080566406,4367.47998046875,11.890000343322754,14684.599609375,15824.0498046875,17.690000534057617
2021-07-23,0.04043,0.0342,0.04673,0.0005099999999999999,0.00375,1801.4000244140625,74.4520034790039,4411.7900390625,11.760000228881836,14836.990234375,15856.0498046875,17.200000762939453
2021-07-26,0.04043,0.0341,0.04666000000000001,0.00046,0.00378,1798.699951171875,74.44889831542969,4422.2998046875,12.449999809265137,14840.7099609375,15824.4501953125,17.579999923706055
2021-07-27,0.03884,0.0341,0.04668,0.0005099999999999999,0.00364,1799.5,74.28949737548828,4401.4599609375,13.229999542236328,14660.580078125,15746.4501953125,19.360000610351562
2021-07-28,0.04042,0.0339,0.04657,0.0005099999999999999,0.00367,1799.5,74.5022964477539,4400.64013671875,13.6899995803833,14762.580078125,15709.400390625,18.309999465942383
2021-07-29,0.03982,0.034,0.04658,0.00046,0.0037199999999999998,1831.199951171875,74.38999938964844,4419.14990234375,12.949999809265137,14778.259765625,15778.4501953125,17.700000762939453
2021-07-30,0.04041,0.0341,0.046239999999999996,0.00046,0.0034300000000000003,1812.5999755859375,74.25199890136719,4395.259765625,12.800000190734863,14672.6796875,15763.0498046875,18.239999771118164
2021-08-02,0.03959,0.0341,0.050039999999999994,0.00048,0.00322,1818.0999755859375,74.37909698486328,4387.16015625,12.8100004196167,14681.0703125,15885.150390625,19.459999084472656
2021-08-03,0.03946,0.0338,0.049800000000000004,0.0005099999999999999,0.00314,1810.0999755859375,74.33200073242188,4423.14990234375,13.75,14761.2900390625,16130.75,18.040000915527344
2021-08-04,0.03941,0.0341,0.04963,0.0005099999999999999,0.0034300000000000003,1810.5,74.21440124511719,4402.66015625,13.210000038146973,14780.5302734375,16258.7998046875,17.969999313354492
2021-08-05,0.03964,0.034,0.04935,0.00053,0.0038,1805.0999755859375,74.18399810791016,4429.10009765625,12.869999885559082,14895.1201171875,16294.599609375,17.280000686645508
2021-08-06,0.04014,0.0339,0.05022,0.0005099999999999999,0.00413,1760.0,74.08200073242188,4436.52001953125,12.609999656677246,14835.759765625,16238.2001953125,16.149999618530273
2021-08-09,0.03979,0.0338,0.04981,0.0005099999999999999,0.00426,1723.4000244140625,74.49140167236328,4432.35009765625,12.609999656677246,14860.1796875,16258.25,16.719999313354492
2021-08-10,0.04003,0.034,0.04997,0.0005600000000000001,0.00453,1728.800048828125,74.46620178222656,4436.75,12.710000038146973,14788.08984375,16280.099609375,16.790000915527344
2021-08-11,0.039599999999999996,0.034,0.04999,0.0005099999999999999,0.00449,1750.4000244140625,74.43550109863281,4442.41015625,12.710000038146973,14765.1396484375,16282.25,16.170000076293945
2021-08-12,0.040970000000000006,0.0338,0.04988000000000001,0.0005099999999999999,0.00459,1749.0,74.10299682617188,4460.830078125,12.369999885559082,14816.259765625,16364.400390625,15.59000015258789
2021-08-13,0.03932,0.0336,0.04961,0.00053,0.0043,1775.199951171875,74.26010131835938,4468.0,12.989999771118164,14822.900390625,16529.099609375,15.449999809265137
2021-08-16,0.03932,0.0336,0.04961,0.00063,0.00425,1786.9000244140625,74.216796875,4479.7099609375,13.460000038146973,14793.759765625,16563.05078125,16.1200008392334
2021-08-17,0.03888,0.0338,0.049269999999999994,0.00074,0.00428,1785.0,74.13500213623047,4448.080078125,13.40999984741211,14656.1796875,16614.599609375,17.90999984741211
2021-08-18,0.03831,0.0336,0.04872,0.00061,0.00428,1781.5999755859375,74.364501953125,4400.27001953125,12.90999984741211,14525.91015625,16568.849609375,21.56999969482422
2021-08-19,0.03831,0.0336,0.04872,0.00053,0.00436,1780.199951171875,74.2697982788086,4405.7998046875,12.90999984741211,14541.7900390625,16568.849609375,21.670000076293945
2021-08-20,0.03943,0.0335,0.04902,0.00053,0.00446,1781.0,74.4292984008789,4441.669921875,14.020000457763672,14714.66015625,16450.5,18.559999465942383
2021-08-23,0.04166,0.0334,0.049210000000000004,0.0005099999999999999,0.00436,1803.199951171875,74.30149841308594,4479.52978515625,13.6899995803833,14942.650390625,16496.44921875,17.149999618530273
2021-08-24,0.038849999999999996,0.0333,0.0493,0.00058,0.00447,1805.5999755859375,74.10590362548828,4486.22998046875,13.1899995803833,15019.7998046875,16624.599609375,17.219999313354492
2021-08-25,0.03933,0.0331,0.04913,0.0005099999999999999,0.00454,1788.199951171875,74.1447982788086,4496.18994140625,13.5,15041.8603515625,16634.650390625,16.790000915527344
2021-08-26,0.038650000000000004,0.0331,0.048920000000000005,0.00053,0.0046,1792.199951171875,74.0999984741211,4470.0,13.539999961853027,14945.8095703125,16636.900390625,18.84000015258789
2021-08-27,0.03894,0.0331,0.04956000000000001,0.00053,0.0042,1816.5999755859375,74.15599822998047,4509.3701171875,13.40999984741211,15129.5,16705.19921875,16.389999389648438
2021-08-30,0.03847,0.0331,0.04858,0.00046,0.00396,1809.0,73.49659729003906,4528.7900390625,13.319999694824219,15265.8896484375,16931.05078125,16.190000534057617
2021-08-31,0.03849,0.0331,0.04827,0.00046,0.00407,1815.0,73.41120147705078,4522.68017578125,14.520000457763672,15259.240234375,17132.19921875,16.479999542236328
2021-09-01,0.03843,0.033,0.04816,0.00046,0.00407,1813.0999755859375,72.99669647216797,4524.08984375,14.1899995803833,15309.3798828125,17076.25,16.110000610351562
2021-09-02,0.038290000000000005,0.033,0.04801999999999999,0.00046,0.00404,1808.699951171875,72.98509979248047,4536.9501953125,14.239999771118164,15331.1796875,17234.150390625,16.40999984741211
2021-09-03,0.03818,0.0331,0.04795,0.00046,0.00407,1830.9000244140625,73.0542984008789,4535.43017578125,14.539999961853027,15363.51953125,17323.599609375,16.40999984741211
2021-09-06,0.03867,0.033,0.04814,0.00046,0.00404,1830.9000244140625,72.99449920654297,4535.43017578125,15.109999656677246,15363.51953125,17377.80078125,16.40999984741211
2021-09-07,0.03868,0.0329,0.048600000000000004,0.00041,0.0042899999999999995,1795.9000244140625,73.11000061035156,4520.02978515625,14.899999618530273,15374.330078125,17362.099609375,18.139999389648438
2021-09-08,0.03862,0.033,0.04859,0.00046,0.00443,1790.699951171875,73.3904037475586,4514.06982421875,14.40999984741211,15286.6396484375,17353.5,17.959999084472656
2021-09-09,0.03877,0.0331,0.04845,0.00046,0.00438,1797.4000244140625,73.78900146484375,4493.27978515625,13.9399995803833,15248.25,17369.25,18.799999237060547
2021-09-10,0.03877,0.0331,0.04845,0.00048,0.00446,1789.5999755859375,73.53800201416016,4458.580078125,13.9399995803833,15115.490234375,17369.25,20.950000762939453
2021-09-13,0.03879,0.0331,0.04858,0.00048,0.00441,1792.0,73.52429962158203,4468.72998046875,14.029999732971191,15105.580078125,17355.30078125,19.3700008392334
2021-09-14,0.039369999999999995,0.0331,0.04873,0.00041,0.00433,1804.699951171875,73.54080200195312,4443.0498046875,13.579999923706055,15037.759765625,17380.0,19.459999084472656
2021-09-15,0.03931,0.0329,0.04835,0.00041,0.00438,1792.4000244140625,73.65080261230469,4480.7001953125,13.729999542236328,15161.5302734375,17519.44921875,18.18000030517578
2021-09-16,0.039,0.0333,0.048440000000000004,0.00035000000000000005,0.00459,1754.5999755859375,73.43800354003906,4473.75,14.40999984741211,15181.919921875,17629.5,18.690000534057617
2021-09-17,0.03898,0.033,0.04851,0.00037999999999999997,0.004699999999999999,1749.4000244140625,73.56490325927734,4432.990234375,15.229999542236328,15043.9697265625,17585.150390625,20.809999465942383
2021-09-20,0.03891,0.033,0.047720000000000005,0.0003,0.00457,1761.800048828125,73.69609832763672,4357.72998046875,17.489999771118164,14713.900390625,17396.900390625,25.709999084472656
2021-09-21,0.03893,0.0331,0.048490000000000005,0.00025,0.00457,1776.0,73.65899658203125,4354.18994140625,16.520000457763672,14746.400390625,17562.0,24.360000610351562
2021-09-22,0.03928,0.0335,0.04838,0.0003,0.00489,1776.699951171875,73.7927017211914,4395.64013671875,16.489999771118164,14896.849609375,17546.650390625,20.8700008392334
2021-09-23,0.03938,0.0336,0.048470000000000006,0.0003,0.005370000000000001,1747.699951171875,73.8749008178711,4448.97998046875,16.600000381469727,15052.240234375,17822.94921875,18.6299991607666
2021-09-24,0.03935,0.0337,0.04913,0.00035000000000000005,0.005430000000000001,1749.699951171875,73.83999633789062,4455.47998046875,16.920000076293945,15047.7001953125,17853.19921875,17.75
2021-09-27,0.03938,0.0338,0.04946,0.0003,0.005560000000000001,1750.0,73.81289672851562,4443.10986328125,18.049999237060547,14969.9697265625,17855.099609375,18.760000228881836
2021-09-28,0.03948,0.0337,0.04963,0.00041,0.005560000000000001,1735.800048828125,73.82530212402344,4352.6298828125,18.540000915527344,14546.6796875,17748.599609375,23.25
2021-09-29,0.04024,0.0342,0.049269999999999994,0.00041,0.00527,1721.5,74.16329956054688,4359.4599609375,18.84000015258789,14512.4404296875,17711.30078125,22.559999465942383
2021-09-30,0.04026,0.0345,0.04933,0.00037999999999999997,0.0051400000000000005,1755.300048828125,74.3219985961914,4307.5400390625,18.399999618530273,14448.580078125,17618.150390625,23.139999389648438
2021-10-01,0.04075,0.0347,0.04954,0.00037999999999999997,0.00485,1757.0,74.25440216064453,4357.0400390625,17.209999084472656,14566.7001953125,17532.05078125,21.100000381469727
2021-10-04,0.0406,0.0346,0.04967,0.00037999999999999997,0.00501,1766.199951171875,74.152099609375,4300.4599609375,16.739999771118164,14255.48046875,17691.25,22.959999084472656
2021-10-05,0.04063,0.0344,0.04966,0.00041,0.00517,1759.5999755859375,74.57279968261719,4345.72021484375,16.399999618530273,14433.830078125,17822.30078125,21.299999237060547
2021-10-06,0.03855,0.0348,0.04979,0.00046,0.00536,1760.5,74.56320190429688,4363.5498046875,17.329999923706055,14501.91015625,17646.0,21.0
2021-10-07,0.03849,0.0349,0.04989,0.00053,0.00563,1757.9000244140625,74.76000213623047,4399.759765625,16.15999984741211,14654.01953125,17790.349609375,19.540000915527344
2021-10-08,0.04066,0.0346,0.049859999999999995,0.0005099999999999999,0.0058,1756.300048828125,74.83000183105469,4391.33984375,15.649999618530273,14579.5400390625,17895.19921875,18.770000457763672
2021-10-11,0.04102,0.034300000000000004,0.05023,0.00053,0.00623,1754.5999755859375,75.30580139160156,4361.18994140625,16.09000015258789,14486.2001953125,17945.94921875,20.0
2021-10-12,0.04122,0.0341,0.049909999999999996,0.0005099999999999999,0.00605,1758.300048828125,75.40260314941406,4350.64990234375,15.850000381469727,14465.919921875,17991.94921875,19.850000381469727
2021-10-13,0.04099,0.0341,0.04983,0.0005099999999999999,0.006540000000000001,1793.699951171875,75.48390197753906,4363.7998046875,16.100000381469727,14571.6396484375,18161.75,18.639999389648438
2021-10-14,0.040650000000000006,0.0341,0.049550000000000004,0.00046,0.00641,1796.699951171875,75.3062973022461,4438.259765625,15.770000457763672,14823.4296875,18338.55078125,16.860000610351562
2021-10-15,0.040650000000000006,0.0341,0.049550000000000004,0.00048,0.006939999999999999,1767.199951171875,74.99500274658203,4471.3701171875,15.770000457763672,14897.33984375,18338.55078125,16.299999237060547
2021-10-18,0.04192,0.0341,0.050300000000000004,0.00053,0.00731,1764.800048828125,75.00589752197266,4486.4599609375,17.18000030517578,15021.8095703125,18477.05078125,16.309999465942383
2021-10-19,0.04192,0.0341,0.050300000000000004,0.0005600000000000001,0.0072,1769.699951171875,75.2354965209961,4519.6298828125,17.3799991607666,15129.08984375,18418.75,15.699999809265137
2021-10-20,0.04247,0.0346,0.05082,0.0005600000000000001,0.00718,1784.0999755859375,75.12010192871094,4536.18994140625,18.309999465942383,15121.6796875,18266.599609375,15.489999771118164
2021-10-21,0.04154,0.0348,0.05071,0.0005600000000000001,0.00792,1781.199951171875,74.80919647216797,4549.77978515625,18.040000915527344,15215.7001953125,18178.099609375,15.010000228881836
2021-10-22,0.04276,0.0348,0.05097,0.00061,0.00774,1795.5,74.86540222167969,4544.89990234375,17.549999237060547,15090.2001953125,18114.900390625,15.430000305175781
2021-10-25,0.04217,0.035,0.05091999999999999,0.0005600000000000001,0.00748,1806.0,74.99369812011719,4566.47998046875,17.610000610351562,15226.7099609375,18125.400390625,15.239999771118164
2021-10-26,0.04255,0.0351,0.05113,0.0005600000000000001,0.0076100000000000004,1792.699951171875,75.08989715576172,4574.7900390625,16.75,15235.7099609375,18268.400390625,15.979999542236328
2021-10-27,0.0425,0.0351,0.05101,0.0005600000000000001,0.00772,1797.9000244140625,74.88890075683594,4551.68017578125,16.829999923706055,15235.83984375,18210.94921875,16.979999542236328
2021-10-28,0.041100000000000005,0.0359,0.05136,0.0005600000000000001,0.00764,1801.5999755859375,75.05000305175781,4596.419921875,17.90999984741211,15448.1201171875,17857.25,16.530000686645508
2021-10-29,0.04107,0.0359,0.051239999999999994,0.00058,0.00756,1783.0,74.79720306396484,4605.3798828125,17.43000030517578,15498.3896484375,17671.650390625,16.260000228881836
2021-11-01,0.04306,0.0361,0.05144,0.00048,0.0076500000000000005,1795.0999755859375,74.92829895019531,4613.669921875,17.239999771118164,15595.919921875,17929.650390625,16.40999984741211
2021-11-02,0.042199999999999994,0.0361,0.05126,0.0005099999999999999,0.00714,1788.699951171875,74.82990264892578,4630.64990234375,17.059999465942383,15649.599609375,17888.94921875,16.030000686645508
2021-11-03,0.041890000000000004,0.036699999999999997,0.05003,0.0005099999999999999,0.00757,1763.5999755859375,74.71199798583984,4660.56982421875,16.1299991607666,15811.580078125,17829.19921875,15.100000381469727
2021-11-04,0.041890000000000004,0.036699999999999997,0.05003,0.00041,0.006889999999999999,1793.0,74.43550109863281,4680.06005859375,15.75,15940.3095703125,17916.80078125,15.4399995803833
2021-11-05,0.041890000000000004,0.036699999999999997,0.05003,0.00046,0.00657,1816.4000244140625,74.47810363769531,4697.52978515625,15.75,15971.58984375,17916.80078125,16.479999542236328
2021-11-08,0.04137,0.0363,0.04948,0.00041,0.00722,1827.4000244140625,74.19110107421875,4701.7001953125,16.34000015258789,15982.3603515625,18068.55078125,17.219999313354492
2021-11-09,0.04122,0.0355,0.05029,0.00046,0.00729,1830.199951171875,73.91850280761719,4685.25,16.0,15886.5400390625,18044.25,17.780000686645508
2021-11-10,0.04042,0.0353,0.05075,0.0005099999999999999,0.0085,1847.5999755859375,74.17479705810547,4646.7099609375,16.309999465942383,15622.7099609375,18017.19921875,18.729999542236328
2021-11-11,0.040350000000000004,0.035699999999999996,0.05099,0.0005099999999999999,0.00877,1863.199951171875,74.40489959716797,4649.27001953125,16.350000381469727,15704.2802734375,17873.599609375,17.65999984741211
2021-11-12,0.04172,0.0353,0.05118,0.00053,0.0085,1867.9000244140625,74.32209777832031,4682.85009765625,15.220000267028809,15860.9599609375,18102.75,16.290000915527344
2021-11-15,0.03999,0.0355,0.04944,0.00046,0.00869,1866.0999755859375,74.33999633789062,4682.7998046875,15.470000267028809,15853.849609375,18109.44921875,16.489999771118164
2021-11-16,0.04048,0.0355,0.05101,0.00046,0.00872,1853.5999755859375,74.43509674072266,4700.89990234375,15.199999809265137,15973.8603515625,17999.19921875,16.3700008392334
2021-11-17,0.040780000000000004,0.0356,0.05093,0.0005099999999999999,0.00845,1869.699951171875,74.45860290527344,4688.669921875,14.979999542236328,15921.5703125,17898.650390625,17.110000610351562
2021-11-18,0.04061,0.0354,0.050890000000000005,0.0005099999999999999,0.00843,1861.0,74.25980377197266,4704.5400390625,14.859999656677246,15993.7099609375,17764.80078125,17.59000015258789
2021-11-19,0.04061,0.0354,0.050890000000000005,0.0005099999999999999,0.00862,1851.199951171875,74.17440032958984,4697.9599609375,14.859999656677246,16057.4404296875,17764.80078125,17.90999984741211
2021-11-22,0.04234,0.0354,0.05106,0.0005099999999999999,0.0095,1806.0,74.30259704589844,4682.93994140625,17.520000457763672,15854.759765625,17416.55078125,19.170000076293945
2021-11-23,0.04227,0.0353,0.05113,0.0005099999999999999,0.00947,1783.5,74.42980194091797,4690.7001953125,18.020000457763672,15775.1396484375,17503.349609375,19.3799991607666
2021-11-24,0.0424,0.0355,0.05141,0.00061,0.00967,1784.0999755859375,74.4469985961914,4701.4599609375,17.100000381469727,15845.23046875,17415.05078125,18.579999923706055
2021-11-25,0.04119,0.0355,0.05143,0.00061,0.00932,1784.0999755859375,74.625,4701.4599609375,16.65999984741211,15845.23046875,17536.25,18.579999923706055
2021-11-26,0.042809999999999994,0.0354,0.051109999999999996,0.00053,0.00812,1785.300048828125,74.50579833984375,4594.6201171875,20.799999237060547,15491.66015625,17026.44921875,28.6200008392334
2021-11-29,0.04285,0.0354,0.051100000000000007,0.00048,0.00793,1782.300048828125,74.98159790039062,4655.27001953125,20.829999923706055,15782.830078125,17053.94921875,22.959999084472656
2021-11-30,0.04259,0.0355,0.050839999999999996,0.00053,0.00844,1773.5999755859375,75.05490112304688,4567.0,21.170000076293945,15537.6904296875,16983.19921875,27.190000534057617
2021-12-01,0.042809999999999994,0.0353,0.05112,0.0005600000000000001,0.00817,1781.5999755859375,75.0509033203125,4513.0400390625,19.450000762939453,15254.0498046875,17166.900390625,31.1200008392334
2021-12-02,0.04304,0.0354,0.05096,0.00053,0.0089,1760.699951171875,75.01789855957031,4577.10009765625,18.09000015258789,15381.3203125,17401.650390625,27.950000762939453
2021-12-03,0.043440000000000006,0.0355,0.05093,0.00053,0.008579999999999999,1782.0,74.9834976196289,4538.43017578125,18.450000762939453,15085.4697265625,17196.69921875,30.670000076293945
2021-12-06,0.043179999999999996,0.0356,0.050890000000000005,0.00053,0.00904,1777.5,75.23400115966797,4591.669921875,20.079999923706055,15225.150390625,16912.25,27.18000030517578
2021-12-07,0.043410000000000004,0.035699999999999996,0.05128,0.00063,0.00966,1782.5999755859375,75.39129638671875,4686.75,18.459999084472656,15686.919921875,17176.69921875,21.889999389648438
2021-12-08,0.042460000000000005,0.0351,0.050679999999999996,0.00066,0.01008,1783.4000244140625,75.40859985351562,4701.2099609375,17.270000457763672,15786.990234375,17469.75,19.899999618530273
2021-12-09,0.04269,0.0352,0.050890000000000005,0.00063,0.010129999999999998,1774.5999755859375,75.38330078125,4667.4501953125,16.600000381469727,15517.3701171875,17516.849609375,21.579999923706055
2021-12-10,0.0414,0.035,0.05116,0.00063,0.00982,1782.9000244140625,75.59919738769531,4712.02001953125,16.059999465942383,15630.599609375,17511.30078125,18.690000534057617
2021-12-13,0.04273,0.0351,0.05107999999999999,0.0005600000000000001,0.00947,1786.300048828125,75.70999908447266,4668.97021484375,16.56999969482422,15413.2802734375,17368.25,20.309999465942383
2021-12-14,0.04346,0.0352,0.05103,0.00058,0.00976,1770.4000244140625,75.82689666748047,4634.08984375,16.950000762939453,15237.6396484375,17324.900390625,21.889999389648438
2021-12-15,0.0438,0.0353,0.05135,0.0005099999999999999,0.00976,1762.5999755859375,76.04720306396484,4709.85009765625,17.219999313354492,15565.580078125,17221.400390625,19.290000915527344
2021-12-16,0.043840000000000004,0.0356,0.05138,0.00046,0.00902,1796.5999755859375,76.2114028930664,4668.669921875,15.899999618530273,15180.4296875,17248.400390625,20.56999969482422
2021-12-17,0.04354,0.0356,0.05131,0.0005099999999999999,0.00923,1803.800048828125,76.1675033569336,4620.64013671875,16.34000015258789,15169.6796875,16985.19921875,21.56999969482422
2021-12-20,0.04398,0.036000000000000004,0.051980000000000005,0.0007599999999999999,0.00915,1793.699951171875,76.00599670410156,4568.02001953125,18.969999313354492,14980.9404296875,16614.19921875,22.8700008392334
2021-12-21,0.04412,0.036699999999999997,0.05272,0.0007099999999999999,0.00947,1787.9000244140625,75.75869750976562,4649.22998046875,17.540000915527344,15341.08984375,16770.849609375,21.010000228881836
2021-12-22,0.044050000000000006,0.0368,0.05286,0.0007099999999999999,0.00947,1801.5999755859375,75.6864013671875,4696.56005859375,16.579999923706055,15521.8896484375,16955.44921875,18.6299991607666
2021-12-23,0.04409,0.0366,0.05261999999999999,0.0007099999999999999,0.00971,1811.199951171875,75.45850372314453,4725.7900390625,15.829999923706055,15653.3701171875,17072.599609375,17.959999084472656
2021-12-24,0.04388,0.0363,0.05301,0.0007099999999999999,0.00971,1811.199951171875,75.06739807128906,4725.7900390625,16.149999618530273,15653.3701171875,17003.75,17.959999084472656
2021-12-27,0.044539999999999996,0.0364,0.052779999999999994,0.0005600000000000001,0.00981,1808.0999755859375,75.31500244140625,4791.18994140625,17.1200008392334,15871.259765625,17086.25,17.68000030517578
2021-12-28,0.044059999999999995,0.0364,0.052770000000000004,0.00061,0.00979,1810.199951171875,74.98030090332031,4786.35009765625,16.479999542236328,15781.7197265625,17233.25,17.540000915527344
2021-12-29,0.04232,0.0363,0.05295,0.0005099999999999999,0.00987,1805.0999755859375,74.74500274658203,4793.06005859375,16.239999771118164,15766.2197265625,17213.599609375,16.950000762939453
2021-12-30,0.043890000000000005,0.0365,0.05299,0.00046,0.00957,1812.699951171875,74.57029724121094,4778.72998046875,16.56999969482422,15741.5595703125,17203.94921875,17.329999923706055
2021-12-31,0.04367,0.0364,0.05296,0.00053,0.0096,1827.5,74.43119812011719,4766.18017578125,16.219999313354492,15644.9697265625,17354.05078125,17.219999313354492
2022-01-03,0.043710000000000006,0.0359,0.05273,0.00063,0.01022,1799.4000244140625,74.51380157470703,4796.56005859375,16.450000762939453,15832.7998046875,17625.69921875,16.600000381469727
2022-01-04,0.043739999999999994,0.036000000000000004,0.05325,0.00086,0.010129999999999998,1814.0,74.4032974243164,4793.5400390625,16.1200008392334,15622.7197265625,17805.25,16.90999984741211
2022-01-05,0.04346,0.0358,0.05309,0.00091,0.01084,1824.5999755859375,74.53489685058594,4700.580078125,17.229999542236328,15100.169921875,17925.25,19.729999542236328
2022-01-06,0.04382,0.035699999999999996,0.05327,0.00101,0.01138,1788.699951171875,74.43009948730469,4696.0498046875,17.979999542236328,15080.8603515625,17745.900390625,19.610000610351562
2022-01-07,0.04392,0.036000000000000004,0.053360000000000005,0.00096,0.01161,1797.0,74.41929626464844,4677.02978515625,17.600000381469727,14935.900390625,17812.69921875,18.760000228881836
2022-01-10,0.04407,0.0359,0.053739999999999996,0.00099,0.011850000000000001,1798.4000244140625,74.2699966430664,4670.2900390625,17.68000030517578,14942.830078125,18003.30078125,19.399999618530273
2022-01-11,0.04378,0.0358,0.053540000000000004,0.00127,0.011770000000000001,1818.5999755859375,74.05699920654297,4713.06982421875,17.760000228881836,15153.4501953125,18055.75,18.40999984741211
2022-01-12,0.0436,0.035699999999999996,0.05365,0.00122,0.01234,1827.199951171875,73.81529998779297,4726.35009765625,17.18000030517578,15188.3896484375,18212.349609375,17.6200008392334
2022-01-13,0.04341999999999999,0.0358,0.053099999999999994,0.00122,0.01194,1821.199951171875,73.79910278320312,4659.02978515625,16.700000762939453,14806.8095703125,18257.80078125,20.309999465942383
2022-01-14,0.04353,0.0359,0.053,0.0012900000000000001,0.01266,1816.5,73.97229766845703,4662.85009765625,16.559999465942383,14893.75,18255.75,19.190000534057617
2022-01-17,0.043230000000000005,0.036000000000000004,0.05319,0.0014000000000000002,0.013040000000000001,1816.5,74.37899780273438,4662.85009765625,16.770000457763672,14893.75,18308.099609375,19.190000534057617
2022-01-18,0.04382,0.036000000000000004,0.05329,0.0014199999999999998,0.013600000000000001,1812.300048828125,74.25509643554688,4577.10986328125,17.780000686645508,14506.900390625,18113.05078125,22.790000915527344
2022-01-19,0.043410000000000004,0.0368,0.05332,0.00172,0.01353,1843.0999755859375,74.61969757080078,4532.759765625,17.81999969482422,14340.259765625,17938.400390625,23.850000381469727
2022-01-20,0.043449999999999996,0.0373,0.052969999999999996,0.0018,0.01315,1842.5,74.44920349121094,4482.72998046875,17.790000915527344,14154.01953125,17757.0,25.59000015258789
2022-01-21,0.043449999999999996,0.0373,0.05298,0.0017000000000000001,0.01302,1831.800048828125,74.45220184326172,4397.93994140625,18.889999389648438,13768.919921875,17617.150390625,28.850000381469727
2022-01-24,0.04427,0.0373,0.05298,0.0017000000000000001,0.01262,1841.699951171875,74.41320037841797,4410.1298828125,22.829999923706055,13855.1298828125,17149.099609375,29.899999618530273
2022-01-25,0.04367,0.0371,0.052770000000000004,0.00193,0.012729999999999998,1852.699951171875,74.6447982788086,4356.4501953125,21.360000610351562,13539.2900390625,17277.94921875,31.15999984741211
2022-01-26,0.04367,0.0371,0.052770000000000004,0.002,0.01406,1829.9000244140625,74.77999877929688,4349.93017578125,21.360000610351562,13542.1201171875,17277.94921875,31.959999084472656
2022-01-27,0.043710000000000006,0.037599999999999995,0.05349,0.0020499999999999997,0.014190000000000001,1793.300048828125,74.8949966430664,4326.509765625,21.06999969482422,13352.7802734375,17110.150390625,30.489999771118164
2022-01-28,0.04459,0.037599999999999995,0.05348,0.0019,0.013819999999999999,1784.9000244140625,75.20929718017578,4431.85009765625,20.700000762939453,13770.5703125,17101.94921875,27.65999984741211
2022-01-31,0.04486,0.037599999999999995,0.05296,0.00185,0.01385,1795.0,75.03900146484375,4515.5498046875,21.950000762939453,14239.8798828125,17339.849609375,24.829999923706055
2022-02-01,0.045129999999999997,0.0377,0.05713,0.00216,0.01383,1800.300048828125,74.55580139160156,4546.5400390625,19.979999542236328,14346.0,17576.849609375,21.959999084472656
2022-02-02,0.04529,0.0384,0.05747,0.00193,0.013640000000000001,1809.199951171875,74.74549865722656,4589.3798828125,18.649999618530273,14417.5498046875,17780.0,22.09000015258789
2022-02-03,0.044989999999999995,0.0383,0.05758,0.0020499999999999997,0.01429,1803.0,74.82240295410156,4477.43994140625,19.15999984741211,13878.8203125,17560.19921875,24.350000381469727
2022-02-04,0.045700000000000005,0.038599999999999995,0.05826,0.0023799999999999997,0.0154,1806.5999755859375,74.6438980102539,4500.52978515625,18.899999618530273,14098.009765625,17516.30078125,23.219999313354492
2022-02-07,0.045700000000000005,0.038599999999999995,0.05826,0.00223,0.01529,1820.5999755859375,74.64219665527344,4483.8701171875,20.440000534057617,14015.669921875,17213.599609375,22.860000610351562
2022-02-08,0.04556,0.039,0.05749,0.0028399999999999996,0.01577,1826.5999755859375,74.6583023071289,4521.5400390625,19.68000030517578,14194.4501953125,17266.75,21.440000534057617
2022-02-09,0.046189999999999995,0.0388,0.0575,0.0027900000000000004,0.01629,1835.199951171875,74.69519805908203,4587.18017578125,18.559999465942383,14490.3701171875,17463.80078125,19.959999084472656
2022-02-10,0.04364,0.037599999999999995,0.05609,0.00409,0.018420000000000002,1836.199951171875,74.80889892578125,4504.080078125,17.709999084472656,14185.6396484375,17605.849609375,23.90999984741211
2022-02-11,0.044000000000000004,0.0375,0.05516,0.00373,0.017150000000000002,1840.800048828125,75.53839874267578,4418.64013671875,18.68000030517578,13791.150390625,17374.75,27.360000610351562
2022-02-14,0.0444,0.037599999999999995,0.05463,0.00391,0.01796,1868.0,75.34100341796875,4401.669921875,22.979999542236328,13790.919921875,16842.80078125,28.329999923706055
2022-02-15,0.044320000000000005,0.0377,0.055,0.00416,0.01804,1854.800048828125,75.6854019165039,4471.06982421875,20.610000610351562,14139.759765625,17352.44921875,25.700000762939453
2022-02-16,0.04352,0.0373,0.055,0.00383,0.01761,1870.199951171875,75.17479705810547,4475.009765625,20.59000015258789,14124.08984375,17322.19921875,24.290000915527344
2022-02-17,0.044160000000000005,0.0366,0.055069999999999994,0.00365,0.01702,1900.699951171875,75.04199981689453,4380.259765625,22.010000228881836,13716.7197265625,17304.599609375,28.110000610351562
2022-02-18,0.0438,0.037200000000000004,0.05501,0.00358,0.01678,1898.5999755859375,75.06300354003906,4348.8701171875,22.170000076293945,13548.0703125,17276.30078125,27.75
2022-02-21,0.04372,0.0371,0.05535,0.00345,0.01643,1898.5999755859375,74.68240356445312,4348.8701171875,22.899999618530273,13548.0703125,17206.650390625,27.75
2022-02-22,0.044989999999999995,0.037200000000000004,0.05579,0.0035499999999999998,0.01757,1906.0999755859375,74.51699829101562,4304.759765625,26.65999984741211,13381.51953125,17092.19921875,28.809999465942383
2022-02-23,0.04504,0.0371,0.05572,0.0035499999999999998,0.01787,1909.199951171875,74.62300109863281,4225.5,24.540000915527344,13037.490234375,17063.25,31.020000457763672
2022-02-24,0.04397,0.0374,0.056029999999999996,0.00322,0.01757,1925.0999755859375,74.63300323486328,4288.7001953125,31.979999542236328,13473.58984375,16247.9501953125,30.31999969482422
2022-02-25,0.04398,0.0374,0.05574,0.0034799999999999996,0.01761,1886.5,75.4083023071289,4384.64990234375,26.739999771118164,13694.6201171875,16658.400390625,27.59000015258789
2022-02-28,0.043769999999999996,0.0373,0.05591,0.00322,0.016220000000000002,1899.4000244140625,75.06800079345703,4373.93994140625,28.56999969482422,13751.400390625,16793.900390625,30.149999618530273
2022-03-01,0.043769999999999996,0.0373,0.05591,0.00332,0.01486,1942.4000244140625,75.28479766845703,4306.259765625,28.56999969482422,13532.4599609375,16793.900390625,33.31999969482422
2022-03-02,0.04522,0.0378,0.056769999999999994,0.00335,0.01677,1920.9000244140625,75.80120086669922,4386.5400390625,29.229999542236328,13752.01953125,16605.94921875,30.739999771118164
2022-03-03,0.046029999999999995,0.0379,0.05701,0.00365,0.01677,1934.4000244140625,75.63099670410156,4363.490234375,28.15999984741211,13537.9404296875,16498.05078125,30.479999542236328
2022-03-04,0.04606,0.038,0.05695,0.00335,0.016200000000000003,1965.0999755859375,75.8917007446289,4328.8701171875,27.959999084472656,13313.4404296875,16245.349609375,31.979999542236328
2022-03-07,0.045599999999999995,0.0383,0.05795,0.0034000000000000002,0.01683,1993.9000244140625,76.41799926757812,4201.08984375,29.329999923706055,12830.9599609375,15863.150390625,36.45000076293945
2022-03-08,0.04604,0.0384,0.05795,0.00375,0.01744,2040.0999755859375,77.08080291748047,4170.7001953125,28.59000015258789,12795.5498046875,16013.4501953125,35.130001068115234
2022-03-09,0.046349999999999995,0.0378,0.05762,0.00381,0.01849,1985.9000244140625,76.91449737548828,4277.8798828125,27.469999313354492,13255.5498046875,16345.349609375,32.45000076293945
2022-03-10,0.04575,0.0384,0.0571,0.00396,0.01882,1998.0999755859375,76.13490295410156,4259.52001953125,25.579999923706055,13129.9599609375,16594.900390625,30.229999542236328
2022-03-11,0.04564,0.0383,0.05743,0.00396,0.01922,1982.699951171875,76.310302734375,4204.31005859375,25.350000381469727,12843.8095703125,16630.44921875,30.75
2022-03-14,0.0453,0.0383,0.0574,0.00424,0.02052,1959.5999755859375,76.75370025634766,4173.10986328125,25.68000030517578,12581.2197265625,16871.30078125,31.770000457763672
2022-03-15,0.04521,0.038,0.05678,0.00464,0.020470000000000002,1928.5,76.49009704589844,4262.4501953125,26.729999542236328,12948.6201171875,16663.0,29.829999923706055
2022-03-16,0.045,0.0379,0.056609999999999994,0.00459,0.021509999999999998,1908.0,76.26589965820312,4357.85986328125,24.1200008392334,13436.5498046875,16975.349609375,26.670000076293945
2022-03-17,0.044660000000000005,0.0377,0.05644999999999999,0.00396,0.02116,1942.0999755859375,76.02420043945312,4411.669921875,22.610000610351562,13614.7802734375,17287.05078125,25.670000076293945
2022-03-18,0.044660000000000005,0.0377,0.05644999999999999,0.00414,0.02144,1928.199951171875,75.98159790039062,4463.1201171875,22.610000610351562,13893.83984375,17287.05078125,23.8700008392334
2022-03-21,0.04335,0.0378,0.05639,0.00492,0.0232,1928.5999755859375,75.94640350341797,4461.18017578125,24.6200008392334,13838.4599609375,17117.599609375,23.530000686645508
2022-03-22,0.045720000000000004,0.037599999999999995,0.05701,0.00538,0.02384,1920.699951171875,76.30709838867188,4511.60986328125,24.06999969482422,14108.8203125,17315.5,22.940000534057617
2022-03-23,0.04536,0.038,0.05698,0.00497,0.02307,1936.5999755859375,76.10189819335938,4456.240234375,24.75,13922.599609375,17245.650390625,23.56999969482422
2022-03-24,0.045,0.038,0.05716,0.0052,0.02368,1961.5999755859375,76.55239868164062,4520.16015625,23.93000030517578,14191.83984375,17222.75,21.670000076293945
2022-03-25,0.04474,0.0379,0.05682,0.00538,0.0252,1953.800048828125,76.32350158691406,4543.06005859375,23.43000030517578,14169.2998046875,17153.0,20.809999465942383
2022-03-28,0.04479,0.0378,0.05739,0.005560000000000001,0.02571,1939.5999755859375,76.27850341796875,4575.52001953125,22.610000610351562,14354.900390625,17222.0,19.6299991607666
2022-03-29,0.044000000000000004,0.0378,0.05714,0.0057399999999999994,0.02552,1912.0,76.03410339355469,4631.60009765625,21.299999237060547,14619.6396484375,17325.30078125,18.899999618530273
2022-03-30,0.04457,0.0383,0.05659,0.00538,0.024860000000000004,1933.5,75.66670227050781,4602.4501953125,20.610000610351562,14442.26953125,17498.25,19.329999923706055
2022-03-31,0.04321,0.0383,0.056740000000000006,0.0052,0.025150000000000002,1949.199951171875,75.82779693603516,4530.41015625,20.559999465942383,14220.51953125,17464.75,20.559999465942383
2022-04-01,0.04321,0.0383,0.056740000000000006,0.00528,0.02638,1919.0999755859375,75.9092025756836,4545.85986328125,18.43000030517578,14261.5,17670.44921875,19.6299991607666
2022-04-04,0.04716,0.0375,0.05727,0.005659999999999999,0.025929999999999998,1929.199951171875,75.99479675292969,4582.64013671875,17.90999984741211,14532.5498046875,18053.400390625,18.56999969482422
2022-04-05,0.047009999999999996,0.0373,0.0572,0.00688,0.0271,1922.9000244140625,75.47799682617188,4525.1201171875,18.489999771118164,14204.169921875,17957.400390625,21.030000686645508
2022-04-06,0.04686,0.0378,0.05728,0.00688,0.026619999999999998,1918.4000244140625,75.45069885253906,4481.14990234375,19.020000457763672,13888.8203125,17807.650390625,22.100000381469727
2022-04-07,0.046900000000000004,0.0387,0.05739,0.00683,0.02666,1933.800048828125,75.94509887695312,4500.2099609375,19.0,13897.2998046875,17639.55078125,21.549999237060547
2022-04-08,0.04856,0.0398,0.05959,0.006979999999999999,0.027309999999999997,1941.5999755859375,75.91320037841797,4488.27978515625,17.690000534057617,13711.0,17784.349609375,21.15999984741211
2022-04-11,0.04851,0.04,0.060410000000000005,0.0070599999999999994,0.02726,1944.300048828125,75.91729736328125,4412.52978515625,18.270000457763672,13411.9599609375,17674.94921875,24.3700008392334
2022-04-12,0.04891,0.0398,0.060880000000000004,0.00759,0.02625,1972.0999755859375,75.83699798583984,4397.4501953125,18.15999984741211,13371.5703125,17530.30078125,24.260000228881836
2022-04-13,0.049859999999999995,0.039900000000000005,0.061849999999999995,0.00757,0.02581,1981.0,76.1498031616211,4446.58984375,17.790000915527344,13643.58984375,17475.650390625,21.81999969482422
2022-04-14,0.049859999999999995,0.039900000000000005,0.061849999999999995,0.00787,0.02682,1970.9000244140625,76.12169647216797,4392.58984375,17.790000915527344,13351.080078125,17475.650390625,22.700000762939453
2022-04-15,0.049859999999999995,0.039900000000000005,0.061849999999999995,0.00787,0.02682,1970.9000244140625,76.30879974365234,4392.58984375,17.790000915527344,13351.080078125,17475.650390625,22.700000762939453
2022-04-18,0.050469999999999994,0.0401,0.06143,0.0078000000000000005,0.026690000000000002,1982.9000244140625,76.3313980102539,4391.68994140625,19.34000015258789,13332.3603515625,17173.650390625,22.170000076293945
2022-04-19,0.0508,0.039900000000000005,0.06133,0.00856,0.028229999999999998,1955.699951171875,76.28019714355469,4462.2099609375,19.770000457763672,13619.66015625,16958.650390625,21.3700008392334
2022-04-20,0.05103,0.0397,0.06123,0.00823,0.02782,1952.300048828125,76.44539642333984,4459.4501953125,18.670000076293945,13453.0703125,17136.55078125,20.31999969482422
2022-04-21,0.05117,0.0397,0.061200000000000004,0.00828,0.02878,1944.9000244140625,76.27619934082031,4393.66015625,17.850000381469727,13174.650390625,17392.599609375,22.68000030517578
2022-04-22,0.04607,0.0398,0.06148,0.00828,0.028650000000000002,1931.0,76.28520202636719,4271.77978515625,18.350000381469727,12839.2900390625,17171.94921875,28.209999084472656
2022-04-25,0.04829,0.039599999999999996,0.06109,0.0083,0.028069999999999998,1893.199951171875,76.4635009765625,4296.1201171875,21.260000228881836,13004.849609375,16953.94921875,27.020000457763672
2022-04-26,0.050730000000000004,0.0398,0.06139,0.00856,0.02658,1901.4000244140625,76.52780151367188,4175.2001953125,19.190000534057617,12490.740234375,17200.80078125,33.52000045776367
2022-04-27,0.05058,0.04,0.06143,0.00828,0.02749,1885.9000244140625,76.79409790039062,4183.9599609375,20.610000610351562,12488.9296875,17038.400390625,31.600000381469727
2022-04-28,0.04639,0.0401,0.06216,0.00825,0.02785,1888.699951171875,76.47219848632812,4287.5,19.3799991607666,12871.5302734375,17245.05078125,29.989999771118164
2022-04-29,0.04814,0.0403,0.06219,0.008409999999999999,0.02894,1909.300048828125,76.58899688720703,4131.93017578125,19.420000076293945,12334.6396484375,17102.55078125,33.400001525878906
2022-05-02,0.05041,0.0403,0.06202,0.008,0.02928,1861.800048828125,76.52310180664062,4155.3798828125,20.280000686645508,12536.01953125,17069.099609375,32.34000015258789
2022-05-03,0.05041,0.0403,0.06202,0.009250000000000001,0.0297,1868.800048828125,76.52410125732422,4175.47998046875,20.280000686645508,12563.759765625,17069.099609375,29.25
2022-05-04,0.05045,0.0437,0.06312999999999999,0.00922,0.02836,1867.0,76.46730041503906,4300.169921875,21.8799991607666,12964.8603515625,16677.599609375,25.420000076293945
2022-05-05,0.05276,0.0458,0.06738000000000001,0.00851,0.02912,1874.0,76.00160217285156,4146.8701171875,20.290000915527344,12317.6904296875,16682.650390625,31.200000762939453
2022-05-06,0.05487,0.0458,0.06932,0.00848,0.02952,1881.199951171875,76.54180145263672,4123.33984375,21.25,12144.66015625,16411.25,30.190000534057617
2022-05-09,0.0547,0.0462,0.0693,0.008329999999999999,0.02809,1857.0999755859375,76.9574966430664,3991.239990234375,22.030000686645508,11623.25,16301.849609375,34.75
2022-05-10,0.05465,0.0463,0.06823,0.00907,0.02801,1839.9000244140625,77.3655014038086,4001.050048828125,22.299999237060547,11737.669921875,16240.0498046875,32.9900016784668
2022-05-11,0.0547,0.0475,0.06783,0.00904,0.02835,1852.5999755859375,77.27140045166016,3935.179931640625,22.799999237060547,11364.240234375,16167.099609375,32.560001373291016
2022-05-12,0.05476,0.0484,0.06820999999999999,0.009399999999999999,0.027719999999999998,1823.800048828125,77.41840362548828,3930.080078125,24.270000457763672,11370.9599609375,15808.0,31.770000457763672
2022-05-13,0.05711,0.049,0.06812,0.00988,0.02783,1807.4000244140625,77.44380187988281,4023.889892578125,23.489999771118164,11805.0,15782.150390625,28.8700008392334
2022-05-16,0.05711,0.049,0.06812,0.01027,0.027469999999999998,1813.5,77.48629760742188,4008.010009765625,24.530000686645508,11662.7900390625,15842.2998046875,27.469999313354492
2022-05-17,0.05762,0.048799999999999996,0.06874,0.010700000000000001,0.029009999999999998,1818.199951171875,77.8053970336914,4088.85009765625,22.739999771118164,11984.51953125,16259.2998046875,26.100000381469727
2022-05-18,0.05825,0.0489,0.06868,0.01039,0.028380000000000002,1815.9000244140625,77.37239837646484,3923.679931640625,22.299999237060547,11418.150390625,16240.2998046875,30.959999084472656
2022-05-19,0.057859999999999995,0.049100000000000005,0.06892000000000001,0.01047,0.027719999999999998,1841.199951171875,77.81999969482422,3900.7900390625,24.559999465942383,11388.5,15809.400390625,29.350000381469727
2022-05-20,0.05771,0.0492,0.06949,0.01034,0.027360000000000002,1841.800048828125,77.42109680175781,3901.360107421875,23.100000381469727,11354.6201171875,16266.150390625,29.43000030517578
2022-05-23,0.058120000000000005,0.0487,0.06875,0.010289999999999999,0.02794,1847.800048828125,77.81839752197266,3973.75,23.399999618530273,11535.26953125,16214.7001953125,28.479999542236328
2022-05-24,0.05831,0.0487,0.06839,0.01065,0.02651,1865.0999755859375,77.52680206298828,3941.47998046875,25.639999389648438,11264.4501953125,16125.150390625,29.450000762939453
2022-05-25,0.05849,0.048799999999999996,0.06813,0.01073,0.02634,1846.199951171875,77.47879791259766,3978.72998046875,25.280000686645508,11434.740234375,16025.7998046875,28.3700008392334
2022-05-26,0.05867,0.0489,0.06804,0.010549999999999999,0.0262,1847.4000244140625,77.49729919433594,4057.840087890625,22.719999313354492,11740.650390625,16170.150390625,27.5
2022-05-27,0.05912,0.048799999999999996,0.06857,0.01088,0.02642,1851.300048828125,77.63020324707031,4158.240234375,21.479999542236328,12131.1298828125,16352.4501953125,25.719999313354492
2022-05-30,0.060289999999999996,0.0489,0.06922,0.0108,0.027360000000000002,1851.300048828125,77.69200134277344,4158.240234375,19.979999542236328,12131.1298828125,16661.400390625,25.719999313354492
2022-05-31,0.060129999999999996,0.049100000000000005,0.06935,0.010669999999999999,0.027280000000000002,1842.699951171875,77.5208969116211,4132.14990234375,20.479999542236328,12081.3896484375,16584.55078125,26.190000534057617
2022-06-01,0.060759999999999995,0.0493,0.06924999999999999,0.01131,0.02825,1843.300048828125,77.5989990234375,4101.22998046875,20.850000381469727,11994.4599609375,16522.75,25.690000534057617
2022-06-02,0.061799999999999994,0.049699999999999994,0.06984,0.01146,0.02819,1866.5,77.58409881591797,4176.81982421875,20.31999969482422,12316.900390625,16628.0,24.719999313354492
2022-06-03,0.06225,0.049800000000000004,0.07008,0.011850000000000001,0.0285,1845.4000244140625,77.3604965209961,4108.5400390625,19.979999542236328,12012.73046875,16584.30078125,24.790000915527344
2022-06-06,0.06266,0.049800000000000004,0.07032,0.012199999999999999,0.029369999999999997,1839.199951171875,77.69419860839844,4121.43017578125,20.200000762939453,12061.3701171875,16569.55078125,25.06999969482422
2022-06-07,0.06251999999999999,0.050199999999999995,0.07019,0.01256,0.02912,1847.5,77.82099914550781,4160.68017578125,20.43000030517578,12175.23046875,16416.349609375,24.020000457763672
2022-06-08,0.06184,0.049699999999999994,0.06936,0.01264,0.02963,1851.9000244140625,77.67060089111328,4115.77001953125,19.84000015258789,12086.26953125,16356.25,23.959999084472656
2022-06-09,0.06159,0.0501,0.0693,0.01274,0.03004,1848.800048828125,77.72429656982422,4017.820068359375,19.139999389648438,11754.23046875,16478.099609375,26.09000015258789
2022-06-10,0.06061,0.05,0.06977,0.01363,0.03241,1871.5,77.8187026977539,3900.860107421875,19.579999923706055,11340.01953125,16201.7998046875,27.75
2022-06-13,0.061020000000000005,0.0499,0.07059,0.01554,0.03497,1828.0,78.17759704589844,3749.6298828125,22.3700008392334,10809.23046875,15774.400390625,34.02000045776367
2022-06-14,0.06098,0.049800000000000004,0.07038,0.01795,0.03595,1809.5,78.16059875488281,3735.47998046875,21.889999389648438,10828.349609375,15732.099609375,32.689998626708984
2022-06-15,0.061059999999999996,0.0504,0.07063,0.01757,0.03361,1815.300048828125,77.9854965209961,3789.989990234375,22.149999618530273,11099.150390625,15692.150390625,29.6200008392334
2022-06-16,0.06215,0.0507,0.07083,0.01585,0.03286,1845.699951171875,77.90019989013672,3666.77001953125,22.8700008392334,10646.099609375,15360.599609375,32.95000076293945
2022-06-17,0.06127,0.0512,0.07002,0.01593,0.03349,1835.5999755859375,77.97769927978516,3674.840087890625,22.760000228881836,10798.349609375,15293.5,31.1299991607666
2022-06-20,0.06101,0.0507,0.07,0.01649,0.03408,1835.5999755859375,77.9614028930664,3674.840087890625,22.40999984741211,10798.349609375,15350.150390625,31.1299991607666
2022-06-21,0.06177,0.050499999999999996,0.0704,0.0158,0.03347,1834.5999755859375,77.93399810791016,3764.7900390625,21.139999389648438,11069.2998046875,15638.7998046875,30.190000534057617
2022-06-22,0.06265,0.0507,0.06902,0.01593,0.03199,1834.300048828125,78.13490295410156,3759.889892578125,21.299999237060547,11053.080078125,15413.2998046875,28.950000762939453
2022-06-23,0.06285,0.051100000000000007,0.06938,0.01634,0.031190000000000002,1825.699951171875,78.19309997558594,3795.72998046875,20.8799991607666,11232.1904296875,15556.650390625,29.049999237060547
2022-06-24,0.06231,0.051100000000000007,0.06942,0.01687,0.0315,1826.5,78.14240264892578,3911.739990234375,20.549999237060547,11607.6201171875,15699.25,27.229999542236328
2022-06-27,0.06123,0.0508,0.0692,0.01685,0.03212,1820.9000244140625,78.2522964477539,3900.110107421875,21.010000228881836,11524.5498046875,15832.0498046875,26.950000762939453
2022-06-28,0.06225,0.051,0.07003999999999999,0.0178,0.032010000000000004,1817.5,78.44110107421875,3821.550048828125,21.450000762939453,11181.5400390625,15850.2001953125,28.360000610351562
2022-06-29,0.06094,0.0513,0.0699,0.01757,0.03109,1813.699951171875,79.07319641113281,3818.830078125,21.899999618530273,11177.8896484375,15799.099609375,28.15999984741211
2022-06-30,0.06207,0.051399999999999994,0.0696,0.017,0.03011,1804.0999755859375,78.89830017089844,3785.3798828125,21.84000015258789,11028.740234375,15780.25,28.709999084472656
2022-07-01,0.06333,0.0513,0.06933,0.0171,0.02864,1798.9000244140625,78.96299743652344,3825.330078125,21.25,11127.849609375,15752.0498046875,26.700000762939453
2022-07-04,0.06312999999999999,0.051100000000000007,0.06863999999999999,0.01754,0.029140000000000003,1798.9000244140625,78.95069885253906,3825.330078125,20.969999313354492,11127.849609375,15835.349609375,26.700000762939453
2022-07-05,0.06309000000000001,0.0512,0.06877,0.017310000000000002,0.02827,1761.800048828125,78.93949890136719,3831.389892578125,20.790000915527344,11322.240234375,15810.849609375,27.540000915527344
2022-07-06,0.061959999999999994,0.0509,0.06784,0.01885,0.03012,1734.9000244140625,79.36840057373047,3845.080078125,20.270000457763672,11361.849609375,15989.7998046875,26.729999542236328
2022-07-07,0.062380000000000005,0.0516,0.06833,0.01948,0.030449999999999998,1737.9000244140625,79.04389953613281,3902.6201171875,19.200000762939453,11621.349609375,16132.900390625,26.079999923706055
2022-07-08,0.06318,0.051699999999999996,0.06896,0.01963,0.03139,1740.5999755859375,79.22160339355469,3899.3798828125,18.399999618530273,11635.3095703125,16220.599609375,24.639999389648438
2022-07-11,0.0629,0.051500000000000004,0.06905,0.02061,0.03102,1730.0,79.3313980102539,3854.429931640625,18.3700008392334,11372.599609375,16216.0,26.170000076293945
2022-07-12,0.06278,0.0516,0.06887,0.02205,0.03085,1723.300048828125,79.47779846191406,3818.800048828125,18.549999237060547,11264.73046875,16058.2998046875,27.290000915527344
2022-07-13,0.0621,0.0518,0.06809,0.02376,0.031509999999999996,1734.199951171875,79.47640228271484,3801.780029296875,18.520000457763672,11247.580078125,15966.650390625,26.81999969482422
2022-07-14,0.06253,0.052199999999999996,0.06822,0.02399,0.03154,1704.5,79.80750274658203,3790.3798828125,18.34000015258789,11251.1904296875,15938.650390625,26.399999618530273
2022-07-15,0.06263,0.052300000000000006,0.06886,0.02335,0.03132,1702.4000244140625,79.87830352783203,3863.159912109375,17.600000381469727,11452.419921875,16049.2001953125,24.229999542236328
2022-07-18,0.06242,0.052300000000000006,0.06878999999999999,0.023700000000000002,0.03177,1709.199951171875,79.72049713134766,3830.85009765625,17.15999984741211,11360.0498046875,16278.5,25.299999237060547
2022-07-19,0.06246,0.0525,0.06861,0.02505,0.032400000000000005,1710.0,80.0302963256836,3936.68994140625,17.200000762939453,11713.150390625,16340.5498046875,24.5
2022-07-20,0.06288,0.0537,0.06874,0.02492,0.03232,1699.5,79.85590362548828,3959.89990234375,16.81999969482422,11897.650390625,16520.849609375,23.8799991607666
2022-07-21,0.06443,0.054299999999999994,0.0684,0.02458,0.03066,1712.699951171875,80.00340270996094,3998.949951171875,16.860000610351562,12059.6103515625,16605.25,23.110000610351562
2022-07-22,0.06405999999999999,0.0545,0.06785000000000001,0.02448,0.029220000000000003,1727.0999755859375,79.7759017944336,3961.6298828125,16.649999618530273,11834.1103515625,16719.44921875,23.030000686645508
2022-07-25,0.06306,0.0545,0.06826,0.024860000000000004,0.029689999999999998,1719.0,79.87680053710938,3966.840087890625,17.68000030517578,11782.669921875,16631.0,23.360000610351562
2022-07-26,0.06301,0.054400000000000004,0.06823,0.0253,0.03008,1717.699951171875,79.72250366210938,3921.050048828125,18.170000076293945,11562.5703125,16483.849609375,24.690000534057617
2022-07-27,0.0632,0.056299999999999996,0.06824,0.02451,0.02941,1719.0999755859375,79.84120178222656,4023.610107421875,18.1299991607666,12032.419921875,16641.80078125,23.239999771118164
2022-07-28,0.06324,0.055999999999999994,0.0677,0.023860000000000003,0.02809,1750.300048828125,79.84739685058594,4072.429931640625,17.010000228881836,12162.58984375,16929.599609375,22.329999923706055
2022-07-29,0.06347,0.055999999999999994,0.06753,0.02373,0.02811,1762.9000244140625,79.57150268554688,4130.2900390625,16.549999237060547,12390.6904296875,17158.25,21.329999923706055
2022-08-01,0.06294,0.0558,0.0683,0.023860000000000003,0.02811,1769.0,79.1948013305664,4118.6298828125,17.489999771118164,12368.98046875,17340.05078125,22.84000015258789
2022-08-02,0.06273,0.0547,0.06806,0.02533,0.030139999999999997,1771.0999755859375,78.95570373535156,4091.18994140625,18.530000686645508,12348.759765625,17345.44921875,23.93000030517578
2022-08-03,0.06285,0.0553,0.06865,0.02487,0.03011,1758.0,78.60449981689453,4155.169921875,18.450000762939453,12668.16015625,17388.150390625,21.950000762939453
2022-08-04,0.061989999999999996,0.0553,0.06766,0.02443,0.029830000000000002,1788.5,79.11830139160156,4151.93994140625,19.260000228881836,12720.580078125,17382.0,21.440000534057617
2022-08-05,0.06299,0.0558,0.06878999999999999,0.0253,0.031709999999999995,1772.9000244140625,79.15489959716797,4145.18994140625,18.920000076293945,12657.5498046875,17397.5,21.149999618530273
2022-08-08,0.06339,0.0558,0.06914,0.02529,0.03137,1786.800048828125,79.41059875488281,4140.06005859375,19.299999237060547,12644.4599609375,17525.099609375,21.290000915527344
2022-08-09,0.06339,0.0558,0.06914,0.02633,0.03205,1794.0,79.60189819335938,4122.47021484375,19.299999237060547,12493.9296875,17525.099609375,21.770000457763672
2022-08-10,0.06326,0.0553,0.0688,0.02597,0.03152,1795.5999755859375,79.57839965820312,4210.240234375,19.59000015258789,12854.7998046875,17534.75,19.739999771118164
2022-08-11,0.06264,0.056100000000000004,0.06849999999999999,0.02558,0.03174,1789.699951171875,79.0978012084961,4207.27001953125,18.360000610351562,12779.91015625,17659.0,20.200000762939453
2022-08-12,0.06307,0.0555,0.06854,0.02563,0.03188,1798.5999755859375,79.61399841308594,4280.14990234375,17.610000610351562,13047.1904296875,17698.150390625,19.530000686645508
2022-08-15,0.06307,0.0555,0.06854,0.02588,0.031219999999999998,1781.4000244140625,79.62760162353516,4297.14013671875,17.610000610351562,13128.0498046875,17698.150390625,19.950000762939453
2022-08-16,0.06307,0.0555,0.06854,0.02661,0.0321,1773.199951171875,79.55290222167969,4305.2001953125,17.68000030517578,13102.5498046875,17825.25,19.690000534057617
2022-08-17,0.0616,0.0554,0.06751,0.02641,0.032799999999999996,1760.300048828125,79.14600372314453,4274.0400390625,17.68000030517578,12938.1201171875,17944.25,19.899999618530273
2022-08-18,0.06247,0.0556,0.06806,0.026690000000000002,0.03233,1755.300048828125,79.35970306396484,4283.740234375,17.350000381469727,12965.33984375,17956.5,19.559999465942383
2022-08-19,0.06240999999999999,0.0555,0.06844,0.02686,0.032690000000000004,1747.5999755859375,79.7667007446289,4228.47998046875,18.290000915527344,12705.2197265625,17758.44921875,20.600000381469727
2022-08-22,0.06371,0.0558,0.06849999999999999,0.027549999999999998,0.033549999999999996,1734.0,79.91790008544922,4137.990234375,19.040000915527344,12381.5703125,17490.69921875,23.799999237060547
2022-08-23,0.06265,0.0552,0.06876,0.027690000000000003,0.03347,1746.800048828125,79.88379669189453,4128.72998046875,19.049999237060547,12381.2998046875,17577.5,24.110000610351562
2022-08-24,0.06387,0.0558,0.06892000000000001,0.0278,0.03403,1747.800048828125,79.85449981689453,4140.77001953125,18.43000030517578,12431.5302734375,17604.94921875,22.81999969482422
2022-08-25,0.06349,0.0562,0.06915,0.027999999999999997,0.0337,1757.699951171875,79.79679870605469,4199.1201171875,19.56999969482422,12639.26953125,17522.44921875,21.780000686645508
2022-08-26,0.06292,0.0559,0.06853,0.028380000000000002,0.03382,1736.0999755859375,79.88289642333984,4057.659912109375,18.219999313354492,12141.7099609375,17558.900390625,25.559999465942383
2022-08-29,0.06502,0.055999999999999994,0.06926,0.02886,0.03449,1736.5999755859375,79.95909881591797,4030.610107421875,19.81999969482422,12017.669921875,17312.900390625,26.209999084472656
2022-08-30,0.06343,0.0559,0.06875,0.02944,0.03469,1723.199951171875,79.96790313720703,3986.159912109375,18.700000762939453,11883.1396484375,17759.30078125,26.209999084472656
2022-08-31,0.06343,0.0559,0.06875,0.02931,0.035179999999999996,1712.800048828125,79.68229675292969,3955.0,18.700000762939453,11816.2001953125,17759.30078125,25.8700008392334
2022-09-01,0.06355000000000001,0.056600000000000004,0.06931,0.02954,0.03549,1696.5999755859375,79.54879760742188,3966.85009765625,19.8700008392334,11785.1298828125,17542.80078125,25.559999465942383
2022-09-02,0.0635,0.056299999999999996,0.0697,0.029089999999999998,0.03437,1709.800048828125,79.716796875,3924.260009765625,19.549999237060547,11630.8603515625,17539.44921875,25.469999313354492
2022-09-05,0.06353,0.056299999999999996,0.06923,0.029220000000000003,0.034769999999999995,1709.800048828125,79.72450256347656,3924.260009765625,19.65999984741211,11630.8603515625,17665.80078125,25.469999313354492
2022-09-06,0.06314,0.055999999999999994,0.06905,0.02935,0.03574,1700.4000244140625,79.78299713134766,3908.18994140625,19.520000457763672,11544.91015625,17655.599609375,26.90999984741211
2022-09-07,0.06318,0.0559,0.06938,0.03047,0.03489,1715.300048828125,79.89510345458984,3979.8701171875,19.3700008392334,11791.900390625,17624.400390625,24.639999389648438
2022-09-08,0.06251999999999999,0.0564,0.06887,0.030289999999999997,0.03569,1708.0,79.6498031616211,4006.179931640625,18.309999465942383,11862.1298828125,17798.75,23.610000610351562
2022-09-09,0.06263,0.0564,0.06869,0.03041,0.03601,1716.199951171875,79.706298828125,4067.360107421875,17.719999313354492,12112.3095703125,17833.349609375,22.790000915527344
2022-09-12,0.06285,0.056600000000000004,0.06936,0.03071,0.03613,1728.0999755859375,79.65579986572266,4110.41015625,17.940000534057617,12266.41015625,17936.349609375,23.8700008392334
2022-09-13,0.06253,0.056600000000000004,0.06898,0.03263,0.03753,1705.0,79.35530090332031,3932.68994140625,17.469999313354492,11633.5703125,18070.05078125,27.270000457763672
2022-09-14,0.06275,0.057,0.06999,0.03212,0.03789,1696.5,79.60240173339844,3946.010009765625,18.280000686645508,11719.6796875,18003.75,26.15999984741211
2022-09-15,0.06314,0.0576,0.07035999999999999,0.03186,0.03848,1665.4000244140625,79.45369720458984,3901.35009765625,18.389999389648438,11552.3603515625,17877.400390625,26.270000457763672
2022-09-16,0.06362,0.057699999999999994,0.07103,0.03167,0.03832,1671.699951171875,79.8490982055664,3873.330078125,19.81999969482422,11448.400390625,17530.849609375,26.299999237060547
2022-09-19,0.06375,0.057800000000000004,0.07067999999999999,0.03128,0.03903,1666.199951171875,79.68949890136719,3899.889892578125,19.940000534057617,11535.01953125,17622.25,25.760000228881836
2022-09-20,0.06397,0.0579,0.0717,0.033479999999999996,0.039420000000000004,1659.699951171875,79.7074966430664,3855.929931640625,18.799999237060547,11425.0498046875,17816.25,27.15999984741211
2022-09-21,0.06411,0.058499999999999996,0.07153,0.03292,0.04011,1664.5999755859375,79.76270294189453,3789.929931640625,19.329999923706055,11220.1904296875,17718.349609375,27.989999771118164
2022-09-22,0.06514,0.0588,0.07238,0.03232,0.04133,1670.800048828125,80.05069732666016,3757.989990234375,18.81999969482422,11066.8095703125,17629.80078125,27.350000381469727
2022-09-23,0.06709999999999999,0.059000000000000004,0.07327,0.03195,0.04223,1645.300048828125,81.06220245361328,3693.22998046875,20.59000015258789,10867.9296875,17327.349609375,29.920000076293945
2022-09-26,0.06706000000000001,0.0594,0.07336999999999999,0.03272,0.04418999999999999,1623.300048828125,81.25479888916016,3655.0400390625,21.889999389648438,10802.919921875,17016.30078125,32.2599983215332
2022-09-27,0.06638,0.059699999999999996,0.07254,0.03328,0.043739999999999994,1626.699951171875,81.61579895019531,3647.2900390625,21.56999969482422,10829.5,17007.400390625,32.599998474121094
2022-09-28,0.0668,0.061,0.0732,0.03374,0.04156,1660.4000244140625,81.72460174560547,3719.0400390625,22.100000381469727,11051.6396484375,16858.599609375,30.18000030517578
2022-09-29,0.06684999999999999,0.060899999999999996,0.07278,0.03314,0.042140000000000004,1658.5,81.42870330810547,3640.469970703125,21.299999237060547,10737.509765625,16818.099609375,31.84000015258789
2022-09-30,0.067,0.060899999999999996,0.07218,0.03283,0.04285,1662.4000244140625,81.48059844970703,3585.6201171875,19.969999313354492,10575.6201171875,17094.349609375,31.6200008392334
2022-10-03,0.06695999999999999,0.059800000000000006,0.07293999999999999,0.03251,0.04113000000000001,1692.9000244140625,81.52130126953125,3678.429931640625,21.3700008392334,10815.4296875,16887.349609375,30.100000381469727
2022-10-04,0.06715,0.0596,0.07221,0.03395,0.04102,1721.0999755859375,81.49500274658203,3790.929931640625,19.56999969482422,11176.41015625,17274.30078125,29.06999969482422
2022-10-05,0.06715,0.0596,0.07221,0.03392,0.04166,1711.4000244140625,81.46549987792969,3783.280029296875,19.56999969482422,11148.6396484375,17274.30078125,28.549999237060547
2022-10-06,0.06767000000000001,0.060899999999999996,0.0728,0.03381,0.04273,1711.699951171875,81.6488037109375,3744.52001953125,19.31999969482422,11073.3095703125,17331.80078125,30.520000457763672
2022-10-07,0.06784,0.061200000000000004,0.07338,0.033780000000000004,0.04349,1700.5,82.3489990234375,3639.659912109375,18.809999465942383,10652.400390625,17314.650390625,31.360000610351562
2022-10-10,0.0676,0.0613,0.07373,0.03427,0.04352,1667.300048828125,82.8322982788086,3612.389892578125,19.6200008392334,10542.099609375,17241.0,32.45000076293945
2022-10-11,0.06766,0.062,0.07355,0.03442,0.0435,1678.699951171875,82.42070007324219,3588.840087890625,20.489999771118164,10426.1904296875,16983.55078125,33.630001068115234
2022-10-12,0.068,0.0623,0.07338,0.03622,0.04314,1670.300048828125,82.2739028930664,3577.030029296875,20.18000030517578,10417.099609375,17123.599609375,33.56999969482422
2022-10-13,0.06853,0.063,0.0733,0.03696,0.044500000000000005,1670.0,82.19999694824219,3669.909912109375,20.290000915527344,10649.150390625,17014.349609375,31.940000534057617
2022-10-14,0.0687,0.0633,0.0739,0.03723,0.04501,1641.699951171875,82.19210052490234,3583.070068359375,18.260000228881836,10321.3896484375,17185.69921875,32.02000045776367
2022-10-17,0.0678,0.063,0.07238,0.0378,0.04441,1657.0,82.41280364990234,3677.949951171875,18.420000076293945,10675.7998046875,17311.80078125,31.3700008392334
2022-10-18,0.06737,0.063,0.07235,0.03934,0.0443,1649.0,82.1947021484375,3719.97998046875,17.450000762939453,10772.400390625,17486.94921875,30.5
2022-10-19,0.068,0.0633,0.07315,0.03996,0.04569,1627.5,82.2863998413086,3695.159912109375,17.489999771118164,10680.509765625,17512.25,30.760000228881836
2022-10-20,0.06806,0.0638,0.07301,0.040010000000000004,0.04652,1630.800048828125,82.99700164794922,3665.780029296875,17.229999542236328,10614.83984375,17563.94921875,29.979999542236328
2022-10-21,0.06927,0.0638,0.07353,0.03992,0.04519,1651.0,82.82569885253906,3752.75,17.280000686645508,10859.7197265625,17576.30078125,29.690000534057617
2022-10-24,0.06927,0.0638,0.07353,0.04019999999999999,0.045309999999999996,1648.699951171875,82.54129791259766,3797.340087890625,17.420000076293945,10952.6103515625,17730.75,29.850000381469727
2022-10-25,0.06860000000000001,0.0636,0.07317,0.04066,0.04457,1652.800048828125,82.7614974975586,3859.110107421875,16.8799991607666,11199.1201171875,17656.349609375,28.459999084472656
2022-10-26,0.06860000000000001,0.0636,0.07317,0.04032,0.04386,1664.0,82.44529724121094,3830.60009765625,16.8799991607666,10970.990234375,17656.349609375,27.280000686645508
2022-10-27,0.06748,0.0638,0.07246999999999999,0.04047,0.04249,1660.699951171875,82.04959869384766,3807.300048828125,16.600000381469727,10792.669921875,17736.94921875,27.389999389648438
2022-10-28,0.06799000000000001,0.0645,0.0732,0.040819999999999995,0.04366,1639.5999755859375,82.44249725341797,3901.06005859375,15.920000076293945,11102.4501953125,17786.80078125,25.75
2022-10-31,0.06814,0.0644,0.07352,0.0409,0.0444,1635.9000244140625,82.23919677734375,3871.97998046875,15.800000190734863,10988.150390625,18012.19921875,25.8799991607666
2022-11-01,0.06860000000000001,0.0645,0.07224,0.04154,0.04503,1645.0,82.72899627685547,3856.10009765625,16.1299991607666,10890.849609375,18145.400390625,25.809999465942383
2022-11-02,0.06866,0.0647,0.07245,0.04138,0.045579999999999996,1645.699951171875,82.68450164794922,3759.68994140625,16.65999984741211,10524.7998046875,18082.849609375,25.860000610351562
2022-11-03,0.06912,0.0646,0.07327,0.04135,0.046479999999999994,1627.300048828125,82.88839721679688,3719.889892578125,15.9399995803833,10342.9404296875,18052.69921875,25.299999237060547
2022-11-04,0.069,0.06480000000000001,0.07341,0.04118,0.04591,1672.5,82.68180084228516,3770.550048828125,15.65999984741211,10475.25,18117.150390625,24.549999237060547
2022-11-07,0.06903,0.0647,0.07333,0.0409,0.04652,1676.5,81.9749984741211,3806.800048828125,15.59000015258789,10564.51953125,18202.80078125,24.350000381469727
2022-11-08,0.06903,0.0647,0.07333,0.042,0.04565,1712.0999755859375,81.82599639892578,3828.110107421875,15.59000015258789,10616.2001953125,18202.80078125,25.540000915527344
2022-11-09,0.06899,0.0645,0.07297,0.042030000000000005,0.04489,1710.0999755859375,81.40519714355469,3748.570068359375,15.920000076293945,10353.169921875,18157.0,26.09000015258789
2022-11-10,0.06863999999999999,0.0645,0.07415,0.04196,0.04178,1750.300048828125,81.34380340576172,3956.3701171875,15.569999694824219,11114.150390625,18028.19921875,23.530000686645508
2022-11-11,0.06719,0.0643,0.07089000000000001,0.04196,0.04178,1766.0,80.48290252685547,3992.929931640625,14.40999984741211,11323.330078125,18349.69921875,22.520000457763672
2022-11-14,0.0692,0.06480000000000001,0.07118000000000001,0.04181,0.04234,1773.5999755859375,80.49700164794922,3957.25,14.90999984741211,11196.2197265625,18329.150390625,23.729999542236328
2022-11-15,0.0674,0.06480000000000001,0.07064,0.04237,0.041420000000000005,1773.800048828125,80.99199676513672,3991.72998046875,14.640000343322754,11358.41015625,18403.400390625,24.540000915527344
2022-11-16,0.06819,0.0645,0.07282,0.04232,0.041440000000000005,1773.0,81.07140350341797,3958.7900390625,15.100000381469727,11183.66015625,18409.650390625,24.110000610351562
2022-11-17,0.06711,0.0643,0.07063,0.04234,0.04222000000000001,1760.800048828125,81.49530029296875,3946.56005859375,14.880000114440918,11144.9599609375,18343.900390625,23.93000030517578
2022-11-18,0.06718,0.0643,0.07084,0.0425,0.042969999999999994,1751.9000244140625,81.52490234375,3965.340087890625,14.390000343322754,11146.0595703125,18307.650390625,23.1200008392334
2022-11-21,0.06777,0.0643,0.07123,0.04216,0.04322,1737.4000244140625,81.5198974609375,3949.93994140625,14.800000190734863,11024.509765625,18159.94921875,22.360000610351562
2022-11-22,0.06772,0.0643,0.07104,0.04311,0.04288,1738.300048828125,81.72769927978516,4003.580078125,13.84000015258789,11174.41015625,18244.19921875,21.290000915527344
2022-11-23,0.06779,0.0644,0.07097,0.04314,0.042199999999999994,1744.9000244140625,81.71499633789062,4027.260009765625,14.039999961853027,11285.3203125,18267.25,20.350000381469727
2022-11-24,0.06721,0.0642,0.07176,0.0436,0.04181,1744.9000244140625,81.63289642333984,4027.260009765625,13.479999542236328,11285.3203125,18484.099609375,20.350000381469727
2022-11-25,0.06718,0.0645,0.07218,0.04305,0.04216,1753.300048828125,81.65540313720703,4026.1201171875,13.329999923706055,11226.3603515625,18512.75,20.5
2022-11-28,0.06714,0.0642,0.07099,0.044020000000000004,0.042050000000000004,1740.0999755859375,81.6697006225586,3963.93994140625,13.569999694824219,11049.5,18562.75,22.209999084472656
2022-11-29,0.06741,0.0642,0.07088,0.043840000000000004,0.04247,1748.4000244140625,81.65029907226562,3957.6298828125,13.619999885559082,10983.7802734375,18618.05078125,21.889999389648438
2022-11-30,0.06756999999999999,0.0641,0.07055,0.04364,0.04066,1746.0,81.63089752197266,4080.110107421875,13.8100004196167,11468.0,18758.349609375,20.579999923706055
2022-12-01,0.06709,0.0639,0.07011,0.04316,0.039670000000000004,1801.0999755859375,81.3052978515625,4076.570068359375,13.359999656677246,11482.4501953125,18812.5,19.84000015258789
2022-12-02,0.06727,0.0637,0.07028,0.0432,0.03997,1795.9000244140625,81.16220092773438,4071.699951171875,13.449999809265137,11461.5,18696.099609375,19.059999465942383
2022-12-05,0.06733,0.0636,0.07024,0.043120000000000006,0.041260000000000005,1767.4000244140625,81.42250061035156,3998.840087890625,13.729999542236328,11239.9404296875,18701.05078125,20.75
2022-12-06,0.0676,0.0636,0.07038,0.043710000000000006,0.04103,1769.300048828125,81.89900207519531,3941.260009765625,14.039999961853027,11014.8896484375,18642.75,22.170000076293945
2022-12-07,0.06788,0.064,0.07074,0.04301,0.03995,1785.5,82.37220001220703,3933.919921875,14.079999923706055,10958.5498046875,18560.5,22.68000030517578
2022-12-08,0.06794,0.064,0.07085,0.042699999999999995,0.04054,1788.699951171875,82.25350189208984,3963.510009765625,13.399999618530273,11082.0,18609.349609375,22.290000915527344
2022-12-09,0.06801,0.0638,0.07098,0.04294,0.040979999999999996,1798.0999755859375,82.2791976928711,3934.3798828125,13.479999542236328,11004.6201171875,18496.599609375,22.829999923706055
2022-12-12,0.06774,0.064,0.07095,0.04289,0.04135,1780.5,82.41300201416016,3990.56005859375,13.319999694824219,11143.740234375,18497.150390625,25.0
2022-12-13,0.06747,0.0637,0.07083,0.043579999999999994,0.03941,1813.9000244140625,82.64469909667969,4019.64990234375,12.880000114440918,11256.8095703125,18608.0,22.549999237060547
2022-12-14,0.0672,0.0641,0.07061,0.043449999999999996,0.03914,1807.5,82.40249633789062,3995.320068359375,12.890000343322754,11170.8896484375,18660.30078125,21.139999389648438
2022-12-15,0.06714,0.0642,0.07075000000000001,0.04327,0.03947,1777.199951171875,82.50800323486328,3895.75,13.729999542236328,10810.5302734375,18414.900390625,22.829999923706055
2022-12-16,0.06749,0.0642,0.07071,0.04292,0.03908,1790.0,82.85790252685547,3852.360107421875,14.069999694824219,10705.41015625,18269.0,22.6200008392334
2022-12-19,0.06817999999999999,0.0643,0.0707,0.04283000000000001,0.04003,1787.699951171875,82.72599792480469,3817.659912109375,13.550000190734863,10546.0302734375,18420.44921875,22.420000076293945
2022-12-20,0.06756000000000001,0.0643,0.07088,0.04356,0.040279999999999996,1815.9000244140625,82.58190155029297,3821.6201171875,13.779999732971191,10547.1103515625,18385.30078125,21.479999542236328
2022-12-21,0.06797,0.0646,0.07088,0.0433,0.04,1815.9000244140625,82.63690185546875,3878.43994140625,15.5600004196167,10709.3701171875,18199.099609375,20.06999969482422
2022-12-22,0.06803,0.0638,0.0711,0.04332,0.04042,1787.0,82.87860107421875,3822.389892578125,15.1899995803833,10476.1201171875,18127.349609375,21.969999313354492
2022-12-23,0.06868,0.0639,0.07091,0.04335,0.04093,1795.9000244140625,82.8749008178711,3844.820068359375,16.15999984741211,10497.8603515625,17806.80078125,20.8700008392334
2022-12-26,0.06921000000000001,0.0637,0.07135,0.04369,0.0409,1795.9000244140625,82.6041030883789,3844.820068359375,16.15999984741211,10497.8603515625,18014.599609375,20.8700008392334
2022-12-27,0.0687,0.0638,0.07134,0.04311,0.04169,1814.800048828125,82.90290069580078,3829.25,15.289999961853027,10353.23046875,18132.30078125,21.649999618530273
2022-12-28,0.06807,0.0634,0.07164,0.04457,0.04181,1807.9000244140625,82.7761001586914,3783.219970703125,15.399999618530273,10213.2900390625,18122.5,22.139999389648438
2022-12-29,0.06732,0.06309999999999999,0.07123,0.04423,0.04167,1819.5,82.85199737548828,3849.280029296875,14.8100004196167,10478.08984375,18191.0,21.440000534057617
2022-12-30,0.06745,0.0634,0.07141,0.044050000000000006,0.04227,1819.699951171875,82.83509826660156,3839.5,14.869999885559082,10466.48046875,18105.30078125,21.670000076293945
2023-01-02,0.0674,0.0629,0.07146,0.043949999999999996,0.04224,1819.699951171875,82.74980163574219,3839.5,14.6899995803833,10466.48046875,18197.44921875,21.670000076293945
2023-01-03,0.06863999999999999,0.063,0.07139999999999999,0.043730000000000005,0.04156,1839.699951171875,82.70600128173828,3824.139892578125,14.390000343322754,10386.98046875,18232.55078125,22.899999618530273
2023-01-04,0.06741,0.0636,0.07123,0.04516,0.041100000000000005,1852.800048828125,82.78569793701172,3852.969970703125,15.199999809265137,10458.759765625,18042.94921875,22.010000228881836
2023-01-05,0.06937,0.0637,0.07128,0.04622,0.0421,1834.800048828125,82.66649627685547,3808.10009765625,14.979999542236328,10305.240234375,17992.150390625,22.459999084472656
2023-01-06,0.06755,0.0637,0.07164,0.04626,0.03985,1864.199951171875,82.64520263671875,3895.080078125,15.029999732971191,10569.2900390625,17859.44921875,21.1299991607666
2023-01-09,0.06942,0.0638,0.07107999999999999,0.046150000000000004,0.03948,1872.699951171875,82.27339935302734,3892.090087890625,14.649999618530273,10635.650390625,18101.19921875,21.969999313354492
2023-01-10,0.06901,0.0638,0.0708,0.04688,0.03982,1871.5999755859375,82.18009948730469,3919.25,15.510000228881836,10742.6298828125,17914.150390625,20.579999923706055
2023-01-11,0.06872,0.064,0.0706,0.04677,0.0392,1874.5999755859375,81.63739776611328,3969.610107421875,15.4399995803833,10931.669921875,17895.69921875,21.09000015258789
2023-01-12,0.0683,0.0642,0.07021,0.04609,0.03811,1895.5,81.63179779052734,3983.169921875,15.279999732971191,11001.099609375,17858.19921875,18.829999923706055
2023-01-13,0.06803,0.0642,0.0701,0.0462,0.03889,1918.4000244140625,81.1156005859375,3999.090087890625,14.460000038146973,11079.16015625,17956.599609375,18.350000381469727
2023-01-16,0.06822,0.0643,0.07046999999999999,0.04661,0.03903,1918.4000244140625,81.27799987792969,3999.090087890625,15.020000457763672,11079.16015625,17894.849609375,18.350000381469727
2023-01-17,0.06731,0.0643,0.07059,0.04617,0.03878,1907.199951171875,81.65260314941406,3990.969970703125,14.59000015258789,11095.1103515625,18053.30078125,19.360000610351562
2023-01-18,0.06737,0.0646,0.07042,0.046509999999999996,0.0373,1904.4000244140625,81.52549743652344,3928.860107421875,14.369999885559082,10957.009765625,18165.349609375,20.34000015258789
2023-01-19,0.06646,0.0643,0.07014999999999999,0.04666000000000001,0.03772,1922.0999755859375,81.43599700927734,3898.85009765625,13.960000038146973,10852.26953125,18107.849609375,20.520000457763672
2023-01-20,0.06678,0.0645,0.07035999999999999,0.04662,0.03833,1926.4000244140625,81.23979949951172,3972.610107421875,13.789999961853027,11140.4296875,18027.650390625,19.850000381469727
2023-01-23,0.06697,0.0643,0.07041,0.046689999999999995,0.03897,1927.0999755859375,80.97599792480469,4019.81005859375,13.619999885559082,11364.41015625,18118.55078125,19.809999465942383
2023-01-24,0.06716,0.0642,0.07049,0.046950000000000006,0.03858,1933.9000244140625,81.48799896240234,4016.949951171875,13.65999984741211,11334.26953125,18118.30078125,19.200000762939453
2023-01-25,0.06743,0.0645,0.07058,0.04675,0.03841,1941.199951171875,81.60189819335938,4016.219970703125,14.65999984741211,11313.3603515625,17891.94921875,19.079999923706055
2023-01-26,0.06743,0.0645,0.07058,0.046689999999999995,0.03894,1929.0999755859375,81.50270080566406,4060.429931640625,14.65999984741211,11512.41015625,17891.94921875,18.729999542236328
2023-01-27,0.06751,0.06480000000000001,0.07116,0.04677,0.03897,1928.5999755859375,81.44509887695312,4070.56005859375,17.31999969482422,11621.7099609375,17604.349609375,18.510000228881836
2023-01-30,0.06764,0.0649,0.07171,0.04661,0.03951,1922.9000244140625,81.50800323486328,4017.77001953125,17.709999084472656,11393.8095703125,17648.94921875,19.940000534057617
2023-01-31,0.06770999999999999,0.06480000000000001,0.07132,0.04693,0.039,1929.5,81.57990264892578,4076.60009765625,16.8799991607666,11584.5498046875,17662.150390625,19.399999618530273
2023-02-01,0.06910999999999999,0.06509999999999999,0.0705,0.04656,0.037759999999999995,1927.800048828125,81.76840209960938,4119.2099609375,16.780000686645508,11816.3203125,17616.30078125,17.8700008392334
2023-02-02,0.06919,0.06559999999999999,0.07058,0.0464,0.03773,1916.300048828125,81.71029663085938,4179.759765625,15.729999542236328,12200.8203125,17610.400390625,18.729999542236328
2023-02-03,0.06874,0.06570000000000001,0.07025,0.04659,0.03951,1862.9000244140625,82.0458984375,4136.47998046875,14.399999618530273,12006.9501953125,17854.05078125,18.329999923706055
2023-02-04,0.06874,0.06570000000000001,0.07025,0.04659,0.03951,1862.9000244140625,82.0458984375,4136.47998046875,14.399999618530273,12006.9501953125,17854.05078125,18.329999923706055
2023-02-06,0.06928,0.0654,0.07088,0.04666000000000001,0.041449999999999994,1866.199951171875,82.22599792480469,4111.080078125,14.6899995803833,11887.4501953125,17764.599609375,19.43000030517578
2023-02-07,0.06944,0.06559999999999999,0.0709,0.04703,0.04125,1871.699951171875,82.75499725341797,4164.0,14.130000114440918,12113.7900390625,17721.5,18.65999984741211
2023-02-08,0.07021,0.0658,0.07164,0.04714,0.040810000000000006,1877.4000244140625,82.74189758300781,4117.85986328125,13.600000381469727,11910.51953125,17871.69921875,19.6299991607666
2023-02-09,0.07014000000000001,0.0669,0.07184,0.047409999999999994,0.04151,1866.199951171875,82.65950012207031,4081.5,13.039999961853027,11789.580078125,17893.44921875,20.709999084472656
2023-02-10,0.07078000000000001,0.0669,0.07188,0.047729999999999995,0.0421,1862.800048828125,82.533203125,4090.4599609375,12.75,11718.1201171875,17856.5,20.530000686645508
2023-02-13,0.07118000000000001,0.0668,0.07219,0.047779999999999996,0.042039999999999994,1851.9000244140625,82.51300048828125,4137.2900390625,13.680000305175781,11891.7900390625,17770.900390625,20.34000015258789
2023-02-14,0.07163,0.067,0.07264999999999999,0.04785999999999999,0.043250000000000004,1854.0,82.59739685058594,4136.1298828125,13.449999809265137,11960.150390625,17929.849609375,18.90999984741211
2023-02-15,0.07181,0.0672,0.07228,0.047729999999999995,0.04351,1834.199951171875,82.86759948730469,4147.60009765625,12.859999656677246,12070.58984375,18015.849609375,18.229999542236328
2023-02-16,0.07165,0.0675,0.07214999999999999,0.048010000000000004,0.0434,1842.0,82.73770141601562,4090.409912109375,12.890000343322754,11855.830078125,18035.849609375,20.170000076293945
2023-02-17,0.07214000000000001,0.0679,0.07286,0.04814,0.043129999999999995,1840.4000244140625,82.69529724121094,4079.090087890625,13.09000015258789,11787.26953125,17944.19921875,20.020000457763672
2023-02-20,0.07208,0.0678,0.07264999999999999,0.0484,0.043609999999999996,1840.4000244140625,82.75800323486328,4079.090087890625,13.380000114440918,11787.26953125,17844.599609375,20.020000457763672
2023-02-21,0.07205,0.068,0.07291,0.04816,0.04441,1833.0,82.69750213623047,3997.340087890625,14.010000228881836,11492.2998046875,17826.69921875,22.8700008392334
2023-02-22,0.07228,0.0682,0.07333,0.04828,0.044349999999999994,1832.0,82.86119842529297,3991.050048828125,15.59000015258789,11507.0703125,17554.30078125,22.290000915527344
2023-02-23,0.07223,0.06860000000000001,0.0732,0.04832,0.04418999999999999,1818.0,82.83529663085938,4012.320068359375,15.079999923706055,11590.400390625,17511.25,21.139999389648438
2023-02-24,0.07246000000000001,0.0691,0.07316,0.048330000000000005,0.04534,1808.800048828125,82.6178970336914,3970.0400390625,14.1899995803833,11394.9404296875,17465.80078125,21.670000076293945
2023-02-27,0.07288,0.069,0.07357999999999999,0.04804,0.04506,1817.0,82.91799926757812,3982.239990234375,13.880000114440918,11466.98046875,17392.69921875,20.950000762939453
2023-02-28,0.07299,0.0691,0.07379,0.04857,0.04529,1828.9000244140625,82.6520004272461,3970.14990234375,14.020000457763672,11455.5400390625,17303.94921875,20.700000762939453
2023-03-01,0.07319,0.0694,0.07366,0.04867,0.046020000000000005,1837.699951171875,82.6353988647461,3951.389892578125,13.0,11379.48046875,17450.900390625,20.579999923706055
2023-03-02,0.07313,0.0694,0.07383,0.04869,0.046340000000000006,1833.5,82.4198989868164,3981.35009765625,12.970000267028809,11462.98046875,17321.900390625,19.59000015258789
2023-03-03,0.07321,0.0695,0.07361,0.04875,0.04604,1847.699951171875,82.35569763183594,4045.639892578125,12.180000305175781,11689.009765625,17594.349609375,18.489999771118164
2023-03-06,0.07304000000000001,0.0692,0.07352,0.04872,0.046130000000000004,1847.9000244140625,81.7125015258789,4048.419921875,12.270000457763672,11675.740234375,17711.44921875,18.610000610351562
2023-03-07,0.07304000000000001,0.0692,0.07352,0.05013,0.047240000000000004,1813.9000244140625,81.85440063476562,3986.3701171875,12.270000457763672,11530.330078125,17711.44921875,19.59000015258789
2023-03-08,0.07381,0.0695,0.07436,0.050359999999999995,0.047409999999999994,1812.699951171875,82.07460021972656,3992.010009765625,12.449999809265137,11576.0,17754.400390625,19.110000610351562
2023-03-09,0.07376,0.0697,0.07412,0.0501,0.04549,1829.300048828125,81.9645004272461,3918.320068359375,12.729999542236328,11338.349609375,17589.599609375,22.610000610351562
2023-03-10,0.07344,0.069,0.07354,0.049550000000000004,0.043250000000000004,1862.0,82.01840209960938,3861.590087890625,13.40999984741211,11138.8896484375,17412.900390625,24.799999237060547
2023-03-13,0.07237,0.0687,0.07248,0.0483,0.03887,1911.699951171875,81.95800018310547,3855.760009765625,16.219999313354492,11188.83984375,17154.30078125,26.520000457763672
2023-03-14,0.07200000000000001,0.069,0.0725,0.04836,0.040999999999999995,1906.199951171875,82.41739654541016,3919.2900390625,16.219999313354492,11428.150390625,17043.30078125,23.729999542236328
2023-03-15,0.07225,0.0687,0.07221,0.04755,0.03796,1926.5999755859375,82.30490112304688,3891.929931640625,16.299999237060547,11434.0498046875,16972.150390625,26.139999389648438
2023-03-16,0.07194,0.0681,0.07229000000000001,0.047080000000000004,0.04003999999999999,1919.0,82.7156982421875,3960.280029296875,16.219999313354492,11717.2802734375,16985.599609375,22.989999771118164
2023-03-17,0.07222,0.0681,0.07203999999999999,0.04459,0.0373,1969.800048828125,82.622802734375,3916.639892578125,14.770000457763672,11630.509765625,17100.05078125,25.510000228881836
2023-03-20,0.07176,0.0681,0.07155,0.0462,0.03809,1979.199951171875,82.53299713134766,3951.570068359375,16.010000228881836,11675.5400390625,16988.400390625,24.149999618530273
2023-03-21,0.07206,0.0678,0.07193,0.04753,0.03991,1938.0,82.52909851074219,4002.8701171875,15.079999923706055,11860.1103515625,17107.5,21.3799991607666
2023-03-22,0.07206,0.0678,0.07193,0.04719,0.03752,1946.800048828125,82.677001953125,3936.969970703125,14.8100004196167,11669.9599609375,17151.900390625,22.260000228881836
2023-03-23,0.07193,0.0678,0.07163,0.04671,0.03616,1993.800048828125,82.52580261230469,3948.719970703125,14.489999771118164,11787.400390625,17076.900390625,22.610000610351562
2023-03-24,0.07179,0.0676,0.07146,0.046900000000000004,0.03578,1982.0999755859375,82.26529693603516,3970.989990234375,15.239999771118164,11823.9599609375,16945.05078125,21.739999771118164
2023-03-27,0.07174,0.0678,0.07125,0.04752,0.037919999999999995,1952.4000244140625,82.33879852294922,3977.530029296875,15.449999809265137,11768.83984375,16985.69921875,20.600000381469727
2023-03-28,0.07208,0.0703,0.07176,0.04771,0.03886,1972.4000244140625,82.21489715576172,3971.27001953125,15.100000381469727,11716.080078125,16951.69921875,19.969999313354492
2023-03-29,0.07192,0.0718,0.07148,0.047729999999999995,0.03894,1966.0999755859375,82.16429901123047,4027.81005859375,13.630000114440918,11926.240234375,17080.69921875,19.1200008392334
2023-03-30,0.07192,0.0718,0.07148,0.04814,0.03902,1980.300048828125,82.25540161132812,4050.830078125,13.630000114440918,12013.4697265625,17080.69921875,19.020000457763672
2023-03-31,0.07138,0.0703,0.07155,0.04801999999999999,0.037989999999999996,1969.0,82.10050201416016,4109.31005859375,12.9399995803833,12221.91015625,17359.75,18.700000762939453
2023-04-03,0.07124,0.069,0.07161,0.04739,0.037290000000000004,1983.9000244140625,82.18479919433594,4124.509765625,12.59000015258789,12189.4501953125,17398.05078125,18.549999237060547
2023-04-04,0.07124,0.069,0.07161,0.04885,0.03597,2022.199951171875,82.14089965820312,4100.60009765625,12.59000015258789,12126.330078125,17398.05078125,19.0
2023-04-05,0.07114,0.0683,0.0712,0.04851,0.03574,2020.9000244140625,82.11479949951172,4090.3798828125,12.40999984741211,11996.8603515625,17557.05078125,19.079999923706055
2023-04-06,0.0695,0.0678,0.07,0.04885,0.03598,2011.9000244140625,81.94999694824219,4105.02001953125,11.800000190734863,12087.9599609375,17599.150390625,18.399999618530273
2023-04-07,0.0695,0.0678,0.07,0.04947,0.037599999999999995,2011.9000244140625,81.831298828125,4105.02001953125,11.800000190734863,12087.9599609375,17599.150390625,18.399999618530273
2023-04-10,0.0692,0.0675,0.06995,0.050019999999999995,0.03773,1989.0999755859375,81.88480377197266,4109.10986328125,12.270000457763672,12084.3603515625,17624.05078125,18.969999313354492
2023-04-11,0.06935,0.067,0.07014000000000001,0.050339999999999996,0.03787,2004.800048828125,81.98390197753906,4108.93994140625,11.979999542236328,12031.8798828125,17722.30078125,19.100000381469727
2023-04-12,0.06915,0.0668,0.06996000000000001,0.05013,0.03694,2010.9000244140625,82.07009887695312,4091.949951171875,12.270000457763672,11929.33984375,17812.400390625,19.09000015258789
2023-04-13,0.06941,0.0673,0.0699,0.05028,0.03708,2041.300048828125,81.96060180664062,4146.22021484375,11.90999984741211,12166.26953125,17828.0,17.799999237060547
2023-04-14,0.06941,0.0673,0.0699,0.05096,0.03831,2002.199951171875,81.68070220947266,4137.64013671875,11.90999984741211,12123.4697265625,17828.0,17.06999969482422
2023-04-17,0.06961,0.0672,0.07027,0.05107999999999999,0.03929,1994.199951171875,81.84480285644531,4151.31982421875,12.270000457763672,12157.7197265625,17706.849609375,16.950000762939453
2023-04-18,0.06938,0.0673,0.07011,0.0519,0.03918,2007.4000244140625,82.00370025634766,4154.8701171875,12.079999923706055,12153.41015625,17660.150390625,16.829999923706055
2023-04-19,0.06933,0.0673,0.06998,0.05154,0.03954,1995.199951171875,82.10790252685547,4154.52001953125,12.149999618530273,12157.23046875,17618.75,16.459999084472656
2023-04-20,0.06927,0.0678,0.06969,0.05101,0.03862,2007.5999755859375,82.34010314941406,4129.7900390625,11.9399995803833,12059.5595703125,17624.44921875,17.170000076293945
2023-04-21,0.06929,0.0678,0.06947,0.05117,0.03884,1979.5,82.14089965820312,4133.52001953125,11.630000114440918,12072.4599609375,17624.05078125,16.770000457763672
2023-04-24,0.06910999999999999,0.0675,0.0694,0.05061,0.03803,1989.0999755859375,82.05480194091797,4137.0400390625,11.670000076293945,12037.2001953125,17743.400390625,16.889999389648438
2023-04-25,0.0692,0.0675,0.0694,0.0512,0.03641,1994.0,81.85230255126953,4071.6298828125,11.520000457763672,11799.16015625,17769.25,18.760000228881836
2023-04-26,0.06926,0.0682,0.06951,0.05143,0.03694,1985.699951171875,81.9916000366211,4055.989990234375,11.649999618530273,11854.349609375,17813.599609375,18.84000015258789
2023-04-27,0.06903,0.0683,0.06937,0.05195,0.03814,1989.9000244140625,81.76689910888672,4135.35009765625,11.430000305175781,12142.240234375,17915.05078125,17.030000686645508
2023-04-28,0.06905,0.0687,0.06965,0.05104,0.03727,1990.0999755859375,81.76509857177734,4169.47998046875,10.949999809265137,12226.580078125,18065.0,15.779999732971191
2023-05-01,0.06905,0.0687,0.06965,0.05051,0.03862,1983.4000244140625,81.74479675292969,4167.8701171875,10.949999809265137,12212.599609375,18065.0,16.079999923706055
2023-05-02,0.06938,0.06860000000000001,0.06955,0.052270000000000004,0.03701,2014.300048828125,81.77469635009766,4119.580078125,11.899999618530273,12080.509765625,18147.650390625,17.780000686645508
2023-05-03,0.06908,0.0688,0.06894,0.05258,0.03566,2028.5999755859375,81.77870178222656,4090.75,11.84000015258789,12025.330078125,18089.849609375,18.34000015258789
2023-05-04,0.06892000000000001,0.0688,0.06929,0.05268,0.03513,2048.0,81.77999877929688,4061.219970703125,11.729999542236328,11966.400390625,18255.80078125,20.09000015258789
2023-05-05,0.06892000000000001,0.0688,0.06929,0.052649999999999995,0.03636,2017.4000244140625,81.71610260009766,4136.25,12.300000190734863,12235.41015625,18069.0,17.190000534057617
2023-05-08,0.06913,0.0691,0.06965,0.052539999999999996,0.037149999999999996,2026.300048828125,81.72979736328125,4138.1201171875,12.640000343322754,12256.919921875,18264.400390625,16.979999542236328
2023-05-09,0.06914,0.0688,0.0696,0.052809999999999996,0.03721,2036.199951171875,81.78710174560547,4119.169921875,12.680000305175781,12179.5498046875,18265.94921875,17.709999084472656
2023-05-10,0.06924000000000001,0.0695,0.0697,0.052320000000000005,0.035699999999999996,2030.5,82.1050033569336,4137.64013671875,13.079999923706055,12306.4404296875,18315.099609375,16.940000534057617
2023-05-11,0.06914,0.0695,0.06945,0.051840000000000004,0.035590000000000004,2014.699951171875,81.9198989868164,4130.6201171875,13.220000267028809,12328.509765625,18297.0,16.93000030517578
2023-05-12,0.06906,0.0695,0.06951,0.052160000000000005,0.03658,2014.5,82.10030364990234,4124.080078125,12.850000381469727,12284.740234375,18314.80078125,17.030000686645508
2023-05-15,0.06892999999999999,0.0695,0.06924999999999999,0.05176,0.03672,2018.0,82.20030212402344,4136.27978515625,13.170000076293945,12365.2099609375,18398.849609375,17.1200008392334
2023-05-16,0.06871000000000001,0.0691,0.0689,0.05219,0.037469999999999996,1988.4000244140625,82.2667007446289,4109.89990234375,13.289999961853027,12343.0498046875,18286.5,17.989999771118164
2023-05-17,0.06827,0.0687,0.06878999999999999,0.052610000000000004,0.03817,1980.699951171875,82.2959976196289,4158.77001953125,13.109999656677246,12500.5703125,18181.75,16.8700008392334
2023-05-18,0.0687,0.06849999999999999,0.06897,0.052939999999999994,0.03924,1956.5,82.45030212402344,4198.0498046875,12.800000190734863,12688.83984375,18129.94921875,16.049999237060547
2023-05-19,0.06827,0.0678,0.06867,0.05258,0.03961,1978.699951171875,82.72509765625,4191.97998046875,12.300000190734863,12657.900390625,18203.400390625,16.809999465942383
2023-05-22,0.0678,0.0673,0.06828000000000001,0.052779999999999994,0.03987,1974.800048828125,82.90480041503906,4192.6298828125,12.569999694824219,12720.7802734375,18314.400390625,17.209999084472656
2023-05-23,0.06787,0.0678,0.0687,0.05328,0.03973,1972.4000244140625,82.82499694824219,4145.580078125,12.609999656677246,12560.25,18348.0,18.530000686645508
2023-05-24,0.06788999999999999,0.0677,0.06865,0.053520000000000005,0.04064,1962.800048828125,82.8906021118164,4115.240234375,13.109999656677246,12484.16015625,18285.400390625,20.030000686645508
2023-05-25,0.06788999999999999,0.0677,0.06888,0.05372,0.04215,1943.0999755859375,82.71369934082031,4151.27978515625,12.520000457763672,12698.08984375,18321.150390625,19.139999389648438
2023-05-26,0.06777999999999999,0.0676,0.06871000000000001,0.05322,0.042460000000000005,1944.0999755859375,82.74210357666016,4205.4501953125,11.899999618530273,12975.6904296875,18499.349609375,17.950000762939453
2023-05-29,0.06791,0.0675,0.06874,0.05357,0.04249,1944.0999755859375,82.57479858398438,4205.4501953125,12.300000190734863,12975.6904296875,18598.650390625,17.950000762939453
2023-05-30,0.06809,0.0675,0.06898,0.05311,0.04117,1958.0,82.57969665527344,4205.52001953125,12.010000228881836,13017.4296875,18633.849609375,17.459999084472656
2023-05-31,0.06774,0.0677,0.06878000000000001,0.054169999999999996,0.040519999999999994,1963.9000244140625,82.68389892578125,4179.830078125,11.970000267028809,12935.2900390625,18534.400390625,17.940000534057617
2023-06-01,0.06782,0.0676,0.06865,0.053849999999999995,0.03987,1978.0,82.66680145263672,4221.02001953125,11.600000381469727,13100.98046875,18487.75,15.649999618530273
2023-06-02,0.0679,0.0675,0.06858,0.05393,0.04151,1952.4000244140625,82.27670288085938,4282.3701171875,11.130000114440918,13240.76953125,18534.099609375,14.600000381469727
2023-06-05,0.06785000000000001,0.0673,0.06885,0.05322,0.041139999999999996,1958.0,82.40979766845703,4273.7900390625,11.140000343322754,13229.4296875,18593.849609375,14.729999542236328
2023-06-06,0.06796,0.0675,0.06876,0.05334,0.04138,1965.5,82.51119995117188,4283.85009765625,11.380000114440918,13276.419921875,18599.0,13.960000038146973
2023-06-07,0.06804,0.0675,0.06886,0.05318,0.042190000000000005,1942.699951171875,82.51719665527344,4267.52001953125,11.4399995803833,13104.900390625,18726.400390625,13.9399995803833
2023-06-08,0.06826,0.0676,0.06942999999999999,0.052649999999999995,0.0417,1963.5999755859375,82.61810302734375,4293.93017578125,11.260000228881836,13238.51953125,18634.55078125,13.649999618530273
2023-06-09,0.06764,0.0676,0.06945,0.052649999999999995,0.042409999999999996,1962.199951171875,82.48829650878906,4298.85986328125,11.119999885559082,13259.1396484375,18563.400390625,13.829999923706055
2023-06-12,0.06828000000000001,0.0675,0.0693,0.052590000000000005,0.042300000000000004,1955.300048828125,82.4448013305664,4338.93017578125,11.25,13461.919921875,18601.5,15.010000228881836
2023-06-13,0.06808,0.0677,0.0693,0.052629999999999996,0.04293,1944.5999755859375,82.33719635009766,4369.009765625,11.109999656677246,13573.3203125,18716.150390625,14.609999656677246
2023-06-14,0.06816,0.0677,0.0694,0.05253,0.04304,1955.300048828125,82.29039764404297,4372.58984375,11.15999984741211,13626.48046875,18755.900390625,13.880000114440918
2023-06-15,0.06857,0.0681,0.06967,0.05223,0.042460000000000005,1957.800048828125,82.04499816894531,4425.83984375,11.079999923706055,13782.8203125,18688.099609375,14.5
2023-06-16,0.06822,0.0677,0.06966,0.052329999999999995,0.04316,1958.4000244140625,81.9126968383789,4409.58984375,10.84000015258789,13689.5703125,18826.0,13.539999961853027
2023-06-19,0.06809,0.068,0.06965,0.052779999999999994,0.04359,1958.4000244140625,81.91480255126953,4409.58984375,11.229999542236328,13689.5703125,18755.44921875,13.539999961853027
2023-06-20,0.06801,0.0681,0.06973,0.052329999999999995,0.04274,1935.5,81.98139953613281,4388.7099609375,11.130000114440918,13667.2900390625,18816.69921875,13.880000114440918
2023-06-21,0.06837,0.0677,0.0697,0.053,0.042969999999999994,1933.300048828125,81.9917984008789,4365.68994140625,11.289999961853027,13502.2001953125,18856.849609375,13.199999809265137
2023-06-22,0.06823,0.0676,0.07003999999999999,0.053040000000000004,0.04376,1912.699951171875,81.94149780273438,4381.89013671875,11.550000190734863,13630.6103515625,18771.25,12.90999984741211
2023-06-23,0.06872,0.0674,0.0701,0.053040000000000004,0.043280000000000006,1919.0999755859375,81.91929626464844,4348.330078125,11.239999771118164,13492.51953125,18665.5,13.4399995803833
2023-06-26,0.06873,0.0678,0.07014999999999999,0.05319,0.04314,1923.699951171875,81.98480224609375,4328.81982421875,11.399999618530273,13335.7802734375,18691.19921875,14.25
2023-06-27,0.06853,0.0678,0.06993,0.05341,0.04394,1914.0,82.00650024414062,4378.41015625,10.779999732971191,13555.669921875,18817.400390625,13.739999771118164
2023-06-28,0.06846000000000001,0.0678,0.06988,0.05331,0.043289999999999995,1912.300048828125,81.99839782714844,4376.85986328125,10.890000343322754,13591.75,18972.099609375,13.430000305175781
2023-06-29,0.06846000000000001,0.0678,0.06988,0.05348,0.04489,1909.199951171875,82.02649688720703,4396.43994140625,10.890000343322754,13591.330078125,18972.099609375,13.539999961853027
2023-06-30,0.06856,0.0677,0.07046000000000001,0.053230000000000006,0.04533,1921.0999755859375,82.07540130615234,4450.3798828125,10.800000190734863,13787.919921875,19189.05078125,13.59000015258789
2023-07-03,0.06806,0.0677,0.07032,0.05313,0.04577,1921.699951171875,82.09629821777344,4455.58984375,11.539999961853027,13816.76953125,19322.55078125,13.569999694824219
2023-07-04,0.06808,0.0673,0.07035999999999999,0.053849999999999995,0.04539,1921.699951171875,81.95010375976562,4455.58984375,11.699999809265137,13816.76953125,19389.0,13.569999694824219
2023-07-05,0.06796,0.0673,0.07035,0.0536,0.04609,1919.5999755859375,82.0071029663086,4446.81982421875,11.880000114440918,13791.650390625,19398.5,14.180000305175781
2023-07-06,0.0681,0.0675,0.07064,0.0538,0.04676,1908.699951171875,82.39409637451172,4411.58984375,11.84000015258789,13679.0400390625,19497.30078125,15.4399995803833
2023-07-07,0.06835,0.0673,0.07102,0.05388,0.04666000000000001,1926.199951171875,82.76840209960938,4398.9501953125,11.529999732971191,13660.7197265625,19331.80078125,14.829999923706055
2023-07-10,0.06848,0.0675,0.07105,0.053899999999999997,0.04547,1925.0,82.61530303955078,4409.52978515625,11.460000038146973,13685.48046875,19355.900390625,15.069999694824219
2023-07-11,0.06857,0.0672,0.07071,0.05412,0.04559,1931.300048828125,82.52529907226562,4439.259765625,11.010000228881836,13760.7001953125,19439.400390625,14.84000015258789
2023-07-12,0.06866,0.0672,0.07077,0.05399,0.04385,1956.199951171875,82.39990234375,4472.16015625,10.9399995803833,13918.9599609375,19384.30078125,13.539999961853027
2023-07-13,0.06856,0.0672,0.07052,0.05395,0.04247,1959.199951171875,82.00180053710938,4510.0400390625,10.9399995803833,14138.5703125,19413.75,13.609999656677246
2023-07-14,0.06856,0.0673,0.07052,0.05411,0.04376,1960.0999755859375,82.03079986572266,4505.419921875,10.680000305175781,14113.7001953125,19564.5,13.34000015258789
2023-07-17,0.06847,0.0673,0.07045,0.054029999999999995,0.043390000000000005,1952.4000244140625,82.07679748535156,4522.7900390625,11.319999694824219,14244.9501953125,19711.44921875,13.479999542236328
2023-07-18,0.06839,0.0674,0.07,0.05412,0.04348,1977.199951171875,82.06159973144531,4554.97998046875,11.710000038146973,14353.6396484375,19749.25,13.300000190734863
2023-07-19,0.06897,0.0674,0.07012,0.05412,0.04341999999999999,1977.5,82.07540130615234,4565.72021484375,11.600000381469727,14358.01953125,19833.150390625,13.760000228881836
2023-07-20,0.06935,0.0674,0.07028,0.05416000000000001,0.04455,1968.300048828125,82.06169891357422,4534.8701171875,11.789999961853027,14063.3095703125,19979.150390625,13.989999771118164
2023-07-21,0.06921000000000001,0.0673,0.07041,0.054240000000000003,0.04446,1964.300048828125,82.0823974609375,4536.33984375,11.489999771118164,14032.8095703125,19745.0,13.600000381469727
2023-07-24,0.06907,0.0674,0.07035,0.05418,0.04522,1960.300048828125,81.99030303955078,4554.64013671875,11.649999618530273,14058.8701171875,19672.349609375,13.90999984741211
2023-07-25,0.06866,0.0673,0.07067,0.054349999999999996,0.045309999999999996,1962.0999755859375,81.81420135498047,4567.4599609375,10.239999771118164,14144.5595703125,19680.599609375,13.859999656677246
2023-07-26,0.06892999999999999,0.0674,0.07075999999999999,0.05438,0.04488,1968.9000244140625,81.95010375976562,4566.75,10.460000038146973,14127.2802734375,19778.30078125,13.1899995803833
2023-07-27,0.06899,0.0673,0.07074,0.05437,0.04579,1945.4000244140625,81.97550201416016,4537.41015625,10.510000228881836,14050.1103515625,19659.900390625,14.40999984741211
2023-07-28,0.06941,0.0675,0.0711,0.05432000000000001,0.045279999999999994,1960.4000244140625,82.3749008178711,4582.22998046875,10.140000343322754,14316.66015625,19646.05078125,13.329999923706055
2023-07-31,0.06897,0.0674,0.07115,0.054240000000000003,0.045279999999999994,1970.5,82.25279998779297,4588.9599609375,10.40999984741211,14346.01953125,19753.80078125,13.630000114440918
2023-08-01,0.06897,0.0674,0.07099,0.054299999999999994,0.04568,1940.699951171875,82.2332992553711,4576.72998046875,10.279999732971191,14283.91015625,19733.55078125,13.930000305175781
2023-08-02,0.0693,0.0674,0.071,0.05425,0.04556,1937.4000244140625,82.30729675292969,4513.39013671875,11.279999732971191,13973.4501953125,19526.55078125,16.09000015258789
2023-08-03,0.06942,0.0674,0.07123,0.05437,0.045759999999999995,1932.0,82.7332992553711,4501.89013671875,11.1899995803833,13959.7197265625,19381.650390625,15.920000076293945
2023-08-04,0.06947,0.0673,0.07161,0.054299999999999994,0.044500000000000005,1939.5999755859375,82.7843017578125,4478.02978515625,10.569999694824219,13909.240234375,19517.0,17.100000381469727
2023-08-07,0.06936,0.0675,0.07138,0.05434,0.044640000000000006,1933.5,82.69529724121094,4518.43994140625,11.100000381469727,13994.400390625,19597.30078125,15.770000457763672
2023-08-08,0.06902,0.0675,0.07122,0.054619999999999995,0.04418999999999999,1924.0999755859375,82.74829864501953,4499.3798828125,11.329999923706055,13884.3203125,19570.849609375,15.989999771118164
2023-08-09,0.06959,0.0675,0.07148,0.054459999999999995,0.0444,1915.4000244140625,82.84500122070312,4467.7099609375,11.140000343322754,13722.01953125,19632.55078125,15.960000038146973
2023-08-10,0.06985000000000001,0.0677,0.07132,0.05437,0.045129999999999997,1914.4000244140625,82.86630249023438,4468.830078125,11.399999618530273,13737.990234375,19543.099609375,15.850000381469727
2023-08-11,0.0706,0.0677,0.07171999999999999,0.05432000000000001,0.04575,1912.9000244140625,82.79989624023438,4464.0498046875,11.520000457763672,13644.849609375,19428.30078125,14.84000015258789
2023-08-14,0.07058,0.0677,0.07171,0.05442,0.04654,1910.5999755859375,82.89730072021484,4489.72021484375,12.0,13788.330078125,19434.55078125,14.819999694824219
2023-08-15,0.07058,0.0677,0.07171,0.054509999999999996,0.04652,1902.5,83.2333984375,4437.85986328125,12.0,13631.0498046875,19434.55078125,16.459999084472656
2023-08-16,0.07058,0.0677,0.07171,0.054509999999999996,0.046689999999999995,1896.0999755859375,83.19419860839844,4404.330078125,12.130000114440918,13474.6298828125,19465.0,16.780000686645508
2023-08-17,0.07162,0.0687,0.07232,0.05448,0.04658,1884.0999755859375,83.23699951171875,4370.35986328125,12.239999771118164,13316.9296875,19365.25,17.889999389648438
2023-08-18,0.07155,0.06860000000000001,0.07200000000000001,0.054450000000000005,0.046470000000000004,1886.0999755859375,83.09829711914062,4369.7099609375,12.140000343322754,13290.7802734375,19310.150390625,17.299999237060547
2023-08-21,0.07176,0.06860000000000001,0.07186,0.05444,0.04718,1893.300048828125,83.16729736328125,4399.77001953125,11.960000038146973,13497.58984375,19393.599609375,17.1299991607666
2023-08-22,0.07157,0.06860000000000001,0.07177,0.054619999999999995,0.04761,1896.4000244140625,83.1135025024414,4387.5498046875,11.75,13505.8701171875,19396.44921875,16.969999313354492
2023-08-23,0.07114,0.06860000000000001,0.07173,0.05468,0.04659,1918.5,83.07330322265625,4436.009765625,11.729999542236328,13721.0302734375,19444.0,15.979999542236328
2023-08-24,0.071,0.0688,0.07163,0.05474999999999999,0.04705,1918.199951171875,82.5447006225586,4376.31005859375,11.699999809265137,13463.9697265625,19386.69921875,17.200000762939453
2023-08-25,0.07098,0.0687,0.0717,0.05485,0.04737,1911.0999755859375,82.64140319824219,4405.7099609375,12.079999923706055,13590.650390625,19265.80078125,15.680000305175781
2023-08-28,0.07011,0.068,0.07166,0.05503,0.04703,1917.9000244140625,82.66429901123047,4433.31005859375,12.399999618530273,13705.1298828125,19306.05078125,15.079999923706055
2023-08-29,0.07014999999999999,0.068,0.07171999999999999,0.054880000000000005,0.04583,1936.5,82.69149780273438,4497.6298828125,12.229999542236328,13943.759765625,19342.650390625,14.449999809265137
2023-08-30,0.07022,0.0683,0.07158,0.05482,0.04565,1944.300048828125,82.49469757080078,4514.8701171875,11.800000190734863,14019.3095703125,19347.44921875,13.880000114440918
2023-08-31,0.07003,0.0679,0.07159,0.05479,0.045540000000000004,1938.199951171875,82.70040130615234,4507.66015625,12.0600004196167,14034.9697265625,19253.80078125,13.569999694824219
2023-09-01,0.07095,0.0681,0.07161,0.05444,0.045810000000000003,1939.800048828125,82.68240356445312,4515.77001953125,11.369999885559082,14031.8095703125,19435.30078125,13.09000015258789
2023-09-04,0.07098,0.068,0.07164,0.05492,0.046150000000000004,1939.800048828125,82.6969985961914,4515.77001953125,10.960000038146973,14031.8095703125,19528.80078125,13.09000015258789
2023-09-05,0.07134,0.068,0.07164,0.05449,0.046639999999999994,1926.199951171875,82.7345962524414,4496.830078125,10.819999694824219,14020.9501953125,19574.900390625,14.010000228881836
2023-09-06,0.07107000000000001,0.0682,0.07182000000000001,0.054720000000000005,0.04743,1918.0999755859375,83.08609771728516,4465.47998046875,10.680000305175781,13872.4697265625,19611.05078125,14.449999809265137
2023-09-07,0.07061,0.0681,0.07161,0.054580000000000004,0.0467,1917.5,83.25740051269531,4451.14013671875,10.869999885559082,13748.830078125,19727.05078125,14.399999618530273
2023-09-08,0.07127,0.06849999999999999,0.07171999999999999,0.05471,0.04697,1918.4000244140625,83.24150085449219,4457.490234375,10.779999732971191,13761.5302734375,19819.94921875,13.84000015258789
2023-09-11,0.07092999999999999,0.0683,0.07181,0.0546,0.04708999999999999,1923.300048828125,83.03130340576172,4487.4599609375,11.350000381469727,13917.8896484375,19996.349609375,13.800000190734863
2023-09-12,0.07113,0.0687,0.07200000000000001,0.054770000000000006,0.04693,1911.300048828125,82.94329833984375,4461.89990234375,11.6899995803833,13773.6103515625,19993.19921875,14.229999542236328
2023-09-13,0.07112,0.06849999999999999,0.07149,0.054720000000000005,0.046479999999999994,1909.0999755859375,82.84300231933594,4467.43994140625,11.829999923706055,13813.58984375,20070.0,13.479999542236328
2023-09-14,0.07097,0.0684,0.0712,0.05471,0.04687,1910.0,82.93679809570312,4505.10009765625,11.319999694824219,13926.0498046875,20103.099609375,12.819999694824219
2023-09-15,0.07112,0.06860000000000001,0.07158,0.05466,0.047240000000000004,1923.699951171875,83.0282974243164,4450.31982421875,10.899999618530273,13708.330078125,20192.349609375,13.789999961853027
2023-09-18,0.07034,0.0684,0.07179,0.05465,0.0473,1931.5,83.08580017089844,4453.52978515625,10.84000015258789,13710.240234375,20133.30078125,14.0
2023-09-19,0.07034,0.0684,0.07179,0.054770000000000006,0.04784,1932.0,83.25489807128906,4443.9501953125,10.84000015258789,13678.1904296875,20133.30078125,14.109999656677246
2023-09-20,0.07046000000000001,0.06849999999999999,0.07175,0.05482,0.04852,1945.5999755859375,83.19499969482422,4402.2001953125,11.130000114440918,13469.1298828125,19901.400390625,15.140000343322754
2023-09-21,0.07042,0.06849999999999999,0.07168000000000001,0.05484,0.04855,1919.199951171875,83.08699798583984,4330.0,10.819999694824219,13223.98046875,19742.349609375,17.540000915527344
2023-09-22,0.07044,0.0682,0.07179,0.05482,0.04804,1925.4000244140625,82.89129638671875,4320.06005859375,10.65999984741211,13211.8095703125,19674.25,17.200000762939453
2023-09-25,0.07023,0.0682,0.07171999999999999,0.05481,0.0483,1916.5999755859375,82.97480010986328,4337.43994140625,10.899999618530273,13271.3203125,19674.55078125,16.899999618530273
2023-09-26,0.07011,0.06860000000000001,0.07214000000000001,0.05498,0.04836,1900.4000244140625,83.0282974243164,4273.52978515625,11.1899995803833,13063.6103515625,19664.69921875,18.940000534057617
2023-09-27,0.07021,0.0687,0.07208,0.05503,0.04896,1871.5999755859375,83.29869842529297,4274.509765625,11.59000015258789,13092.849609375,19716.44921875,18.219999313354492
2023-09-28,0.07056,0.0687,0.07283,0.05479,0.04822,1860.4000244140625,83.22270202636719,4299.7001953125,12.819999694824219,13201.2802734375,19523.55078125,17.34000015258789
2023-09-29,0.06974999999999999,0.0687,0.07261999999999999,0.054770000000000006,0.04808,1848.0999755859375,83.19300079345703,4288.0498046875,11.449999809265137,13219.3203125,19638.30078125,17.520000457763672
2023-10-02,0.06974999999999999,0.0687,0.07261999999999999,0.05486,0.04886,1830.0,83.03479766845703,4288.39013671875,11.449999809265137,13307.76953125,19638.30078125,17.610000610351562
2023-10-03,0.07136,0.0683,0.07266,0.05509,0.049550000000000004,1824.5999755859375,83.3593978881836,4229.4501953125,11.789999961853027,13059.4697265625,19528.75,19.780000686645508
2023-10-04,0.0719,0.06849999999999999,0.07292,0.05503,0.04863000000000001,1818.5,83.22979736328125,4263.75,11.65999984741211,13236.009765625,19436.099609375,18.579999923706055
2023-10-05,0.07187,0.0687,0.07261999999999999,0.05502,0.04828,1816.5999755859375,83.44979858398438,4258.18994140625,10.9399995803833,13219.830078125,19545.75,18.489999771118164
2023-10-06,0.07351,0.0688,0.07345,0.055170000000000004,0.04881,1830.199951171875,83.22489929199219,4308.5,10.300000190734863,13431.33984375,19653.5,17.450000762939453
2023-10-09,0.07131,0.0689,0.07343,0.0553,0.04716,1849.5,83.12460327148438,4335.66015625,11.399999618530273,13484.240234375,19512.349609375,17.700000762939453
2023-10-10,0.07150000000000001,0.0688,0.07363,0.05496,0.04754,1861.0,83.27030181884766,4358.240234375,11.270000457763672,13562.83984375,19689.849609375,17.030000686645508
2023-10-11,0.0716,0.0689,0.07335,0.05503,0.04747,1872.800048828125,83.25029754638672,4376.9501953125,10.989999771118164,13659.6796875,19811.349609375,16.09000015258789
2023-10-12,0.07164,0.069,0.07321,0.055099999999999996,0.048490000000000005,1869.300048828125,83.21800231933594,4349.60986328125,10.619999885559082,13574.2197265625,19794.0,16.690000534057617
2023-10-13,0.07206,0.069,0.07305,0.05497,0.048170000000000004,1927.4000244140625,83.26239776611328,4327.77978515625,10.619999885559082,13407.23046875,19751.05078125,19.31999969482422
2023-10-16,0.07334,0.0688,0.07309,0.05497,0.04874,1921.0999755859375,83.28230285644531,4373.6298828125,11.069999694824219,13567.98046875,19731.75,17.209999084472656
2023-10-17,0.0733,0.0688,0.073,0.05511,0.05015,1922.699951171875,83.19950103759766,4373.2001953125,10.699999809265137,13533.75,19811.5,17.8799991607666
2023-10-18,0.07162,0.0689,0.07317,0.05498,0.050460000000000005,1955.300048828125,83.26429748535156,4314.60009765625,10.970000267028809,13314.2998046875,19671.099609375,19.219999313354492
2023-10-19,0.0735,0.0693,0.07319,0.05487,0.050179999999999995,1968.4000244140625,83.26860046386719,4278.0,10.899999618530273,13186.1796875,19624.69921875,21.399999618530273
2023-10-20,0.07333,0.0693,0.07302,0.05471,0.04913,1982.5,83.12229919433594,4224.16015625,10.819999694824219,12983.8095703125,19542.650390625,21.709999084472656
2023-10-23,0.07313,0.0693,0.07341,0.05465,0.048639999999999996,1976.300048828125,83.15979766845703,4217.0400390625,10.90999984741211,13018.330078125,19281.75,20.3700008392334
2023-10-24,0.07313,0.0693,0.07341,0.0548,0.049100000000000005,1975.0,83.02940368652344,4247.68017578125,10.90999984741211,13139.8701171875,19281.75,18.969999313354492
2023-10-25,0.0732,0.0693,0.0732,0.05482,0.04979,1984.0999755859375,82.98780059814453,4186.77001953125,11.3100004196167,12821.2197265625,19122.150390625,20.190000534057617
2023-10-26,0.07354,0.0693,0.07328,0.05479,0.048819999999999995,1987.199951171875,83.1709976196289,4137.22998046875,11.729999542236328,12595.6103515625,18857.25,20.68000030517578
2023-10-27,0.07333,0.0695,0.07319,0.054770000000000006,0.048479999999999995,1988.5999755859375,83.28250122070312,4117.3701171875,10.90999984741211,12643.009765625,19047.25,21.270000457763672
2023-10-30,0.07184,0.0692,0.07312,0.05481,0.04888,1996.199951171875,83.41339874267578,4166.81982421875,11.489999771118164,12789.48046875,19140.900390625,19.75
2023-10-31,0.07331,0.0694,0.07303,0.054880000000000005,0.04923,1985.199951171875,83.29650115966797,4193.7998046875,11.829999923706055,12851.240234375,19079.599609375,18.139999389648438
2023-11-01,0.07153999999999999,0.0693,0.07319,0.054669999999999996,0.047560000000000005,1978.800048828125,83.2771987915039,4237.85986328125,12.050000190734863,13061.4697265625,18989.150390625,16.8700008392334
2023-11-02,0.07124,0.0695,0.07293999999999999,0.054400000000000004,0.04791,1985.5999755859375,85.19400024414062,4317.77978515625,11.079999923706055,13294.1904296875,19133.25,15.65999984741211
2023-11-03,0.07147,0.0695,0.07289,0.054299999999999994,0.04644,1991.5,83.24729919433594,4358.33984375,10.880000114440918,13478.2802734375,19230.599609375,14.90999984741211
2023-11-06,0.07110999999999999,0.0693,0.07243000000000001,0.05426,0.04731,1981.5999755859375,83.15850067138672,4365.97998046875,11.109999656677246,13518.7802734375,19411.75,14.890000343322754
2023-11-07,0.07136,0.0693,0.07255,0.05443,0.04687,1966.800048828125,83.2228012084961,4378.3798828125,11.1899995803833,13639.8603515625,19406.69921875,14.8100004196167
2023-11-08,0.07078999999999999,0.0693,0.07243000000000001,0.054329999999999996,0.046790000000000005,1951.5,83.23269653320312,4382.77978515625,11.039999961853027,13650.41015625,19443.5,14.449999809265137
2023-11-09,0.07101,0.0694,0.0723,0.054290000000000005,0.04795,1964.199951171875,83.21769714355469,4347.35009765625,10.979999542236328,13521.4501953125,19395.30078125,15.289999961853027
2023-11-10,0.07116,0.0694,0.07258,0.05411,0.0484,1932.5999755859375,83.31939697265625,4415.240234375,11.109999656677246,13798.1103515625,19425.349609375,14.170000076293945
2023-11-13,0.07116,0.0694,0.07249,0.05426,0.04806,1945.5,83.29889678955078,4411.5498046875,11.1899995803833,13767.740234375,19443.55078125,14.760000228881836
2023-11-14,0.07116,0.0694,0.07249,0.054169999999999996,0.045970000000000004,1961.800048828125,83.19760131835938,4495.7001953125,11.1899995803833,14094.3798828125,19443.55078125,14.15999984741211
2023-11-15,0.07083,0.0693,0.07187,0.0542,0.04681,1960.0999755859375,82.98159790039062,4502.8798828125,11.140000343322754,14103.83984375,19675.44921875,14.180000305175781
2023-11-16,0.07056,0.0693,0.07171999999999999,0.05408,0.04594,1983.9000244140625,83.18620300292969,4508.240234375,11.649999618530273,14113.669921875,19765.19921875,14.319999694824219
2023-11-17,0.07116,0.0693,0.07198,0.054009999999999996,0.04625,1981.5999755859375,83.12030029296875,4514.02001953125,11.829999923706055,14125.48046875,19731.80078125,13.800000190734863
2023-11-20,0.0712,0.0695,0.07225,0.05405,0.04636,1977.699951171875,83.29149627685547,4547.3798828125,12.149999618530273,14284.5302734375,19694.0,13.40999984741211
2023-11-21,0.07131,0.0695,0.07244,0.054189999999999995,0.046020000000000005,1999.300048828125,83.32219696044922,4538.18994140625,12.229999542236328,14199.98046875,19783.400390625,13.350000381469727
2023-11-22,0.07155,0.0694,0.07231,0.054290000000000005,0.04616,1991.4000244140625,83.345703125,4556.6201171875,11.869999885559082,14265.8603515625,19811.849609375,12.850000381469727
2023-11-23,0.07162,0.0695,0.07245,0.05441,0.04659,1991.4000244140625,83.54830169677734,4556.6201171875,11.319999694824219,14265.8603515625,19802.0,12.850000381469727
2023-11-24,0.07087,0.0695,0.07263,0.054240000000000003,0.0467,2002.199951171875,83.34400177001953,4559.33984375,11.329999923706055,14250.849609375,19794.69921875,12.460000038146973
2023-11-27,0.07087,0.0695,0.07263,0.054240000000000003,0.046020000000000005,2011.800048828125,83.31449890136719,4550.43017578125,11.329999923706055,14241.01953125,19794.69921875,12.6899995803833
2023-11-28,0.07136999999999999,0.0695,0.07248,0.05425,0.04488,2039.699951171875,83.364501953125,4554.89013671875,12.180000305175781,14281.759765625,19889.69921875,12.6899995803833
2023-11-29,0.07131,0.0698,0.07222,0.05404,0.044000000000000004,2047.0999755859375,83.41809844970703,4550.580078125,12.710000038146973,14258.490234375,20096.599609375,12.979999542236328
2023-11-30,0.07226,0.0699,0.07254,0.054029999999999995,0.04453,2038.0999755859375,83.3302993774414,4567.7998046875,12.6899995803833,14226.2197265625,20133.150390625,12.920000076293945
2023-12-01,0.07218,0.0698,0.07257,0.05388,0.04311,2071.0,83.35269927978516,4594.6298828125,12.380000114440918,14305.0302734375,20267.900390625,12.630000114440918
2023-12-04,0.07229000000000001,0.0698,0.07237,0.05392,0.04396,2024.0999755859375,83.21859741210938,4569.77978515625,12.989999771118164,14185.490234375,20686.80078125,13.079999923706055
2023-12-05,0.07203999999999999,0.0698,0.07227,0.05407,0.0433,2018.5,83.41709899902344,4567.18017578125,13.460000038146973,14229.91015625,20855.099609375,12.850000381469727
2023-12-06,0.07217,0.0697,0.07225,0.05407,0.04327,2030.5,83.31590270996094,4549.33984375,13.739999771118164,14146.7099609375,20937.69921875,12.970000267028809
2023-12-07,0.07217,0.0698,0.07228,0.054009999999999996,0.04338,2029.9000244140625,83.28959655761719,4585.58984375,12.670000076293945,14339.990234375,20901.150390625,13.0600004196167
2023-12-08,0.07197,0.0697,0.07239,0.05398,0.0446,1998.300048828125,83.35489654541016,4604.3701171875,12.470000267028809,14403.9697265625,20969.400390625,12.350000381469727
2023-12-11,0.07213,0.0695,0.0724,0.053970000000000004,0.04463,1978.0,83.43009948730469,4622.43994140625,12.760000228881836,14432.490234375,20997.099609375,12.630000114440918
2023-12-12,0.07221,0.0697,0.07242,0.054150000000000004,0.044340000000000004,1977.800048828125,83.34349822998047,4643.7001953125,12.710000038146973,14533.400390625,20906.400390625,12.069999694824219
2023-12-13,0.07239,0.0697,0.07226,0.05391,0.04151,1982.300048828125,83.39600372314453,4707.08984375,12.069999694824219,14733.9599609375,20926.349609375,12.1899995803833
2023-12-14,0.07193,0.0699,0.07144,0.05382,0.04093,2030.199951171875,83.2853012084961,4719.5498046875,12.319999694824219,14761.5595703125,21182.69921875,12.479999542236328
2023-12-15,0.07138,0.0689,0.07074,0.053899999999999997,0.04125,2021.0999755859375,83.29660034179688,4719.18994140625,13.130000114440918,14813.919921875,21456.650390625,12.279999732971191
2023-12-18,0.07071,0.0693,0.07087,0.05395,0.041479999999999996,2026.300048828125,83.04170227050781,4740.56005859375,13.899999618530273,14904.8095703125,21418.650390625,12.5600004196167
2023-12-19,0.07133,0.0695,0.07059,0.05404,0.04147,2038.4000244140625,83.11119842529297,4768.3701171875,13.869999885559082,15003.2197265625,21453.099609375,12.529999732971191
2023-12-20,0.07168999999999999,0.0698,0.07082,0.05394,0.040490000000000005,2034.5,83.09159851074219,4698.35009765625,14.449999809265137,14777.9404296875,21150.150390625,13.670000076293945
2023-12-21,0.07168000000000001,0.0696,0.07065,0.0538,0.04063,2039.0999755859375,83.26719665527344,4746.75,13.760000228881836,14963.8701171875,21255.05078125,13.649999618530273
2023-12-22,0.07162,0.0697,0.07078000000000001,0.05379,0.04045,2057.10009765625,83.13159942626953,4754.6298828125,13.710000038146973,14992.9697265625,21349.400390625,13.029999732971191
2023-12-25,0.07162,0.0697,0.07078000000000001,0.05392,0.0405,2057.10009765625,83.16500091552734,4754.6298828125,13.710000038146973,14992.9697265625,21349.400390625,13.029999732971191
2023-12-26,0.07166,0.0699,0.07074,0.05373,0.040670000000000005,2058.199951171875,83.17230224609375,4774.75,14.680000305175781,15074.5703125,21441.349609375,12.989999771118164
2023-12-27,0.07110999999999999,0.0697,0.07078000000000001,0.05399,0.0398,2081.89990234375,83.18280029296875,4781.580078125,15.5600004196167,15099.1796875,21654.75,12.430000305175781
2023-12-28,0.07117,0.0696,0.07092999999999999,0.05395,0.04027,2073.89990234375,83.26719665527344,4783.35009765625,15.140000343322754,15095.1396484375,21778.69921875,12.470000267028809
2023-12-29,0.0711,0.069,0.07084,0.05351,0.04003,2062.39990234375,82.302001953125,4769.830078125,14.5,15011.349609375,21731.400390625,12.449999809265137
2024-01-01,0.07109,0.0694,0.07086,0.05364,0.04003,2062.39990234375,83.24859619140625,4769.830078125,14.5,15011.349609375,21741.900390625,12.449999809265137
2024-01-02,0.07094,0.0693,0.0709,0.05378,0.04093,2064.39990234375,83.20259857177734,4742.830078125,14.579999923706055,14765.9404296875,21665.80078125,13.199999809265137
2024-01-03,0.07158,0.0693,0.07098,0.05399,0.04087,2034.199951171875,83.25700378417969,4704.81005859375,14.100000381469727,14592.2099609375,21517.349609375,14.039999961853027
2024-01-04,0.07158,0.0696,0.0709,0.05395,0.041550000000000004,2042.300048828125,83.31809997558594,4688.68017578125,13.329999923706055,14510.2998046875,21658.599609375,14.130000114440918
2024-01-05,0.07163,0.0693,0.07109,0.05388,0.041769999999999995,2042.4000244140625,83.2406005859375,4697.240234375,12.630000114440918,14524.0703125,21710.80078125,13.350000381469727
2024-01-08,0.07152,0.0695,0.07078000000000001,0.053869999999999994,0.0414,2026.5999755859375,83.19110107421875,4763.5400390625,13.460000038146973,14843.76953125,21513.0,13.079999923706055
2024-01-09,0.07095,0.0696,0.07071,0.05394,0.04134,2026.4000244140625,83.05069732666016,4756.5,13.260000228881836,14857.7099609375,21544.849609375,12.760000228881836
2024-01-10,0.07113,0.0696,0.07057000000000001,0.05388,0.04109,2021.699951171875,83.131103515625,4783.4501953125,12.970000267028809,14969.650390625,21618.69921875,12.6899995803833
2024-01-11,0.07085,0.0695,0.07058,0.05382,0.04008,2014.300048828125,83.02559661865234,4780.240234375,12.770000457763672,14970.1904296875,21647.19921875,12.4399995803833
2024-01-12,0.07087,0.0695,0.07057000000000001,0.05361,0.0393,2046.699951171875,83.07610321044922,4783.830078125,13.100000381469727,14972.759765625,21894.55078125,12.699999809265137
2024-01-15,0.07089000000000001,0.0695,0.07019,0.05395,0.039689999999999996,2046.699951171875,82.87210083007812,4783.830078125,13.789999961853027,14972.759765625,22097.44921875,12.699999809265137
2024-01-16,0.0706,0.0697,0.07022,0.05371000000000001,0.04011,2026.0,82.8593978881836,4765.97998046875,13.569999694824219,14944.349609375,22032.30078125,13.84000015258789
2024-01-17,0.07101,0.0695,0.07044,0.05378,0.0414,2002.5999755859375,83.08899688720703,4739.2099609375,15.079999923706055,14855.6201171875,21571.94921875,14.789999961853027
2024-01-18,0.07096,0.0699,0.07057000000000001,0.05372,0.0414,2018.5999755859375,83.17759704589844,4780.93994140625,14.069999694824219,15055.650390625,21462.25,14.130000114440918
2024-01-19,0.0707,0.07,0.07061,0.05367,0.04166,2026.5,83.16059875488281,4839.81005859375,13.880000114440918,15310.9697265625,21622.400390625,13.300000190734863
2024-01-22,0.0707,0.07,0.07061,0.053689999999999995,0.04149,2019.800048828125,83.12470245361328,4850.43017578125,13.880000114440918,15360.2900390625,21622.400390625,13.1899995803833
2024-01-23,0.0709,0.0699,0.07051,0.05373,0.04146,2023.699951171875,83.09510040283203,4864.60009765625,14.850000381469727,15425.9404296875,21238.80078125,12.550000190734863
2024-01-24,0.0711,0.0699,0.07046000000000001,0.05373,0.04194,2013.9000244140625,83.22139739990234,4868.5498046875,14.380000114440918,15481.919921875,21453.94921875,13.140000343322754
2024-01-25,0.0709,0.0703,0.07038,0.05362,0.04104,2016.9000244140625,83.09760284423828,4894.16015625,13.869999885559082,15510.5,21352.599609375,13.449999809265137
2024-01-26,0.0709,0.0703,0.07038,0.05367,0.04149,2016.800048828125,83.14610290527344,4890.97021484375,13.869999885559082,15455.3603515625,21352.599609375,13.260000228881836
2024-01-29,0.07081,0.0704,0.07043,0.05366,0.04113000000000001,2025.199951171875,83.12129974365234,4927.93017578125,15.680000305175781,15628.0400390625,21737.599609375,13.600000381469727
2024-01-30,0.07074,0.0704,0.07034,0.0537,0.04124,2031.5,83.1530990600586,4924.97021484375,16.100000381469727,15509.900390625,21522.099609375,13.3100004196167
2024-01-31,0.07096,0.0704,0.07033,0.05365,0.040220000000000006,2048.39990234375,83.10970306396484,4845.64990234375,16.049999237060547,15164.009765625,21725.69921875,14.350000381469727
2024-02-01,0.07016,0.0704,0.07017999999999999,0.05372,0.03982,2053.0,83.05359649658203,4906.18994140625,14.460000038146973,15361.6396484375,21697.44921875,13.880000114440918
2024-02-02,0.06988,0.0702,0.06985000000000001,0.05375,0.04147,2036.0999755859375,82.92759704589844,4958.60986328125,14.699999809265137,15628.9501953125,21853.80078125,13.850000381469727
2024-02-05,0.07011,0.0703,0.07012,0.05392,0.042649999999999993,2025.699951171875,82.99929809570312,4942.81005859375,15.619999885559082,15597.6796875,21771.69921875,13.670000076293945
2024-02-06,0.06978,0.0705,0.07011,0.05386,0.04185,2034.5,83.10369873046875,4954.22998046875,15.789999961853027,15609.0,21929.400390625,13.0600004196167
2024-02-07,0.07032,0.0703,0.07012,0.05386,0.04201,2035.199951171875,83.07060241699219,4995.06005859375,15.510000228881836,15756.6396484375,21930.5,12.829999923706055
2024-02-08,0.07029,0.0704,0.07026,0.053899999999999997,0.042480000000000004,2032.199951171875,83.01260375976562,4997.91015625,15.829999923706055,15793.7099609375,21717.94921875,12.789999961853027
2024-02-09,0.07046999999999999,0.0703,0.07074,0.05388,0.04271,2023.300048828125,82.98529815673828,5026.60986328125,15.449999809265137,15990.66015625,21782.5,12.930000305175781
2024-02-12,0.07063,0.0702,0.07067,0.05392,0.04262,2018.199951171875,83.0145034790039,5021.83984375,16.059999465942383,15942.5498046875,21616.05078125,13.930000305175781
2024-02-13,0.07078000000000001,0.0703,0.07075999999999999,0.05404,0.04479,1992.9000244140625,82.99019622802734,4953.169921875,15.8100004196167,15655.599609375,21743.25,15.850000381469727
2024-02-14,0.07102,0.0705,0.07103,0.05386,0.04383,1990.300048828125,83.07460021972656,5000.6201171875,15.4399995803833,15859.150390625,21840.05078125,14.380000114440918
2024-02-15,0.07074,0.0706,0.07078000000000001,0.053849999999999995,0.043609999999999996,2002.0999755859375,83.04309844970703,5029.72998046875,15.229999542236328,15906.169921875,21910.75,14.010000228881836
2024-02-16,0.07096,0.0705,0.07074,0.05392,0.044180000000000004,2011.5,83.00959777832031,5005.56982421875,15.220000267028809,15775.650390625,22040.69921875,14.239999771118164
2024-02-19,0.07096,0.0705,0.07074,0.054240000000000003,0.044379999999999996,2011.5,83.01599884033203,5005.56982421875,15.220000267028809,15775.650390625,22122.25,14.239999771118164
2024-02-20,0.07031,0.0706,0.07067999999999999,0.05378,0.04393,2027.5,83.02100372314453,4975.509765625,16.06999969482422,15630.7802734375,22196.94921875,15.420000076293945
2024-02-21,0.06955,0.0706,0.0705,0.05399,0.04441,2022.300048828125,82.8291015625,4981.7998046875,15.930000305175781,15580.8701171875,22055.05078125,15.34000015258789
2024-02-22,0.07016,0.0705,0.07054,0.05406,0.04487,2019.699951171875,82.93840026855469,5087.02978515625,15.199999809265137,16041.6201171875,22217.44921875,14.539999961853027
2024-02-23,0.07041,0.0705,0.07066,0.05411,0.044539999999999996,2038.5999755859375,82.87229919433594,5088.7998046875,14.970000267028809,15996.8203125,22212.69921875,13.75
2024-02-26,0.07017999999999999,0.0702,0.0706,0.05416000000000001,0.04491,2028.5,82.88179779052734,5069.52978515625,15.600000381469727,15976.25,22122.05078125,13.739999771118164
2024-02-27,0.07031,0.0702,0.07055,0.05395,0.04489,2034.0,82.85199737548828,5078.18017578125,15.729999542236328,16035.2998046875,22198.349609375,13.430000305175781
2024-02-28,0.07031,0.0697,0.07052,0.05389,0.044340000000000004,2033.0,82.94819641113281,5069.759765625,16.329999923706055,15947.740234375,21951.150390625,13.84000015258789
2024-02-29,0.07037,0.0689,0.07063,0.05373,0.044199999999999996,2045.699951171875,82.91190338134766,5096.27001953125,15.569999694824219,16091.919921875,21982.80078125,13.399999618530273
2024-03-01,0.0701,0.069,0.0706,0.05365,0.043289999999999995,2086.89990234375,82.910400390625,5137.080078125,15.239999771118164,16274.9404296875,22338.75,13.109999656677246
2024-03-04,0.07041,0.069,0.0707,0.0537,0.043899999999999995,2117.699951171875,82.84609985351562,5130.9501953125,14.920000076293945,16207.509765625,22405.599609375,13.489999771118164
2024-03-05,0.07037,0.0694,0.07063,0.05379,0.043440000000000006,2133.5,82.9104995727539,5078.64990234375,14.380000114440918,15939.58984375,22356.30078125,14.460000038146973
2024-03-06,0.07034,0.0693,0.07059,0.05379,0.04333,2150.300048828125,82.88480377197266,5104.759765625,14.300000190734863,16031.5400390625,22474.05078125,14.5
2024-03-07,0.0704,0.0691,0.07046999999999999,0.05383,0.04276,2158.0,82.81909942626953,5157.35986328125,13.609999656677246,16273.3798828125,22493.55078125,14.4399995803833
2024-03-08,0.0704,0.0691,0.07046999999999999,0.05378,0.0425,2178.60009765625,82.7522964477539,5123.68994140625,13.609999656677246,16085.1103515625,22493.55078125,14.739999771118164
2024-03-11,0.07027,0.0692,0.0703,0.05393,0.043019999999999996,2182.5,82.7520980834961,5117.93994140625,14.0,16019.26953125,22332.650390625,15.220000267028809
2024-03-12,0.07011,0.0689,0.07039,0.05389,0.04331,2160.39990234375,82.7782974243164,5175.27001953125,13.640000343322754,16265.6396484375,22335.69921875,13.84000015258789
2024-03-13,0.07044,0.0691,0.07048,0.05392,0.04385,2175.39990234375,82.83509826660156,5165.31005859375,14.430000305175781,16177.76953125,21997.69921875,13.75
2024-03-14,0.0708,0.069,0.07055,0.05396,0.044640000000000006,2163.0,82.83110046386719,5150.47998046875,13.619999885559082,16128.5302734375,22146.650390625,14.399999618530273
2024-03-15,0.07126,0.0688,0.07066,0.05389,0.045090000000000005,2157.300048828125,82.9655990600586,5117.08984375,13.6899995803833,15973.169921875,22023.349609375,14.40999984741211
2024-03-18,0.07103,0.0687,0.07085,0.053849999999999995,0.04524,2160.699951171875,82.88890075683594,5149.419921875,13.899999618530273,16103.4501953125,22055.69921875,14.329999923706055
2024-03-19,0.07118000000000001,0.0687,0.07089000000000001,0.053869999999999994,0.0447,2156.300048828125,82.86360168457031,5178.509765625,14.109999656677246,16166.7900390625,21817.44921875,13.819999694824219
2024-03-20,0.07122,0.0693,0.07098,0.053810000000000004,0.04397,2157.89990234375,83.04239654541016,5224.6201171875,13.470000267028809,16369.41015625,21839.099609375,13.039999961853027
2024-03-21,0.07084,0.069,0.0707,0.053810000000000004,0.04418999999999999,2182.39990234375,83.05460357666016,5241.52978515625,12.510000228881836,16401.83984375,22011.94921875,12.920000076293945
2024-03-22,0.07099,0.0687,0.07092999999999999,0.053680000000000005,0.043570000000000005,2158.10009765625,83.22660064697266,5234.18017578125,12.220000267028809,16428.8203125,22096.75,13.0600004196167
2024-03-25,0.07099,0.0687,0.07092999999999999,0.05372,0.04394,2174.800048828125,83.59359741210938,5218.18994140625,12.220000267028809,16384.470703125,22096.75,13.1899995803833
2024-03-26,0.07107000000000001,0.0694,0.07095,0.05366,0.043890000000000005,2175.60009765625,83.41739654541016,5203.580078125,12.819999694824219,16315.7001953125,22004.69921875,13.239999771118164
2024-03-27,0.07089000000000001,0.0697,0.07086,0.053630000000000004,0.0436,2190.60009765625,83.34549713134766,5248.490234375,12.699999809265137,16399.51953125,22123.650390625,12.779999732971191
2024-03-28,0.06974999999999999,0.0702,0.07053,0.0536,0.04417,2217.39990234375,83.36499786376953,5254.35009765625,12.829999923706055,16379.4599609375,22326.900390625,13.010000228881836
2024-03-29,0.06974999999999999,0.0702,0.07053,0.0536,0.04417,2217.39990234375,83.39299774169922,5254.35009765625,12.829999923706055,16379.4599609375,22326.900390625,13.010000228881836
2024-04-01,0.06974999999999999,0.0702,0.07053,0.05367,0.045149999999999996,2236.5,83.36479949951172,5243.77001953125,12.079999923706055,16396.830078125,22462.0,13.649999618530273
2024-04-02,0.06941,0.0683,0.07078000000000001,0.05361,0.045090000000000005,2261.0,83.40969848632812,5205.81005859375,11.649999618530273,16240.4501953125,22453.30078125,14.609999656677246
2024-04-03,0.07035999999999999,0.0683,0.07083,0.05359,0.0449,2294.39990234375,83.35030364990234,5211.490234375,11.369999885559082,16277.4599609375,22434.650390625,14.329999923706055
2024-04-04,0.0702,0.06849999999999999,0.07067,0.05355000000000001,0.04455,2288.800048828125,83.37329864501953,5147.2099609375,11.220000267028809,16049.080078125,22514.650390625,16.350000381469727
2024-04-05,0.07033,0.06860000000000001,0.07077,0.05366,0.04562,2325.699951171875,83.47779846191406,5204.33984375,11.34000015258789,16248.51953125,22513.69921875,16.030000686645508
2024-04-08,0.07021,0.06860000000000001,0.07121000000000001,0.05371000000000001,0.04606,2331.699951171875,83.29679870605469,5202.39013671875,11.609999656677246,16253.9599609375,22666.30078125,15.1899995803833
2024-04-09,0.07021,0.06860000000000001,0.07121000000000001,0.05371000000000001,0.045599999999999995,2343.5,83.26959991455078,5209.91015625,11.359999656677246,16306.6396484375,22642.75,14.979999542236328
2024-04-10,0.06985000000000001,0.06849999999999999,0.07078999999999999,0.05392,0.04801999999999999,2329.60009765625,83.22429656982422,5160.64013671875,11.109999656677246,16170.3603515625,22753.80078125,15.800000190734863
2024-04-11,0.06985000000000001,0.06849999999999999,0.07078999999999999,0.05389,0.047939999999999997,2354.800048828125,83.4126968383789,5199.06005859375,11.109999656677246,16442.19921875,22753.80078125,14.90999984741211
2024-04-12,0.07008,0.06860000000000001,0.07143,0.05378,0.047259999999999996,2356.199951171875,83.34929656982422,5123.41015625,11.529999732971191,16175.08984375,22519.400390625,17.309999465942383
2024-04-15,0.0699,0.06860000000000001,0.07145,0.05388,0.04769,2365.800048828125,83.61109924316406,5061.81982421875,12.470000267028809,15885.01953125,22272.5,19.229999542236328
2024-04-16,0.07021,0.06860000000000001,0.07167,0.053869999999999994,0.04843,2390.800048828125,83.50599670410156,5051.41015625,12.619999885559082,15865.25,22147.900390625,18.399999618530273
2024-04-17,0.07021,0.06860000000000001,0.07167,0.05389,0.04769,2371.699951171875,83.6675033569336,5022.2099609375,12.619999885559082,15683.3701171875,22147.900390625,18.209999084472656
2024-04-18,0.07033,0.0688,0.07167,0.05396,0.04826,2382.300048828125,83.5958023071289,5011.1201171875,13.039999961853027,15601.5,21995.849609375,18.0
2024-04-19,0.07031,0.0688,0.07213,0.053970000000000004,0.04824,2398.39990234375,83.54499816894531,4967.22998046875,13.460000038146973,15282.009765625,22147.0,18.709999084472656
2024-04-22,0.07071,0.0688,0.07193,0.05396,0.048010000000000004,2332.199951171875,83.38529968261719,5010.60009765625,12.699999809265137,15451.3095703125,22336.400390625,16.940000534057617
2024-04-23,0.07087,0.0688,0.07178,0.05395,0.047729999999999995,2327.699951171875,83.38619995117188,5070.5498046875,10.199999809265137,15696.6396484375,22368.0,15.6899995803833
2024-04-24,0.0705,0.0688,0.07186,0.05405,0.047869999999999996,2324.5,83.2833023071289,5071.6298828125,10.279999732971191,15712.75,22402.400390625,15.970000267028809
2024-04-25,0.07075000000000001,0.0694,0.07197,0.05404,0.04857,2329.800048828125,83.3405990600586,5048.419921875,10.729999542236328,15611.759765625,22570.349609375,15.369999885559082
2024-04-26,0.07052,0.0696,0.07195,0.05394,0.048339999999999994,2334.800048828125,83.30180358886719,5099.9599609375,10.930000305175781,15927.900390625,22419.94921875,15.029999732971191
2024-04-29,0.07052,0.07,0.07192,0.05391,0.04812,2345.39990234375,83.40229797363281,5116.169921875,12.239999771118164,15983.080078125,22643.400390625,14.670000076293945
2024-04-30,0.07059,0.0701,0.07188,0.053970000000000004,0.048780000000000004,2291.39990234375,83.45110321044922,5035.68994140625,12.869999885559082,15657.8203125,22604.849609375,15.649999618530273
2024-05-01,0.07059,0.0701,0.07188,0.054000000000000006,0.048179999999999994,2299.89990234375,83.49839782714844,5018.39013671875,12.869999885559082,15605.48046875,22604.849609375,15.390000343322754
2024-05-02,0.07049,0.0701,0.07163,0.05389,0.04723,2299.199951171875,83.40640258789062,5064.2001953125,13.449999809265137,15840.9599609375,22648.19921875,14.680000305175781
2024-05-03,0.07055,0.0703,0.07157,0.053810000000000004,0.046369999999999995,2299.0,83.40630340576172,5127.7900390625,14.619999885559082,16156.330078125,22475.849609375,13.489999771118164
2024-05-06,0.07053,0.0696,0.07107999999999999,0.05388,0.046479999999999994,2321.60009765625,83.37999725341797,5180.740234375,16.600000381469727,16349.25,22442.69921875,13.489999771118164
2024-05-07,0.07075000000000001,0.0697,0.07115,0.05395,0.04646,2315.199951171875,83.4728012084961,5187.7001953125,17.010000228881836,16332.5595703125,22302.5,13.229999542236328
2024-05-08,0.0707,0.07,0.07125,0.05395,0.04655,2313.60009765625,83.46990203857422,5187.669921875,17.079999923706055,16302.759765625,22302.5,13.0
2024-05-09,0.07034,0.0702,0.07118000000000001,0.05394,0.046239999999999996,2332.10009765625,83.46430206298828,5214.080078125,18.200000762939453,16346.259765625,21957.5,12.6899995803833
2024-05-10,0.07066,0.0702,0.07119,0.05391,0.04672,2367.300048828125,83.45939636230469,5222.68017578125,18.469999313354492,16340.8701171875,22055.19921875,12.550000190734863
2024-05-13,0.07064,0.0703,0.07107000000000001,0.05388,0.046689999999999995,2336.10009765625,83.5248031616211,5221.419921875,20.600000381469727,16388.240234375,22104.05078125,13.600000381469727
2024-05-14,0.07067,0.0702,0.07104,0.05389,0.046180000000000006,2353.39990234375,83.50550079345703,5246.68017578125,20.200000762939453,16511.1796875,22217.849609375,13.420000076293945
2024-05-15,0.06993,0.0702,0.07088,0.05389,0.04506,2388.699951171875,83.52420043945312,5308.14990234375,20.270000457763672,16742.390625,22200.55078125,12.449999809265137
2024-05-16,0.07062,0.0703,0.07077,0.05391,0.045700000000000005,2380.0,83.40509796142578,5297.10009765625,20.0,16698.3203125,22403.849609375,12.420000076293945
2024-05-17,0.07066,0.0699,0.07083,0.05389,0.0461,2412.199951171875,83.47010040283203,5303.27001953125,19.799999237060547,16685.970703125,22466.099609375,11.989999771118164
2024-05-20,0.07066,0.0699,0.07083,0.053849999999999995,0.04636,2433.89990234375,83.30039978027344,5308.1298828125,19.799999237060547,16794.869140625,22466.099609375,12.149999618530273
2024-05-21,0.07023,0.06860000000000001,0.07044,0.05389,0.04605000000000001,2421.699951171875,83.31500244140625,5321.41015625,21.809999465942383,16832.619140625,22529.05078125,11.859999656677246
2024-05-22,0.0702,0.0687,0.0702,0.05395,0.04652,2389.199951171875,83.31680297851562,5307.009765625,21.469999313354492,16801.5390625,22597.80078125,12.289999961853027
2024-05-23,0.0702,0.0687,0.0702,0.05396,0.04719,2335.0,83.26709747314453,5267.83984375,21.3799991607666,16736.029296875,22967.650390625,12.770000457763672
2024-05-24,0.07007,0.0688,0.07011,0.05396,0.04719,2332.5,83.2863998413086,5304.72021484375,21.709999084472656,16920.7890625,22957.099609375,11.930000305175781
2024-05-27,0.06989,0.0691,0.0701,0.05444,0.047060000000000005,2332.5,83.05220031738281,5304.72021484375,23.190000534057617,16920.7890625,22932.44921875,11.930000305175781
2024-05-28,0.07021,0.0691,0.07031,0.05395,0.04761,2355.199951171875,83.14569854736328,5306.0400390625,24.200000762939453,17019.880859375,22888.150390625,12.920000076293945
2024-05-29,0.07033,0.069,0.07041,0.054000000000000006,0.047939999999999997,2340.300048828125,83.20649719238281,5266.9501953125,24.18000030517578,16920.580078125,22704.69921875,14.279999732971191
2024-05-30,0.07021,0.0688,0.07043,0.05399,0.047400000000000005,2342.89990234375,83.3656005859375,5235.47998046875,24.18000030517578,16737.080078125,22488.650390625,14.470000267028809
2024-05-31,0.06939000000000001,0.0689,0.07053,0.05391,0.04683,2322.89990234375,83.3208999633789,5277.509765625,24.600000381469727,16735.01953125,22530.69921875,12.920000076293945
2024-06-03,0.06958,0.0689,0.07022,0.05391,0.04611,2346.60009765625,83.45079803466797,5283.39990234375,20.940000534057617,16828.669921875,23263.900390625,13.109999656677246
2024-06-04,0.07013,0.0689,0.07102,0.05395,0.04555,2325.5,83.09339904785156,5291.33984375,26.75,16857.05078125,21884.5,13.15999984741211
2024-06-05,0.07059,0.0687,0.07075999999999999,0.05389,0.04502,2354.10009765625,83.62940216064453,5354.02978515625,18.889999389648438,17187.900390625,22620.349609375,12.630000114440918
2024-06-06,0.07001,0.0688,0.07037,0.05383,0.04506,2370.300048828125,83.38079833984375,5352.9599609375,16.799999237060547,17173.119140625,22821.400390625,12.579999923706055
2024-06-07,0.07046999999999999,0.0688,0.07017999999999999,0.05389,0.04668,2305.199951171875,83.47309875488281,5346.990234375,16.8799991607666,17133.130859375,23290.150390625,12.220000267028809
2024-06-10,0.07,0.0688,0.07025,0.0538,0.04678,2307.699951171875,83.52760314941406,5360.7900390625,16.399999618530273,17192.529296875,23259.19921875,12.739999771118164
2024-06-11,0.07003999999999999,0.0688,0.07017000000000001,0.05395,0.04594,2307.5,83.52980041503906,5375.31982421875,14.770000457763672,17343.55078125,23264.849609375,12.850000381469727
2024-06-12,0.07012,0.0688,0.07012,0.05392,0.04502,2336.0,83.5968017578125,5421.02978515625,14.390000343322754,17608.439453125,23322.94921875,12.039999961853027
2024-06-13,0.06963,0.06860000000000001,0.06993,0.05389,0.04439,2300.199951171875,83.5343017578125,5433.740234375,13.489999771118164,17667.560546875,23398.900390625,11.9399995803833
2024-06-14,0.06985000000000001,0.06849999999999999,0.06993,0.05386,0.04442,2331.39990234375,83.52210235595703,5431.60009765625,12.819999694824219,17688.880859375,23465.599609375,12.65999984741211
2024-06-17,0.06985000000000001,0.06849999999999999,0.06993,0.05393,0.04505,2312.39990234375,83.55180358886719,5473.22998046875,12.819999694824219,17857.01953125,23465.599609375,12.75
2024-06-18,0.06983,0.06860000000000001,0.06985000000000001,0.053840000000000006,0.04441,2330.39990234375,83.51010131835938,5487.02978515625,12.970000267028809,17862.23046875,23557.900390625,12.300000190734863
2024-06-19,0.06977,0.0687,0.06977,0.05431,0.04457,2330.39990234375,83.37409973144531,5487.02978515625,13.710000038146973,17862.23046875,23516.0,12.300000190734863
2024-06-20,0.06945,0.0683,0.06972,0.053810000000000004,0.04471,2353.800048828125,83.41950225830078,5473.169921875,13.350000381469727,17721.58984375,23567.0,13.279999732971191
2024-06-21,0.06952,0.0683,0.06953999999999999,0.05365,0.044660000000000005,2316.39990234375,83.60160064697266,5464.6201171875,13.180000305175781,17689.359375,23501.099609375,13.199999809265137
2024-06-24,0.06937,0.0683,0.06952,0.053540000000000004,0.04452,2330.0,83.5625,5447.8701171875,14.0600004196167,17496.8203125,23537.849609375,13.329999923706055
2024-06-25,0.06963,0.0684,0.06971,0.053739999999999996,0.04473,2316.60009765625,83.46040344238281,5469.2998046875,14.3100004196167,17717.650390625,23721.30078125,12.84000015258789
2024-06-26,0.0696,0.0684,0.06981,0.05379,0.04535,2299.199951171875,83.41459655761719,5477.89990234375,14.050000190734863,17805.16015625,23868.80078125,12.550000190734863
2024-06-27,0.0695,0.0683,0.06971,0.05373,0.044950000000000004,2324.5,83.58039855957031,5482.8701171875,14.149999618530273,17858.6796875,24044.5,12.239999771118164
2024-06-28,0.06936,0.0683,0.06977,0.053630000000000004,0.04546,2327.699951171875,83.45089721679688,5460.47998046875,13.800000190734863,17732.599609375,24010.599609375,12.4399995803833
2024-07-01,0.06953000000000001,0.0683,0.0697,0.05365,0.04578,2327.60009765625,83.36750030517578,5475.08984375,13.829999923706055,17879.30078125,24141.94921875,12.220000267028809
2024-07-02,0.06956000000000001,0.0682,0.06969,0.05383,0.045579999999999996,2323.0,83.44129943847656,5509.009765625,13.640000343322754,18028.759765625,24123.849609375,12.029999732971191
2024-07-03,0.06942999999999999,0.0678,0.06961,0.05378,0.04492,2359.800048828125,83.4791030883789,5537.02001953125,13.210000038146973,18188.30078125,24286.5,12.09000015258789
2024-07-04,0.06915,0.0678,0.06952,0.05406,0.04504,2359.800048828125,83.49120330810547,5537.02001953125,12.859999656677246,18188.30078125,24302.150390625,12.09000015258789
2024-07-05,0.06919,0.0678,0.06955,0.05373,0.04398,2388.5,83.49340057373047,5567.18994140625,12.699999809265137,18352.759765625,24323.849609375,12.479999542236328
2024-07-08,0.06907,0.0678,0.06949,0.05365,0.044160000000000005,2355.199951171875,83.47209930419922,5572.85009765625,13.600000381469727,18403.740234375,24320.55078125,12.369999885559082
2024-07-09,0.06907,0.0678,0.06941,0.053739999999999996,0.0441,2360.10009765625,83.45760345458984,5576.97998046875,14.279999732971191,18429.2890625,24433.19921875,12.510000228881836
2024-07-10,0.06928,0.0678,0.06929,0.053739999999999996,0.04391,2372.199951171875,83.49299621582031,5633.91015625,14.430000305175781,18647.44921875,24324.44921875,12.850000381469727
2024-07-11,0.06907,0.0677,0.06919,0.053470000000000004,0.042839999999999996,2415.0,83.49590301513672,5584.5400390625,14.0,18283.41015625,24315.94921875,12.920000076293945
2024-07-12,0.06927,0.0676,0.0692,0.05345,0.04231,2414.0,83.51850128173828,5615.35009765625,13.729999542236328,18398.44921875,24502.150390625,12.460000038146973
2024-07-15,0.06886,0.0676,0.06917,0.05339000000000001,0.04239,2422.89990234375,83.52030181884766,5631.22021484375,14.1899995803833,18472.5703125,24586.69921875,13.119999885559082
2024-07-16,0.06895,0.0676,0.06903,0.053419999999999995,0.04194,2462.39990234375,83.58760070800781,5667.2001953125,14.220000267028809,18509.33984375,24613.0,13.1899995803833
2024-07-17,0.06895,0.0676,0.06903,0.053419999999999995,0.042039999999999994,2454.800048828125,83.52960205078125,5588.27001953125,14.220000267028809,17996.919921875,24613.0,14.479999542236328
2024-07-18,0.06897,0.0675,0.06883,0.05344,0.04239,2451.800048828125,83.57209777832031,5544.58984375,14.510000228881836,17871.220703125,24800.849609375,15.930000305175781
2024-07-19,0.06884,0.0676,0.06889,0.05339000000000001,0.04292,2395.5,83.67430114746094,5505.0,14.829999923706055,17726.939453125,24530.900390625,16.520000457763672
2024-07-22,0.06872,0.0675,0.069,0.05333,0.04294,2392.0,83.73030090332031,5564.41015625,15.4399995803833,18007.5703125,24509.25,14.90999984741211
2024-07-23,0.06883,0.0675,0.06891,0.053239999999999996,0.04277,2404.60009765625,83.67130279541016,5555.740234375,12.75,17997.349609375,24479.05078125,14.720000267028809
2024-07-24,0.06873,0.0675,0.06872,0.05316,0.04261,2413.300048828125,83.70680236816406,5427.1298828125,11.760000228881836,17342.41015625,24413.5,18.040000915527344
2024-07-25,0.06833,0.0673,0.06847,0.053079999999999995,0.04253,2351.89990234375,83.74299621582031,5399.22021484375,12.619999885559082,17181.720703125,24406.099609375,18.459999084472656
2024-07-26,0.06827,0.0673,0.06839,0.05298,0.042030000000000005,2380.0,83.73760223388672,5459.10009765625,12.25,17357.880859375,24834.849609375,16.389999389648438
2024-07-29,0.06838,0.0663,0.0683,0.052919999999999995,0.04211,2377.300048828125,83.72779846191406,5463.5400390625,12.949999809265137,17370.19921875,24836.099609375,16.600000381469727
2024-07-30,0.06839,0.0663,0.06836,0.0528,0.04173,2405.0,83.75050354003906,5436.43994140625,12.880000114440918,17147.419921875,24857.30078125,17.690000534057617
2024-07-31,0.06839,0.0665,0.06828000000000001,0.0528,0.0406,2426.5,83.73899841308594,5522.2998046875,13.25,17599.400390625,24951.150390625,16.360000610351562
2024-08-01,0.06814,0.0668,0.06820999999999999,0.05264,0.039670000000000004,2435.0,83.7177963256836,5446.68017578125,12.930000305175781,17194.150390625,25010.900390625,18.59000015258789
2024-08-02,0.06794,0.0668,0.06806,0.05183,0.03703,2425.699951171875,83.743896484375,5346.56005859375,14.319999694824219,16776.16015625,24717.69921875,23.389999389648438
2024-08-05,0.06724000000000001,0.0665,0.0676,0.052140000000000006,0.03728,2401.699951171875,83.73529815673828,5186.330078125,20.3700008392334,16200.080078125,24055.599609375,38.56999969482422
2024-08-06,0.06722,0.0663,0.06788999999999999,0.05223,0.03827,2389.10009765625,84.00260162353516,5240.02978515625,18.739999771118164,16366.849609375,23992.55078125,27.709999084472656
2024-08-07,0.06717,0.0663,0.06777999999999999,0.05223,0.03818,2390.5,83.93489837646484,5199.5,16.170000076293945,16195.8095703125,24297.5,27.850000381469727
2024-08-08,0.06727,0.0666,0.06785000000000001,0.052270000000000004,0.03875,2422.199951171875,83.94239807128906,5319.31005859375,16.600000381469727,16660.01953125,24117.0,23.790000915527344
2024-08-09,0.06770999999999999,0.0665,0.06769,0.052199999999999996,0.038740000000000004,2432.10009765625,83.98899841308594,5344.16015625,15.34000015258789,16745.30078125,24367.5,20.3700008392334
2024-08-12,0.06748,0.0664,0.06764,0.052140000000000006,0.03832,2462.39990234375,83.94979858398438,5344.39013671875,15.869999885559082,16780.609375,24347.0,20.709999084472656
2024-08-13,0.06739,0.0664,0.06791,0.05199,0.03754,2466.699951171875,83.88999938964844,5434.43017578125,16.170000076293945,17187.609375,24139.0,18.1200008392334
2024-08-14,0.06768,0.0662,0.06747,0.0521,0.03767,2439.39990234375,83.88200378417969,5455.2099609375,15.4399995803833,17192.599609375,24143.75,16.190000534057617
2024-08-15,0.06768,0.0662,0.06747,0.052270000000000004,0.039060000000000004,2453.10009765625,83.97149658203125,5543.22021484375,15.4399995803833,17594.5,24143.75,15.229999542236328
2024-08-16,0.06763,0.0663,0.06739,0.052199999999999996,0.03857,2498.60009765625,83.94830322265625,5554.25,14.399999618530273,17631.720703125,24541.150390625,14.800000190734863
2024-08-19,0.0676,0.06559999999999999,0.06739,0.05206,0.0387,2501.800048828125,83.88980102539062,5608.25,14.319999694824219,17876.76953125,24572.650390625,14.649999618530273
2024-08-20,0.06727,0.066,0.06762,0.05179,0.03796,2511.300048828125,83.87860107421875,5597.1201171875,13.819999694824219,17816.939453125,24698.849609375,15.880000114440918
2024-08-21,0.06756999999999999,0.0661,0.06749,0.051500000000000004,0.03741,2508.39990234375,83.77940368652344,5620.85009765625,13.329999923706055,17918.990234375,24770.19921875,16.270000457763672
2024-08-22,0.06744,0.0666,0.06746,0.051699999999999996,0.03818,2478.89990234375,83.88860321044922,5570.64013671875,13.0,17619.349609375,24811.5,17.549999237060547
2024-08-23,0.06727999999999999,0.0665,0.06753,0.05142,0.03719,2508.39990234375,83.94059753417969,5634.60986328125,13.550000190734863,17877.7890625,24823.150390625,15.859999656677246
2024-08-26,0.06727999999999999,0.0665,0.06748,0.051390000000000005,0.03748,2517.699951171875,83.81379699707031,5616.83984375,13.800000190734863,17725.76953125,25010.599609375,16.149999618530273
2024-08-27,0.0673,0.0664,0.0675,0.05112,0.03719,2516.0,83.88369750976562,5625.7998046875,13.630000114440918,17754.8203125,25017.75,15.430000305175781
2024-08-28,0.06742,0.0664,0.06749,0.05093,0.03727,2501.0,83.92160034179688,5592.18017578125,13.949999809265137,17556.029296875,25052.349609375,17.110000610351562
2024-08-29,0.06723,0.0665,0.06739,0.05107999999999999,0.03755,2525.699951171875,83.94149780273438,5591.9599609375,13.789999961853027,17516.4296875,25151.94921875,15.649999618530273
2024-08-30,0.06743,0.0665,0.0675,0.05103,0.03782,2493.800048828125,83.89510345458984,5648.39990234375,13.390000343322754,17713.619140625,25235.900390625,15.0
2024-09-02,0.06727999999999999,0.0663,0.06747,0.051559999999999995,0.037970000000000004,2493.800048828125,83.86380004882812,5648.39990234375,14.0600004196167,17713.619140625,25278.69921875,15.0
2024-09-03,0.06759,0.0665,0.06753999999999999,0.051100000000000007,0.03724,2489.89990234375,83.92729949951172,5528.93017578125,13.84000015258789,17136.30078125,25279.849609375,20.719999313354492
2024-09-04,0.06746,0.0665,0.06741,0.05085,0.03632,2493.39990234375,83.95030212402344,5520.06982421875,14.380000114440918,17084.30078125,25198.69921875,21.31999969482422
2024-09-05,0.06739,0.0665,0.0674,0.05074,0.03615,2511.39990234375,83.98249816894531,5503.41015625,14.210000038146973,17127.66015625,25145.099609375,19.899999618530273
2024-09-06,0.06729,0.0664,0.0673,0.05056,0.03533,2493.5,83.98359680175781,5408.419921875,15.220000267028809,16690.830078125,24852.150390625,22.3799991607666
2024-09-09,0.06755,0.0665,0.06741,0.05035,0.03536,2501.800048828125,83.98259735107422,5471.0498046875,14.239999771118164,16884.599609375,24936.400390625,19.450000762939453
2024-09-10,0.06746,0.0664,0.06732,0.049710000000000004,0.03459,2512.300048828125,83.98090362548828,5495.52001953125,13.359999656677246,17025.880859375,25041.099609375,19.079999923706055
2024-09-11,0.06752,0.0663,0.06716,0.0501,0.0347,2512.10009765625,83.98200225830078,5554.1298828125,13.630000114440918,17395.529296875,24918.44921875,17.690000534057617
2024-09-12,0.0673,0.0665,0.06714,0.04983,0.03486,2551.199951171875,83.99259948730469,5595.759765625,13.180000305175781,17569.6796875,25388.900390625,17.06999969482422
2024-09-13,0.06701,0.06570000000000001,0.06702,0.04903,0.03444,2581.300048828125,83.93479919433594,5626.02001953125,12.550000190734863,17683.98046875,25356.5,16.559999465942383
2024-09-16,0.06697,0.0658,0.06695000000000001,0.04878999999999999,0.03417,2580.39990234375,83.88480377197266,5633.08984375,12.460000038146973,17592.130859375,25383.75,17.139999389648438
2024-09-17,0.06678,0.066,0.06695999999999999,0.04869,0.03465,2564.300048828125,83.88400268554688,5634.580078125,12.59000015258789,17628.060546875,25418.55078125,17.610000610351562
2024-09-18,0.06678,0.066,0.06695999999999999,0.04781,0.035,2570.699951171875,83.77059936523438,5618.259765625,13.369999885559082,17573.30078125,25377.55078125,18.229999542236328
2024-09-19,0.06612,0.0655,0.06682,0.04734,0.03473,2588.0,83.69170379638672,5713.64013671875,12.470000267028809,18013.98046875,25415.80078125,16.329999923706055
2024-09-20,0.06619,0.06570000000000001,0.06684999999999999,0.04672,0.034820000000000004,2619.89990234375,83.61470031738281,5702.5498046875,12.789999961853027,17948.3203125,25790.94921875,16.149999618530273
2024-09-23,0.06629,0.06570000000000001,0.06689,0.04638,0.03484,2626.5,83.48709869384766,5718.56982421875,13.789999961853027,17974.26953125,25939.05078125,15.890000343322754
2024-09-24,0.06672,0.0658,0.06684,0.0462,0.03442,2651.199951171875,83.55960083007812,5732.93017578125,13.390000343322754,18074.51953125,25940.400390625,15.390000343322754
2024-09-25,0.06637,0.0658,0.06681,0.0462,0.034929999999999996,2659.199951171875,83.56759643554688,5722.259765625,12.739999771118164,18082.2109375,26004.150390625,15.40999984741211
2024-09-26,0.06641,0.06570000000000001,0.06669,0.0462,0.03547,2669.89990234375,83.62409973144531,5745.3701171875,12.0,18190.2890625,26216.05078125,15.369999885559082
2024-09-27,0.06645,0.0654,0.06686,0.04628,0.034769999999999995,2644.300048828125,83.61710357666016,5738.169921875,11.960000038146973,18119.58984375,26178.94921875,16.959999084472656
2024-09-30,0.06615,0.0645,0.06663999999999999,0.0463,0.03553,2636.10009765625,83.71640014648438,5762.47998046875,12.789999961853027,18189.169921875,25810.849609375,16.729999542236328
2024-10-01,0.06646,0.06480000000000001,0.06657,0.046180000000000006,0.03514,2667.300048828125,83.82730102539062,5708.75,11.989999771118164,17910.359375,25796.900390625,19.260000228881836
2024-10-02,0.06646,0.06480000000000001,0.06657,0.045970000000000004,0.03547,2647.10009765625,83.87210083007812,5709.5400390625,11.989999771118164,17925.119140625,25796.900390625,18.899999618530273
2024-10-03,0.06638,0.06480000000000001,0.06684999999999999,0.04599,0.0362,2657.10009765625,83.91960144042969,5699.93994140625,13.170000076293945,17918.48046875,25250.099609375,20.489999771118164
2024-10-04,0.06594,0.06480000000000001,0.06695999999999999,0.04641,0.03834,2645.800048828125,84.0093994140625,5751.06982421875,14.130000114440918,18137.849609375,25014.599609375,19.209999084472656
2024-10-07,0.06598,0.06480000000000001,0.06712,0.04659,0.03894,2644.800048828125,84.02780151367188,5695.93994140625,15.079999923706055,17923.900390625,24795.75,22.639999389648438
2024-10-08,0.06576,0.06480000000000001,0.06684,0.046490000000000004,0.03868,2615.0,83.96410369873047,5751.1298828125,14.59000015258789,18182.919921875,25013.150390625,21.420000076293945
2024-10-09,0.06582,0.06480000000000001,0.06645,0.04656,0.03929,2606.0,83.91459655761719,5792.0400390625,14.119999885559082,18291.619140625,24981.94921875,20.860000610351562
2024-10-10,0.06573999999999999,0.0646,0.06641,0.04661,0.038740000000000004,2620.60009765625,83.94219970703125,5780.0498046875,13.5,18282.05078125,24998.44921875,20.93000030517578
2024-10-11,0.06566,0.0646,0.06646,0.04641,0.03872,2657.60009765625,83.94599914550781,5815.02978515625,13.220000267028809,18342.939453125,24964.25,20.459999084472656
2024-10-14,0.06576,0.0646,0.06639,0.04656,0.038919999999999996,2647.800048828125,84.16829681396484,5859.85009765625,13.0,18502.689453125,25127.94921875,19.700000762939453
2024-10-15,0.06566,0.0644,0.06637,0.0464,0.038599999999999995,2661.39990234375,84.04850006103516,5815.259765625,13.0,18315.58984375,25057.349609375,20.639999389648438
2024-10-16,0.06573000000000001,0.0646,0.06634999999999999,0.04628,0.0385,2674.0,84.05619812011719,5842.47021484375,13.050000190734863,18367.080078125,24971.30078125,19.579999923706055
2024-10-17,0.06557,0.0646,0.06636,0.046509999999999996,0.03893,2691.0,84.03929901123047,5841.47021484375,13.390000343322754,18373.609375,24749.849609375,19.110000610351562
2024-10-18,0.06541999999999999,0.0646,0.06655,0.04641,0.038610000000000005,2713.699951171875,84.05380249023438,5864.669921875,13.039999961853027,18489.55078125,24854.05078125,18.030000686645508
2024-10-21,0.06578,0.0647,0.06698,0.04641,0.03959,2723.10009765625,84.0687026977539,5853.97998046875,13.760000228881836,18540.009765625,24781.099609375,18.3700008392334
2024-10-22,0.06605,0.06480000000000001,0.06703,0.04625,0.0398,2744.199951171875,84.07350158691406,5851.2001953125,14.399999618530273,18579.76953125,24472.099609375,18.200000762939453
2024-10-23,0.06628,0.0649,0.06699,0.04638,0.04035999999999999,2714.39990234375,84.08399963378906,5797.419921875,14.619999885559082,18276.650390625,24435.5,19.239999771118164
2024-10-24,0.06639,0.065,0.06726,0.04612,0.040069999999999995,2734.89990234375,84.06759643554688,5809.85986328125,13.970000267028809,18415.490234375,24399.400390625,19.079999923706055
2024-10-25,0.066,0.06509999999999999,0.06749,0.04633,0.04038,2740.89990234375,84.08180236816406,5808.1201171875,14.630000114440918,18518.609375,24180.80078125,20.329999923706055
2024-10-28,0.06649,0.0652,0.06763,0.046020000000000005,0.04088,2742.89990234375,84.10199737548828,5823.52001953125,14.289999961853027,18567.189453125,24339.150390625,19.799999237060547
2024-10-29,0.06656,0.0652,0.06748,0.04599,0.04074,2768.39990234375,84.10279846191406,5832.919921875,14.520000457763672,18712.75,24466.849609375,19.34000015258789
2024-10-30,0.06673,0.0652,0.06743,0.04579,0.0414,2788.5,84.08930206298828,5813.669921875,15.510000228881836,18607.9296875,24340.849609375,20.350000381469727
2024-10-31,0.06611,0.0653,0.06744,0.04547,0.04131,2738.300048828125,84.08910369873047,5705.4501953125,15.550000190734863,18095.150390625,24205.349609375,23.15999984741211
2024-11-01,0.06611,0.0653,0.06744,0.04514,0.04186,2738.60009765625,84.09149932861328,5728.7998046875,15.899999618530273,18239.919921875,24304.349609375,21.8799991607666
2024-11-04,0.06726,0.0653,0.06746,0.045270000000000005,0.04138,2736.10009765625,84.13359832763672,5712.68994140625,16.690000534057617,18179.98046875,23995.349609375,21.979999542236328
2024-11-05,0.06714,0.06509999999999999,0.06752,0.045380000000000004,0.0414,2740.300048828125,84.15249633789062,5782.759765625,16.1200008392334,18439.169921875,24213.30078125,20.489999771118164
2024-11-06,0.06731,0.06480000000000001,0.06753999999999999,0.0454,0.042300000000000004,2667.60009765625,84.11630249023438,5929.0400390625,14.869999885559082,18983.470703125,24484.05078125,16.270000457763672
2024-11-07,0.06718,0.0647,0.06749,0.04534,0.04151,2698.39990234375,84.2511978149414,5973.10009765625,14.9399995803833,19269.4609375,24199.349609375,15.199999809265137
2024-11-08,0.06688,0.0646,0.06732,0.04537,0.04196,2687.5,84.306396484375,5995.5400390625,14.470000267028809,19286.779296875,24148.19921875,14.9399995803833
2024-11-11,0.06713,0.06480000000000001,0.0674,0.04537,0.04196,2611.199951171875,84.38289642333984,6001.35009765625,14.270000457763672,19298.759765625,24141.30078125,14.970000267028809
2024-11-12,0.06702,0.06480000000000001,0.06753999999999999,0.04534,0.04303,2600.0,84.39649963378906,5983.990234375,14.59000015258789,19281.400390625,23883.44921875,14.710000038146973
2024-11-13,0.06713,0.06480000000000001,0.06753999999999999,0.04503,0.042640000000000004,2580.800048828125,84.39530181884766,5985.3798828125,15.4399995803833,19230.720703125,23559.05078125,14.020000457763672
2024-11-14,0.06729,0.0647,0.0676,0.04524,0.04321,2568.199951171875,84.4229965209961,5949.169921875,14.779999732971191,19107.650390625,23532.69921875,14.3100004196167
2024-11-15,0.06729,0.0647,0.0676,0.04506,0.04277,2565.699951171875,84.47380065917969,5870.6201171875,14.779999732971191,18680.119140625,23532.69921875,16.139999389648438
2024-11-18,0.06681,0.0646,0.06748,0.04516,0.042480000000000004,2610.60009765625,84.47750091552734,5893.6201171875,15.170000076293945,18791.810546875,23453.80078125,15.579999923706055
2024-11-19,0.06704,0.06480000000000001,0.06739,0.04533,0.042409999999999996,2627.10009765625,84.39849853515625,5916.97998046875,15.65999984741211,18987.470703125,23518.5,16.350000381469727
2024-11-20,0.06704,0.06480000000000001,0.06739,0.04539,0.04273,2648.199951171875,84.39759826660156,5917.10986328125,15.65999984741211,18966.140625,23518.5,17.15999984741211
2024-11-21,0.06699,0.06480000000000001,0.06753999999999999,0.045439999999999994,0.042969999999999994,2672.10009765625,84.38310241699219,5948.7099609375,15.989999771118164,18972.419921875,23349.900390625,16.8700008392334
2024-11-22,0.06711,0.06480000000000001,0.06765,0.04545,0.04319,2709.89990234375,84.48829650878906,5969.33984375,16.100000381469727,19003.650390625,23907.25,15.239999771118164
2024-11-25,0.06708,0.06480000000000001,0.06755,0.045270000000000005,0.04206000000000001,2616.800048828125,84.43599700927734,5987.3701171875,15.300000190734863,19054.83984375,24221.900390625,14.600000381469727
2024-11-26,0.06722,0.0647,0.06747,0.04507,0.042030000000000005,2620.300048828125,84.37750244140625,6021.6298828125,15.3100004196167,19174.30078125,24194.5,14.100000381469727
2024-11-27,0.06714,0.065,0.0676,0.045,0.0417,2639.89990234375,84.33910369873047,5998.740234375,14.630000114440918,19060.48046875,24274.900390625,14.100000381469727
2024-11-28,0.06724000000000001,0.065,0.06762,0.045,0.0417,2639.89990234375,84.42030334472656,5998.740234375,15.210000038146973,19060.48046875,23914.150390625,14.100000381469727
2024-11-29,0.06715,0.0649,0.0672,0.04488,0.04093,2657.0,84.47160339355469,6032.3798828125,14.430000305175781,19218.169921875,24131.099609375,13.510000228881836
2024-12-02,0.06631000000000001,0.0649,0.06637,0.044660000000000005,0.04131,2634.89990234375,84.55699920654297,6047.14990234375,14.699999809265137,19403.94921875,24276.05078125,13.34000015258789
2024-12-03,0.06623,0.0644,0.06628,0.044649999999999995,0.041420000000000005,2644.699951171875,84.73709869384766,6049.8798828125,14.369999885559082,19480.91015625,24457.150390625,13.300000190734863
2024-12-04,0.06614,0.0643,0.06611,0.04457,0.0409,2653.800048828125,84.68309783935547,6086.490234375,14.449999809265137,19735.119140625,24467.44921875,13.449999809265137
2024-12-05,0.06637,0.0643,0.06624,0.04446,0.04099,2626.60009765625,84.70700073242188,6075.10986328125,14.529999732971191,19700.259765625,24708.400390625,13.539999961853027
2024-12-06,0.06645,0.0639,0.06692999999999999,0.04398,0.04058,2638.60009765625,84.68379974365234,6090.27001953125,14.140000343322754,19859.76953125,24677.80078125,12.770000457763672
2024-12-09,0.0665,0.0641,0.06673,0.04397,0.04091,2664.89990234375,84.66600036621094,6052.85009765625,14.109999656677246,19736.689453125,24619.0,14.1899995803833
2024-12-10,0.06634999999999999,0.0643,0.06639,0.043949999999999996,0.04108,2697.60009765625,84.84729766845703,6034.91015625,13.779999732971191,19687.240234375,24610.05078125,14.180000305175781
2024-12-11,0.06647,0.0643,0.0666,0.04364,0.04124,2733.800048828125,84.8740005493164,6084.18994140625,13.270000457763672,20034.890625,24641.80078125,13.579999923706055
2024-12-12,0.06659,0.0647,0.06682,0.04332,0.04169,2687.5,84.85710144042969,6051.25,13.1899995803833,19902.83984375,24548.69921875,13.920000076293945
2024-12-13,0.06675,0.0646,0.06675,0.043250000000000004,0.042190000000000005,2656.0,84.83920288085938,6051.08984375,13.050000190734863,19926.720703125,24768.30078125,13.8100004196167
2024-12-16,0.06652999999999999,0.0647,0.0668,0.04314,0.042300000000000004,2651.39990234375,84.802001953125,6074.080078125,14.020000457763672,20173.890625,24668.25,14.6899995803833
2024-12-17,0.06661,0.06480000000000001,0.06684,0.04354,0.04224,2644.39990234375,84.91729736328125,6050.60986328125,14.489999771118164,20109.060546875,24336.0,15.869999885559082
2024-12-18,0.06704,0.0647,0.06681,0.0434,0.04356,2636.5,84.91539764404297,5872.16015625,14.369999885559082,19392.689453125,24198.849609375,27.6200008392334
2024-12-19,0.06727,0.065,0.0673,0.04332,0.04337,2592.199951171875,85.16549682617188,5867.080078125,14.510000228881836,19372.76953125,23951.69921875,24.09000015258789
2024-12-20,0.06722,0.0649,0.06741,0.04324,0.04322,2628.699951171875,85.27940368652344,5930.85009765625,15.069999694824219,19572.599609375,23587.5,18.360000610351562
2024-12-23,0.06723,0.0649,0.06727999999999999,0.043250000000000004,0.04359,2612.300048828125,84.94499969482422,5974.06982421875,13.520000457763672,19764.880859375,23753.44921875,16.780000686645508
2024-12-24,0.06736,0.06480000000000001,0.06737,0.04325999999999999,0.04362,2620.0,85.0988998413086,6040.0400390625,13.180000305175781,20031.130859375,23727.650390625,14.270000457763672
2024-12-25,0.06736,0.06480000000000001,0.06737,0.04325999999999999,0.04362,2620.0,85.18150329589844,6040.0400390625,13.180000305175781,20031.130859375,23727.650390625,14.270000457763672
2024-12-26,0.06737,0.0658,0.06737,0.043289999999999995,0.043550000000000005,2638.800048828125,85.41339874267578,6037.58984375,14.039999961853027,20020.359375,23750.19921875,14.729999542236328
2024-12-27,0.06743,0.066,0.06735000000000001,0.042839999999999996,0.0437,2617.199951171875,85.26090240478516,5970.83984375,13.239999771118164,19722.029296875,23813.400390625,15.949999809265137
2024-12-30,0.06711,0.0661,0.06738000000000001,0.04283000000000001,0.04269,2606.10009765625,85.38600158691406,5906.93994140625,13.970000267028809,19486.7890625,23644.900390625,17.399999618530273
2024-12-31,0.06672,0.0658,0.06717,0.04322,0.042679999999999996,2629.199951171875,85.7865982055664,5881.6298828125,14.449999809265137,19310.7890625,23644.80078125,17.350000381469727
2025-01-01,0.06681,0.0658,0.06707,0.04322,0.042679999999999996,2629.199951171875,85.7865982055664,5881.6298828125,14.449999809265137,19310.7890625,23742.900390625,17.350000381469727
2025-01-02,0.06667,0.066,0.06723,0.043129999999999995,0.04279,2658.89990234375,85.78569793701172,5868.5498046875,13.739999771118164,19280.7890625,24188.650390625,17.93000030517578
2025-01-03,0.06645,0.0661,0.06712,0.04299,0.04322,2645.0,85.80400085449219,5942.47021484375,13.539999961853027,19621.6796875,24004.75,16.1299991607666
2025-01-06,0.06634000000000001,0.0658,0.06672,0.04299,0.04314,2638.39990234375,85.75900268554688,5975.3798828125,15.649999618530273,19864.98046875,23616.05078125,16.040000915527344
2025-01-07,0.06633,0.066,0.06673,0.04311,0.043570000000000005,2656.699951171875,85.68070220947266,5909.02978515625,14.65999984741211,19489.6796875,23707.900390625,17.81999969482422
2025-01-08,0.06663999999999999,0.0658,0.06665,0.043120000000000006,0.04351,2664.5,85.80650329589844,5918.25,14.470000267028809,19478.880859375,23688.94921875,17.700000762939453
2025-01-09,0.06665,0.0661,0.06692999999999999,0.043070000000000004,0.04338,2683.800048828125,85.90750122070312,5918.25,14.65999984741211,19478.880859375,23526.5,17.700000762939453
2025-01-10,0.06682,0.0661,0.06665,0.043250000000000004,0.04471,2708.5,85.91999816894531,5827.0400390625,14.920000076293945,19161.630859375,23431.5,19.540000915527344
2025-01-13,0.06747,0.0661,0.06723,0.043250000000000004,0.04489,2673.5,86.18800354003906,5836.22021484375,16.0,19088.099609375,23085.94921875,19.190000534057617
2025-01-14,0.06705,0.0662,0.06744,0.04321,0.04474,2677.5,86.65059661865234,5842.91015625,15.470000267028809,19044.390625,23176.05078125,18.709999084472656
2025-01-15,0.06643,0.066,0.06716,0.043070000000000004,0.0434,2712.5,86.535400390625,5949.91015625,15.260000228881836,19511.23046875,23213.19921875,16.1200008392334
2025-01-16,0.06641,0.0659,0.0668,0.04301,0.042969999999999994,2746.39990234375,86.43099975585938,5937.33984375,15.470000267028809,19338.2890625,23311.80078125,16.600000381469727
2025-01-17,0.06623,0.0661,0.06677,0.04298,0.043449999999999996,2744.300048828125,86.6061019897461,5996.66015625,15.75,19630.19921875,23203.19921875,15.970000267028809
2025-01-20,0.06663000000000001,0.066,0.06661,0.04298,0.043449999999999996,2744.300048828125,86.56900024414062,5996.66015625,16.420000076293945,19630.19921875,23344.75,15.970000267028809
2025-01-21,0.06654,0.066,0.0665,0.04304,0.04319,2755.0,86.21109771728516,6049.240234375,17.059999465942383,19756.779296875,23024.650390625,15.0600004196167
2025-01-22,0.06591999999999999,0.066,0.0664,0.04322,0.04351,2767.60009765625,86.45189666748047,6086.3701171875,16.770000457763672,20009.33984375,23155.349609375,15.100000381469727
2025-01-23,0.06631999999999999,0.0662,0.06634000000000001,0.04316,0.04349,2763.10009765625,86.47270202636719,6118.7099609375,16.700000762939453,20053.6796875,23205.349609375,15.020000457763672
2025-01-24,0.06604,0.0661,0.06628,0.0431,0.0432,2777.300048828125,86.44020080566406,6101.240234375,16.75,19954.30078125,23092.19921875,14.850000381469727
2025-01-27,0.06562,0.0661,0.06597,0.04294,0.04242,2737.5,86.2030029296875,6012.27978515625,18.1299991607666,19341.830078125,22829.150390625,17.899999618530273
2025-01-28,0.06518,0.0658,0.066,0.04294,0.0424,2766.800048828125,86.46839904785156,6067.7001953125,18.200000762939453,19733.58984375,22957.25,16.40999984741211
2025-01-29,0.06541999999999999,0.0659,0.06631999999999999,0.04294,0.04256,2769.10009765625,86.58460235595703,6039.31005859375,18.639999389648438,19632.3203125,23163.099609375,16.559999465942383
2025-01-30,0.06545,0.0658,0.06631000000000001,0.042910000000000004,0.0425,2823.0,86.6406021118164,6071.169921875,17.389999389648438,19681.75,23249.5,15.84000015258789
2025-01-31,0.06573000000000001,0.06570000000000001,0.06608,0.04289,0.04244,2812.5,86.64700317382812,6040.52978515625,16.25,19627.439453125,23508.400390625,16.43000030517578
2025-02-01,0.06573000000000001,0.06570000000000001,0.06608,0.04289,0.04244,2812.5,86.64700317382812,6040.52978515625,16.25,19627.439453125,23482.150390625,16.43000030517578
2025-02-03,0.06530999999999999,0.06570000000000001,0.0659,0.042960000000000005,0.042859999999999995,2833.89990234375,86.55400085449219,5994.56982421875,14.350000381469727,19391.9609375,23361.05078125,18.6200008392334
2025-02-04,0.06509999999999999,0.0654,0.0659,0.0432,0.0425,2853.300048828125,86.94339752197266,6037.8798828125,14.020000457763672,19654.01953125,23739.25,17.209999084472656
2025-02-05,0.06616,0.06480000000000001,0.06572,0.04317,0.042050000000000004,2871.60009765625,87.13009643554688,6061.47998046875,14.079999923706055,19692.330078125,23696.30078125,15.770000457763672
2025-02-06,0.06522,0.0645,0.06591,0.04322,0.04232,2856.0,87.33409881591797,6083.56982421875,14.180000305175781,19791.990234375,23603.349609375,15.5
2025-02-07,0.06548,0.0642,0.06617,0.04336,0.04314,2867.300048828125,87.58830261230469,6025.990234375,13.6899995803833,19523.400390625,23559.94921875,16.540000915527344
2025-02-10,0.06525,0.0645,0.06641,0.04335,0.043,2914.300048828125,87.51309967041016,6066.43994140625,14.449999809265137,19714.26953125,23381.599609375,15.8100004196167
2025-02-11,0.06595,0.0645,0.06645,0.0433,0.04311,2912.5,87.49009704589844,6068.5,14.869999885559082,19643.859375,23071.80078125,16.020000457763672
2025-02-12,0.06593,0.0645,0.06643,0.04332,0.04386999999999999,2909.0,86.81120300292969,6051.97021484375,14.899999618530273,19649.94921875,23045.25,15.890000343322754
2025-02-13,0.06619,0.0646,0.06642,0.04324,0.043289999999999995,2925.89990234375,86.8740005493164,6115.06982421875,14.960000038146973,19945.640625,23031.400390625,15.100000381469727
2025-02-14,0.066,0.0645,0.06636,0.0432,0.042699999999999995,2883.60009765625,86.75409698486328,6114.6298828125,15.020000457763672,20026.76953125,22929.25,14.770000457763672
2025-02-17,0.06616,0.06480000000000001,0.06637,0.0432,0.042699999999999995,2883.60009765625,86.43460083007812,6114.6298828125,15.720000267028809,20026.76953125,22959.5,14.770000457763672
2025-02-18,0.06598,0.06480000000000001,0.06628,0.04319,0.04325999999999999,2931.60009765625,86.85479736328125,6129.580078125,15.670000076293945,20041.259765625,22945.30078125,15.350000381469727
2025-02-19,0.06598,0.06480000000000001,0.06628,0.04322,0.04287,2919.39990234375,86.88719940185547,6144.14990234375,15.420000076293945,20056.25,22932.900390625,15.270000457763672
2025-02-20,0.06575,0.0644,0.06628,0.04314,0.04276,2940.0,86.872802734375,6117.52001953125,14.680000305175781,19962.359375,22913.150390625,15.65999984741211
2025-02-21,0.06585,0.0646,0.06631000000000001,0.04305,0.042069999999999996,2937.60009765625,86.45120239257812,6013.1298828125,14.529999732971191,19524.009765625,22795.900390625,18.209999084472656
2025-02-24,0.0645,0.0642,0.066,0.042910000000000004,0.04173,2947.89990234375,86.52940368652344,5983.25,14.4399995803833,19286.9296875,22553.349609375,18.979999542236328
2025-02-25,0.06559999999999999,0.0643,0.06581000000000001,0.04292,0.04087,2904.5,86.69010162353516,5955.25,13.720000267028809,19026.390625,22547.55078125,19.43000030517578
2025-02-26,0.06559999999999999,0.0643,0.06581000000000001,0.043,0.04046,2916.800048828125,87.0811996459961,5956.06005859375,13.720000267028809,19075.259765625,22547.55078125,19.100000381469727
2025-02-27,0.0654,0.0642,0.06570000000000001,0.04301,0.04031,2883.199951171875,87.16220092773438,5861.56982421875,13.3100004196167,18544.419921875,22545.05078125,21.1299991607666
2025-02-28,0.06570000000000001,0.0643,0.0658,0.04299,0.03965,2836.800048828125,87.3270034790039,5954.5,13.90999984741211,18847.279296875,22124.69921875,19.6299991607666
2025-03-03,0.06570000000000001,0.0644,0.06570000000000001,0.04299,0.03933,2890.199951171875,87.46399688720703,5849.72021484375,13.760000228881836,18350.189453125,22119.30078125,22.780000686645508
2025-03-04,0.0658,0.0644,0.06559999999999999,0.04316,0.0398,2909.60009765625,87.32959747314453,5778.14990234375,13.829999923706055,18285.16015625,22082.650390625,23.510000228881836
2025-03-05,0.06570000000000001,0.0645,0.06570000000000001,0.043120000000000006,0.04011,2915.300048828125,87.21700286865234,5842.6298828125,13.670000076293945,18552.73046875,22337.30078125,21.93000030517578
2025-03-06,0.0655,0.0647,0.0655,0.04301,0.03976,2916.60009765625,86.88929748535156,5738.52001953125,13.729999542236328,18069.259765625,22544.69921875,24.8700008392334
2025-03-07,0.0652,0.0647,0.0654,0.04303,0.04008,2904.699951171875,87.12879943847656,5770.2001953125,13.470000267028809,18196.220703125,22552.5,23.3700008392334
2025-03-10,0.0658,0.0647,0.0658,0.04283000000000001,0.03894,2891.0,87.07379913330078,5614.56005859375,13.989999771118164,17468.3203125,22460.30078125,27.860000610351562
2025-03-11,0.0658,0.0647,0.0658,0.04299,0.039529999999999996,2912.89990234375,87.3551025390625,5572.06982421875,14.069999694824219,17436.099609375,22497.900390625,26.920000076293945
2025-03-12,0.0658,0.0647,0.06570000000000001,0.04304,0.03985,2939.10009765625,87.20010375976562,5599.2998046875,13.6899995803833,17648.44921875,22470.5,24.229999542236328
2025-03-13,0.06570000000000001,0.06480000000000001,0.06570000000000001,0.04301,0.03944,2984.300048828125,87.3405990600586,5521.52001953125,13.279999732971191,17303.009765625,22397.19921875,24.65999984741211
2025-03-14,0.06570000000000001,0.06480000000000001,0.06570000000000001,0.04295,0.04011,2994.5,86.9220962524414,5638.93994140625,13.279999732971191,17754.08984375,22397.19921875,21.770000457763672
2025-03-17,0.06559999999999999,0.0645,0.06559999999999999,0.042910000000000004,0.040229999999999995,3000.0,86.93900299072266,5675.1201171875,13.420000076293945,17808.66015625,22508.75,20.510000228881836
2025-03-18,0.06559999999999999,0.0645,0.06570000000000001,0.043019999999999996,0.04014,3035.10009765625,86.91639709472656,5614.66015625,13.210000038146973,17504.119140625,22834.30078125,21.700000762939453
2025-03-19,0.06559999999999999,0.0645,0.0655,0.042969999999999994,0.039529999999999996,3035.89990234375,86.57610321044922,5675.2900390625,13.300000190734863,17750.7890625,22907.599609375,19.899999618530273
2025-03-20,0.06509999999999999,0.0646,0.0653,0.042910000000000004,0.03941,3040.0,86.33709716796875,5662.89013671875,12.600000381469727,17691.630859375,23190.650390625,19.799999237060547
2025-03-21,0.0649,0.0646,0.065,0.0429,0.03927,3018.199951171875,86.33609771728516,5667.56005859375,12.579999923706055,17784.05078125,23350.400390625,19.280000686645508
2025-03-24,0.06480000000000001,0.0645,0.0649,0.04289,0.04016,3013.10009765625,85.98699951171875,5767.56982421875,13.699999809265137,18188.58984375,23658.349609375,17.479999542236328
2025-03-25,0.0649,0.0645,0.06480000000000001,0.04292,0.03992,3023.699951171875,85.53209686279297,5776.64990234375,13.640000343322754,18271.859375,23668.650390625,17.149999618530273
2025-03-26,0.06480000000000001,0.0645,0.0647,0.042960000000000005,0.04015,3020.89990234375,85.59040069580078,5712.2001953125,13.470000267028809,17899.01953125,23486.849609375,18.329999923706055
2025-03-27,0.0647,0.06480000000000001,0.0647,0.042960000000000005,0.03992,3060.199951171875,86.09539794921875,5693.31005859375,13.300000190734863,17804.029296875,23591.94921875,18.690000534057617
2025-03-28,0.0639,0.0635,0.0644,0.04294,0.03898,3086.5,85.69490051269531,5580.93994140625,12.720000267028809,17322.990234375,23519.349609375,21.649999618530273
2025-03-31,0.0639,0.0635,0.0644,0.04299,0.03877,3122.800048828125,85.53880310058594,5611.85009765625,12.720000267028809,17299.2890625,23519.349609375,22.280000686645508
2025-04-01,0.0639,0.0635,0.0644,0.04305,0.03854,3118.89990234375,85.46810150146484,5633.06982421875,13.779999732971191,17449.890625,23165.69921875,21.770000457763672
2025-04-02,0.0632,0.06280000000000001,0.0632,0.04304,0.03814,3139.89990234375,85.61009979248047,5670.97021484375,13.720000267028809,17601.05078125,23332.349609375,21.510000228881836
2025-04-03,0.0629,0.061500000000000006,0.0632,0.04293,0.0366,3097.0,85.65119934082031,5396.52001953125,13.600000381469727,16550.609375,23250.099609375,30.020000457763672
2025-04-04,0.0626,0.0608,0.0626,0.04253,0.03627,3012.0,85.28289794921875,5074.080078125,13.760000228881836,15587.7900390625,22904.44921875,45.310001373291016
2025-04-07,0.0626,0.061,0.06280000000000001,0.042699999999999995,0.03783,2951.300048828125,85.529296875,5062.25,22.790000915527344,15603.259765625,22161.599609375,46.97999954223633
2025-04-08,0.0625,0.0605,0.06280000000000001,0.04301,0.037610000000000005,2968.39990234375,86.0270004272461,4982.77001953125,20.440000534057617,15267.91015625,22535.849609375,52.33000183105469
2025-04-09,0.061799999999999994,0.059500000000000004,0.0621,0.04334,0.03935,3056.5,86.435302734375,5456.89990234375,21.43000030517578,17124.970703125,22399.150390625,33.619998931884766
2025-04-10,0.061799999999999994,0.059500000000000004,0.0621,0.04319,0.03914,3155.199951171875,86.20929718017578,5268.0498046875,21.43000030517578,16387.310546875,22399.150390625,40.720001220703125
2025-04-11,0.061500000000000006,0.059500000000000004,0.0616,0.043250000000000004,0.04016,3222.199951171875,86.2603988647461,5363.35986328125,20.110000610351562,16724.4609375,22828.55078125,37.560001373291016
2025-04-14,0.061500000000000006,0.059500000000000004,0.0616,0.04308,0.03877,3204.800048828125,86.19300079345703,5405.97021484375,20.110000610351562,16831.48046875,22828.55078125,30.889999389648438
2025-04-15,0.061500000000000006,0.059500000000000004,0.061200000000000004,0.04315,0.038599999999999995,3218.699951171875,86.0447998046875,5396.6298828125,16.1299991607666,16823.169921875,23328.55078125,30.1200008392334
2025-04-16,0.060599999999999994,0.0593,0.060899999999999996,0.043129999999999995,0.037759999999999995,3326.60009765625,85.72669982910156,5275.7001953125,15.869999885559082,16307.16015625,23437.19921875,32.63999938964844
2025-04-17,0.0602,0.0593,0.0605,0.043179999999999996,0.037989999999999996,3308.699951171875,85.62049865722656,5282.7001953125,15.470000267028809,16286.4501953125,23851.650390625,29.649999618530273
2025-04-21,0.0599,0.059000000000000004,0.0603,0.04322,0.0379,3406.199951171875,85.62049865722656,5158.2001953125,15.520000457763672,15870.900390625,24125.55078125,33.81999969482422
2025-04-22,0.0599,0.059000000000000004,0.0604,0.04319,0.0383,3400.800048828125,85.15889739990234,5287.759765625,15.229999542236328,16300.419921875,24167.25,30.56999969482422
2025-04-23,0.059800000000000006,0.059000000000000004,0.0605,0.043129999999999995,0.03879,3276.300048828125,85.2323989868164,5375.85986328125,15.960000038146973,16708.05078125,24328.94921875,28.450000762939453
2025-04-24,0.059699999999999996,0.0588,0.0605,0.04306,0.03793,3332.0,85.4999008178711,5484.77001953125,16.25,17166.0390625,24246.69921875,26.469999313354492
2025-04-25,0.0596,0.059000000000000004,0.060700000000000004,0.04299,0.037469999999999996,3282.39990234375,85.2573013305664,5525.2099609375,17.15999984741211,17382.939453125,24039.349609375,24.84000015258789
2025-04-28,0.059800000000000006,0.0588,0.061,0.04294,0.03674,3332.5,85.38490295410156,5528.75,16.940000534057617,17366.130859375,24328.5,25.149999618530273
2025-04-29,0.0594,0.0588,0.0605,0.04294,0.03644,3318.800048828125,85.1603012084961,5560.830078125,17.3700008392334,17461.3203125,24335.94921875,24.170000076293945
2025-04-30,0.0594,0.059000000000000004,0.0604,0.04288,0.03601,3305.0,85.1707992553711,5569.06005859375,18.219999313354492,17446.33984375,24334.19921875,24.700000762939453
2025-05-01,0.0594,0.059000000000000004,0.0604,0.04293,0.0368,3210.0,84.53119659423828,5604.14013671875,18.219999313354492,17710.740234375,24334.19921875,24.600000381469727
2025-05-02,0.059500000000000004,0.058899999999999994,0.0603,0.04315,0.03807,3231.89990234375,84.69670104980469,5686.669921875,18.260000228881836,17977.73046875,24346.69921875,22.68000030517578
2025-05-05,0.058899999999999994,0.0588,0.0601,0.04314,0.03819,3311.300048828125,84.52629852294922,5650.3798828125,18.34000015258789,17844.240234375,24461.150390625,23.639999389648438
2025-05-06,0.05918,0.98642,0.059969999999999996,0.043179999999999996,0.03753,3411.39990234375,84.2208023071289,5606.91015625,19.0,17689.66015625,24379.599609375,24.760000228881836
2025-05-07,0.058929999999999996,0.9857299999999999,0.06078,0.04322,0.03744,3381.39990234375,84.79319763183594,5631.27978515625,19.059999465942383,17738.16015625,24414.400390625,23.549999237060547
2025-05-08,0.059960000000000006,0.98629,0.06042,0.04327,0.03863,3296.60009765625,84.81719970703125,5663.93994140625,21.010000228881836,17928.140625,24273.80078125,22.479999542236328
2025-05-09,0.059960000000000006,0.98629,0.06042,0.0432,0.03877,3335.39990234375,86.08219909667969,5659.91015625,21.6299991607666,17928.919921875,24008.0,21.899999618530273
2025-05-12,0.059669999999999994,0.98649,0.05986,0.04391,0.04005,3220.0,85.4083023071289,5844.18994140625,18.389999389648438,18708.33984375,24924.69921875,18.389999389648438
2025-05-13,0.05917,0.98667,0.05949,0.043949999999999996,0.03989,3240.300048828125,84.9656982421875,5886.5498046875,18.200000762939453,19010.08984375,24578.349609375,18.219999313354492
2025-05-14,0.05876000000000001,0.98576,0.05898,0.043899999999999995,0.040549999999999996,3181.39990234375,85.060302734375,5892.580078125,17.229999542236328,19146.810546875,24666.900390625,18.6200008392334
2025-05-15,0.05831,0.98634,0.058769999999999996,0.04364,0.03938,3220.699951171875,85.48760223388672,5916.93017578125,16.889999389648438,19112.3203125,25062.099609375,17.829999923706055
2025-05-16,0.05831,0.98634,0.058769999999999996,0.04347,0.039670000000000004,3182.0,85.44490051269531,5958.3798828125,16.549999237060547,19211.099609375,25019.80078125,17.239999771118164
2025-05-19,0.05831,0.98634,0.058769999999999996,0.043440000000000006,0.03947,3228.89990234375,85.50029754638672,5963.60009765625,17.360000610351562,19215.4609375,24945.44921875,18.139999389648438
2025-05-20,0.05831,0.98634,0.058769999999999996,0.04359,0.03948,3280.300048828125,85.37210083007812,5940.4599609375,17.389999389648438,19142.7109375,24683.900390625,18.09000015258789
2025-05-21,0.05831,0.98634,0.058769999999999996,0.04338,0.04014,3309.300048828125,85.53610229492188,5844.60986328125,17.549999237060547,18872.640625,24813.44921875,20.8700008392334
2025-05-22,0.05831,0.98634,0.058769999999999996,0.04346,0.03965,3292.300048828125,85.60030364990234,5842.009765625,17.260000228881836,18925.740234375,24609.69921875,20.280000686645508
2025-05-23,0.0552,0.0557,0.0576,0.043390000000000005,0.03959,3363.60009765625,85.97489929199219,5802.81982421875,17.280000686645508,18737.2109375,24853.150390625,22.290000915527344
2025-05-26,0.0565,0.0556,0.0574,0.04356,0.03959,3363.60009765625,85.19930267333984,5802.81982421875,18.020000457763672,18737.2109375,25001.150390625,22.290000915527344
2025-05-27,0.056299999999999996,0.055099999999999996,0.0574,0.04311,0.03928,3299.10009765625,85.158203125,5921.5400390625,18.540000915527344,19199.16015625,24826.19921875,18.959999084472656
2025-05-28,0.056299999999999996,0.0553,0.0572,0.0433,0.039580000000000004,3293.60009765625,85.3604965209961,5888.5498046875,18.020000457763672,19100.939453125,24752.44921875,19.309999465942383
2025-05-29,0.0559,0.0553,0.0572,0.043440000000000006,0.03903,3317.10009765625,85.38590240478516,5912.169921875,16.420000076293945,19175.869140625,24833.599609375,19.18000030517578
2025-05-30,0.056299999999999996,0.055099999999999996,0.057,0.04338,0.03858,3288.89990234375,85.36129760742188,5911.68994140625,16.079999923706055,19113.76953125,24750.69921875,18.56999969482422
2025-06-02,0.055999999999999994,0.0552,0.0572,0.0434,0.039,3370.60009765625,85.52429962158203,5935.93994140625,17.15999984741211,19242.609375,24716.599609375,18.360000610351562
2025-06-03,0.0559,0.055,0.0572,0.043449999999999996,0.039220000000000005,3350.199951171875,85.36370086669922,5970.3701171875,16.559999465942383,19398.9609375,24542.5,17.690000534057617
2025-06-04,0.0558,0.054900000000000004,0.0572,0.043429999999999996,0.03828,3373.5,85.70880126953125,5970.81005859375,15.75,19460.490234375,24620.19921875,17.610000610351562
2025-06-05,0.055099999999999996,0.0548,0.057,0.04337,0.03891,3350.699951171875,85.9041976928711,5939.2998046875,15.079999923706055,19298.44921875,24750.900390625,18.479999542236328
2025-06-06,0.0542,0.0521,0.0558,0.043410000000000004,0.040190000000000003,3322.699951171875,85.87750244140625,6000.35986328125,14.630000114440918,19529.94921875,25003.05078125,16.770000457763672
2025-06-09,0.053399999999999996,0.0521,0.056799999999999996,0.04351,0.0398,3332.10009765625,85.7853012084961,6005.8798828125,14.6899995803833,19591.240234375,25103.19921875,17.15999984741211
2025-06-10,0.0533,0.0521,0.0572,0.04356,0.03997,3320.89990234375,85.75599670410156,6038.81005859375,14.020000457763672,19714.990234375,25104.25,16.950000762939453
2025-06-11,0.0548,0.0527,0.0574,0.043579999999999994,0.03915,3321.300048828125,85.65280151367188,6022.240234375,13.670000076293945,19615.880859375,25141.400390625,17.260000228881836
2025-06-12,0.0548,0.0529,0.0582,0.043730000000000005,0.03873,3380.89990234375,85.46980285644531,6045.259765625,14.020000457763672,19662.490234375,24888.19921875,18.020000457763672
2025-06-13,0.0547,0.0529,0.0582,0.04356,0.039060000000000004,3431.199951171875,85.68840026855469,5976.97021484375,15.079999923706055,19406.830078125,24718.599609375,20.81999969482422
2025-06-16,0.055,0.0529,0.0583,0.04356,0.03931,3396.39990234375,86.24919891357422,6033.10986328125,14.84000015258789,19701.2109375,24946.5,19.110000610351562
2025-06-17,0.055099999999999996,0.0527,0.057999999999999996,0.043280000000000006,0.03894,3386.60009765625,86.10420227050781,5982.72021484375,14.399999618530273,19521.08984375,24853.400390625,21.600000381469727
2025-06-18,0.0547,0.0525,0.0579,0.043289999999999995,0.03891,3389.800048828125,86.36270141601562,5980.8701171875,14.279999732971191,19546.26953125,24812.05078125,20.139999389648438
2025-06-19,0.054299999999999994,0.0525,0.0582,0.043710000000000006,0.038759999999999996,3389.800048828125,86.61360168457031,5980.8701171875,14.260000228881836,19546.26953125,24793.25,20.139999389648438
2025-06-20,0.0541,0.0521,0.058499999999999996,0.04305,0.03858,3368.10009765625,86.58380126953125,5967.83984375,13.670000076293945,19447.41015625,25112.400390625,20.6200008392334
2025-06-23,0.0542,0.0527,0.058499999999999996,0.042679999999999996,0.03807,3377.699951171875,86.5802993774414,6025.169921875,14.050000190734863,19630.970703125,24971.900390625,19.829999923706055
2025-06-24,0.0545,0.052300000000000006,0.0583,0.04292,0.03758,3317.39990234375,86.23300170898438,6092.18017578125,13.640000343322754,19912.529296875,25044.349609375,17.479999542236328
2025-06-25,0.0554,0.0526,0.0587,0.042910000000000004,0.03748,3327.10009765625,85.90480041503906,6092.16015625,12.960000038146973,19973.55078125,25244.75,16.760000228881836
2025-06-26,0.0555,0.053200000000000004,0.059000000000000004,0.04322,0.03683,3333.5,86.006103515625,6141.02001953125,12.59000015258789,20167.91015625,25549.0,16.59000015258789
2025-06-27,0.055,0.053099999999999994,0.0588,0.04298,0.03713,3273.699951171875,85.66639709472656,6173.06982421875,12.390000343322754,20273.4609375,25637.80078125,16.31999969482422
2025-06-30,0.0554,0.0528,0.058499999999999996,0.04299,0.03692,3294.39990234375,85.4552993774414,6204.9501953125,12.789999961853027,20369.73046875,25517.05078125,16.729999542236328
2025-07-01,0.055,0.053,0.0583,0.04336,0.03741,3336.699951171875,85.71399688720703,6198.009765625,12.529999732971191,20202.890625,25541.80078125,16.829999923706055
2025-07-02,0.055099999999999996,0.0526,0.057999999999999996,0.043289999999999995,0.03765,3348.0,85.6427993774414,6227.419921875,12.449999809265137,20393.130859375,25453.400390625,16.639999389648438
2025-07-03,0.054900000000000004,0.052300000000000006,0.057800000000000004,0.04354,0.03844,3331.60009765625,85.69409942626953,6279.35009765625,12.390000343322754,20601.099609375,25405.30078125,16.3799991607666
2025-07-04,0.0547,0.052199999999999996,0.0581,0.04354,0.03844,3332.5,85.31909942626953,6279.35009765625,12.319999694824219,20601.099609375,25461.0,16.3799991607666
2025-07-07,0.0553,0.053,0.0582,0.04348,0.03856,3332.199951171875,85.49629974365234,6229.97998046875,12.5600004196167,20412.51953125,25461.30078125,17.790000915527344
2025-07-08,0.05511,0.0533,0.05814,0.04366,0.038740000000000004,3307.0,85.89199829101562,6225.52001953125,12.199999809265137,20418.4609375,25522.5,16.809999465942383
2025-07-09,0.05586,0.0533,0.058339999999999996,0.043609999999999996,0.03826,3311.60009765625,85.7073974609375,6263.259765625,11.9399995803833,20611.33984375,25476.099609375,15.9399995803833
2025-07-10,0.05511,0.0535,0.05808,0.043579999999999994,0.03835,3317.39990234375,85.70850372314453,6280.4599609375,11.670000076293945,20630.66015625,25355.25,15.779999732971191
2025-07-11,0.054450000000000005,0.0535,0.057960000000000005,0.04351,0.038849999999999996,3356.0,85.73480224609375,6259.75,11.819999694824219,20585.529296875,25149.849609375,16.399999618530273
2025-07-14,0.05482,0.053399999999999996,0.057350000000000005,0.0434,0.03871,3351.5,85.82129669189453,6268.56005859375,11.979999542236328,20640.330078125,25082.30078125,17.200000762939453
2025-07-15,0.05582,0.0536,0.057640000000000004,0.043579999999999994,0.03935,3329.800048828125,85.96839904785156,6243.759765625,11.479999542236328,20677.80078125,25195.80078125,17.3799991607666
2025-07-16,0.05567999999999999,0.0535,0.0581,0.043429999999999996,0.038599999999999995,3352.5,85.99310302734375,6263.7001953125,11.239999771118164,20730.490234375,25212.05078125,17.15999984741211
2025-07-17,0.055229999999999994,0.0536,0.05785,0.043449999999999996,0.038900000000000004,3340.10009765625,85.88520050048828,6297.35986328125,11.239999771118164,20885.650390625,25111.44921875,16.520000457763672
2025-07-18,0.05526,0.0536,0.05778,0.043410000000000004,0.03844,3353.0,86.04650115966797,6296.7900390625,11.390000343322754,20895.650390625,24968.400390625,16.40999984741211
2025-07-21,0.056100000000000004,0.0535,0.057960000000000005,0.04335,0.03805,3401.89990234375,86.14859771728516,6305.60009765625,11.199999809265137,20974.1796875,25090.69921875,16.649999618530273
2025-07-22,0.055970000000000006,0.0535,0.05806,0.043449999999999996,0.03777,3439.199951171875,86.19529724121094,6309.6201171875,10.75,20892.689453125,25060.900390625,16.5
2025-07-23,0.05628999999999999,0.0536,0.058230000000000004,0.04351,0.03833,3394.10009765625,86.3427963256836,6358.91015625,10.520000457763672,21020.01953125,25219.900390625,15.369999885559082
2025-07-24,0.05592,0.0535,0.05822,0.043550000000000005,0.03873,3371.0,86.39869689941406,6363.35009765625,10.720000267028809,21057.9609375,25062.099609375,15.390000343322754
2025-07-25,0.05611,0.0535,0.058390000000000004,0.04354,0.03863,3334.0,86.4302978515625,6388.64013671875,11.279999732971191,21108.3203125,24837.0,14.930000305175781
2025-07-28,0.05561,0.053899999999999997,0.05862,0.043429999999999996,0.0388,3309.10009765625,86.506103515625,6389.77001953125,12.0600004196167,21178.580078125,24680.900390625,15.029999732971191
2025-07-29,0.05499,0.054000000000000006,0.05872,0.0434,0.038239999999999996,3323.39990234375,86.77760314941406,6370.85986328125,11.529999732971191,21098.2890625,24821.099609375,15.979999542236328
2025-07-30,0.0558,0.054000000000000006,0.05868,0.04348,0.03887,3295.800048828125,87.06320190429688,6362.89990234375,11.210000038146973,21129.669921875,24855.05078125,15.479999542236328
2025-07-31,0.05574,0.054000000000000006,0.05878,0.043449999999999996,0.03894,3293.199951171875,87.714599609375,6339.39013671875,11.539999961853027,21122.44921875,24768.349609375,16.719999313354492
2025-08-01,0.055389999999999995,0.0541,0.0588,0.04294,0.03673,3347.699951171875,87.4894027709961,6238.009765625,11.979999542236328,20650.130859375,24565.349609375,20.3799991607666
2025-08-04,0.05504,0.053899999999999997,0.058949999999999995,0.04263,0.03648,3374.39990234375,87.24530029296875,6329.93994140625,11.970000267028809,21053.580078125,24722.75,17.520000457763672
2025-08-05,0.055279999999999996,0.0536,0.05846,0.0426,0.03676,3381.89990234375,87.89330291748047,6299.18994140625,11.710000038146973,20916.55078125,24649.55078125,17.850000381469727
2025-08-06,0.0559,0.054000000000000006,0.05931,0.04244,0.03656,3380.0,87.72309875488281,6345.06005859375,11.960000038146973,21169.419921875,24574.19921875,16.770000457763672
2025-08-07,0.05593,0.0542,0.05971,0.04249,0.03689,3400.300048828125,87.76249694824219,6340.0,11.6899995803833,21242.69921875,24596.150390625,16.56999969482422
2025-08-08,0.05669,0.054400000000000004,0.059340000000000004,0.04243,0.03725,3439.10009765625,87.43319702148438,6389.4501953125,12.029999732971191,21450.01953125,24363.30078125,15.149999618530273
2025-08-11,0.055330000000000004,0.0545,0.05925,0.04255,0.03719,3353.10009765625,87.48829650878906,6373.4501953125,12.220000267028809,21385.400390625,24585.05078125,16.25
2025-08-12,0.055389999999999995,0.054400000000000004,0.060090000000000005,0.04242,0.03705,3348.89990234375,87.66449737548828,6445.759765625,12.229999542236328,21681.900390625,24487.400390625,14.729999542236328
2025-08-13,0.05585,0.0545,0.06002,0.04216,0.036539999999999996,3358.699951171875,87.59559631347656,6466.580078125,12.140000343322754,21713.140625,24619.349609375,14.489999771118164
2025-08-14,0.05499,0.0545,0.059160000000000004,0.04223,0.03703,3335.199951171875,87.44999694824219,6468.5400390625,12.359999656677246,21710.669921875,24631.30078125,14.829999923706055
2025-08-15,0.0553,0.0545,0.05949,0.04222000000000001,0.03722,3336.0,87.69180297851562,6449.7998046875,12.359999656677246,21622.98046875,24631.30078125,15.09000015258789
2025-08-18,0.055940000000000004,0.054400000000000004,0.0604,0.04229,0.03735,3331.699951171875,87.51280212402344,6449.14990234375,12.34000015258789,21629.76953125,24876.94921875,14.989999771118164
2025-08-19,0.0558,0.0547,0.06049,0.04221,0.0371,3313.39990234375,87.29509735107422,6411.3701171875,11.789999961853027,21314.94921875,24980.650390625,15.569999694824219
2025-08-20,0.056280000000000004,0.0548,0.06022,0.04221,0.03697,3343.39990234375,87.0791015625,6395.77978515625,11.789999961853027,21172.859375,25050.55078125,15.6899995803833
2025-08-21,0.05566,0.0546,0.06038,0.04239,0.03744,3336.89990234375,87.01820373535156,6370.169921875,11.369999885559082,21100.310546875,25083.75,16.600000381469727
2025-08-22,0.05635,0.0545,0.06017,0.04196,0.0364,3374.39990234375,87.29340362548828,6466.91015625,11.729999542236328,21496.5390625,24870.099609375,14.220000267028809
2025-08-25,0.05611,0.0547,0.06072,0.04201,0.03675,3373.800048828125,87.3301010131836,6439.31982421875,11.760000228881836,21449.2890625,24967.75,14.789999961853027
2025-08-26,0.05593,0.055,0.06024,0.04196,0.0362,3388.60009765625,87.60859680175781,6465.93994140625,12.1899995803833,21544.26953125,24712.05078125,14.619999885559082
2025-08-27,0.05577,0.055,0.060899999999999996,0.041909999999999996,0.035910000000000004,3404.60009765625,87.60070037841797,6481.39990234375,12.1899995803833,21590.140625,24712.05078125,14.850000381469727
2025-08-28,0.0564,0.0548,0.06061,0.04182,0.03592,3431.800048828125,87.65910339355469,6501.85986328125,12.180000305175781,21705.16015625,24500.900390625,14.430000305175781
2025-08-29,0.05666,0.0552,0.060739999999999995,0.04149,0.035840000000000004,3473.699951171875,87.5916976928711,6460.259765625,11.75,21455.55078125,24426.849609375,15.359999656677246
2025-09-01,0.05694,0.0548,0.06082,0.041550000000000004,0.03598,3473.699951171875,88.17430114746094,6460.259765625,11.289999961853027,21455.55078125,24625.05078125,15.359999656677246
2025-09-02,0.05634,0.054900000000000004,0.06115,0.04139,0.03626,3549.39990234375,88.00140380859375,6415.5400390625,11.399999618530273,21279.630859375,24579.599609375,17.170000076293945
2025-09-03,0.057190000000000005,0.055,0.061079999999999995,0.04123,0.03578,3593.199951171875,87.99829864501953,6448.259765625,10.930000305175781,21497.73046875,24715.05078125,16.350000381469727
2025-09-04,0.05649,0.0548,0.060270000000000004,0.04104,0.03553,3565.800048828125,88.072998046875,6502.080078125,10.850000381469727,21707.689453125,24734.30078125,15.300000190734863
2025-09-05,0.05657,0.0548,0.06023,0.04015,0.03476,3613.199951171875,88.19290161132812,6481.5,10.779999732971191,21700.390625,24741.0,15.180000305175781
2025-09-08,0.05643,0.0548,0.060250000000000005,0.040279999999999996,0.03463,3638.10009765625,88.1863021850586,6495.14990234375,10.84000015258789,21798.69921875,24773.150390625,15.109999656677246
2025-09-09,0.05582,0.0552,0.060090000000000005,0.04045,0.03501,3643.300048828125,87.98049926757812,6512.60986328125,10.6899995803833,21879.490234375,24868.599609375,15.039999961853027
2025-09-10,0.056760000000000005,0.0552,0.05984,0.040350000000000004,0.03484,3643.60009765625,88.21829986572266,6532.0400390625,10.539999961853027,21886.060546875,24973.099609375,15.350000381469727
2025-09-11,0.05577,0.055,0.05984,0.04032,0.03487,3636.89990234375,88.05339813232422,6587.47021484375,10.359999656677246,22043.0703125,25005.5,14.710000038146973
2025-09-12,0.05679,0.055099999999999996,0.05991,0.04031,0.03526,3649.39990234375,88.2676010131836,6584.2900390625,10.119999885559082,22141.099609375,25114.0,14.760000228881836
2025-09-15,0.056319999999999995,0.054900000000000004,0.05934999999999999,0.04002,0.03497,3682.199951171875,88.27729797363281,6615.27978515625,10.399999618530273,22348.75,25069.19921875,15.6899995803833
2025-09-16,0.055510000000000004,0.055099999999999996,0.05939,0.03988,0.03475,3688.89990234375,88.12349700927734,6606.759765625,10.270000457763672,22333.9609375,25239.099609375,16.360000610351562
2025-09-17,0.05576,0.054900000000000004,0.05934999999999999,0.03975,0.0353,3681.800048828125,87.88459777832031,6600.35009765625,10.25,22261.330078125,25330.25,15.720000267028809
2025-09-18,0.055529999999999996,0.0545,0.059269999999999996,0.039830000000000004,0.03549,3643.699951171875,87.91069793701172,6631.9599609375,9.890000343322754,22470.720703125,25423.599609375,15.699999809265137
2025-09-19,0.055990000000000005,0.0545,0.05892,0.03979,0.03567,3671.5,88.20690155029297,6664.35986328125,9.970000267028809,22631.48046875,25327.05078125,15.449999809265137
2025-09-22,0.055540000000000006,0.055,0.05899,0.03947,0.03581,3740.699951171875,88.09919738769531,6693.75,10.5600004196167,22788.98046875,25202.349609375,16.100000381469727
2025-09-23,0.05551999999999999,0.0553,0.05887,0.03947,0.03567,3780.60009765625,88.30439758300781,6656.919921875,10.630000114440918,22573.470703125,25169.5,16.639999389648438
2025-09-24,0.055650000000000005,0.0547,0.059160000000000004,0.039599999999999996,0.03597,3732.10009765625,88.80799865722656,6637.97021484375,10.520000457763672,22497.859375,25056.900390625,16.18000030517578
2025-09-25,0.055389999999999995,0.0548,0.05917,0.03986,0.036629999999999996,3736.89990234375,88.77860260009766,6604.72021484375,10.779999732971191,22384.69921875,24890.849609375,16.739999771118164
2025-09-26,0.056130000000000006,0.054900000000000004,0.05915,0.03961,0.03655,3775.300048828125,88.77310180664062,6643.7001953125,11.430000305175781,22484.0703125,24654.69921875,15.289999961853027
2025-09-29,0.05618,0.0547,0.05875,0.03963,0.03634,3820.89990234375,88.67680358886719,6661.2099609375,11.369999885559082,22591.150390625,24634.900390625,16.1200008392334
2025-09-30,0.05578,0.0542,0.0588,0.03947,0.03613,3840.800048828125,88.70449829101562,6688.4599609375,11.069999694824219,22660.009765625,24611.099609375,16.280000686645508
2025-10-01,0.05601,0.0548,0.057980000000000004,0.039420000000000004,0.03556,3867.5,88.8406982421875,6711.2001953125,10.289999961853027,22755.16015625,24836.30078125,16.290000915527344
2025-10-02,0.05617,0.0548,0.05847,0.03955,0.035590000000000004,3839.699951171875,88.68299865722656,6715.35009765625,10.289999961853027,22844.05078125,24836.30078125,16.6299991607666
2025-10-03,0.05582,0.0546,0.05777,0.03959,0.03587,3880.800048828125,88.72019958496094,6715.7900390625,10.0600004196167,22780.509765625,24894.25,16.649999618530273
2025-10-06,0.05504,0.053899999999999997,0.057999999999999996,0.03956,0.03615,3948.5,88.73509979248047,6740.27978515625,10.1899995803833,22941.669921875,25077.650390625,16.3700008392334
2025-10-07,0.055970000000000006,0.054000000000000006,0.058230000000000004,0.03944,0.035840000000000004,3976.60009765625,88.72109985351562,6714.58984375,10.050000190734863,22788.359375,25108.30078125,17.239999771118164
2025-10-08,0.05545,0.0541,0.058550000000000005,0.03944,0.036000000000000004,4043.300048828125,88.74259948730469,6753.72021484375,10.3100004196167,23043.380859375,25046.150390625,16.299999237060547
2025-10-09,0.05493000000000001,0.054400000000000004,0.058609999999999995,0.03954,0.03615,3946.300048828125,88.7771987915039,6735.10986328125,10.119999885559082,23024.630859375,25181.80078125,16.43000030517578
2025-10-10,0.05541,0.054299999999999994,0.058570000000000004,0.03947,0.0353,3975.89990234375,88.86540222167969,6552.509765625,10.100000381469727,22204.4296875,25285.349609375,21.65999984741211
2025-10-13,0.05493000000000001,0.0541,0.05837,0.03955,0.03514,4108.60009765625,88.7573013305664,6654.72021484375,11.010000228881836,22694.609375,25227.349609375,19.030000686645508
2025-10-14,0.05431,0.0541,0.058230000000000004,0.0395,0.03483,4138.7001953125,88.66510009765625,6644.31005859375,11.15999984741211,22521.69921875,25145.5,20.809999465942383
2025-10-15,0.0552,0.0542,0.05821,0.039599999999999996,0.03511,4176.89990234375,88.78250122070312,6671.06005859375,10.529999732971191,22670.080078125,25323.55078125,20.639999389648438
2025-10-16,0.054779999999999995,0.054299999999999994,0.05847,0.03954,0.03429,4280.2001953125,87.80950164794922,6629.06982421875,10.869999885559082,22562.5390625,25585.30078125,25.309999465942383
2025-10-17,0.05531,0.054299999999999994,0.05817,0.0393,0.03471,4189.89990234375,87.9906997680664,6664.009765625,11.630000114440918,22679.970703125,25709.849609375,20.780000686645508
2025-10-20,0.05534,0.0545,0.05835,0.03896,0.03466,4336.39990234375,88.0022964477539,6735.1298828125,11.359999656677246,22990.5390625,25843.150390625,18.229999542236328
2025-10-21,0.0553,0.0545,0.058449999999999995,0.038849999999999996,0.03455,4087.699951171875,87.87999725341797,6735.35009765625,11.300000190734863,22953.669921875,25868.599609375,17.8700008392334
2025-10-22,0.05534,0.0545,0.05835,0.03882,0.034460000000000005,4044.39990234375,88.00160217285156,6699.39990234375,11.300000190734863,22740.400390625,25868.599609375,18.600000381469727
2025-10-23,0.05566,0.0542,0.05852,0.03887,0.03484,4125.5,87.74030303955078,6738.43994140625,11.729999542236328,22941.80078125,25891.400390625,17.299999237060547
2025-10-24,0.05515,0.0548,0.05849,0.038599999999999995,0.03488,4118.39990234375,87.77899932861328,6791.68994140625,11.59000015258789,23204.869140625,25795.150390625,16.3700008392334
2025-10-27,0.05534,0.0545,0.058339999999999996,0.03818,0.03504,4001.89990234375,87.8290023803711,6875.16015625,11.859999656677246,23637.4609375,25966.05078125,15.789999961853027
2025-10-28,0.05482,0.0545,0.05832,0.038130000000000004,0.03501,3966.199951171875,88.22209930419922,6890.89013671875,11.949999809265137,23827.490234375,25936.19921875,16.420000076293945
2025-10-29,0.05673,0.054299999999999994,0.058449999999999995,0.03849,0.03587,3983.699951171875,88.22550201416016,6890.58984375,11.970000267028809,23958.470703125,26053.900390625,16.920000076293945
2025-10-30,0.05558,0.0545,0.059059999999999994,0.03856,0.03613,4001.300048828125,88.34559631347656,6822.33984375,12.069999694824219,23581.140625,25877.849609375,16.90999984741211
2025-10-31,0.056159999999999995,0.054400000000000004,0.058899999999999994,0.03819,0.03608,3982.199951171875,88.6344985961914,6840.2001953125,12.149999618530273,23724.9609375,25722.099609375,17.440000534057617
2025-11-03,0.05492,0.0547,0.05909,0.038849999999999996,0.03608,4000.300048828125,88.77539825439453,6851.97021484375,12.670000076293945,23834.720703125,25763.349609375,17.170000076293945
2025-11-04,0.05535,0.0545,0.05868,0.038900000000000004,0.035910000000000004,3947.699951171875,88.72339630126953,6771.5498046875,12.649999618530273,23348.640625,25597.650390625,19.0
2025-11-05,0.05562,0.0545,0.05878,0.03888,0.03648,3980.300048828125,88.73200225830078,6796.2900390625,12.649999618530273,23499.80078125,25597.650390625,18.010000228881836
2025-11-06,0.05576,0.054299999999999994,0.058390000000000004,0.03859,0.03576,3979.89990234375,88.55690002441406,6720.31982421875,12.40999984741211,23053.990234375,25509.69921875,19.5
2025-11-07,0.0554,0.054400000000000004,0.05831,0.03852,0.03566,3999.39990234375,88.6729965209961,6728.7998046875,12.5600004196167,23004.5390625,25492.30078125,19.079999923706055
2025-11-10,0.055529999999999996,0.0541,0.05822,0.03877,0.03599,4111.7998046875,88.65799713134766,6832.43017578125,12.300000190734863,23527.169921875,25574.349609375,17.600000381469727
2025-11-11,0.05504,0.0542,0.0583,0.03875,0.03546,4106.7998046875,88.70709991455078,6846.60986328125,12.489999771118164,23468.30078125,25694.94921875,17.280000686645508
2025-11-12,0.05543,0.0541,0.05864,0.03877,0.03561,4204.39990234375,88.46649932861328,6850.919921875,12.109999656677246,23406.4609375,25875.80078125,17.510000228881836
2025-11-13,0.05513,0.054000000000000006,0.058410000000000004,0.038919999999999996,0.03589,4186.89990234375,88.59400177001953,6737.490234375,12.15999984741211,22870.359375,25879.150390625,20.0
2025-11-14,0.05537,0.0538,0.057699999999999994,0.03883,0.03615,4087.60009765625,88.81610107421875,6734.10986328125,11.9399995803833,22900.58984375,25910.05078125,19.829999923706055
2025-11-17,0.05542,0.054000000000000006,0.057969999999999994,0.03873,0.036070000000000005,4068.300048828125,88.68199920654297,6672.41015625,11.789999961853027,22708.0703125,26013.44921875,22.3799991607666
2025-11-18,0.055380000000000006,0.054400000000000004,0.058159999999999996,0.03867,0.03576,4061.300048828125,88.63590240478516,6617.31982421875,12.100000381469727,22432.849609375,25910.05078125,24.690000534057617
2025-11-19,0.055540000000000006,0.0535,0.0581,0.03872,0.03592,4077.699951171875,88.55680084228516,6642.16015625,11.970000267028809,22564.23046875,26052.650390625,23.65999984741211
2025-11-20,0.055540000000000006,0.0538,0.05826,0.03869,0.03553,4056.5,88.48719787597656,6538.759765625,12.140000343322754,22078.05078125,26192.150390625,26.420000076293945
2025-11-21,0.055279999999999996,0.0538,0.058129999999999994,0.03837,0.03501,4076.699951171875,88.69219970703125,6602.990234375,13.630000114440918,22273.080078125,26068.150390625,23.43000030517578
2025-11-24,0.0556,0.0542,0.05833,0.03826,0.034910000000000004,4091.89990234375,89.63400268554688,6705.1201171875,13.239999771118164,22872.009765625,25959.5,20.520000457763672
2025-11-25,0.05537,0.0538,0.058129999999999994,0.03828,0.03452,4139.2001953125,89.14779663085938,6765.8798828125,12.239999771118164,23025.58984375,25884.80078125,18.559999465942383
2025-11-26,0.05495,0.0538,0.058070000000000004,0.03848,0.03473,4165.2001953125,89.15059661865234,6812.60986328125,11.970000267028809,23214.689453125,26205.30078125,17.190000534057617
2025-11-27,0.055389999999999995,0.0536,0.05795,0.03854,0.0348,4165.2001953125,89.16300201416016,6812.60986328125,11.789999961853027,23214.689453125,26215.55078125,17.190000534057617
2025-11-28,0.05465,0.053200000000000004,0.057519999999999995,0.03796,0.0349,4218.2998046875,89.36479949951172,6849.08984375,11.619999885559082,23365.689453125,26202.94921875,16.350000381469727
2025-12-01,0.05421,0.0538,0.05819,0.03787,0.03553,4239.2998046875,89.3499984741211,6812.6298828125,11.630000114440918,23275.919921875,26175.75,17.239999771118164
2025-12-02,0.05455,0.0536,0.05833,0.03769,0.03533,4186.60009765625,89.61270141601562,6829.3701171875,11.229999542236328,23413.669921875,26032.19921875,16.59000015258789
2025-12-03,0.05573,0.053200000000000004,0.058449999999999995,0.03725,0.035019999999999996,4199.2998046875,89.91719818115234,6849.72021484375,11.210000038146973,23454.08984375,25986.0,16.079999923706055
2025-12-04,0.05561,0.053399999999999996,0.05852,0.03706,0.03553,4211.7998046875,90.17050170898438,6857.1201171875,10.819999694824219,23505.140625,26033.75,15.779999732971191
2025-12-05,0.05482,0.053099999999999994,0.05548,0.03705,0.03588,4212.89990234375,89.8364028930664,6870.39990234375,10.319999694824219,23578.130859375,26186.44921875,15.40999984741211
2025-12-08,0.055170000000000004,0.0524,0.05772,0.03713,0.03617,4187.2001953125,89.93800354003906,6846.509765625,11.130000114440918,23545.900390625,25960.55078125,16.65999984741211
2025-12-09,0.05465,0.0525,0.05762,0.03727,0.03648,4206.7001953125,90.12999725341797,6840.509765625,10.949999809265137,23576.490234375,25839.650390625,16.93000030517578
2025-12-10,0.054939999999999996,0.0528,0.05761,0.03689,0.03608,4196.39990234375,89.91690063476562,6886.68017578125,10.90999984741211,23654.150390625,25758.0,15.770000457763672
2025-12-11,0.05496,0.0527,0.05817,0.0366,0.03571,4285.5,89.79299926757812,6901.0,10.399999618530273,23593.859375,25898.55078125,14.850000381469727
2025-12-12,0.05495,0.0527,0.06024,0.03618,0.035859999999999996,4300.10009765625,90.25299835205078,6827.41015625,10.109999656677246,23195.169921875,26046.94921875,15.739999771118164
2025-12-15,0.055069999999999994,0.053399999999999996,0.05986,0.03628,0.03561,4306.7001953125,90.5770034790039,6816.509765625,10.25,23057.41015625,26027.30078125,16.5
2025-12-16,0.05501,0.053099999999999994,0.060439999999999994,0.03637,0.03521,4304.5,90.77690124511719,6800.259765625,10.0600004196167,23111.4609375,25860.099609375,16.479999542236328
2025-12-17,0.054939999999999996,0.0527,0.06056,0.03634,0.03528,4347.5,90.94889831542969,6721.43017578125,9.84000015258789,22693.3203125,25818.55078125,17.6200008392334
2025-12-18,0.054450000000000005,0.0528,0.06061,0.03613,0.03497,4339.5,90.4136962890625,6774.759765625,9.710000038146973,23006.359375,25815.55078125,16.8700008392334
2025-12-19,0.054459999999999995,0.0526,0.06008,0.03615,0.03529,4361.39990234375,90.25579833984375,6834.5,9.520000457763672,23307.619140625,25966.400390625,14.90999984741211
2025-12-22,0.05444,0.0545,0.06214,0.0362,0.03557,4444.60009765625,89.56999969482422,6878.490234375,9.680000305175781,23428.830078125,26172.400390625,14.079999923706055
2025-12-23,0.05438,0.0525,0.0616,0.03639,0.03578,4482.7998046875,89.60389709472656,6909.7900390625,9.380000114440918,23561.83984375,26177.150390625,14.0
2025-12-24,0.05444,0.0524,0.0605,0.03644,0.03558,4480.60009765625,89.50789642333984,6932.0498046875,9.1899995803833,23613.310546875,26142.099609375,13.470000267028809
2025-12-25,0.05444,0.0524,0.0605,0.036520000000000004,0.03553,4480.60009765625,89.50789642333984,6932.0498046875,9.1899995803833,23613.310546875,26142.099609375,13.470000267028809
2025-12-26,0.05582,0.0529,0.0603,0.03633,0.03532,4529.10009765625,90.10590362548828,6929.93994140625,9.149999618530273,23593.099609375,26042.30078125,13.600000381469727
2025-12-29,0.0567,0.0525,0.06052,0.03628,0.03512,4325.10009765625,89.82929992675781,6905.740234375,9.720000267028809,23474.349609375,25942.099609375,14.199999809265137
2025-12-30,0.055999999999999994,0.053,0.06071,0.03632,0.03505,4370.10009765625,89.9000015258789,6896.240234375,9.680000305175781,23419.080078125,25938.849609375,14.329999923706055
2025-12-31,0.05579,0.0529,0.06069,0.03634,0.03526,4325.60009765625,89.76940155029297,6845.5,9.479999542236328,23241.990234375,26129.599609375,14.949999809265137
2026-01-01,0.056929999999999994,0.0525,0.06056,0.03639,0.03537,4325.60009765625,89.76940155029297,6845.5,9.479999542236328,23241.990234375,26146.55078125,14.949999809265137
2026-01-02,0.056769999999999994,0.0521,0.06065,0.036230000000000005,0.03549,4314.39990234375,89.96189880371094,6858.47021484375,9.449999809265137,23235.630859375,26328.55078125,14.510000228881836
2026-01-05,0.05647,0.0525,0.0608,0.036019999999999996,0.035230000000000004,4436.89990234375,90.00700378417969,6902.0498046875,10.020000457763672,23395.8203125,26250.30078125,14.899999618530273
2026-01-06,0.05672,0.053,0.060629999999999996,0.03606,0.035379999999999995,4482.2001953125,90.23300170898438,6944.81982421875,10.020000457763672,23547.169921875,26178.69921875,14.75
2026-01-07,0.05667,0.0524,0.06061,0.03601,0.035230000000000004,4449.2998046875,90.16609954833984,6920.93017578125,9.949999809265137,23584.279296875,26140.75,15.380000114440918
2026-01-08,0.05656,0.053,0.06048,0.03598,0.03555,4449.7001953125,89.8644027709961,6921.4599609375,10.600000381469727,23480.01953125,25876.849609375,15.449999809265137
2026-01-09,0.05639,0.053200000000000004,0.06048,0.036019999999999996,0.03594,4490.2998046875,89.90540313720703,6966.27978515625,10.930000305175781,23671.349609375,25683.30078125,14.489999771118164
2026-01-12,0.05659,0.0535,0.060599999999999994,0.03622,0.036019999999999996,4604.2998046875,90.23600006103516,6977.27001953125,11.369999885559082,23733.900390625,25790.25,15.119999885559082
2026-01-13,0.056600000000000004,0.053,0.06098,0.036469999999999995,0.035840000000000004,4589.2001953125,90.13269805908203,6963.740234375,11.199999809265137,23709.869140625,25732.30078125,15.979999542236328
2026-01-14,0.05697,0.053,0.06122,0.036469999999999995,0.03564,4626.2998046875,90.27300262451172,6926.60009765625,11.319999694824219,23471.75,25665.599609375,16.75
2026-01-15,0.05697,0.053,0.06121000000000001,0.036520000000000004,0.03616,4616.2998046875,90.18319702148438,6944.47021484375,11.319999694824219,23530.01953125,25665.599609375,15.84000015258789
2026-01-16,0.05713,0.0537,0.06117,0.03648,0.03667,4588.39990234375,90.36160278320312,6940.009765625,11.369999885559082,23515.390625,25694.349609375,15.859999656677246
2026-01-19,0.05743,0.0537,0.06122,0.036610000000000004,0.03664,4588.39990234375,90.7020034790039,6940.009765625,11.829999923706055,23515.390625,25585.5,15.859999656677246
2026-01-20,0.057409999999999996,0.054000000000000006,0.061239999999999996,0.036629999999999996,0.03677,4759.60009765625,90.90450286865234,6796.85986328125,12.729999542236328,22954.3203125,25232.5,20.09000015258789
2026-01-21,0.05805,0.0545,0.060880000000000004,0.03676,0.03664,4831.7998046875,91.11840057373047,6875.6201171875,13.779999732971191,23224.8203125,25157.5,16.899999618530273
2026-01-22,0.05769,0.0546,0.061,0.03675,0.03681,4908.7998046875,91.53690338134766,6913.35009765625,13.350000381469727,23436.01953125,25289.900390625,15.640000343322754
2026-01-23,0.05775,0.0545,0.06089000000000001,0.03674,0.03673,4976.2001953125,91.55829620361328,6915.60986328125,14.1899995803833,23501.240234375,25048.650390625,16.09000015258789
2026-01-26,0.05775,0.0545,0.06089000000000001,0.03666,0.036539999999999996,5079.7001953125,91.5009994506836,6950.22998046875,14.1899995803833,23601.359375,25048.650390625,16.149999618530273
2026-01-27,0.05789,0.0545,0.06132,0.036629999999999996,0.036379999999999996,5079.89990234375,91.71309661865234,6978.60009765625,14.449999809265137,23817.099609375,25175.400390625,16.350000381469727
2026-01-28,0.05766,0.054400000000000004,0.06117,0.03676,0.036539999999999996,5301.60009765625,91.5343017578125,6978.02978515625,13.529999732971191,23857.44921875,25342.75,16.350000381469727
2026-01-29,0.057510000000000006,0.0545,0.06126,0.036699999999999997,0.03619,5318.39990234375,92.04080200195312,6969.009765625,13.369999885559082,23685.119140625,25418.900390625,16.8799991607666
2026-01-30,0.05694,0.0542,0.06094,0.036610000000000004,0.03599,4713.89990234375,91.78189849853516,6939.02978515625,13.630000114440918,23461.8203125,25320.650390625,17.440000534057617
2026-02-02,0.05704,0.0537,0.06192,0.03666,0.03642,4622.5,91.68699645996094,6976.43994140625,13.869999885559082,23592.109375,25088.400390625,16.34000015258789
2026-02-03,0.056769999999999994,0.054000000000000006,0.06082,0.036840000000000005,0.03646,4903.7001953125,90.24559783935547,6917.81005859375,12.899999618530273,23255.189453125,25727.55078125,18.0
2026-02-04,0.057210000000000004,0.053200000000000004,0.06072,0.036840000000000005,0.036379999999999996,4920.39990234375,90.42289733886719,6882.72021484375,12.25,22904.580078125,25776.0,18.639999389648438
2026-02-05,0.0567,0.053099999999999994,0.06052,0.036699999999999997,0.03557,4861.39990234375,90.125,6798.39990234375,12.170000076293945,22540.58984375,25642.80078125,21.770000457763672
2026-02-06,0.05669,0.053099999999999994,0.06099,0.036789999999999996,0.03567,4951.2001953125,90.3147964477539,6932.2998046875,11.9399995803833,23031.2109375,25693.69921875,20.3700008392334
2026-02-09,0.0571,0.053,0.06064,0.03682,0.03553,5050.89990234375,90.58799743652344,6964.81982421875,12.1899995803833,23238.669921875,25867.30078125,17.360000610351562
2026-02-10,0.05666,0.0528,0.06064,0.036840000000000005,0.0352,5003.7998046875,90.82279968261719,6941.81005859375,11.670000076293945,23102.470703125,25935.150390625,17.790000915527344
2026-02-11,0.056909999999999995,0.0524,0.060430000000000005,0.03694,0.03569,5071.60009765625,90.58789825439453,6941.47021484375,11.550000190734863,23066.470703125,25953.849609375,17.649999618530273
2026-02-12,0.057,0.0529,0.06048,0.03691,0.0351,4923.7001953125,90.73570251464844,6832.759765625,11.729999542236328,22597.150390625,25807.19921875,20.81999969482422
2026-02-13,0.05651,0.0527,0.06052,0.036840000000000005,0.03449,5022.0,90.56410217285156,6836.169921875,13.289999961853027,22546.669921875,25471.099609375,20.600000381469727
2026-02-16,0.05651,0.0527,0.06021,0.03689,0.03447,5022.0,90.57119750976562,6836.169921875,13.329999923706055,22546.669921875,25682.75,20.600000381469727
2026-02-17,0.056459999999999996,0.0526,0.06,0.036840000000000005,0.03469,4882.89990234375,90.78299713134766,6843.22021484375,12.670000076293945,22578.380859375,25725.400390625,20.290000915527344
2026-02-18,0.056639999999999996,0.0529,0.06027999999999999,0.03691,0.034929999999999996,4986.5,90.6261978149414,6881.31005859375,12.220000267028809,22753.630859375,25819.349609375,19.6200008392334
2026-02-19,0.056639999999999996,0.0529,0.06027999999999999,0.03686,0.034980000000000004,4975.89990234375,90.79350280761719,6861.89013671875,13.460000038146973,22682.73046875,25454.349609375,20.229999542236328
2026-02-20,0.0564,0.0525,0.0605,0.03685,0.03501,5059.2998046875,91.04109954833984,6909.509765625,14.359999656677246,22886.0703125,25571.25,19.09000015258789
2026-02-23,0.05595,0.0528,0.06026,0.03677,0.03444,5204.7001953125,90.72660064697266,6837.75,14.170000076293945,22627.26953125,25713.0,21.010000228881836
2026-02-24,0.05582,0.0526,0.059829999999999994,0.03681,0.03461,5155.7998046875,91.02010345458984,6890.06982421875,14.149999618530273,22863.6796875,25424.650390625,19.549999237060547
2026-02-25,0.05617,0.0525,0.05978,0.03681,0.03484,5206.39990234375,90.91799926757812,6946.1298828125,13.489999771118164,23152.080078125,25482.5,17.93000030517578
2026-02-26,0.05531,0.053099999999999994,0.05972,0.03678,0.03455,5176.5,90.95099639892578,6908.85986328125,13.0600004196167,22878.380859375,25496.55078125,18.6299991607666
2026-02-27,0.055330000000000004,0.0527,0.05973,0.03667,0.03381,5230.5,91.00740051269531,6878.8798828125,13.699999809265137,22668.2109375,25178.650390625,19.860000610351562
2026-03-02,0.056159999999999995,0.0529,0.05859,0.03677,0.034929999999999996,5294.39990234375,91.07959747314453,6881.6201171875,17.1299991607666,22748.859375,24865.69921875,21.440000534057617
2026-03-03,0.056159999999999995,0.0529,0.05859,0.036840000000000005,0.03505,5107.39990234375,91.56340026855469,6816.6298828125,17.1299991607666,22516.689453125,24865.69921875,23.56999969482422
2026-03-04,0.055650000000000005,0.053099999999999994,0.05896,0.036840000000000005,0.03547,5120.2001953125,92.00859832763672,6869.5,21.139999389648438,22807.48046875,24480.5,21.149999618530273
2026-03-05,0.05574,0.053,0.059059999999999994,0.03681,0.03615,5065.2998046875,92.12300109863281,6830.7099609375,17.860000610351562,22748.990234375,24765.900390625,23.75
2026-03-06,0.0564,0.053099999999999994,0.060039999999999996,0.036610000000000004,0.03581,5146.10009765625,91.78690338134766,6740.02001953125,19.8799991607666,22387.6796875,24450.44921875,29.489999771118164
2026-03-09,0.05712,0.0525,0.0611,0.036840000000000005,0.03611,5091.5,91.93620300292969,6795.990234375,23.360000610351562,22695.94921875,24028.05078125,25.5
2026-03-10,0.05595,0.0528,0.06033,0.036840000000000005,0.03587,5229.7001953125,91.220703125,6781.47998046875,18.90999984741211,22697.099609375,24261.599609375,24.93000030517578
2026-03-11,0.05631,0.053200000000000004,0.06062,0.03689,0.03653,5167.39990234375,92.16510009765625,6775.7998046875,21.059999465942383,22716.130859375,23866.849609375,24.229999542236328
2026-03-12,0.056639999999999996,0.053,0.061340000000000006,0.03693,0.03777,5115.7998046875,92.22879791259766,6672.6201171875,21.520000457763672,22311.98046875,23639.150390625,27.290000915527344
2026-03-13,0.05663,0.0535,0.06042,0.03692,0.03753,5052.5,92.38990020751953,6632.18994140625,22.649999618530273,22105.359375,23151.099609375,27.190000534057617
2026-03-16,0.056639999999999996,0.053399999999999996,0.06175,0.03692,0.03689,4994.0,92.5635986328125,6699.3798828125,21.600000381469727,22374.1796875,23408.80078125,23.510000228881836
2026-03-17,0.056799999999999996,0.053200000000000004,0.06174,0.03694,0.03675,5001.0,92.28269958496094,6716.08984375,19.790000915527344,22479.529296875,23581.150390625,22.3700008392334
2026-03-18,0.05662,0.053099999999999994,0.06126,0.036989999999999995,0.03751,4889.89990234375,92.39129638671875,6624.7001953125,18.719999313354492,22152.419921875,23777.80078125,25.09000015258789
2026-03-19,0.05662,0.053099999999999994,0.06126,0.037040000000000003,0.03831,4600.7001953125,93.24659729003906,6606.490234375,22.799999237060547,22090.689453125,23002.150390625,24.059999465942383
2026-03-20,0.05667,0.0542,0.06177,0.03708,0.03912,4570.39990234375,93.0822982788086,6506.47998046875,22.809999465942383,21647.609375,23114.5,26.780000686645508
2026-03-23,0.057300000000000004,0.053,0.0623,0.03705,0.038450000000000005,4404.10009765625,93.89530181884766,6581.0,26.729999542236328,21946.759765625,22512.650390625,26.149999618530273
2026-03-24,0.05766,0.0537,0.061669999999999996,0.037149999999999996,0.03935,4399.2998046875,93.24369812011719,6556.3701171875,24.739999771118164,21761.890625,22912.400390625,26.950000762939453
2026-03-25,0.05794,0.0536,0.06286,0.03709,0.03878,4549.7998046875,94.29969787597656,6591.89990234375,24.639999389648438,21929.8203125,23306.44921875,25.329999923706055
2026-03-26,0.05794,0.0536,0.06286,0.03709,0.03991,4375.5,94.6937026977539,6477.16015625,24.639999389648438,21408.080078125,23306.44921875,27.440000534057617
2026-03-27,0.057510000000000006,0.053200000000000004,0.06381,0.037000000000000005,0.0394,4492.0,94.30950164794922,6368.85009765625,26.799999237060547,20948.359375,22819.599609375,31.049999237060547
2026-03-30,0.05779,0.0536,0.0643,0.03689,0.03854,4526.0,94.78179931640625,6343.72021484375,27.889999389648438,20794.640625,22331.400390625,30.610000610351562
2026-03-31,0.05779,0.0536,0.0643,0.03691,0.0382,4647.60009765625,94.35590362548828,6528.52001953125,27.889999389648438,21590.630859375,22331.400390625,25.25
2026-04-01,0.057839999999999996,0.0536,0.0643,0.03694,0.03831,4783.2001953125,93.48429870605469,6575.31982421875,25.010000228881836,21840.94921875,22679.400390625,24.540000915527344
2026-04-02,0.05884,0.053200000000000004,0.06613000000000001,0.03695,0.03825,4651.5,92.6426010131836,6582.68994140625,25.520000457763672,21879.1796875,22713.099609375,23.8700008392334
2026-04-03,0.05884,0.053200000000000004,0.06613000000000001,0.037000000000000005,0.03878,4651.5,92.97360229492188,6582.68994140625,25.520000457763672,21879.1796875,22713.099609375,23.8700008392334
2026-04-06,0.058410000000000004,0.0529,0.06587,0.03713,0.03873,4656.7998046875,92.97100067138672,6611.830078125,25.469999313354492,21996.33984375,22968.25,24.170000076293945
2026-04-07,0.058179999999999996,0.0533,0.06593,0.037040000000000003,0.03857,4657.10009765625,92.81659698486328,6616.85009765625,24.700000762939453,22017.849609375,23123.650390625,25.780000686645508
2026-04-08,0.05793,0.052300000000000006,0.06259,0.03689,0.03814,4749.5,92.86019897460938,6782.81005859375,19.700000762939453,22634.990234375,23997.349609375,21.040000915527344
2026-04-09,0.05654,0.0524,0.06354,0.03678,0.03805,4792.2001953125,92.2748031616211,6824.66015625,20.43000030517578,22822.419921875,23775.099609375,19.489999771118164
2026-04-10,0.05625,0.0524,0.0635,0.03682,0.038239999999999996,4761.89990234375,92.46980285644531,6816.89013671875,18.850000381469727,22902.890625,24050.599609375,19.229999542236328
2026-04-13,0.055709999999999996,0.052300000000000006,0.0638,0.03692,0.038,4742.39990234375,94.50879669189453,6886.240234375,20.5,23183.740234375,23842.650390625,19.1200008392334
2026-04-14,0.055709999999999996,0.052300000000000006,0.0638,0.03702,0.03762,4825.0,94.9468002319336,6967.3798828125,20.5,23639.080078125,23842.650390625,18.360000610351562
2026-04-15,0.05698,0.051500000000000004,0.06308,0.037040000000000003,0.0378,4800.0,93.16539764404297,7022.9501953125,18.670000076293945,24016.01953125,24231.30078125,18.170000076293945
2026-04-16,0.055670000000000004,0.0516,0.06289,0.036989999999999995,0.03798,4785.39990234375,93.38680267333984,7041.27978515625,18.09000015258789,24102.69921875,24196.75,17.940000534057617
2026-04-17,0.055709999999999996,0.051500000000000004,0.06271,0.0369,0.03717,4857.60009765625,93.04789733886719,7126.06005859375,17.209999084472656,24468.48046875,24353.55078125,17.479999542236328
2026-04-20,0.055709999999999996,0.0519,0.0623,0.03689,0.037309999999999996,4806.60009765625,92.60330200195312,7109.14013671875,18.790000915527344,24404.390625,24364.849609375,18.8700008392334
2026-04-21,0.055,0.051500000000000004,0.06247,0.03686,0.03794,4698.39990234375,93.12359619140625,7064.009765625,17.530000686645508,24259.9609375,24576.599609375,19.5
2026-04-22,0.05501,0.0516,0.06234,0.036840000000000005,0.038079999999999996,4732.5,93.622802734375,7137.89990234375,18.299999237060547,24657.5703125,24378.099609375,18.920000076293945
2026-04-23,0.05481,0.052199999999999996,0.06323000000000001,0.03686,0.03842,4705.10009765625,93.80049896240234,7108.39990234375,18.59000015258789,24438.5,24173.05078125,19.309999465942383
2026-04-24,0.05761,0.0521,0.06391,0.03682,0.038,4722.2998046875,94.11289978027344,7165.080078125,19.709999084472656,24836.599609375,23897.94921875,18.709999084472656
2026-04-27,0.05495,0.052300000000000006,0.06423,0.036789999999999996,0.03825,4675.39990234375,94.25029754638672,7173.91015625,18.3799991607666,24887.099609375,24092.69921875,18.020000457763672
2026-04-28,0.05672,0.052300000000000006,0.06458,0.03678,0.03869,4591.5,94.25849914550781,7138.7998046875,18.049999237060547,24663.80078125,23995.69921875,17.829999923706055
2026-04-29,0.05681,0.0525,0.06457,0.03681,0.03955,4545.2001953125,94.64550018310547,7135.9501953125,17.440000534057617,24673.240234375,24177.650390625,18.809999465942383
2026-04-30,0.05647,0.0526,0.06457,0.03675,0.03908,4614.7001953125,94.9166030883789,7209.009765625,18.459999084472656,24892.310546875,23997.55078125,16.889999389648438
2026-05-01,0.05647,0.0526,0.06457,0.03667,0.03911,4629.89990234375,94.75910186767578,7230.1201171875,18.459999084472656,25114.439453125,23997.55078125,16.989999771118164
2026-05-04,0.05872,0.0527,0.06483,0.036789999999999996,0.03986,4519.5,94.90299987792969,7200.75,18.299999237060547,25067.80078125,24119.30078125,18.290000915527344
2026-05-05,0.05924,0.0525,0.06458,0.03689,0.03962,4555.7998046875,95.2593994140625,7259.22021484375,17.90999984741211,25326.130859375,24032.80078125,17.3799991607666
2026-05-06,0.05848,0.0527,0.06333,0.03689,0.03894,4681.89990234375,95.18299865722656,7365.1201171875,16.68000030517578,25838.939453125,24330.94921875,17.389999389648438
2026-05-07,0.05825,0.0528,0.06333,0.03688,0.03944,4699.7998046875,94.60800170898438,7337.10986328125,16.6200008392334,25806.19921875,24326.650390625,17.079999923706055
2026-05-08,0.05856,0.0527,0.06387,0.03685,0.039169999999999996,4720.39990234375,94.25299835205078,7398.93017578125,16.84000015258789,26247.080078125,24176.150390625,17.190000534057617
2026-05-11,0.05913,0.053099999999999994,0.06431,0.03687,0.03973,4718.7001953125,94.42530059814453,7412.83984375,18.549999237060547,26274.130859375,23815.849609375,18.3799991607666
2026-05-12,0.059000000000000004,0.053099999999999994,0.06455,0.03696,0.04027,4677.60009765625,95.39140319824219,7400.9599609375,19.280000686645508,26088.19921875,23379.55078125,17.989999771118164
2026-05-13,0.05907,0.0535,0.06495000000000001,0.03689,0.040279999999999996,4697.7001953125,95.63300323486328,7444.25,19.43000030517578,26402.33984375,23412.599609375,17.8700008392334
2026-05-14,0.05955,0.054000000000000006,0.06529,0.03681,0.0403,4678.10009765625,95.69580078125,7501.240234375,18.610000610351562,26635.220703125,23689.599609375,17.260000228881836
2026-05-15,0.06051,0.0545,0.06479,0.036789999999999996,0.041449999999999994,4555.7998046875,95.70989990234375,7408.5,18.790000915527344,26225.140625,23643.5,18.43000030517578
2026-05-18,0.061509999999999995,0.0541,0.06628,0.03658,0.041639999999999996,4552.5,95.97029876708984,7403.0498046875,19.6299991607666,26090.73046875,23649.94921875,17.81999969482422
2026-05-19,0.06064,0.0545,0.06586,0.036680000000000004,0.042050000000000004,4506.2998046875,96.27020263671875,7353.60986328125,18.68000030517578,25870.7109375,23618.0,18.059999465942383
2026-05-20,0.06101,0.055,0.06547,0.0365,0.04107,4531.2998046875,96.56580352783203,7432.97021484375,18.440000534057617,26270.359375,23659.0,17.440000534057617
2026-05-21,0.061799999999999994,0.0554,0.06727,0.03678,0.041479999999999996,4539.7998046875,96.5282974243164,7445.72021484375,17.81999969482422,26293.099609375,23654.69921875,16.760000228881836
2026-05-22,0.06139,0.0553,0.06798,0.03674,0.04178,4521.0,96.17389678955078,7473.47021484375,17.90999984741211,26343.970703125,23719.30078125,16.700000762939453
2026-05-25,0.060629999999999996,0.055,0.06591999999999999,0.03674,0.04099,4521.0,95.71949768066406,7473.47021484375,16.700000762939453,26343.970703125,24031.69921875,16.59000015258789
2026-05-26,0.06148,0.054900000000000004,0.06596,0.03671,0.04095,4500.39990234375,95.25279998779297,7519.1201171875,16.1299991607666,26656.1796875,23913.69921875,17.010000228881836
2026-05-27,0.061509999999999995,0.055099999999999996,0.06601,0.03673,0.040819999999999995,4447.5,95.90499877929688,7520.35986328125,14.979999542236328,26674.73046875,23907.150390625,16.290000915527344
2026-05-28,0.061509999999999995,0.055099999999999996,0.06601,0.03678,0.04072,4499.2998046875,96.04889678955078,7563.6298828125,14.979999542236328,26917.470703125,23907.150390625,15.739999771118164
2026-05-29,0.0613,0.055,0.06554,0.03677,0.04063,4560.5,96.04820251464844,7580.06005859375,16.190000534057617,26972.619140625,23547.75,15.319999694824219
2026-06-01,0.06129,0.055099999999999996,0.06543,0.03707,0.04099,4475.2001953125,95.00299835205078,7599.9599609375,16.540000915527344,27086.810546875,23382.599609375,16.049999237060547
2026-06-02,0.060860000000000004,0.055099999999999996,0.06501,0.03709,0.040970000000000006,4489.10009765625,95.55139923095703,7609.77978515625,15.359999656677246,27093.900390625,23483.55078125,15.770000457763672
2026-06-03,0.061689999999999995,0.055099999999999996,0.06533,0.037149999999999996,0.04135,4436.7001953125,95.26300048828125,7553.68017578125,16.280000686645508,26853.98046875,23405.599609375,16.059999465942383
2026-06-04,0.06136,0.0548,0.065,0.03709,0.04102,4475.7998046875,96.16449737548828,7584.31005859375,15.890000343322754,26830.9609375,23416.55078125,15.399999618530273
2026-06-05,0.060579999999999995,0.054000000000000006,0.06354,0.03716,0.04213,4337.10009765625,95.79029846191406,7383.740234375,15.789999961853027,25709.4296875,23366.69921875,21.510000228881836
2026-06-07,0.060579999999999995,0.054000000000000006,0.06354,0.03723,0.04223,4337.10009765625,95.79029846191406,7383.740234375,15.789999961853027,25709.4296875,23366.69921875,21.510000228881836
2026-06-08,0.060579999999999995,0.0537,0.06359,0.03738,0.04239,4316.5,95.66799926757812,7383.740234375,16.989999771118164,25709.4296875,23119.650390625,19.989999771118164
