"Date","Price","Open","High","Low","Change %"
"08-06-2026","3.892","3.884","3.895","3.871","0.55%"
"07-06-2026","3.871","3.871","3.871","3.871","0.34%"
"05-06-2026","3.858","3.808","3.879","3.788","1.45%"
"04-06-2026","3.803","3.824","3.851","3.792","-0.55%"
"03-06-2026","3.824","3.811","3.832","3.811","0.47%"
"02-06-2026","3.806","3.809","3.835","3.795","-0.21%"
"01-06-2026","3.814","3.801","3.838","3.793","0.63%"
"29-05-2026","3.790","3.805","3.820","3.777","0.03%"
"28-05-2026","3.789","3.816","3.861","3.775","-0.21%"
"27-05-2026","3.797","3.816","3.848","3.792","-0.50%"
"26-05-2026","3.816","3.803","3.862","3.803","0.49%"
"25-05-2026","3.797","3.822","3.822","3.797","-1.52%"
"22-05-2026","3.856","3.828","3.864","3.803","0.81%"
"21-05-2026","3.825","3.799","3.847","3.799","0.98%"
"20-05-2026","3.788","3.834","3.847","3.780","-1.07%"
"19-05-2026","3.829","3.805","3.839","3.802","0.42%"
"18-05-2026","3.813","3.829","3.869","3.789","-0.08%"
"15-05-2026","3.816","3.811","3.845","3.811","0.69%"
"14-05-2026","3.790","3.798","3.819","3.771","-0.08%"
"13-05-2026","3.793","3.814","3.825","3.788","0.13%"
"12-05-2026","3.788","3.788","3.804","3.777","0.56%"
"11-05-2026","3.767","3.751","3.777","3.745","0.78%"
"08-05-2026","3.738","3.763","3.763","3.727","-0.37%"
"07-05-2026","3.752","3.741","3.757","3.698","0.78%"
"06-05-2026","3.723","3.744","3.760","3.699","-0.85%"
"05-05-2026","3.755","3.763","3.774","3.734","-0.29%"
"04-05-2026","3.766","3.734","3.790","3.731","1.21%"
"01-05-2026","3.721","3.727","3.737","3.705","0.05%"
"30-04-2026","3.719","3.760","3.775","3.714","-0.93%"
"29-04-2026","3.754","3.703","3.765","3.703","1.21%"
"28-04-2026","3.709","3.693","3.720","3.693","0.57%"
"27-04-2026","3.688","3.688","3.704","3.674","0.52%"
"24-04-2026","3.669","3.716","3.734","3.667","-0.76%"
"23-04-2026","3.697","3.713","3.713","3.684","0.35%"
"22-04-2026","3.684","3.708","3.711","3.668","-0.08%"
"21-04-2026","3.687","3.660","3.700","3.660","0.96%"
"20-04-2026","3.652","3.663","3.687","3.647","0.36%"
"17-04-2026","3.639","3.704","3.706","3.626","-1.33%"
"16-04-2026","3.688","3.702","3.715","3.680","-0.24%"
"15-04-2026","3.697","3.704","3.729","3.694","0.14%"
"14-04-2026","3.692","3.689","3.708","3.684","0.08%"
"13-04-2026","3.689","3.730","3.764","3.684","-0.30%"
"10-04-2026","3.700","3.704","3.724","3.668","0.54%"
"09-04-2026","3.680","3.704","3.709","3.653","-0.14%"
"08-04-2026","3.685","3.640","3.696","3.621","-0.30%"
"07-04-2026","3.696","3.726","3.747","3.648","-0.38%"
"06-04-2026","3.710","3.729","3.745","3.705","-0.13%"
"03-04-2026","3.715","3.681","3.758","3.678","1.23%"
"02-04-2026","3.670","3.701","3.732","3.665","0.03%"
"01-04-2026","3.669","3.677","3.695","3.639","-0.14%"
"31-03-2026","3.674","3.720","3.752","3.658","-1.10%"
"30-03-2026","3.715","3.774","3.795","3.704","-1.35%"
"27-03-2026","3.766","3.828","3.894","3.760","-1.49%"
"26-03-2026","3.823","3.777","3.855","3.777","1.35%"
"25-03-2026","3.772","3.791","3.810","3.761","-0.92%"
"24-03-2026","3.807","3.778","3.880","3.770","1.49%"
"23-03-2026","3.751","3.829","3.952","3.741","-1.70%"
"20-03-2026","3.816","3.762","3.848","3.762","1.54%"
"19-03-2026","3.758","3.699","3.819","3.699","2.48%"
"18-03-2026","3.667","3.635","3.704","3.624","1.07%"
"17-03-2026","3.628","3.649","3.649","3.617","0.00%"
"16-03-2026","3.628","3.652","3.657","3.620","-0.44%"
"13-03-2026","3.644","3.674","3.674","3.626","-0.46%"
"12-03-2026","3.661","3.624","3.672","3.589","2.01%"
"11-03-2026","3.589","3.582","3.603","3.568","0.96%"
"10-03-2026","3.555","3.569","3.587","3.542","-0.53%"
"09-03-2026","3.574","3.582","3.609","3.545","0.82%"
"06-03-2026","3.545","3.594","3.617","3.532","-1.28%"
"05-03-2026","3.591","3.578","3.612","3.578","0.36%"
"04-03-2026","3.578","3.562","3.583","3.551","0.68%"
"03-03-2026","3.554","3.560","3.648","3.546","0.23%"
"02-03-2026","3.546","3.496","3.552","3.490","1.90%"
"27-02-2026","3.480","3.529","3.536","3.477","-1.16%"
"26-02-2026","3.521","3.540","3.550","3.513","-0.14%"
"25-02-2026","3.526","3.521","3.548","3.521","0.20%"
"24-02-2026","3.519","3.521","3.529","3.508","0.46%"
"23-02-2026","3.503","3.532","3.548","3.503","-0.31%"
"20-02-2026","3.514","3.512","3.524","3.492","0.46%"
"19-02-2026","3.498","3.509","3.514","3.490","0.20%"
"18-02-2026","3.491","3.491","3.501","3.480","0.43%"
"17-02-2026","3.476","3.444","3.487","3.431","1.31%"
"16-02-2026","3.431","3.442","3.442","3.431","0.15%"
"13-02-2026","3.426","3.461","3.474","3.421","-0.78%"
"12-02-2026","3.453","3.483","3.496","3.443","-0.40%"
"11-02-2026","3.467","3.416","3.491","3.406","1.79%"
"10-02-2026","3.406","3.449","3.451","3.401","-0.79%"
"09-02-2026","3.433","3.460","3.465","3.425","-0.38%"
"06-02-2026","3.446","3.431","3.462","3.428","-0.03%"
"05-02-2026","3.447","3.509","3.509","3.426","-1.23%"
"04-02-2026","3.490","3.509","3.519","3.487","-0.23%"
"03-02-2026","3.498","3.509","3.519","3.487","0.06%"
"02-02-2026","3.496","3.483","3.512","3.469","0.55%"
"30-01-2026","3.477","3.521","3.526","3.475","-0.49%"
"29-01-2026","3.494","3.521","3.537","3.494","-0.68%"
"28-01-2026","3.518","3.519","3.529","3.505","0.37%"
"27-01-2026","3.505","3.529","3.548","3.500","-0.23%"
"26-01-2026","3.513","3.548","3.548","3.513","-0.40%"
"23-01-2026","3.527","3.549","3.554","3.516","-0.17%"
"22-01-2026","3.533","3.544","3.557","3.528","0.06%"
"21-01-2026","3.531","3.520","3.541","3.515","0.06%"
"20-01-2026","3.529","3.569","3.582","3.527","-1.06%"
"19-01-2026","3.567","3.567","3.567","3.567","0.39%"
"16-01-2026","3.553","3.552","3.572","3.540","0.40%"
"15-01-2026","3.539","3.510","3.546","3.507","1.00%"
"14-01-2026","3.504","3.523","3.531","3.496","-0.17%"
"13-01-2026","3.510","3.526","3.542","3.494","-0.37%"
"12-01-2026","3.523","3.510","3.542","3.510","0.37%"
"09-01-2026","3.510","3.500","3.521","3.489","0.75%"
"08-01-2026","3.484","3.490","3.532","3.479","0.14%"
"07-01-2026","3.479","3.501","3.501","3.466","0.00%"
"06-01-2026","3.479","3.485","3.495","3.471","0.38%"
"05-01-2026","3.466","3.491","3.496","3.466","-0.17%"
"02-01-2026","3.472","3.485","3.501","3.469","-0.25%"
"01-01-2026","3.481","3.481","3.481","3.481","0.16%"
"31-12-2025","3.475","3.486","3.499","3.470","0.14%"
"30-12-2025","3.470","3.500","3.505","3.470","-0.32%"
"29-12-2025","3.481","3.506","3.508","3.479","-0.32%"
"26-12-2025","3.492","3.509","3.514","3.476","-0.56%"
"25-12-2025","3.512","3.522","3.522","3.509","0.17%"
"24-12-2025","3.506","3.530","3.544","3.498","-0.68%"
"23-12-2025","3.530","3.559","3.564","3.524","0.09%"
"22-12-2025","3.527","3.533","3.546","3.514","0.37%"
"19-12-2025","3.514","3.507","3.525","3.495","0.60%"
"18-12-2025","3.493","3.515","3.534","3.483","-0.48%"
"17-12-2025","3.510","3.537","3.550","3.507","0.00%"
"16-12-2025","3.510","3.523","3.558","3.497","-0.45%"
"15-12-2025","3.526","3.537","3.569","3.494","-0.40%"
"12-12-2025","3.540","3.572","3.596","3.532","-0.39%"
"11-12-2025","3.554","3.583","3.602","3.538","-1.20%"
"10-12-2025","3.597","3.629","3.650","3.570","-0.88%"
"09-12-2025","3.629","3.616","3.637","3.605","0.50%"
"08-12-2025","3.611","3.614","3.629","3.603","0.14%"
"05-12-2025","3.606","3.612","3.614","3.589","0.28%"
"04-12-2025","3.596","3.585","3.598","3.572","0.76%"
"03-12-2025","3.569","3.599","3.607","3.559","-0.70%"
"02-12-2025","3.594","3.615","3.620","3.588","-0.50%"
"01-12-2025","3.612","3.610","3.618","3.591","0.28%"
"28-11-2025","3.602","3.605","3.624","3.578","-0.10%"
"27-11-2025","3.605","3.603","3.608","3.603","0.00%"
"26-11-2025","3.606","3.603","3.616","3.595","-0.17%"
"25-11-2025","3.612","3.639","3.649","3.609","-0.14%"
"24-11-2025","3.617","3.655","3.657","3.617","-0.30%"
"21-11-2025","3.628","3.664","3.682","3.604","-0.90%"
"20-11-2025","3.661","3.688","3.720","3.640","-0.87%"
"19-11-2025","3.693","3.667","3.693","3.656","0.79%"
"18-11-2025","3.664","3.715","3.723","3.651","-0.81%"
"17-11-2025","3.694","3.708","3.721","3.694","-0.22%"
"14-11-2025","3.702","3.698","3.713","3.644","0.49%"
"13-11-2025","3.684","3.666","3.719","3.660","0.71%"
"12-11-2025","3.658","3.666","3.695","3.639","-0.15%"
"11-11-2025","3.664","3.674","3.674","3.664","0.07%"
"10-11-2025","3.661","3.648","3.674","3.642","0.80%"
"07-11-2025","3.632","3.659","3.685","3.619","-0.60%"
"06-11-2025","3.654","3.708","3.737","3.635","-1.46%"
"05-11-2025","3.708","3.695","3.716","3.665","0.95%"
"04-11-2025","3.673","3.706","3.711","3.671","-0.60%"
"03-11-2025","3.695","3.711","3.711","3.674","-0.22%"
"31-10-2025","3.703","3.704","3.717","3.694","0.19%"
"30-10-2025","3.696","3.747","3.750","3.678","0.57%"
"29-10-2025","3.675","3.582","3.710","3.564","1.83%"
"28-10-2025","3.609","3.638","3.641","3.591","0.36%"
"27-10-2025","3.596","3.610","3.665","3.588","0.14%"
"24-10-2025","3.591","3.594","3.650","3.556","-0.25%"
"23-10-2025","3.600","3.568","3.602","3.565","1.04%"
"22-10-2025","3.563","3.571","3.608","3.560","-0.08%"
"21-10-2025","3.566","3.571","3.584","3.560","0.08%"
"20-10-2025","3.563","3.569","3.592","3.561","0.00%"
"17-10-2025","3.563","3.564","3.578","3.523","0.42%"
"16-10-2025","3.548","3.626","3.652","3.548","-1.93%"
"15-10-2025","3.618","3.613","3.631","3.589","0.75%"
"14-10-2025","3.591","3.621","3.648","3.575","-0.76%"
"13-10-2025","3.618","3.610","3.618","3.610","0.37%"
"10-10-2025","3.605","3.662","3.691","3.600","-1.50%"
"09-10-2025","3.660","3.673","3.686","3.649","0.08%"
"08-10-2025","3.657","3.671","3.684","3.646","0.05%"
"07-10-2025","3.655","3.671","3.681","3.649","-0.08%"
"06-10-2025","3.658","3.653","3.684","3.644","0.52%"
"03-10-2025","3.639","3.645","3.658","3.615","0.41%"
"02-10-2025","3.624","3.616","3.667","3.616","0.14%"
"01-10-2025","3.619","3.718","3.718","3.619","-0.08%"
"30-09-2025","3.622","3.663","3.678","3.620","-0.96%"
"29-09-2025","3.657","3.666","3.684","3.633","-0.38%"
"26-09-2025","3.671","3.691","3.698","3.666","-0.38%"
"25-09-2025","3.685","3.632","3.696","3.627","1.46%"
"24-09-2025","3.632","3.619","3.648","3.616","0.28%"
"23-09-2025","3.622","3.611","3.638","3.608","0.30%"
"22-09-2025","3.611","3.606","3.625","3.598","0.06%"
"19-09-2025","3.609","3.626","3.641","3.590","-0.25%"
"18-09-2025","3.618","3.615","3.644","3.604","0.36%"
"17-09-2025","3.605","3.639","3.650","3.575","-0.58%"
"16-09-2025","3.626","3.648","3.664","3.624","-0.52%"
"15-09-2025","3.645","3.691","3.739","3.629","-0.60%"
"12-09-2025","3.667","3.641","3.672","3.641","0.88%"
"11-09-2025","3.635","3.684","3.697","3.614","-0.68%"
"10-09-2025","3.660","3.722","3.722","3.654","-0.52%"
"09-09-2025","3.679","3.650","3.695","3.639","1.18%"
"08-09-2025","3.636","3.663","3.682","3.628","-0.30%"
"05-09-2025","3.647","3.766","3.781","3.623","-2.95%"
"04-09-2025","3.758","3.774","3.801","3.755","-0.37%"
"03-09-2025","3.772","3.812","3.841","3.769","-1.80%"
"02-09-2025","3.841","3.868","3.884","3.820","-0.57%"
"01-09-2025","3.863","3.860","3.863","3.860","0.29%"
"29-08-2025","3.852","3.872","3.882","3.839","-0.39%"
"28-08-2025","3.867","3.867","3.945","3.854","0.55%"
"27-08-2025","3.846","3.875","3.894","3.838","-0.62%"
"26-08-2025","3.870","3.900","3.919","3.865","-0.77%"
"25-08-2025","3.900","3.895","3.919","3.892","0.54%"
"22-08-2025","3.879","3.973","3.986","3.865","-2.17%"
"21-08-2025","3.965","3.917","3.973","3.917","1.35%"
"20-08-2025","3.912","3.931","3.941","3.893","-0.20%"
"19-08-2025","3.920","3.947","3.961","3.918","-0.43%"
"18-08-2025","3.937","3.943","3.945","3.921","0.28%"
"15-08-2025","3.926","3.925","3.940","3.894","0.38%"
"14-08-2025","3.911","3.866","3.925","3.847","1.37%"
"13-08-2025","3.858","3.909","3.928","3.855","-1.03%"
"12-08-2025","3.898","3.950","3.957","3.890","-0.76%"
"11-08-2025","3.928","3.939","3.955","3.920","0.05%"
"08-08-2025","3.926","3.927","3.939","3.918","0.18%"
"07-08-2025","3.919","3.908","3.927","3.900","0.49%"
"06-08-2025","3.900","3.943","3.949","3.898","-0.54%"
"05-08-2025","3.921","3.850","3.938","3.844","1.79%"
"04-08-2025","3.852","3.882","3.901","3.836","-1.10%"
"01-08-2025","3.895","4.121","4.136","3.853","-5.48%"
"31-07-2025","4.121","4.154","4.188","4.105","-0.60%"
"30-07-2025","4.146","4.090","4.149","4.076","1.44%"
"29-07-2025","4.087","4.120","4.122","4.082","-0.34%"
"28-07-2025","4.101","4.117","4.136","4.098","0.00%"
"25-07-2025","4.101","4.116","4.136","4.096","-0.22%"
"24-07-2025","4.110","4.113","4.118","4.091","0.64%"
"23-07-2025","4.084","4.087","4.097","4.068","0.52%"
"22-07-2025","4.063","4.090","4.103","4.057","-0.27%"
"21-07-2025","4.074","4.084","4.125","4.066","-0.07%"
"18-07-2025","4.077","4.097","4.131","4.069","-0.68%"
"17-07-2025","4.105","4.100","4.129","4.080","0.74%"
"16-07-2025","4.075","4.159","4.170","4.057","-1.07%"
"15-07-2025","4.119","4.119","4.135","4.081","0.86%"
"14-07-2025","4.084","4.095","4.130","4.073","-0.22%"
"11-07-2025","4.093","4.080","4.114","4.079","0.52%"
"10-07-2025","4.072","4.072","4.091","4.064","0.00%"
"09-07-2025","4.072","4.126","4.140","4.070","-1.09%"
"08-07-2025","4.117","4.112","4.141","4.096","0.78%"
"07-07-2025","4.085","4.080","4.128","4.051","0.19%"
"03-07-2025","4.077","4.021","4.110","3.976","2.01%"
"02-07-2025","3.997","4.007","4.047","3.961","-0.04%"
"01-07-2025","3.999","3.980","4.017","3.961","0.80%"
"30-06-2025","3.967","3.997","4.020","3.970","-0.14%"
"27-06-2025","3.972","3.981","4.034","3.973","0.25%"
"26-06-2025","3.963","4.011","4.046","3.965","-0.55%"
"25-06-2025","3.984","4.033","4.043","3.990","-0.81%"
"24-06-2025","4.017","4.033","4.076","4.001","-0.04%"
"23-06-2025","4.019","4.085","4.103","4.007","-1.20%"
"20-06-2025","4.067","4.107","4.120","4.069","-1.36%"
"19-06-2025","4.123","4.363","4.363","4.123","0.92%"
"18-06-2025","4.086","4.122","4.153","4.078","-0.38%"
"17-06-2025","4.101","4.111","4.135","4.087","0.06%"
"16-06-2025","4.099","4.106","4.128","4.098","0.62%"
"13-06-2025","4.074","4.104","4.118","4.055","0.31%"
"12-06-2025","4.061","4.086","4.099","4.032","-0.27%"
"11-06-2025","4.072","4.223","4.223","4.078","-1.18%"
"10-06-2025","4.121","4.160","4.179","4.117","-0.43%"
"09-06-2025","4.139","4.155","4.203","4.141","-0.14%"
"06-06-2025","4.145","4.108","4.161","4.083","1.86%"
"05-06-2025","4.069","4.084","4.103","4.057","0.02%"
"04-06-2025","4.068","4.149","4.154","4.073","-1.28%"
"03-06-2025","4.121","4.168","4.168","4.114","-0.04%"
"02-06-2025","4.122","4.139","4.141","4.122","0.32%"
"30-05-2025","4.109","4.169","4.182","4.109","-0.54%"
"29-05-2025","4.132","4.181","4.226","4.135","-0.65%"
"28-05-2025","4.159","4.197","4.200","4.146","0.45%"
"27-05-2025","4.141","4.157","4.219","4.141","-0.33%"
"26-05-2025","4.154","4.154","4.154","4.154","0.46%"
"23-05-2025","4.136","4.156","4.160","4.084","0.20%"
"22-05-2025","4.128","4.156","4.259","4.113","0.09%"
"21-05-2025","4.124","4.132","4.175","4.129","0.25%"
"20-05-2025","4.113","4.165","4.165","4.111","-0.07%"
"19-05-2025","4.116","4.144","4.187","4.119","-0.20%"
"16-05-2025","4.125","4.123","4.133","4.087","0.76%"
"15-05-2025","4.094","4.140","4.164","4.096","-1.02%"
"14-05-2025","4.136","4.150","4.150","4.105","0.45%"
"13-05-2025","4.117","4.150","4.150","4.114","0.00%"
"12-05-2025","4.117","4.069","4.166","4.069","1.45%"
"09-05-2025","4.059","4.068","4.104","4.048","-0.09%"
"08-05-2025","4.062","4.023","4.089","4.020","1.60%"
"07-05-2025","3.998","4.025","4.047","3.985","0.09%"
"06-05-2025","3.995","4.042","4.071","3.988","-0.71%"
"05-05-2025","4.023","4.002","4.047","3.994","0.53%"
"02-05-2025","4.002","3.941","4.031","3.927","1.92%"
"01-05-2025","3.927","3.861","3.952","3.829","1.55%"
"30-04-2025","3.866","3.926","3.960","3.856","-0.83%"
"29-04-2025","3.899","3.931","3.998","3.894","-0.59%"
"28-04-2025","3.922","3.951","4.036","3.921","-0.72%"
"25-04-2025","3.951","3.992","4.045","3.956","-0.50%"
"24-04-2025","3.970","4.035","4.059","3.976","-1.05%"
"23-04-2025","4.012","3.992","4.032","3.987","0.94%"
"22-04-2025","3.975","3.993","4.025","3.966","0.60%"
"21-04-2025","3.951","3.998","4.038","3.934","-0.58%"
"17-04-2025","3.974","3.970","4.006","3.957","0.68%"
"16-04-2025","3.947","3.986","4.021","3.957","-1.56%"
"15-04-2025","4.010","4.018","4.077","4.004","0.33%"
"14-04-2025","3.997","4.107","4.134","3.994","-0.81%"
"11-04-2025","4.029","4.009","4.085","3.946","1.46%"
"10-04-2025","3.971","4.057","4.114","3.961","-1.41%"
"09-04-2025","4.028","3.825","4.100","3.825","4.66%"
"08-04-2025","3.849","3.916","4.012","3.846","-1.65%"
"07-04-2025","3.913","3.881","3.943","3.726","2.16%"
"04-04-2025","3.831","3.925","3.928","3.694","-2.04%"
"03-04-2025","3.910","4.035","4.038","3.904","-2.52%"
"02-04-2025","4.011","4.025","4.078","4.006","0.00%"
"01-04-2025","4.012","4.047","4.063","3.998","-0.37%"
"31-03-2025","4.027","4.058","4.058","3.985","-0.21%"
"28-03-2025","4.035","4.121","4.126","4.031","-1.53%"
"27-03-2025","4.098","4.108","4.140","4.091","-0.11%"
"26-03-2025","4.102","4.116","4.122","4.097","0.26%"
"25-03-2025","4.092","4.130","4.146","4.089","-0.27%"
"24-03-2025","4.103","4.047","4.111","4.047","1.73%"
"21-03-2025","4.033","4.069","4.090","4.033","-0.66%"
"20-03-2025","4.060","4.096","4.126","4.050","-0.70%"
"19-03-2025","4.089","4.121","4.164","4.089","-0.92%"
"18-03-2025","4.126","4.101","4.179","4.101","0.41%"
"17-03-2025","4.109","4.085","4.139","4.082","0.78%"
"14-03-2025","4.077","4.060","4.115","4.045","1.07%"
"13-03-2025","4.034","4.087","4.124","4.033","-0.57%"
"12-03-2025","4.057","4.044","4.108","4.020","0.66%"
"11-03-2025","4.031","3.951","4.042","3.951","1.10%"
"10-03-2025","3.987","4.061","4.106","3.991","-1.63%"
"07-03-2025","4.053","4.046","4.074","3.994","0.84%"
"06-03-2025","4.019","4.078","4.116","4.016","-1.29%"
"05-03-2025","4.072","4.106","4.111","4.009","0.16%"
"04-03-2025","4.065","4.076","4.084","3.985","0.39%"
"03-03-2025","4.050","4.106","4.144","4.052","-0.73%"
"28-02-2025","4.079","4.137","4.174","4.082","-0.87%"
"27-02-2025","4.115","4.140","4.185","4.123","0.00%"
"26-02-2025","4.116","4.138","4.199","4.113","0.00%"
"25-02-2025","4.116","4.170","4.181","4.103","-0.79%"
"24-02-2025","4.149","4.178","4.248","4.151","-0.20%"
"21-02-2025","4.157","4.207","4.241","4.152","-0.99%"
"20-02-2025","4.199","4.234","4.253","4.193","-0.33%"
"19-02-2025","4.213","4.253","4.266","4.218","-0.44%"
"18-02-2025","4.231","4.246","4.267","4.233","0.28%"
"14-02-2025","4.219","4.283","4.313","4.219","-0.98%"
"13-02-2025","4.261","4.302","4.323","4.264","-0.51%"
"12-02-2025","4.283","4.270","4.318","4.248","0.94%"
"11-02-2025","4.243","4.256","4.289","4.248","0.24%"
"10-02-2025","4.233","4.257","4.303","4.227","0.02%"
"07-02-2025","4.232","4.202","4.244","4.195","1.20%"
"06-02-2025","4.182","4.194","4.204","4.177","0.35%"
"05-02-2025","4.167","4.202","4.221","4.159","-0.27%"
"04-02-2025","4.178","4.224","4.240","4.181","-0.36%"
"03-02-2025","4.193","4.219","4.240","4.184","0.93%"
"31-01-2025","4.155","4.188","4.203","4.157","-0.09%"
"30-01-2025","4.158","4.180","4.202","4.156","-0.07%"
"29-01-2025","4.161","4.146","4.194","4.135","0.77%"
"28-01-2025","4.130","4.159","4.173","4.138","-0.04%"
"27-01-2025","4.131","4.184","4.184","4.124","-0.79%"
"24-01-2025","4.164","4.185","4.204","4.160","-0.31%"
"23-01-2025","4.177","4.210","4.226","4.180","-0.46%"
"22-01-2025","4.196","4.234","4.237","4.196","0.22%"
"21-01-2025","4.187","4.190","4.233","4.188","-0.46%"
"17-01-2025","4.206","4.197","4.220","4.179","0.87%"
"16-01-2025","4.170","4.189","4.227","4.175","-0.11%"
"15-01-2025","4.174","4.230","4.251","4.176","-0.77%"
"14-01-2025","4.207","4.228","4.257","4.208","-0.36%"
"13-01-2025","4.222","4.246","4.290","4.228","0.00%"
"10-01-2025","4.223","4.173","4.247","4.166","1.63%"
"09-01-2025","4.155","4.197","4.216","4.159","-0.40%"
"08-01-2025","4.172","4.208","4.238","4.170","-0.27%"
"07-01-2025","4.183","4.182","4.206","4.165","0.48%"
"06-01-2025","4.163","4.201","4.211","4.163","-0.20%"
"03-01-2025","4.171","4.155","4.179","4.155","0.43%"
"02-01-2025","4.153","4.245","4.245","4.135","0.12%"
"31-12-2024","4.148","4.175","4.218","4.135","-0.28%"
"30-12-2024","4.160","4.203","4.216","4.163","-0.72%"
"27-12-2024","4.190","4.245","4.253","4.198","-0.70%"
"26-12-2024","4.219","4.251","4.323","4.229","-0.30%"
"24-12-2024","4.232","4.248","4.272","4.240","0.22%"
"23-12-2024","4.222","4.263","4.306","4.231","-0.67%"
"20-12-2024","4.251","4.272","4.301","4.247","-0.18%"
"19-12-2024","4.259","4.313","4.332","4.261","-0.76%"
"18-12-2024","4.291","4.260","4.316","4.232","1.04%"
"17-12-2024","4.247","4.260","4.294","4.249","0.15%"
"16-12-2024","4.241","4.279","4.287","4.233","0.05%"
"13-12-2024","4.239","4.229","4.255","4.220","0.36%"
"12-12-2024","4.224","4.219","4.267","4.194","0.54%"
"11-12-2024","4.201","4.232","4.281","4.175","-0.23%"
"10-12-2024","4.211","4.209","4.238","4.203","0.38%"
"09-12-2024","4.195","4.201","4.238","4.192","0.22%"
"06-12-2024","4.186","4.261","4.287","4.174","-1.01%"
"05-12-2024","4.229","4.259","4.272","4.205","0.12%"
"04-12-2024","4.224","4.311","4.324","4.224","-0.89%"
"03-12-2024","4.262","4.297","4.327","4.254","-0.48%"
"02-12-2024","4.283","4.314","4.359","4.281","-0.20%"
"29-11-2024","4.291","4.345","4.371","4.300","-0.90%"
"27-11-2024","4.330","4.372","4.372","4.323","-0.85%"
"26-11-2024","4.367","4.391","4.413","4.367","-0.10%"
"25-11-2024","4.371","4.438","4.440","4.378","-0.89%"
"22-11-2024","4.411","4.425","4.430","4.378","0.46%"
"21-11-2024","4.390","4.402","4.412","4.358","0.52%"
"20-11-2024","4.368","4.386","4.391","4.353","0.55%"
"19-11-2024","4.344","4.373","4.373","4.299","0.27%"
"18-11-2024","4.332","4.362","4.378","4.332","0.05%"
"15-11-2024","4.330","4.401","4.466","4.325","-0.77%"
"14-11-2024","4.363","4.334","4.385","4.291","1.50%"
"13-11-2024","4.299","4.402","4.418","4.299","-1.61%"
"12-11-2024","4.370","4.351","4.402","4.351","1.37%"
"08-11-2024","4.311","4.304","4.324","4.267","1.01%"
"07-11-2024","4.268","4.350","4.375","4.280","-1.07%"
"06-11-2024","4.314","4.270","4.339","4.270","1.45%"
"05-11-2024","4.252","4.273","4.294","4.253","0.09%"
"04-11-2024","4.248","4.286","4.302","4.232","-0.58%"
"01-11-2024","4.273","4.290","4.322","4.200","0.07%"
"31-10-2024","4.270","4.312","4.323","4.269","-0.23%"
"30-10-2024","4.280","4.277","4.307","4.250","0.05%"
"29-10-2024","4.278","4.303","4.329","4.270","-0.58%"
"28-10-2024","4.303","4.338","4.354","4.295","0.19%"
"25-10-2024","4.295","4.277","4.311","4.257","0.73%"
"24-10-2024","4.264","4.291","4.315","4.250","-0.56%"
"23-10-2024","4.288","4.270","4.297","4.261","0.75%"
"22-10-2024","4.256","4.292","4.299","4.246","0.05%"
"21-10-2024","4.254","4.238","4.265","4.219","1.20%"
"18-10-2024","4.203","4.218","4.253","4.193","-0.53%"
"17-10-2024","4.226","4.218","4.237","4.188","1.15%"
"16-10-2024","4.178","4.221","4.229","4.170","-0.26%"
"15-10-2024","4.189","4.224","4.265","4.175","-0.46%"
"14-10-2024","4.208","4.208","4.208","4.208","0.13%"
"11-10-2024","4.203","4.204","4.243","4.179","-0.55%"
"10-10-2024","4.226","4.264","4.342","4.204","-0.63%"
"09-10-2024","4.253","4.218","4.275","4.191","1.02%"
"08-10-2024","4.210","4.243","4.251","4.202","-0.71%"
"07-10-2024","4.240","4.216","4.281","4.216","1.15%"
"04-10-2024","4.192","4.048","4.214","4.015","4.54%"
"03-10-2024","4.010","3.994","4.021","3.967","1.21%"
"02-10-2024","3.962","3.951","3.989","3.946","-0.73%"
"01-10-2024","3.991","4.072","4.075","3.962","-0.82%"
"30-09-2024","4.024","3.981","4.056","3.967","2.04%"
"27-09-2024","3.944","3.993","4.104","3.933","-1.04%"
"26-09-2024","3.985","3.958","3.998","3.910","1.63%"
"25-09-2024","3.921","3.945","3.958","3.899","0.41%"
"24-09-2024","3.905","3.943","4.029","3.899","-0.69%"
"23-09-2024","3.932","3.951","3.961","3.929","-0.48%"
"20-09-2024","3.951","3.944","4.006","3.940","-0.55%"
"19-09-2024","3.973","3.998","4.046","3.957","0.05%"
"18-09-2024","3.971","4.041","4.068","3.934","-0.82%"
"17-09-2024","4.004","3.985","4.033","3.974","0.68%"
"16-09-2024","3.977","4.039","4.042","3.969","-0.87%"
"13-09-2024","4.012","4.118","4.131","4.010","-2.31%"
"12-09-2024","4.107","4.143","4.194","4.102","-0.48%"
"11-09-2024","4.127","4.076","4.164","4.051","1.45%"
"10-09-2024","4.068","4.151","4.154","4.065","-1.43%"
"09-09-2024","4.127","4.136","4.171","4.122","0.39%"
"06-09-2024","4.111","4.220","4.263","4.066","-2.33%"
"05-09-2024","4.209","4.231","4.258","4.185","-0.47%"
"04-09-2024","4.229","4.345","4.366","4.221","-3.69%"
"03-09-2024","4.391","4.464","4.464","4.375","-2.00%"
"02-09-2024","4.480","4.426","4.480","4.426","1.41%"
"30-08-2024","4.418","4.433","4.479","4.410","0.02%"
"29-08-2024","4.417","4.442","4.445","4.396","0.41%"
"28-08-2024","4.399","4.437","4.437","4.380","0.43%"
"27-08-2024","4.380","4.429","4.475","4.380","-0.75%"
"26-08-2024","4.413","4.403","4.427","4.362","0.80%"
"23-08-2024","4.378","4.471","4.557","4.378","-1.73%"
"22-08-2024","4.455","4.404","4.474","4.396","1.60%"
"21-08-2024","4.385","4.459","4.480","4.374","-1.53%"
"20-08-2024","4.453","4.575","4.575","4.448","-1.09%"
"19-08-2024","4.502","4.541","4.551","4.481","-0.02%"
"16-08-2024","4.503","4.582","4.599","4.476","-0.62%"
"15-08-2024","4.531","4.429","4.553","4.425","2.37%"
"14-08-2024","4.426","4.418","4.466","4.393","0.36%"
"13-08-2024","4.410","4.530","4.554","4.410","-1.34%"
"12-08-2024","4.470","4.527","4.557","4.470","-0.42%"
"09-08-2024","4.489","4.512","4.606","4.460","0.09%"
"08-08-2024","4.485","4.472","4.515","4.396","0.97%"
"07-08-2024","4.442","4.445","4.540","4.418","-1.38%"
"06-08-2024","4.504","4.448","4.534","4.421","2.32%"
"05-08-2024","4.402","4.397","4.443","4.195","0.85%"
"02-08-2024","4.365","4.666","4.676","4.365","-6.29%"
"01-08-2024","4.658","4.772","4.796","4.641","-2.82%"
"31-07-2024","4.793","4.840","4.842","4.755","-0.19%"
"30-07-2024","4.802","4.846","4.873","4.797","-0.35%"
"29-07-2024","4.819","4.827","4.851","4.805","0.17%"
"26-07-2024","4.811","4.851","4.873","4.808","-0.80%"
"25-07-2024","4.850","4.865","4.886","4.791","0.10%"
"24-07-2024","4.845","4.895","4.903","4.835","-0.70%"
"23-07-2024","4.879","4.901","4.933","4.876","-0.33%"
"22-07-2024","4.895","4.901","4.917","4.885","0.31%"
"19-07-2024","4.880","4.889","4.901","4.871","0.27%"
"18-07-2024","4.867","4.873","4.878","4.854","0.31%"
"17-07-2024","4.852","4.866","4.890","4.849","0.00%"
"16-07-2024","4.852","4.844","4.890","4.814","0.10%"
"15-07-2024","4.847","4.874","4.904","4.842","-0.62%"
"12-07-2024","4.877","4.931","4.965","4.861","-0.53%"
"11-07-2024","4.903","5.032","5.032","4.895","-2.10%"
"10-07-2024","5.008","5.016","5.038","4.999","-0.63%"
"09-07-2024","5.040","5.030","5.059","5.013","0.52%"
"08-07-2024","5.014","5.030","5.046","5.011","0.16%"
"05-07-2024","5.006","5.075","5.105","5.003","-0.94%"
"04-07-2024","5.054","5.054","5.054","5.054","0.00%"
"03-07-2024","5.054","5.106","5.127","5.054","-0.71%"
"02-07-2024","5.090","5.131","5.153","5.084","-0.70%"
"01-07-2024","5.126","5.145","5.167","5.115","0.37%"
"28-06-2024","5.107","5.125","5.151","5.088","-0.10%"
"27-06-2024","5.112","5.156","5.185","5.112","-0.58%"
"26-06-2024","5.142","5.132","5.145","5.115","0.57%"
"25-06-2024","5.113","5.119","5.154","5.096","0.10%"
"24-06-2024","5.108","5.135","5.146","5.102","-0.06%"
"21-06-2024","5.111","5.140","5.152","5.095","-0.04%"
"20-06-2024","5.113","5.097","5.140","5.094","0.32%"
"19-06-2024","5.097","5.094","5.097","5.094","0.11%"
"18-06-2024","5.091","5.133","5.154","5.086","-0.39%"
"17-06-2024","5.111","5.092","5.120","5.070","1.01%"
"14-06-2024","5.060","5.075","5.120","5.052","-0.08%"
"13-06-2024","5.064","5.122","5.166","5.064","-1.04%"
"12-06-2024","5.117","5.166","5.191","5.062","-1.20%"
"11-06-2024","5.179","5.231","5.234","5.165","-0.17%"
"10-06-2024","5.188","5.207","5.239","5.171","0.00%"
"07-06-2024","5.188","5.116","5.194","5.104","1.79%"
"06-06-2024","5.097","5.122","5.135","5.094","-0.06%"
"05-06-2024","5.100","5.153","5.166","5.100","-0.55%"
"04-06-2024","5.128","5.178","5.205","5.117","-0.54%"
"03-06-2024","5.156","5.208","5.240","5.156","-0.69%"
"31-05-2024","5.192","5.221","5.252","5.175","-0.13%"
"30-05-2024","5.199","5.243","5.262","5.199","-0.48%"
"29-05-2024","5.224","5.255","5.276","5.219","-0.02%"
"28-05-2024","5.225","5.225","5.252","5.192","-0.05%"
"27-05-2024","5.228","5.225","5.228","5.225","0.32%"
"24-05-2024","5.211","5.222","5.244","5.198","0.15%"
"23-05-2024","5.203","5.190","5.219","5.159","0.74%"
"22-05-2024","5.165","5.163","5.190","5.157","0.47%"
"21-05-2024","5.141","5.177","5.202","5.138","-0.12%"
"20-05-2024","5.147","5.172","5.182","5.136","0.25%"
"17-05-2024","5.134","5.160","5.161","5.120","0.08%"
"16-05-2024","5.130","5.114","5.138","5.103","0.59%"
"15-05-2024","5.100","5.172","5.199","5.092","-1.47%"
"14-05-2024","5.176","5.190","5.247","5.165","-0.12%"
"13-05-2024","5.182","5.185","5.231","5.171","-0.02%"
"10-05-2024","5.183","5.162","5.185","5.144","0.82%"
"09-05-2024","5.141","5.160","5.206","5.135","-0.21%"
"08-05-2024","5.152","5.166","5.190","5.141","0.10%"
"07-05-2024","5.147","5.150","5.177","5.131","0.25%"
"06-05-2024","5.134","5.129","5.150","5.126","-0.06%"
"03-05-2024","5.137","5.192","5.200","5.061","-0.72%"
"02-05-2024","5.174","5.229","5.281","5.169","-0.65%"
"01-05-2024","5.208","5.260","5.295","5.205","-0.78%"
"30-04-2024","5.249","5.225","5.255","5.200","0.94%"
"29-04-2024","5.200","5.282","5.282","5.198","-0.13%"
"26-04-2024","5.207","5.230","5.269","5.198","-0.02%"
"25-04-2024","5.208","5.187","5.238","5.159","0.74%"
"24-04-2024","5.170","5.163","5.198","5.157","0.51%"
"23-04-2024","5.144","5.193","5.223","5.144","-0.54%"
"22-04-2024","5.172","5.199","5.223","5.163","0.06%"
"19-04-2024","5.169","5.201","5.218","5.156","-0.31%"
"18-04-2024","5.185","5.172","5.207","5.160","0.43%"
"17-04-2024","5.163","5.207","5.224","5.163","-0.37%"
"16-04-2024","5.182","5.190","5.244","5.179","0.10%"
"15-04-2024","5.177","5.166","5.253","5.164","0.68%"
"12-04-2024","5.142","5.195","5.229","5.126","-0.71%"
"11-04-2024","5.179","5.223","5.291","5.168","-0.48%"
"10-04-2024","5.204","5.065","5.223","5.051","3.13%"
"09-04-2024","5.046","5.145","5.150","5.044","-0.77%"
"08-04-2024","5.085","5.083","5.156","5.080","0.47%"
"05-04-2024","5.061","5.041","5.083","5.020","0.94%"
"04-04-2024","5.014","5.063","5.093","4.997","-0.65%"
"03-04-2024","5.047","5.075","5.107","5.041","-0.34%"
"02-04-2024","5.064","5.097","5.129","5.053","-0.28%"
"01-04-2024","5.078","5.037","5.097","5.024","1.03%"
"28-03-2024","5.026","5.018","5.056","5.016","0.54%"
"27-03-2024","4.999","5.018","5.029","4.988","-0.12%"
"26-03-2024","5.005","5.019","5.032","4.999","0.16%"
"25-03-2024","4.997","4.995","5.024","4.986","0.48%"
"22-03-2024","4.973","5.021","5.044","4.973","-0.52%"
"21-03-2024","4.999","5.008","5.013","4.969","0.00%"
"20-03-2024","4.999","5.057","5.065","4.991","-1.83%"
"19-03-2024","5.092","5.109","5.177","5.073","-0.02%"
"18-03-2024","5.093","5.099","5.142","5.068","0.32%"
"15-03-2024","5.077","5.092","5.129","5.061","0.20%"
"14-03-2024","5.067","5.052","5.095","5.032","0.74%"
"13-03-2024","5.030","5.025","5.109","5.019","0.38%"
"12-03-2024","5.011","4.990","5.030","4.968","0.80%"
"11-03-2024","4.971","4.955","4.998","4.941","0.65%"
"08-03-2024","4.939","4.967","4.996","4.909","-0.12%"
"07-03-2024","4.945","4.981","5.016","4.943","-0.52%"
"06-03-2024","4.971","4.974","5.022","4.949","0.22%"
"05-03-2024","4.960","5.015","5.045","4.949","-0.78%"
"04-03-2024","4.999","4.964","5.004","4.952","1.26%"
"01-03-2024","4.937","5.031","5.061","4.937","-1.59%"
"29-02-2024","5.017","5.026","5.080","4.990","0.14%"
"28-02-2024","5.010","5.048","5.092","5.007","-0.60%"
"27-02-2024","5.040","5.054","5.063","5.013","0.16%"
"26-02-2024","5.032","5.028","5.065","4.991","0.64%"
"23-02-2024","5.000","5.028","5.099","4.986","-0.30%"
"22-02-2024","5.015","4.999","5.037","4.980","0.64%"
"21-02-2024","4.983","4.986","4.997","4.945","0.61%"
"20-02-2024","4.953","5.011","5.092","4.934","-1.21%"
"19-02-2024","5.014","5.000","5.014","5.000","0.37%"
"16-02-2024","4.995","4.980","5.063","4.973","0.79%"
"15-02-2024","4.956","4.972","4.997","4.923","-0.12%"
"14-02-2024","4.962","5.033","5.071","4.945","-1.04%"
"13-02-2024","5.014","4.897","5.055","4.875","2.66%"
"12-02-2024","4.884","4.938","4.938","4.851","0.23%"
"09-02-2024","4.873","4.913","4.913","4.860","0.54%"
"08-02-2024","4.847","4.851","4.885","4.839","0.31%"
"07-02-2024","4.832","4.846","4.870","4.815","0.06%"
"06-02-2024","4.829","4.892","4.971","4.824","-0.90%"
"05-02-2024","4.873","4.841","4.928","4.811","0.93%"
"02-02-2024","4.828","4.717","4.882","4.716","2.77%"
"01-02-2024","4.698","4.726","4.791","4.663","-0.59%"
"31-01-2024","4.726","4.813","4.873","4.658","-1.48%"
"30-01-2024","4.797","4.787","4.827","4.759","0.57%"
"29-01-2024","4.770","4.795","4.852","4.762","-0.36%"
"26-01-2024","4.787","4.789","4.817","4.760","0.55%"
"25-01-2024","4.761","4.846","4.871","4.759","-1.33%"
"24-01-2024","4.825","4.830","4.841","4.775","-0.58%"
"23-01-2024","4.853","4.889","4.948","4.845","-0.39%"
"22-01-2024","4.872","4.886","4.927","4.864","-0.02%"
"19-01-2024","4.873","4.847","4.900","4.837","0.77%"
"18-01-2024","4.836","4.850","4.888","4.822","0.17%"
"17-01-2024","4.828","4.742","4.847","4.739","2.05%"
"16-01-2024","4.731","4.693","4.780","4.690","0.69%"
"15-01-2024","4.699","4.701","4.701","4.691","0.88%"
"12-01-2024","4.658","4.758","4.810","4.653","-2.49%"
"11-01-2024","4.777","4.845","4.866","4.755","-1.14%"
"10-01-2024","4.832","4.859","4.905","4.815","-0.23%"
"09-01-2024","4.843","4.854","4.908","4.827","0.10%"
"08-01-2024","4.838","4.947","4.947","4.822","-0.29%"
"05-01-2024","4.852","4.872","4.931","4.795","0.02%"
"04-01-2024","4.851","4.857","4.872","4.829","0.73%"
"03-01-2024","4.816","4.838","4.859","4.797","0.23%"
"02-01-2024","4.805","4.786","4.846","4.770","0.10%"
"01-01-2024","4.800","4.800","4.800","4.800","0.64%"
"29-12-2023","4.770","4.838","4.866","4.770","-0.89%"
"28-12-2023","4.813","4.803","4.827","4.789","0.67%"
"27-12-2023","4.781","4.835","4.835","4.778","-1.16%"
"26-12-2023","4.837","4.903","4.905","4.834","-1.28%"
"25-12-2023","4.900","4.892","4.900","4.867","0.84%"
"22-12-2023","4.859","4.913","4.965","4.845","-0.14%"
"21-12-2023","4.866","4.935","4.945","4.839","-1.02%"
"20-12-2023","4.916","4.984","4.995","4.899","-0.83%"
"19-12-2023","4.957","5.023","5.044","4.941","-0.44%"
"18-12-2023","4.979","4.985","5.031","4.960","0.30%"
"15-12-2023","4.964","4.949","4.988","4.915","0.69%"
"14-12-2023","4.930","4.952","4.976","4.864","-0.50%"
"13-12-2023","4.955","5.157","5.184","4.936","-3.67%"
"12-12-2023","5.144","5.141","5.157","5.114","0.00%"
"11-12-2023","5.144","5.150","5.169","5.136","0.04%"
"08-12-2023","5.142","5.078","5.156","5.070","1.70%"
"07-12-2023","5.056","5.100","5.144","5.056","-0.39%"
"06-12-2023","5.076","5.082","5.125","5.068","0.10%"
"05-12-2023","5.071","5.112","5.169","5.063","-0.65%"
"04-12-2023","5.104","5.042","5.115","5.041","1.13%"
"01-12-2023","5.047","5.136","5.146","5.034","-1.85%"
"30-11-2023","5.142","5.137","5.172","5.109","0.53%"
"29-11-2023","5.115","5.225","5.225","5.115","-1.41%"
"28-11-2023","5.188","5.311","5.313","5.188","-1.50%"
"27-11-2023","5.267","5.292","5.333","5.259","-0.28%"
"24-11-2023","5.282","5.319","5.336","5.276","-0.07%"
"23-11-2023","5.286","5.286","5.286","5.286","0.11%"
"22-11-2023","5.280","5.271","5.300","5.250","0.44%"
"21-11-2023","5.257","5.277","5.325","5.249","-0.17%"
"20-11-2023","5.266","5.272","5.329","5.249","0.25%"
"17-11-2023","5.253","5.276","5.294","5.220","0.25%"
"16-11-2023","5.240","5.299","5.328","5.229","-0.74%"
"15-11-2023","5.279","5.261","5.315","5.255","0.55%"
"14-11-2023","5.250","5.429","5.466","5.239","-2.40%"
"13-11-2023","5.379","5.416","5.448","5.377","-0.17%"
"10-11-2023","5.388","5.434","5.446","5.363","-0.04%"
"09-11-2023","5.390","5.360","5.404","5.349","0.86%"
"08-11-2023","5.344","5.347","5.368","5.333","0.24%"
"07-11-2023","5.331","5.356","5.432","5.320","-0.06%"
"06-11-2023","5.334","5.304","5.348","5.298","0.81%"
"03-11-2023","5.291","5.427","5.444","5.282","-1.71%"
"02-11-2023","5.383","5.397","5.432","5.358","-0.11%"
"01-11-2023","5.389","5.458","5.480","5.364","-1.32%"
"31-10-2023","5.461","5.453","5.472","5.420","0.55%"
"30-10-2023","5.431","5.426","5.462","5.423","0.28%"
"27-10-2023","5.416","5.434","5.462","5.410","-0.02%"
"26-10-2023","5.417","5.481","5.502","5.415","-0.68%"
"25-10-2023","5.454","5.457","5.489","5.440","0.26%"
"24-10-2023","5.440","5.438","5.482","5.427","0.28%"
"23-10-2023","5.425","5.428","5.474","5.422","0.09%"
"20-10-2023","5.420","5.452","5.461","5.406","-0.53%"
"19-10-2023","5.449","5.496","5.520","5.427","-0.40%"
"18-10-2023","5.471","5.505","5.540","5.463","-0.27%"
"17-10-2023","5.486","5.448","5.497","5.420","1.16%"
"16-10-2023","5.423","5.424","5.467","5.407","0.30%"
"13-10-2023","5.407","5.445","5.470","5.393","-0.35%"
"12-10-2023","5.426","5.407","5.445","5.376","0.82%"
"11-10-2023","5.382","5.377","5.410","5.357","0.39%"
"10-10-2023","5.361","5.449","5.504","5.350","-1.67%"
"09-10-2023","5.452","5.449","5.452","5.449","0.46%"
"06-10-2023","5.427","5.402","5.460","5.402","0.72%"
"05-10-2023","5.388","5.433","5.474","5.386","-0.63%"
"04-10-2023","5.422","5.499","5.532","5.422","-1.36%"
"03-10-2023","5.497","5.519","5.557","5.488","-0.20%"
"02-10-2023","5.508","5.492","5.514","5.486","0.69%"
"29-09-2023","5.470","5.497","5.525","5.457","-0.15%"
"28-09-2023","5.478","5.519","5.554","5.475","-0.45%"
"27-09-2023","5.503","5.487","5.514","5.467","0.49%"
"26-09-2023","5.476","5.474","5.512","5.460","0.18%"
"25-09-2023","5.466","5.483","5.488","5.455","0.09%"
"22-09-2023","5.461","5.479","5.502","5.450","-0.07%"
"21-09-2023","5.465","5.502","5.504","5.460","-0.02%"
"20-09-2023","5.466","5.466","5.513","5.433","0.29%"
"19-09-2023","5.450","5.456","5.491","5.442","0.04%"
"18-09-2023","5.448","5.448","5.473","5.429","0.29%"
"15-09-2023","5.432","5.434","5.473","5.424","0.17%"
"14-09-2023","5.423","5.445","5.458","5.412","0.09%"
"13-09-2023","5.418","5.493","5.493","5.415","-0.06%"
"12-09-2023","5.421","5.430","5.451","5.413","0.09%"
"11-09-2023","5.416","5.458","5.458","5.408","0.09%"
"08-09-2023","5.411","5.427","5.458","5.389","0.06%"
"07-09-2023","5.408","5.450","5.485","5.399","-0.61%"
"06-09-2023","5.441","5.452","5.463","5.414","0.04%"
"05-09-2023","5.439","5.396","5.477","5.395","0.80%"
"04-09-2023","5.396","5.396","5.396","5.396","0.31%"
"01-09-2023","5.379","5.395","5.467","5.338","-0.15%"
"31-08-2023","5.387","5.410","5.447","5.387","-0.31%"
"30-08-2023","5.404","5.421","5.440","5.382","0.13%"
"29-08-2023","5.397","5.518","5.545","5.386","-1.15%"
"28-08-2023","5.460","5.477","5.554","5.455","0.24%"
"25-08-2023","5.447","5.430","5.485","5.403","0.78%"
"24-08-2023","5.405","5.381","5.419","5.372","0.76%"
"23-08-2023","5.364","5.425","5.444","5.359","-0.63%"
"22-08-2023","5.398","5.409","5.425","5.381","0.35%"
"21-08-2023","5.379","5.374","5.385","5.349","0.50%"
"18-08-2023","5.352","5.387","5.399","5.347","-0.39%"
"17-08-2023","5.373","5.399","5.409","5.360","-0.07%"
"16-08-2023","5.377","5.391","5.407","5.355","0.15%"
"15-08-2023","5.369","5.405","5.424","5.364","-0.17%"
"14-08-2023","5.378","5.384","5.419","5.353","0.41%"
"11-08-2023","5.356","5.362","5.387","5.332","0.37%"
"10-08-2023","5.336","5.361","5.378","5.320","-0.32%"
"09-08-2023","5.353","5.356","5.364","5.342","0.39%"
"08-08-2023","5.332","5.358","5.373","5.330","-0.17%"
"07-08-2023","5.341","5.383","5.415","5.338","-0.11%"
"04-08-2023","5.347","5.417","5.448","5.339","-0.80%"
"03-08-2023","5.390","5.410","5.431","5.379","0.15%"
"02-08-2023","5.382","5.421","5.437","5.377","-0.31%"
"01-08-2023","5.399","5.413","5.440","5.391","0.13%"
"31-07-2023","5.392","5.411","5.413","5.378","0.09%"
"28-07-2023","5.387","5.428","5.458","5.373","-0.28%"
"27-07-2023","5.402","5.405","5.427","5.372","0.33%"
"26-07-2023","5.384","5.423","5.455","5.362","-0.46%"
"25-07-2023","5.409","5.406","5.417","5.392","0.45%"
"24-07-2023","5.385","5.377","5.431","5.344","0.65%"
"21-07-2023","5.350","5.371","5.410","5.341","0.02%"
"20-07-2023","5.349","5.349","5.981","5.329","0.51%"
"19-07-2023","5.322","5.358","5.366","5.302","0.00%"
"18-07-2023","5.322","5.367","5.391","5.295","-0.08%"
"17-07-2023","5.326","5.370","5.408","5.315","-0.06%"
"14-07-2023","5.329","5.300","5.356","5.288","1.06%"
"13-07-2023","5.273","5.361","5.378","5.270","-1.35%"
"12-07-2023","5.345","5.433","5.461","5.339","-1.27%"
"11-07-2023","5.414","5.417","5.444","5.401","0.07%"
"10-07-2023","5.410","5.459","5.484","5.399","-0.26%"
"07-07-2023","5.424","5.486","5.522","5.416","-0.48%"
"06-07-2023","5.450","5.445","5.502","5.417","0.59%"
"05-07-2023","5.418","5.443","5.508","5.412","-0.36%"
"04-07-2023","5.438","5.438","5.438","5.438","-0.04%"
"03-07-2023","5.440","5.449","5.506","5.416","0.54%"
"30-06-2023","5.411","5.454","5.466","5.409","-0.35%"
"29-06-2023","5.430","5.370","5.452","5.342","1.65%"
"28-06-2023","5.342","5.362","5.408","5.307","0.19%"
"27-06-2023","5.332","5.307","5.354","5.272","1.14%"
"26-06-2023","5.272","5.289","5.302","5.242","0.30%"
"23-06-2023","5.256","5.316","5.330","5.248","-0.81%"
"22-06-2023","5.299","5.292","5.329","5.266","0.72%"
"21-06-2023","5.261","5.284","5.325","5.248","0.40%"
"20-06-2023","5.240","5.260","5.292","5.234","-0.84%"
"19-06-2023","5.285","5.276","5.285","5.276","1.00%"
"16-06-2023","5.232","5.226","5.295","5.226","0.21%"
"15-06-2023","5.221","5.282","5.342","5.204","-0.95%"
"14-06-2023","5.271","5.285","5.328","5.205","0.40%"
"13-06-2023","5.250","5.254","5.278","5.149","0.56%"
"12-06-2023","5.221","5.252","5.267","5.205","0.40%"
"09-06-2023","5.200","5.182","5.257","5.150","0.83%"
"08-06-2023","5.157","5.215","5.242","5.122","-0.60%"
"07-06-2023","5.188","5.235","5.273","5.177","-0.80%"
"06-06-2023","5.230","5.258","5.279","5.189","0.31%"
"05-06-2023","5.214","5.296","5.318","5.189","-0.69%"
"02-06-2023","5.250","5.167","5.280","5.143","2.10%"
"01-06-2023","5.142","5.222","5.293","5.131","-1.12%"
"31-05-2023","5.200","5.263","5.282","5.184","-0.95%"
"30-05-2023","5.250","5.305","5.313","5.225","-0.63%"
"29-05-2023","5.283","5.267","5.283","5.267","0.10%"
"26-05-2023","5.278","5.242","5.327","5.198","0.80%"
"25-05-2023","5.236","5.152","5.269","5.140","2.07%"
"24-05-2023","5.130","5.087","5.182","5.083","0.75%"
"23-05-2023","5.092","5.109","5.144","5.070","0.41%"
"22-05-2023","5.071","5.041","5.087","5.002","1.04%"
"19-05-2023","5.019","5.032","5.093","4.981","-0.04%"
"18-05-2023","5.021","4.956","5.026","4.922","1.93%"
"17-05-2023","4.926","4.879","4.937","4.860","0.33%"
"16-05-2023","4.910","4.821","4.926","4.771","2.44%"
"15-05-2023","4.793","4.832","4.845","4.780","-0.13%"
"12-05-2023","4.799","4.802","4.816","4.748","0.93%"
"11-05-2023","4.755","4.739","4.809","4.687","0.00%"
"10-05-2023","4.755","4.883","4.948","4.731","-2.24%"
"09-05-2023","4.864","4.870","4.911","4.793","0.43%"
"08-05-2023","4.843","4.794","4.846","4.742","1.47%"
"05-05-2023","4.773","4.638","4.792","4.637","3.02%"
"04-05-2023","4.633","4.701","4.763","4.584","-2.75%"
"03-05-2023","4.764","4.758","4.821","4.677","0.34%"
"02-05-2023","4.748","4.901","4.933","4.691","-2.53%"
"01-05-2023","4.871","4.836","4.887","4.775","1.18%"
"28-04-2023","4.814","4.819","4.858","4.760","0.31%"
"27-04-2023","4.799","4.710","4.821","4.682","2.92%"
"26-04-2023","4.663","4.642","4.737","4.623","0.69%"
"25-04-2023","4.631","4.768","4.781","4.601","-2.81%"
"24-04-2023","4.765","4.790","4.836","4.746","-0.23%"
"21-04-2023","4.776","4.757","4.806","4.738","0.32%"
"20-04-2023","4.761","4.903","4.903","4.753","-1.33%"
"19-04-2023","4.825","4.841","4.868","4.808","-0.02%"
"18-04-2023","4.826","4.889","5.005","4.798","-0.39%"
"17-04-2023","4.845","4.862","4.946","4.829","0.56%"
"14-04-2023","4.818","4.684","4.995","4.677","2.69%"
"13-04-2023","4.692","4.714","4.801","4.646","0.28%"
"12-04-2023","4.679","4.753","4.866","4.633","-0.81%"
"11-04-2023","4.717","4.712","4.864","4.655","0.86%"
"10-04-2023","4.677","4.604","4.786","4.604","0.47%"
"07-04-2023","4.655","4.629","4.686","4.512","3.17%"
"06-04-2023","4.512","4.492","4.623","4.412","1.55%"
"05-04-2023","4.443","4.503","4.625","4.373","-1.05%"
"04-04-2023","4.490","4.642","4.731","4.457","-2.77%"
"03-04-2023","4.618","4.702","4.770","4.599","-0.13%"
"31-03-2023","4.624","4.647","4.792","4.618","0.22%"
"30-03-2023","4.614","4.666","4.685","4.570","1.05%"
"29-03-2023","4.566","4.672","4.519","4.519","0.66%"
"28-03-2023","4.536","4.504","4.498","4.498","0.60%"
"27-03-2023","4.509","4.439","4.325","4.325","4.25%"
"24-03-2023","4.325","4.432","4.144","4.144","-1.14%"
"23-03-2023","4.375","4.544","4.346","4.345","-3.08%"
"22-03-2023","4.514","4.765","4.479","4.479","-2.53%"
"21-03-2023","4.631","4.389","4.348","4.348","5.59%"
"20-03-2023","4.386","4.338","4.168","4.168","1.86%"
"17-03-2023","4.306","4.536","4.255","4.255","-4.16%"
"16-03-2023","4.493","4.345","4.213","4.213","5.03%"
"15-03-2023","4.278","4.623","4.025","4.025","-4.40%"
"14-03-2023","4.475","4.424","4.283","4.283","4.26%"
"13-03-2023","4.292","4.901","4.254","4.254","-11.98%"
"10-03-2023","4.876","5.196","4.871","4.871","-5.91%"
"09-03-2023","5.182","5.270","5.155","5.155","-1.16%"
"08-03-2023","5.243","5.222","5.202","5.202","0.56%"
"07-03-2023","5.214","5.086","5.042","5.042","3.12%"
"06-03-2023","5.056","5.056","5.023","5.023","0.54%"
"03-03-2023","5.029","5.063","5.021","5.021","-0.47%"
"02-03-2023","5.053","5.056","5.031","5.031","-0.12%"
"01-03-2023","5.059","5.040","5.031","5.031","0.98%"
"28-02-2023","5.010","5.056","5.062","5.010","-0.40%"
"27-02-2023","5.030","5.049","5.021","5.021","-0.44%"
"24-02-2023","5.052","5.062","5.036","5.036","0.46%"
"23-02-2023","5.029","5.097","5.026","5.026","-0.71%"
"22-02-2023","5.065","5.109","5.040","5.040","0.60%"
"21-02-2023","5.035","5.019","5.070","5.018","0.10%"
"20-02-2023","5.030","5.030","5.030","5.030","0.60%"
"17-02-2023","5.000","5.008","4.976","4.976","0.62%"
"16-02-2023","4.969","5.000","4.956","4.956","-0.08%"
"15-02-2023","4.973","5.016","4.962","4.962","-0.32%"
"14-02-2023","4.989","4.946","4.892","4.891","1.42%"
"13-02-2023","4.919","4.928","4.892","4.892","0.49%"
"10-02-2023","4.895","4.924","4.873","4.873","0.31%"
"09-02-2023","4.880","4.900","4.837","4.837","0.14%"
"08-02-2023","4.873","4.917","4.845","4.845","-0.16%"
"07-02-2023","4.881","4.906","4.846","4.846","0.49%"
"06-02-2023","4.857","4.823","4.787","4.787","1.74%"
"03-02-2023","4.774","4.677","4.635","4.635","2.91%"
"02-02-2023","4.639","4.661","4.631","4.631","-0.47%"
"01-02-2023","4.661","4.711","4.656","4.656","-0.53%"
"31-01-2023","4.686","4.747","4.681","4.681","-0.59%"
"30-01-2023","4.714","4.695","4.695","4.695","0.75%"
"27-01-2023","4.679","4.703","4.674","4.674","0.15%"
"26-01-2023","4.672","4.680","4.661","4.661","0.15%"
"25-01-2023","4.665","4.711","4.656","4.656","-0.43%"
"24-01-2023","4.685","4.747","4.680","4.680","-0.59%"
"23-01-2023","4.713","4.732","4.699","4.699","0.40%"
"20-01-2023","4.694","4.690","4.683","4.683","0.36%"
"19-01-2023","4.677","4.661","4.647","4.647","0.58%"
"18-01-2023","4.650","4.699","4.645","4.644","-0.70%"
"17-01-2023","4.683","4.710","4.680","4.680","-0.98%"
"16-01-2023","4.729","4.727","4.729","4.727","0.62%"
"13-01-2023","4.700","4.696","4.675","4.675","0.38%"
"12-01-2023","4.682","4.767","4.661","4.661","-1.16%"
"11-01-2023","4.737","4.781","4.732","4.732","-0.40%"
"10-01-2023","4.756","4.735","4.699","4.699","1.19%"
"09-01-2023","4.700","4.747","4.686","4.686","-0.30%"
"06-01-2023","4.714","4.813","4.692","4.692","-1.22%"
"05-01-2023","4.772","4.702","4.699","4.699","1.32%"
"04-01-2023","4.710","4.754","4.675","4.675","-0.06%"
"03-01-2023","4.713","4.765","4.686","4.686","-0.65%"
"02-01-2023","4.744","4.744","4.744","4.744","0.23%"
"30-12-2022","4.733","4.738","4.703","4.703","0.90%"
"29-12-2022","4.691","4.743","4.686","4.686","-0.26%"
"28-12-2022","4.703","4.779","4.697","4.697","-0.08%"
"27-12-2022","4.707","4.718","4.669","4.669","0.34%"
"26-12-2022","4.691","4.688","4.691","4.688","0.41%"
"23-12-2022","4.672","4.704","4.637","4.637","0.26%"
"22-12-2022","4.660","4.634","4.587","4.587","1.15%"
"21-12-2022","4.607","4.683","4.599","4.599","-0.75%"
"20-12-2022","4.642","4.713","4.637","4.637","-0.24%"
"19-12-2022","4.653","4.605","4.605","4.605","0.98%"
"16-12-2022","4.608","4.720","4.603","4.602","-1.07%"
"15-12-2022","4.658","4.675","4.634","4.634","0.11%"
"14-12-2022","4.653","4.699","4.580","4.580","0.28%"
"13-12-2022","4.640","4.798","4.602","4.602","-2.52%"
"12-12-2022","4.760","4.747","4.708","4.708","1.10%"
"09-12-2022","4.708","4.737","4.673","4.673","0.30%"
"08-12-2022","4.694","4.713","4.677","4.677","0.41%"
"07-12-2022","4.675","4.781","4.664","4.664","-1.16%"
"06-12-2022","4.730","4.793","4.727","4.727","-0.63%"
"05-12-2022","4.760","4.714","4.692","4.692","1.62%"
"02-12-2022","4.684","4.695","4.600","4.600","0.60%"
"01-12-2022","4.656","4.784","4.648","4.648","-1.61%"
"30-11-2022","4.732","4.792","4.719","4.719","-0.27%"
"29-11-2022","4.745","4.797","4.731","4.731","-0.23%"
"28-11-2022","4.756","4.792","4.737","4.737","-0.06%"
"25-11-2022","4.759","4.760","4.719","4.719","-0.09%"
"24-11-2022","4.763","4.758","4.763","4.758","0.11%"
"23-11-2022","4.758","4.785","4.744","4.744","-0.63%"
"22-11-2022","4.788","4.792","4.732","4.732","0.88%"
"21-11-2022","4.746","4.781","4.732","4.732","0.23%"
"18-11-2022","4.735","4.720","4.700","4.700","1.13%"
"17-11-2022","4.682","4.618","4.612","4.612","1.34%"
"16-11-2022","4.620","4.645","4.591","4.591","0.33%"
"15-11-2022","4.605","4.645","4.580","4.580","-0.52%"
"14-11-2022","4.629","4.619","4.610","4.610","1.11%"
"10-11-2022","4.578","4.770","4.551","4.551","-3.48%"
"09-11-2022","4.743","4.800","4.697","4.697","-0.36%"
"08-11-2022","4.760","4.801","4.741","4.741","-0.56%"
"07-11-2022","4.787","4.787","4.763","4.763","0.91%"
"04-11-2022","4.744","4.816","4.739","4.739","-0.71%"
"03-11-2022","4.778","4.746","4.708","4.708","0.97%"
"02-11-2022","4.732","4.762","4.646","4.646","1.94%"
"01-11-2022","4.642","4.674","4.699","4.574","0.11%"
"31-10-2022","4.637","4.594","4.583","4.583","1.47%"
"28-10-2022","4.570","4.498","4.602","4.492","1.53%"
"27-10-2022","4.501","4.553","4.485","4.485","-1.14%"
"26-10-2022","4.553","4.618","4.528","4.528","-0.59%"
"25-10-2022","4.580","4.654","4.550","4.550","-0.78%"
"24-10-2022","4.616","4.622","4.532","4.532","1.07%"
"21-10-2022","4.567","4.777","4.785","4.567","-1.89%"
"20-10-2022","4.655","4.631","4.604","4.604","1.28%"
"19-10-2022","4.596","4.564","4.501","4.501","2.34%"
"18-10-2022","4.491","4.529","4.464","4.464","0.00%"
"17-10-2022","4.491","4.495","4.456","4.456","0.16%"
"14-10-2022","4.484","4.477","4.405","4.405","1.01%"
"13-10-2022","4.439","4.296","4.250","4.250","4.23%"
"12-10-2022","4.259","4.315","4.345","4.259","-0.26%"
"11-10-2022","4.270","4.313","4.205","4.205","-1.13%"
"10-10-2022","4.319","4.246","4.319","4.246","3.29%"
"07-10-2022","4.181","4.181","3.955","3.955","0.10%"
"06-10-2022","4.177","4.161","4.129","4.129","0.77%"
"05-10-2022","4.145","4.188","4.132","4.132","4.41%"
"04-10-2022","3.970","4.002","3.905","3.905","-0.08%"
"03-10-2022","3.973","4.000","3.959","3.959","-0.60%"
"30-09-2022","3.997","4.006","3.944","3.944","0.65%"
"29-09-2022","3.971","3.985","3.955","3.955","-0.23%"
"28-09-2022","3.980","4.146","3.950","3.950","-4.00%"
"27-09-2022","4.146","4.184","4.101","4.101","-0.02%"
"26-09-2022","4.147","4.163","4.109","4.109","0.39%"
"23-09-2022","4.131","4.085","4.061","4.061","1.37%"
"22-09-2022","4.075","4.100","4.054","4.054","0.05%"
"21-09-2022","4.073","4.052","4.025","4.025","0.87%"
"20-09-2022","4.038","4.071","4.025","4.025","-0.42%"
"19-09-2022","4.055","3.974","3.974","3.974","2.30%"
"16-09-2022","3.964","4.054","3.961","3.961","-0.75%"
"15-09-2022","3.994","3.941","3.941","3.941","1.34%"
"14-09-2022","3.941","3.893","3.893","3.893","0.25%"
"13-09-2022","3.931","3.708","3.647","3.647","7.17%"
"12-09-2022","3.668","3.685","3.634","3.634","0.14%"
"09-09-2022","3.663","3.608","3.580","3.580","1.83%"
"08-09-2022","3.597","3.605","3.571","3.570","-0.30%"
"07-09-2022","3.608","3.638","3.587","3.587","2.47%"
"06-09-2022","3.521","3.460","3.460","3.460","2.14%"
"05-09-2022","3.447","3.447","3.447","3.447","-0.55%"
"02-09-2022","3.466","3.541","3.431","3.431","-1.23%"
"01-09-2022","3.509","3.536","3.501","3.501","0.75%"
"31-08-2022","3.483","3.504","3.456","3.456","0.23%"
"30-08-2022","3.475","3.441","3.395","3.395","1.79%"
"29-08-2022","3.414","3.353","3.345","3.345","1.64%"
"26-08-2022","3.359","3.330","3.316","3.316","0.87%"
"25-08-2022","3.330","3.375","3.311","3.311","0.00%"
"24-08-2022","3.330","3.320","3.298","3.298","1.28%"
"23-08-2022","3.288","3.349","3.243","3.243","-0.81%"
"22-08-2022","3.315","3.259","3.344","3.248","2.22%"
"19-08-2022","3.243","3.239","3.235","3.235","0.46%"
"18-08-2022","3.228","3.295","3.215","3.215","-1.62%"
"17-08-2022","3.281","3.257","3.257","3.257","0.55%"
"16-08-2022","3.263","3.226","3.226","3.226","1.08%"
"15-08-2022","3.228","3.295","3.213","3.213","-0.68%"
"12-08-2022","3.250","3.290","3.207","3.207","-0.09%"
"11-08-2022","3.253","3.315","3.182","3.181","-0.49%"
"10-08-2022","3.269","3.355","3.192","3.192","-0.49%"
"09-08-2022","3.285","3.280","3.264","3.264","0.34%"
"08-08-2022","3.274","3.296","3.251","3.251","0.15%"
"05-08-2022","3.269","3.087","3.307","3.081","4.91%"
"04-08-2022","3.116","3.164","3.090","3.090","-0.70%"
"03-08-2022","3.138","3.093","3.077","3.077","1.19%"
"02-08-2022","3.101","2.979","2.932","2.932","4.10%"
"01-08-2022","2.979","2.977","2.937","2.937","0.17%"
"29-07-2022","2.974","2.927","2.908","2.908","1.95%"
"28-07-2022","2.917","2.996","2.882","2.882","-2.80%"
"27-07-2022","3.001","3.060","2.970","2.970","-1.67%"
"26-07-2022","3.052","3.049","3.012","3.012","-0.26%"
"25-07-2022","3.060","3.028","3.023","3.023","1.39%"
"22-07-2022","3.018","3.101","2.970","2.970","-2.42%"
"21-07-2022","3.093","3.199","3.082","3.082","-2.74%"
"20-07-2022","3.180","3.202","3.220","3.140","-0.59%"
"19-07-2022","3.199","3.146","3.135","3.135","2.27%"
"18-07-2022","3.128","3.075","3.075","3.075","1.20%"
"15-07-2022","3.091","3.190","3.075","3.075","-2.52%"
"14-07-2022","3.171","3.208","3.152","3.152","-1.25%"
"13-07-2022","3.211","3.073","3.062","3.062","7.07%"
"12-07-2022","2.999","2.994","2.951","2.951","0.17%"
"11-07-2022","2.994","2.920","2.912","2.912","1.70%"
"08-07-2022","2.944","2.842","2.838","2.838","2.76%"
"07-07-2022","2.865","2.778","2.757","2.757","2.72%"
"06-07-2022","2.789","2.768","2.728","2.728","1.34%"
"05-07-2022","2.752","2.776","2.721","2.721","-0.96%"
"04-07-2022","2.779","2.679","2.779","2.679","2.23%"
"01-07-2022","2.718","2.774","2.679","2.679","-2.58%"
"30-06-2022","2.790","2.896","2.782","2.782","-2.04%"
"29-06-2022","2.848","2.898","2.845","2.845","-1.01%"
"28-06-2022","2.877","2.885","2.861","2.861","0.07%"
"27-06-2022","2.875","2.841","2.801","2.801","1.59%"
"24-06-2022","2.830","2.759","2.759","2.759","2.35%"
"23-06-2022","2.765","2.804","2.667","2.667","-1.04%"
"22-06-2022","2.794","2.926","2.781","2.780","-4.41%"
"21-06-2022","2.923","2.868","2.860","2.860","1.73%"
"20-06-2022","2.873","2.858","2.873","2.858","0.57%"
"17-06-2022","2.857","2.945","2.828","2.828","-0.97%"
"16-06-2022","2.885","2.961","2.866","2.866","-2.67%"
"15-06-2022","2.964","3.145","2.917","2.917","-2.88%"
"14-06-2022","3.052","2.901","2.872","2.872","9.04%"
"13-06-2022","2.799","2.546","2.533","2.533","11.65%"
"10-06-2022","2.507","2.300","2.300","2.300","9.00%"
"09-06-2022","2.300","2.261","2.243","2.243","2.45%"
"08-06-2022","2.245","2.224","2.214","2.214","1.77%"
"07-06-2022","2.206","2.225","2.185","2.185","0.46%"
"06-06-2022","2.196","2.172","2.162","2.162","1.57%"
"03-06-2022","2.162","2.136","2.123","2.123","1.69%"
"02-06-2022","2.126","2.136","2.110","2.110","0.14%"
"01-06-2022","2.123","2.079","2.068","2.068","3.41%"
"31-05-2022","2.053","2.001","2.001","2.001","2.35%"
"30-05-2022","2.006","1.998","2.006","1.998","0.79%"
"27-05-2022","1.990","1.988","1.967","1.967","0.76%"
"26-05-2022","1.975","2.019","1.964","1.964","-0.90%"
"25-05-2022","1.993","2.022","1.970","1.970","-0.15%"
"24-05-2022","1.996","2.106","1.991","1.991","-4.04%"
"23-05-2022","2.080","2.093","2.137","2.061","0.53%"
"20-05-2022","2.069","2.116","2.059","2.059","-1.52%"
"19-05-2022","2.101","2.171","2.090","2.090","2.79%"
"18-05-2022","2.044","2.086","2.031","2.031","-1.26%"
"17-05-2022","2.070","2.007","2.007","2.007","3.66%"
"16-05-2022","1.997","1.963","1.958","1.958","1.99%"
"13-05-2022","1.958","1.911","1.901","1.901","3.27%"
"12-05-2022","1.896","1.945","1.893","1.893","-2.02%"
"11-05-2022","1.935","1.937","1.919","1.919","-0.26%"
"10-05-2022","1.940","1.930","1.906","1.906","0.15%"
"09-05-2022","1.937","2.031","1.911","1.911","-3.05%"
"06-05-2022","1.998","2.066","1.974","1.974","-1.77%"
"05-05-2022","2.034","2.029","2.003","2.003","0.89%"
"04-05-2022","2.016","2.105","2.006","2.006","-4.68%"
"03-05-2022","2.115","2.069","2.058","2.058","2.27%"
"02-05-2022","2.068","2.069","2.035","2.034","0.49%"
"29-04-2022","2.058","2.027","1.995","1.995","2.85%"
"28-04-2022","2.001","1.993","1.959","1.959","2.14%"
"27-04-2022","1.959","1.980","1.925","1.925","-0.81%"
"26-04-2022","1.975","2.040","1.944","1.944","-2.32%"
"25-04-2022","2.022","2.051","1.980","1.980","-1.89%"
"22-04-2022","2.061","2.025","2.025","2.025","2.18%"
"21-04-2022","2.017","1.968","1.944","1.944","4.18%"
"20-04-2022","1.936","1.944","1.929","1.929","5.91%"
"19-04-2022","1.828","1.783","1.781","1.781","3.39%"
"18-04-2022","1.768","1.726","1.690","1.690","1.78%"
"14-04-2022","1.737","1.714","1.693","1.693","3.21%"
"13-04-2022","1.683","1.701","1.672","1.672","-1.92%"
"12-04-2022","1.716","1.813","1.701","1.701","-3.81%"
"11-04-2022","1.784","1.800","1.776","1.776","0.90%"
"08-04-2022","1.768","1.763","1.758","1.758","1.90%"
"07-04-2022","1.735","1.823","1.724","1.724","-1.59%"
"06-04-2022","1.763","1.748","1.732","1.732","1.03%"
"05-04-2022","1.745","1.696","1.696","1.696","2.71%"
"04-04-2022","1.699","1.732","1.649","1.649","0.77%"
"01-04-2022","1.686","1.637","1.618","1.618","4.85%"
"31-03-2022","1.608","1.644","1.600","1.600","-2.07%"
"30-03-2022","1.642","1.683","1.616","1.616","-0.91%"
"29-03-2022","1.657","1.717","1.637","1.637","-1.13%"
"28-03-2022","1.676","1.647","1.647","1.647","0.96%"
"25-03-2022","1.660","1.549","1.549","1.549","7.58%"
"24-03-2022","1.543","1.543","1.525","1.525","1.85%"
"23-03-2022","1.515","1.611","1.507","1.507","12.56%"
"22-03-2022","1.346","1.302","1.281","1.281","5.07%"
"21-03-2022","1.281","1.304","1.170","1.170","4.57%"
"18-03-2022","1.225","1.217","1.194","1.194","0.25%"
"17-03-2022","1.222","1.315","1.209","1.209","-5.93%"
"16-03-2022","1.299","1.238","1.212","1.212","7.18%"
"15-03-2022","1.212","1.227","1.186","1.186","-1.22%"
"14-03-2022","1.227","1.163","1.160","1.160","5.05%"
"11-03-2022","1.168","1.137","1.135","1.135","1.13%"
"10-03-2022","1.155","1.155","1.114","1.114","2.94%"
"09-03-2022","1.122","1.101","1.081","1.081","3.31%"
"08-03-2022","1.086","1.101","1.045","1.044","3.92%"
"07-03-2022","1.045","1.060","1.029","1.029","1.55%"
"04-03-2022","1.029","1.058","0.978","0.978","-3.83%"
"03-03-2022","1.070","1.099","1.027","1.027","2.20%"
"02-03-2022","1.047","0.944","0.926","0.926","17.64%"
"01-03-2022","0.890","1.047","0.865","0.865","-11.97%"
"28-02-2022","1.011","1.127","1.001","1.001","-10.29%"
"25-02-2022","1.127","1.120","1.104","1.104","4.74%"
"24-02-2022","1.076","1.184","1.029","1.029","-6.43%"
"23-02-2022","1.150","1.176","1.117","1.117","5.41%"
"22-02-2022","1.091","1.018","1.011","1.011","6.31%"
"21-02-2022","1.026","1.026","1.026","1.026","3.34%"
"18-02-2022","0.993","1.011","0.980","0.980","-2.74%"
"17-02-2022","1.021","1.088","1.008","1.008","-2.67%"
"16-02-2022","1.049","1.098","1.024","1.024","-2.24%"
"15-02-2022","1.073","1.168","1.062","1.062","-2.81%"
"14-02-2022","1.104","1.034","1.034","1.034","4.45%"
"11-02-2022","1.057","1.186","1.032","1.032","-2.67%"
"10-02-2022","1.086","0.926","0.880","0.880","22.99%"
"09-02-2022","0.883","0.908","0.867","0.867","0.00%"
"08-02-2022","0.883","0.888","0.870","0.870","2.08%"
"07-02-2022","0.865","0.903","0.857","0.857","-2.04%"
"04-02-2022","0.883","0.790","0.772","0.772","15.12%"
"03-02-2022","0.767","0.744","0.726","0.726","3.09%"
"02-02-2022","0.744","0.801","0.739","0.739","-3.38%"
"01-02-2022","0.770","0.795","0.765","0.765","0.39%"
"31-01-2022","0.767","0.767","0.811","0.767","1.72%"
"28-01-2022","0.754","0.785","0.739","0.739","0.67%"
"27-01-2022","0.749","0.747","0.729","0.729","10.96%"
"26-01-2022","0.675","0.652","0.642","0.642","11.39%"
"25-01-2022","0.606","0.565","0.565","0.565","9.19%"
"24-01-2022","0.555","0.570","0.552","0.552","0.54%"
"21-01-2022","0.552","0.575","0.544","0.544","-1.78%"
"20-01-2022","0.562","0.552","0.537","0.537","4.66%"
"19-01-2022","0.537","0.555","0.534","0.534","-2.36%"
"18-01-2022","0.550","0.516","0.514","0.514","7.02%"
"17-01-2022","0.514","0.514","0.514","0.514","4.66%"
"14-01-2022","0.491","0.460","0.458","0.458","7.91%"
"13-01-2022","0.455","0.460","0.448","0.447","0.44%"
"12-01-2022","0.453","0.448","0.437","0.437","1.80%"
"11-01-2022","0.445","0.468","0.442","0.442","0.68%"
"10-01-2022","0.442","0.425","0.417","0.417","6.00%"
"07-01-2022","0.417","0.432","0.412","0.412","-3.47%"
"06-01-2022","0.432","0.407","0.407","0.407","6.93%"
"05-01-2022","0.404","0.379","0.376","0.376","7.45%"
"04-01-2022","0.376","0.404","0.414","0.376","-5.29%"
"03-01-2022","0.397","0.397","0.376","0.376","3.39%"
"31-12-2021","0.384","0.386","0.369","0.368","1.32%"
"30-12-2021","0.379","0.404","0.371","0.371","-2.57%"
"29-12-2021","0.389","0.402","0.384","0.384","33.22%"
"28-12-2021","0.292","0.315","0.290","0.289","-1.68%"
"27-12-2021","0.297","0.297","0.279","0.279","5.32%"
"23-12-2021","0.282","0.279","0.269","0.269","6.82%"
"22-12-2021","0.264","0.274","0.300","0.264","-1.12%"
"21-12-2021","0.267","0.264","0.274","0.256","6.37%"
"20-12-2021","0.251","0.274","0.236","0.236","-3.09%"
"17-12-2021","0.259","0.251","0.236","0.236","5.28%"
"16-12-2021","0.246","0.274","0.282","0.246","-9.56%"
"15-12-2021","0.272","0.254","0.251","0.251","9.24%"
"14-12-2021","0.249","0.254","0.264","0.249","-1.97%"
"13-12-2021","0.254","0.262","0.249","0.249","-3.05%"
"10-12-2021","0.262","0.292","0.246","0.246","-0.76%"
"09-12-2021","0.264","0.302","0.262","0.262","-8.01%"
"08-12-2021","0.287","0.323","0.325","0.284","-5.90%"
"07-12-2021","0.305","0.282","0.272","0.272","9.32%"
"06-12-2021","0.279","0.267","0.254","0.254","8.98%"
"03-12-2021","0.256","0.264","0.251","0.251","-2.29%"
"02-12-2021","0.262","0.249","0.246","0.246","3.15%"
"01-12-2021","0.254","0.269","0.246","0.246","14.93%"
"30-11-2021","0.221","0.200","0.178","0.178","14.51%"
"29-11-2021","0.193","0.239","0.185","0.185","8.43%"
"26-11-2021","0.178","0.218","0.165","0.165","-17.52%"
"25-11-2021","0.216","0.216","0.216","0.216","1.31%"
"24-11-2021","0.213","0.203","0.185","0.185","10.36%"
"23-11-2021","0.193","0.185","0.185","0.185","4.32%"
"22-11-2021","0.185","0.162","0.162","0.162","17.83%"
"19-11-2021","0.157","0.165","0.142","0.142","0.00%"
"18-11-2021","0.157","0.168","0.152","0.152","-1.87%"
"17-11-2021","0.160","0.173","0.157","0.157","-3.03%"
"16-11-2021","0.165","0.165","0.160","0.160","0.00%"
"15-11-2021","0.165","0.165","0.160","0.160","1.85%"
"12-11-2021","0.162","0.168","0.160","0.160","-1.82%"
"11-11-2021","0.165","0.165","0.165","0.165","1.85%"
"10-11-2021","0.162","0.140","0.137","0.137","18.25%"
"09-11-2021","0.137","0.155","0.134","0.134","-9.87%"
"08-11-2021","0.152","0.145","0.145","0.145","4.83%"
"05-11-2021","0.145","0.150","0.137","0.137","-3.33%"
"04-11-2021","0.150","0.190","0.147","0.147","-11.76%"
"03-11-2021","0.170","0.162","0.162","0.162","37.10%"
"02-11-2021","0.124","0.140","0.119","0.119","-2.36%"
"01-11-2021","0.127","0.140","0.124","0.124","0.00%"
"29-10-2021","0.127","0.124","0.117","0.117","6.72%"
"28-10-2021","0.119","0.119","0.117","0.117","0.00%"
"27-10-2021","0.119","0.132","0.114","0.114","-2.46%"
"26-10-2021","0.122","0.122","0.119","0.119","2.52%"
"25-10-2021","0.119","0.124","0.114","0.114","0.00%"
"22-10-2021","0.119","0.112","0.107","0.106","11.21%"
"21-10-2021","0.107","0.096","0.094","0.094","13.83%"
"20-10-2021","0.094","0.106","0.091","0.091","-6.93%"
"19-10-2021","0.101","0.104","0.099","0.099","-2.88%"
"18-10-2021","0.104","0.109","0.101","0.101","2.97%"
"15-10-2021","0.101","0.104","0.096","0.096","5.21%"
"14-10-2021","0.096","0.109","0.094","0.094","-3.03%"
"13-10-2021","0.099","0.099","0.109","0.099","0.00%"
"12-10-2021","0.099","0.094","0.094","0.094","8.43%"
"11-10-2021","0.091","0.091","0.091","0.091","-2.87%"
"08-10-2021","0.094","0.101","0.101","0.094","0.00%"
"07-10-2021","0.094","0.091","0.091","0.091","3.30%"
"06-10-2021","0.091","0.091","0.106","0.091","8.33%"
"05-10-2021","0.084","0.094","0.076","0.076","6.33%"
"04-10-2021","0.079","0.081","0.076","0.076","0.00%"
"01-10-2021","0.079","0.081","0.076","0.076","0.00%"
"30-09-2021","0.079","0.081","0.076","0.076","0.00%"
"29-09-2021","0.079","0.084","0.076","0.076","-2.47%"
"28-09-2021","0.081","0.081","0.076","0.076","2.53%"
"27-09-2021","0.079","0.081","0.084","0.079","0.00%"
"24-09-2021","0.079","0.079","0.074","0.073","6.76%"
"23-09-2021","0.074","0.076","0.074","0.073","-2.63%"
"22-09-2021","0.076","0.073","0.068","0.068","11.76%"
"21-09-2021","0.068","0.073","0.079","0.068","0.00%"
"20-09-2021","0.068","0.071","0.079","0.068","-4.23%"
"17-09-2021","0.071","0.073","0.081","0.071","0.00%"
"16-09-2021","0.071","0.073","0.081","0.071","0.00%"
"15-09-2021","0.071","0.076","0.068","0.068","0.00%"
"14-09-2021","0.071","0.076","0.084","0.071","-4.05%"
"13-09-2021","0.074","0.076","0.071","0.071","4.23%"
"10-09-2021","0.071","0.073","0.084","0.071","-4.05%"
"09-09-2021","0.074","0.076","0.071","0.071","0.00%"
"08-09-2021","0.074","0.081","0.071","0.071","12.12%"
"07-09-2021","0.066","0.071","0.079","0.066","-3.65%"
"06-09-2021","0.068","0.068","0.068","0.068","3.79%"
"03-09-2021","0.066","0.071","0.076","0.066","0.00%"
"02-09-2021","0.066","0.073","0.086","0.066","-2.94%"
"01-09-2021","0.068","0.073","0.066","0.066","0.00%"
"31-08-2021","0.068","0.073","0.066","0.066","3.03%"
"30-08-2021","0.066","0.073","0.079","0.066","-2.94%"
"27-08-2021","0.068","0.071","0.066","0.066","3.03%"
"26-08-2021","0.066","0.068","0.079","0.066","0.00%"
"25-08-2021","0.066","0.071","0.063","0.063","4.76%"
"24-08-2021","0.063","0.066","0.081","0.063","0.00%"
"23-08-2021","0.063","0.068","0.073","0.063","0.00%"
"20-08-2021","0.063","0.068","0.061","0.061","-4.55%"
"19-08-2021","0.066","0.073","0.079","0.066","-2.94%"
"18-08-2021","0.068","0.076","0.081","0.068","-4.23%"
"17-08-2021","0.071","0.079","0.068","0.068","-4.05%"
"16-08-2021","0.074","0.076","0.071","0.071","0.00%"
"13-08-2021","0.074","0.081","0.074","0.073","-6.33%"
"12-08-2021","0.079","0.081","0.076","0.076","-2.47%"
"11-08-2021","0.081","0.086","0.079","0.079","6.58%"
"10-08-2021","0.076","0.081","0.086","0.076","0.00%"
"09-08-2021","0.076","0.079","0.074","0.073","2.70%"
"06-08-2021","0.074","0.076","0.071","0.071","4.23%"
"05-08-2021","0.071","0.071","0.066","0.066","7.58%"
"04-08-2021","0.066","0.071","0.073","0.066","0.00%"
"03-08-2021","0.066","0.066","0.063","0.063","-2.94%"
"02-08-2021","0.068","0.071","0.063","0.063","3.03%"
"30-07-2021","0.066","0.071","0.076","0.066","0.00%"
"29-07-2021","0.066","0.073","0.079","0.066","0.00%"
"28-07-2021","0.066","0.073","0.079","0.066","-2.94%"
"27-07-2021","0.068","0.071","0.079","0.068","-4.23%"
"26-07-2021","0.071","0.071","0.068","0.068","0.00%"
"23-07-2021","0.071","0.086","0.068","0.068","0.00%"
"22-07-2021","0.071","0.076","0.068","0.068","0.00%"
"21-07-2021","0.071","0.073","0.081","0.071","-4.05%"
"20-07-2021","0.074","0.076","0.071","0.071","0.00%"
"19-07-2021","0.074","0.076","0.068","0.068","-2.63%"
"16-07-2021","0.076","0.076","0.074","0.073","2.70%"
"15-07-2021","0.074","0.073","0.071","0.071","0.00%"
"14-07-2021","0.074","0.081","0.074","0.073","0.00%"
"13-07-2021","0.074","0.079","0.068","0.068","8.82%"
"12-07-2021","0.068","0.076","0.066","0.066","0.00%"
"09-07-2021","0.068","0.071","0.066","0.066","7.94%"
"08-07-2021","0.063","0.068","0.076","0.063","-7.35%"
"07-07-2021","0.068","0.076","0.063","0.063","3.03%"
"06-07-2021","0.066","0.076","0.081","0.066","-13.27%"
"05-07-2021","0.076","0.076","0.076","0.076","7.18%"
"02-07-2021","0.071","0.073","0.066","0.066","0.00%"
"01-07-2021","0.071","0.076","0.079","0.071","0.00%"
"30-06-2021","0.071","0.081","0.081","0.071","-4.05%"
"29-06-2021","0.074","0.079","0.071","0.071","-2.63%"
"28-06-2021","0.076","0.084","0.074","0.073","-6.17%"
"25-06-2021","0.081","0.086","0.089","0.081","0.00%"
"24-06-2021","0.081","0.086","0.079","0.079","-3.57%"
"23-06-2021","0.084","0.086","0.081","0.081","3.70%"
"22-06-2021","0.081","0.089","0.096","0.081","-8.99%"
"21-06-2021","0.089","0.094","0.086","0.086","0.00%"
"18-06-2021","0.089","0.073","0.071","0.071","25.35%"
"17-06-2021","0.071","0.091","0.068","0.068","-15.48%"
"16-06-2021","0.084","0.081","0.068","0.068","37.70%"
"15-06-2021","0.061","0.058","0.051","0.051","19.61%"
"14-06-2021","0.051","0.058","0.058","0.051","0.00%"
"11-06-2021","0.051","0.058","0.058","0.051","6.25%"
"10-06-2021","0.048","0.056","0.058","0.048","-5.88%"
"09-06-2021","0.051","0.051","0.048","0.048","0.00%"
"08-06-2021","0.051","0.061","0.048","0.048","0.00%"
"07-06-2021","0.051","0.056","0.048","0.048","10.87%"
"04-06-2021","0.046","0.056","0.043","0.043","0.00%"
"03-06-2021","0.046","0.053","0.043","0.043","0.00%"
"02-06-2021","0.046","0.058","0.041","0.041","6.98%"
"01-06-2021","0.043","0.053","0.053","0.043","0.00%"
"31-05-2021","0.043","0.043","0.043","0.043","0.00%"
"28-05-2021","0.043","0.043","0.041","0.041","4.88%"
"27-05-2021","0.041","0.043","0.046","0.041","0.00%"
"26-05-2021","0.041","0.046","0.056","0.041","-4.65%"
"25-05-2021","0.043","0.051","0.041","0.041","4.88%"
"24-05-2021","0.041","0.051","0.051","0.041","-4.65%"
"21-05-2021","0.043","0.051","0.041","0.041","4.88%"
"20-05-2021","0.041","0.058","0.061","0.041","-14.58%"
"19-05-2021","0.048","0.063","0.066","0.048","0.00%"
"18-05-2021","0.048","0.053","0.046","0.046","0.00%"
"17-05-2021","0.048","0.051","0.046","0.046","0.00%"
"14-05-2021","0.048","0.048","0.046","0.046","4.35%"
"13-05-2021","0.046","0.058","0.058","0.046","-4.17%"
"12-05-2021","0.048","0.061","0.061","0.048","0.00%"
"11-05-2021","0.048","0.051","0.046","0.046","0.00%"
"10-05-2021","0.048","0.056","0.046","0.046","-5.88%"
"07-05-2021","0.051","0.061","0.048","0.048","-3.77%"
"06-05-2021","0.053","0.053","0.051","0.051","-5.36%"
"05-05-2021","0.056","0.071","0.051","0.051","0.00%"
"04-05-2021","0.056","0.056","0.058","0.056","0.00%"
"03-05-2021","0.056","0.051","0.051","0.051","5.66%"
"30-04-2021","0.053","0.058","0.051","0.051","3.92%"
"29-04-2021","0.051","0.063","0.068","0.051","-3.77%"
"28-04-2021","0.053","0.063","0.051","0.051","-8.62%"
"27-04-2021","0.058","0.061","0.056","0.056","-4.92%"
"26-04-2021","0.061","0.061","0.068","0.061","0.00%"
"23-04-2021","0.061","0.066","0.076","0.061","-3.17%"
"22-04-2021","0.063","0.066","0.061","0.061","0.00%"
"21-04-2021","0.063","0.073","0.076","0.063","8.62%"
"20-04-2021","0.058","0.063","0.056","0.056","-4.92%"
"19-04-2021","0.061","0.063","0.071","0.061","-3.17%"
"16-04-2021","0.063","0.066","0.068","0.063","0.00%"
"15-04-2021","0.063","0.068","0.061","0.061","3.28%"
"14-04-2021","0.061","0.068","0.071","0.061","0.00%"
"13-04-2021","0.061","0.068","0.073","0.061","-7.58%"
"12-04-2021","0.066","0.066","0.061","0.061","13.79%"
"09-04-2021","0.058","0.063","0.056","0.056","3.57%"
"08-04-2021","0.056","0.066","0.053","0.053","-3.45%"
"07-04-2021","0.058","0.056","0.056","0.056","3.57%"
"06-04-2021","0.056","0.061","0.063","0.056","-8.20%"
"05-04-2021","0.061","0.076","0.079","0.061","-10.95%"
"02-04-2021","0.068","0.061","0.061","0.061","8.73%"
"01-04-2021","0.063","0.068","0.061","0.061","0.00%"
"31-03-2021","0.063","0.068","0.058","0.058","3.28%"
"30-03-2021","0.061","0.061","0.073","0.061","0.00%"
"29-03-2021","0.061","0.068","0.079","0.061","-7.58%"
"26-03-2021","0.066","0.071","0.076","0.066","0.00%"
"25-03-2021","0.066","0.079","0.079","0.066","-7.04%"
"24-03-2021","0.071","0.081","0.068","0.068","12.70%"
"23-03-2021","0.063","0.071","0.061","0.061","-4.55%"
"22-03-2021","0.066","0.068","0.061","0.061","8.20%"
"19-03-2021","0.061","0.076","0.086","0.061","-14.08%"
"18-03-2021","0.071","0.071","0.066","0.066","4.41%"
"17-03-2021","0.068","0.084","0.066","0.066","-8.11%"
"16-03-2021","0.074","0.076","0.074","0.073","-2.63%"
"15-03-2021","0.076","0.079","0.074","0.073","0.00%"
"12-03-2021","0.076","0.084","0.091","0.076","-6.17%"
"11-03-2021","0.081","0.086","0.094","0.081","-5.81%"
"10-03-2021","0.086","0.096","0.096","0.086","-3.37%"
"09-03-2021","0.089","0.086","0.081","0.081","5.95%"
"08-03-2021","0.084","0.084","0.081","0.081","3.70%"
"05-03-2021","0.081","0.086","0.076","0.076","2.53%"
"04-03-2021","0.079","0.089","0.076","0.076","0.00%"
"03-03-2021","0.079","0.076","0.074","0.073","3.95%"
"02-03-2021","0.076","0.081","0.071","0.071","0.00%"
"01-03-2021","0.076","0.084","0.071","0.071","-3.80%"
"26-02-2021","0.079","0.099","0.076","0.076","-11.24%"
"25-02-2021","0.089","0.076","0.076","0.076","17.11%"
"24-02-2021","0.076","0.079","0.074","0.073","2.70%"
"23-02-2021","0.074","0.058","0.058","0.058","32.14%"
"22-02-2021","0.056","0.063","0.053","0.053","0.00%"
"19-02-2021","0.056","0.066","0.053","0.053","0.00%"
"18-02-2021","0.056","0.076","0.076","0.056","-17.65%"
"17-02-2021","0.068","0.071","0.066","0.066","0.00%"
"16-02-2021","0.068","0.071","0.066","0.066","0.00%"
"15-02-2021","0.068","0.066","0.068","0.066","3.79%"
"12-02-2021","0.066","0.073","0.079","0.066","-7.04%"
"11-02-2021","0.071","0.073","0.068","0.068","0.00%"
"10-02-2021","0.071","0.081","0.081","0.071","-4.05%"
"09-02-2021","0.074","0.071","0.071","0.071","12.12%"
"08-02-2021","0.066","0.066","0.063","0.063","4.76%"
"05-02-2021","0.063","0.079","0.079","0.063","-11.27%"
"04-02-2021","0.071","0.081","0.068","0.068","-6.58%"
"03-02-2021","0.076","0.089","0.089","0.076","-6.17%"
"02-02-2021","0.081","0.089","0.079","0.079","2.53%"
"01-02-2021","0.079","0.086","0.094","0.079","-5.95%"
"29-01-2021","0.084","0.094","0.081","0.081","-2.33%"
"28-01-2021","0.086","0.096","0.096","0.086","-5.49%"
"27-01-2021","0.091","0.096","0.084","0.084","0.00%"
"26-01-2021","0.091","0.101","0.086","0.086","0.00%"
"25-01-2021","0.091","0.096","0.104","0.091","-3.19%"
"22-01-2021","0.094","0.101","0.106","0.094","-2.08%"
"21-01-2021","0.096","0.112","0.112","0.096","-3.03%"
"20-01-2021","0.099","0.106","0.109","0.099","-1.98%"
"19-01-2021","0.101","0.101","0.099","0.099","0.00%"
"18-01-2021","0.101","0.109","0.109","0.101","0.00%"
"15-01-2021","0.101","0.101","0.099","0.099","2.02%"
"14-01-2021","0.099","0.101","0.096","0.096","-1.98%"
"13-01-2021","0.101","0.109","0.099","0.099","-2.88%"
"12-01-2021","0.104","0.114","0.101","0.101","0.00%"
"11-01-2021","0.104","0.112","0.101","0.101","2.97%"
"08-01-2021","0.101","0.112","0.099","0.099","-5.61%"
"07-01-2021","0.107","0.112","0.104","0.104","-1.83%"
"06-01-2021","0.109","0.106","0.101","0.101","7.92%"
"05-01-2021","0.101","0.104","0.099","0.099","-2.88%"
"04-01-2021","0.104","0.114","0.101","0.101","-7.14%"
"31-12-2020","0.112","0.112","0.109","0.109","0.00%"
"30-12-2020","0.112","0.122","0.122","0.112","4.67%"
"29-12-2020","0.107","0.104","0.101","0.101","2.88%"
"28-12-2020","0.104","0.101","0.096","0.096","8.33%"
"24-12-2020","0.096","0.094","0.091","0.091","5.49%"
"23-12-2020","0.091","0.096","0.089","0.089","2.25%"
"22-12-2020","0.089","0.094","0.101","0.089","-2.20%"
"21-12-2020","0.091","0.096","0.089","0.089","0.00%"
"18-12-2020","0.091","0.096","0.104","0.091","-3.19%"
"17-12-2020","0.094","0.096","0.089","0.089","5.62%"
"16-12-2020","0.089","0.099","0.099","0.089","-2.20%"
"15-12-2020","0.091","0.089","0.086","0.086","2.25%"
"14-12-2020","0.089","0.096","0.086","0.086","3.49%"
"11-12-2020","0.086","0.106","0.106","0.086","-13.13%"
"10-12-2020","0.099","0.101","0.112","0.099","-1.98%"
"09-12-2020","0.101","0.104","0.114","0.101","-5.61%"
"08-12-2020","0.107","0.101","0.101","0.101","2.88%"
"07-12-2020","0.104","0.117","0.101","0.101","0.00%"
"04-12-2020","0.104","0.106","0.117","0.104","-2.80%"
"03-12-2020","0.107","0.112","0.104","0.104","-4.46%"
"02-12-2020","0.112","0.114","0.109","0.109","4.67%"
"01-12-2020","0.107","0.109","0.104","0.104","0.00%"
"30-11-2020","0.107","0.114","0.104","0.104","0.00%"
"27-11-2020","0.107","0.106","0.104","0.104","0.47%"
"26-11-2020","0.106","0.106","0.106","0.106","-0.47%"
"25-11-2020","0.107","0.122","0.104","0.104","0.00%"
"24-11-2020","0.107","0.106","0.104","0.104","2.88%"
"23-11-2020","0.104","0.109","0.114","0.104","2.97%"
"20-11-2020","0.101","0.114","0.117","0.101","-2.88%"
"19-11-2020","0.104","0.119","0.101","0.101","-4.59%"
"18-11-2020","0.109","0.114","0.132","0.109","-2.68%"
"17-11-2020","0.112","0.127","0.127","0.112","-4.27%"
"16-11-2020","0.117","0.132","0.114","0.114","-4.10%"
"13-11-2020","0.122","0.129","0.129","0.122","2.52%"
"12-11-2020","0.119","0.124","0.129","0.119","-4.26%"
"11-11-2020","0.124","0.124","0.124","0.124","0.00%"
"10-11-2020","0.124","0.127","0.119","0.119","-2.36%"
"09-11-2020","0.127","0.134","0.134","0.127","2.42%"
"06-11-2020","0.124","0.132","0.122","0.122","1.64%"
"05-11-2020","0.122","0.142","0.142","0.122","-1.61%"
"04-11-2020","0.124","0.137","0.122","0.122","4.20%"
"03-11-2020","0.119","0.142","0.142","0.119","-2.46%"
"02-11-2020","0.122","0.134","0.119","0.119","-3.94%"
"30-10-2020","0.127","0.132","0.124","0.124","0.00%"
"29-10-2020","0.127","0.122","0.122","0.122","4.10%"
"28-10-2020","0.122","0.129","0.119","0.119","0.00%"
"27-10-2020","0.122","0.132","0.119","0.119","-1.61%"
"26-10-2020","0.124","0.127","0.134","0.124","-2.36%"
"23-10-2020","0.127","0.129","0.124","0.124","0.00%"
"22-10-2020","0.127","0.127","0.124","0.124","-1.55%"
"21-10-2020","0.129","0.137","0.124","0.124","1.57%"
"20-10-2020","0.127","0.137","0.137","0.127","-3.79%"
"19-10-2020","0.132","0.137","0.129","0.129","3.94%"
"16-10-2020","0.127","0.127","0.124","0.124","0.00%"
"15-10-2020","0.127","0.132","0.122","0.122","0.00%"
"14-10-2020","0.127","0.132","0.134","0.127","-1.55%"
"13-10-2020","0.129","0.134","0.142","0.129","-3.73%"
"09-10-2020","0.134","0.134","0.129","0.129","1.52%"
"08-10-2020","0.132","0.134","0.127","0.127","0.00%"
"07-10-2020","0.132","0.140","0.129","0.129","6.45%"
"06-10-2020","0.124","0.127","0.122","0.122","0.00%"
"05-10-2020","0.124","0.122","0.119","0.119","5.98%"
"02-10-2020","0.117","0.122","0.114","0.114","0.00%"
"01-10-2020","0.117","0.124","0.129","0.117","-1.68%"
"30-09-2020","0.119","0.124","0.112","0.112","1.71%"
"29-09-2020","0.117","0.127","0.129","0.117","-1.68%"
"28-09-2020","0.119","0.129","0.129","0.119","0.00%"
"25-09-2020","0.119","0.124","0.117","0.117","-2.46%"
"24-09-2020","0.122","0.124","0.119","0.119","2.52%"
"23-09-2020","0.119","0.129","0.129","0.119","-2.46%"
"22-09-2020","0.122","0.129","0.119","0.119","2.52%"
"21-09-2020","0.119","0.134","0.117","0.117","-2.46%"
"18-09-2020","0.122","0.122","0.119","0.119","2.52%"
"17-09-2020","0.119","0.134","0.134","0.119","-4.03%"
"16-09-2020","0.124","0.129","0.122","0.122","-3.88%"
"15-09-2020","0.129","0.155","0.155","0.129","-2.27%"
"14-09-2020","0.132","0.145","0.145","0.132","-3.65%"
"11-09-2020","0.137","0.140","0.134","0.134","-2.14%"
"10-09-2020","0.140","0.140","0.137","0.137","2.19%"
"09-09-2020","0.137","0.150","0.150","0.137","0.00%"
"08-09-2020","0.137","0.132","0.129","0.129","6.20%"
"04-09-2020","0.129","0.124","0.119","0.119","8.40%"
"03-09-2020","0.119","0.132","0.117","0.117","-4.03%"
"02-09-2020","0.124","0.129","0.119","0.119","1.64%"
"01-09-2020","0.122","0.134","0.134","0.122","0.00%"
"31-08-2020","0.122","0.122","0.119","0.119","2.52%"
"28-08-2020","0.119","0.129","0.117","0.117","-7.75%"
"27-08-2020","0.129","0.142","0.119","0.119","4.03%"
"26-08-2020","0.124","0.145","0.145","0.124","-3.88%"
"25-08-2020","0.129","0.140","0.127","0.127","0.00%"
"24-08-2020","0.129","0.129","0.127","0.127","1.57%"
"21-08-2020","0.127","0.137","0.119","0.119","2.42%"
"20-08-2020","0.124","0.142","0.122","0.122","0.00%"
"19-08-2020","0.124","0.127","0.142","0.124","-2.36%"
"18-08-2020","0.127","0.127","0.124","0.124","0.00%"
"17-08-2020","0.127","0.147","0.124","0.124","-5.22%"
"14-08-2020","0.134","0.162","0.162","0.134","-5.63%"
"13-08-2020","0.142","0.162","0.140","0.140","1.43%"
"12-08-2020","0.140","0.157","0.157","0.140","-1.41%"
"11-08-2020","0.142","0.134","0.134","0.134","7.58%"
"10-08-2020","0.132","0.129","0.127","0.127","2.33%"
"07-08-2020","0.129","0.142","0.124","0.124","1.57%"
"06-08-2020","0.127","0.142","0.122","0.122","2.42%"
"05-08-2020","0.124","0.132","0.117","0.117","4.20%"
"04-08-2020","0.119","0.134","0.117","0.117","0.00%"
"03-08-2020","0.119","0.129","0.112","0.112","1.71%"
"31-07-2020","0.117","0.132","0.112","0.112","0.00%"
"30-07-2020","0.117","0.142","0.114","0.114","-9.30%"
"29-07-2020","0.129","0.152","0.127","0.127","-5.84%"
"28-07-2020","0.137","0.157","0.134","0.134","-5.52%"
"27-07-2020","0.145","0.157","0.140","0.140","2.11%"
"24-07-2020","0.142","0.145","0.145","0.142","1.43%"
"23-07-2020","0.140","0.142","0.145","0.140","-1.41%"
"22-07-2020","0.142","0.157","0.140","0.140","-2.07%"
"21-07-2020","0.145","0.160","0.142","0.142","-1.36%"
"20-07-2020","0.147","0.142","0.142","0.142","1.38%"
"17-07-2020","0.145","0.155","0.142","0.142","-1.36%"
"16-07-2020","0.147","0.173","0.145","0.145","-3.29%"
"15-07-2020","0.152","0.168","0.168","0.152","-1.94%"
"14-07-2020","0.155","0.168","0.168","0.155","-1.27%"
"13-07-2020","0.157","0.162","0.147","0.147","3.29%"
"10-07-2020","0.152","0.165","0.145","0.145","0.00%"
"09-07-2020","0.152","0.173","0.173","0.152","-3.18%"
"08-07-2020","0.157","0.173","0.155","0.155","0.00%"
"07-07-2020","0.157","0.173","0.173","0.157","-1.87%"
"06-07-2020","0.160","0.173","0.157","0.157","1.91%"
"02-07-2020","0.157","0.173","0.173","0.157","-3.09%"
"01-07-2020","0.162","0.173","0.157","0.157","1.25%"
"30-06-2020","0.160","0.162","0.155","0.155","0.00%"
"29-06-2020","0.160","0.178","0.157","0.157","-1.23%"
"26-06-2020","0.162","0.173","0.190","0.162","-8.99%"
"25-06-2020","0.178","0.190","0.173","0.173","0.00%"
"24-06-2020","0.178","0.193","0.175","0.175","0.00%"
"23-06-2020","0.178","0.188","0.173","0.173","1.71%"
"22-06-2020","0.175","0.193","0.173","0.173","-1.69%"
"19-06-2020","0.178","0.180","0.175","0.175","-2.73%"
"18-06-2020","0.183","0.211","0.211","0.183","-5.18%"
"17-06-2020","0.193","0.200","0.188","0.188","0.00%"
"16-06-2020","0.193","0.195","0.178","0.178","8.43%"
"15-06-2020","0.178","0.178","0.193","0.178","0.00%"
"12-06-2020","0.178","0.188","0.175","0.175","-2.73%"
"11-06-2020","0.183","0.185","0.180","0.180","-1.08%"
"10-06-2020","0.185","0.200","0.183","0.183","-1.60%"
"09-06-2020","0.188","0.200","0.208","0.188","0.00%"
"08-06-2020","0.188","0.198","0.180","0.180","2.73%"
"05-06-2020","0.183","0.188","0.170","0.170","5.78%"
"04-06-2020","0.173","0.188","0.170","0.170","-3.89%"
"03-06-2020","0.180","0.183","0.190","0.167","5.88%"
"02-06-2020","0.170","0.183","0.165","0.165","0.00%"
"01-06-2020","0.170","0.188","0.195","0.167","-1.73%"
"29-05-2020","0.173","0.188","0.170","0.170","-3.89%"
"28-05-2020","0.180","0.198","0.178","0.178","-1.64%"
"27-05-2020","0.183","0.198","0.198","0.167","5.78%"
"26-05-2020","0.173","0.183","0.162","0.162","6.53%"
"25-05-2020","0.162","0.162","0.162","0.162","-1.58%"
"22-05-2020","0.165","0.183","0.162","0.162","0.00%"
"21-05-2020","0.165","0.178","0.157","0.157","3.13%"
"20-05-2020","0.160","0.188","0.157","0.157","1.91%"
"19-05-2020","0.157","0.157","0.155","0.155","-4.85%"
"18-05-2020","0.165","0.157","0.147","0.147","12.24%"
"15-05-2020","0.147","0.152","0.145","0.145","-6.37%"
"14-05-2020","0.157","0.157","0.147","0.147","1.29%"
"13-05-2020","0.155","0.155","0.152","0.152","-3.12%"
"12-05-2020","0.160","0.155","0.155","0.155","0.00%"
"11-05-2020","0.160","0.160","0.142","0.142","6.67%"
"08-05-2020","0.150","0.162","0.127","0.127","5.63%"
"07-05-2020","0.142","0.160","0.137","0.137","-12.35%"
"06-05-2020","0.162","0.173","0.160","0.160","0.00%"
"05-05-2020","0.162","0.160","0.157","0.157","-1.82%"
"04-05-2020","0.165","0.193","0.157","0.157","-1.20%"
"01-05-2020","0.167","0.193","0.160","0.160","0.00%"
"30-04-2020","0.167","0.188","0.150","0.150","1.21%"
"29-04-2020","0.165","0.170","0.157","0.157","-1.20%"
"28-04-2020","0.167","0.203","0.162","0.162","-6.18%"
"27-04-2020","0.178","0.196","0.195","0.167","4.71%"
"24-04-2020","0.170","0.193","0.178","0.167","-1.73%"
"23-04-2020","0.173","0.188","0.178","0.160","4.85%"
"22-04-2020","0.165","0.173","0.162","0.162","13.79%"
"21-04-2020","0.145","0.183","0.137","0.137","-7.64%"
"20-04-2020","0.157","0.163","0.097","0.097","-5.99%"
"17-04-2020","0.167","0.377","0.097","0.097","-6.18%"
"16-04-2020","0.178","0.153","0.097","0.097","-6.32%"
"15-04-2020","0.190","0.259","0.259","0.185","-21.16%"
"14-04-2020","0.241","0.248","0.231","0.231","-10.41%"
"13-04-2020","0.269","0.290","0.254","0.241","8.03%"
"09-04-2020","0.249","0.226","0.206","0.206","5.51%"
"08-04-2020","0.236","0.188","0.178","0.178","19.19%"
"07-04-2020","0.198","0.160","0.157","0.157","14.45%"
"06-04-2020","0.173","0.391","0.145","0.145","15.33%"
"03-04-2020","0.150","0.384","0.142","0.142","0.00%"
"02-04-2020","0.150","0.147","0.137","0.137","-4.46%"
"01-04-2020","0.157","0.183","0.145","0.145","3.29%"
"31-03-2020","0.152","0.145","0.129","0.129","8.57%"
"30-03-2020","0.140","0.117","0.117","0.117","12.90%"
"27-03-2020","0.124","0.132","0.114","0.114","-3.88%"
"26-03-2020","0.129","0.185","0.124","0.124","-33.16%"
"25-03-2020","0.193","0.246","0.183","0.183","-18.57%"
"24-03-2020","0.237","0.148","0.140","0.140","43.64%"
"23-03-2020","0.165","0.127","0.097","0.097","17.86%"
"20-03-2020","0.140","0.242","0.125","0.125","-12.50%"
"19-03-2020","0.160","0.183","0.142","0.142","-14.89%"
"18-03-2020","0.188","0.387","0.153","0.153","-29.06%"
"17-03-2020","0.265","0.273","0.255","0.255","-6.36%"
"16-03-2020","0.283","0.211","0.137","0.137","-22.89%"
"13-03-2020","0.367","0.364","0.339","0.339","2.23%"
"12-03-2020","0.359","0.377","0.298","0.298","-10.92%"
"11-03-2020","0.403","0.438","0.349","0.349","0.75%"
"10-03-2020","0.400","0.354","0.336","0.336","37.93%"
"09-03-2020","0.290","0.393","0.209","0.209","-24.68%"
"06-03-2020","0.385","0.474","0.336","0.336","-19.79%"
"05-03-2020","0.480","0.592","0.474","0.474","-16.81%"
"04-03-2020","0.577","0.723","0.572","0.572","-19.64%"
"03-03-2020","0.718","0.973","0.682","0.682","-18.87%"
"02-03-2020","0.885","0.993","0.787","0.787","-9.97%"
"28-02-2020","0.983","1.197","0.962","0.962","-16.13%"
"27-02-2020","1.172","1.260","1.133","1.133","-6.76%"
"26-02-2020","1.257","1.319","1.322","1.257","-4.63%"
"25-02-2020","1.318","1.360","1.313","1.313","-3.44%"
"24-02-2020","1.365","1.438","1.355","1.355","-5.21%"
"21-02-2020","1.440","1.469","1.432","1.432","-1.97%"
"20-02-2020","1.469","1.490","1.461","1.461","-0.88%"
"19-02-2020","1.482","1.487","1.474","1.474","0.34%"
"18-02-2020","1.477","1.479","1.469","1.469","-0.33%"
"17-02-2020","1.482","1.485","1.485","1.482","0.33%"
"14-02-2020","1.477","1.497","1.474","1.474","-1.07%"
"13-02-2020","1.493","1.503","1.474","1.474","0.00%"
"12-02-2020","1.493","1.490","1.480","1.480","0.74%"
"11-02-2020","1.482","1.472","1.472","1.472","1.23%"
"10-02-2020","1.464","1.495","1.495","1.464","-1.55%"
"07-02-2020","1.487","1.503","1.480","1.480","-1.26%"
"06-02-2020","1.506","1.506","1.488","1.488","0.74%"
"05-02-2020","1.495","1.480","1.480","1.480","0.67%"
"04-02-2020","1.485","1.469","1.459","1.459","1.78%"
"03-02-2020","1.459","1.457","1.446","1.446","1.04%"
"31-01-2020","1.444","1.501","1.501","1.444","-2.30%"
"30-01-2020","1.478","1.517","1.465","1.465","-2.18%"
"29-01-2020","1.511","1.540","1.506","1.506","-2.14%"
"28-01-2020","1.544","1.539","1.531","1.531","0.19%"
"27-01-2020","1.541","1.549","1.521","1.521","0.13%"
"24-01-2020","1.539","1.557","1.528","1.528","-1.03%"
"23-01-2020","1.555","1.542","1.534","1.534","0.71%"
"22-01-2020","1.544","1.536","1.536","1.536","0.52%"
"21-01-2020","1.536","1.604","1.534","1.534","-1.20%"
"20-01-2020","1.555","1.555","1.555","1.555","0.00%"
"17-01-2020","1.555","1.588","1.539","1.539","0.52%"
"16-01-2020","1.547","1.542","1.542","1.542","0.19%"
"15-01-2020","1.544","1.578","1.526","1.526","0.65%"
"14-01-2020","1.534","1.532","1.526","1.526","0.13%"
"13-01-2020","1.532","1.532","1.521","1.521","0.52%"
"10-01-2020","1.524","1.584","1.584","1.524","-0.85%"
"09-01-2020","1.537","1.581","1.581","1.537","-0.19%"
"08-01-2020","1.540","1.537","1.514","1.514","0.20%"
"07-01-2020","1.537","1.537","1.527","1.527","-0.71%"
"06-01-2020","1.548","1.542","1.532","1.532","0.39%"
"03-01-2020","1.542","1.566","1.527","1.527","-2.16%"
"02-01-2020","1.576","1.579","1.558","1.558","-0.19%"
"01-01-2020","1.579","1.579","1.579","1.579","-0.19%"
"31-12-2019","1.582","1.582","1.569","1.569","4.01%"
"30-12-2019","1.521","1.505","1.505","1.505","0.86%"
"27-12-2019","1.508","1.625","1.505","1.505","-1.37%"
"26-12-2019","1.529","1.528","1.528","1.528","-0.14%"
"25-12-2019","1.531","1.531","1.531","1.531","0.00%"
"24-12-2019","1.531","1.630","1.529","1.529","-0.33%"
"23-12-2019","1.536","1.620","1.521","1.521","0.79%"
"20-12-2019","1.524","1.617","1.516","1.516","0.20%"
"19-12-2019","1.521","1.531","1.516","1.516","-0.33%"
"18-12-2019","1.526","1.630","1.630","1.526","-0.52%"
"17-12-2019","1.534","1.532","1.532","1.532","-0.32%"
"16-12-2019","1.539","1.625","1.526","1.526","0.33%"
"13-12-2019","1.534","1.558","1.532","1.532","-2.48%"
"12-12-2019","1.573","1.646","1.540","1.540","1.29%"
"11-12-2019","1.553","1.605","1.550","1.550","-0.45%"
"10-12-2019","1.560","1.602","1.602","1.547","0.13%"
"09-12-2019","1.558","1.563","1.553","1.553","-0.32%"
"06-12-2019","1.563","1.605","1.558","1.558","0.32%"
"05-12-2019","1.558","1.610","1.610","1.558","-0.32%"
"04-12-2019","1.563","1.610","1.610","1.563","0.00%"
"03-12-2019","1.563","1.599","1.557","1.557","-2.19%"
"02-12-2019","1.598","1.645","1.593","1.593","-0.06%"
"29-11-2019","1.599","1.643","1.593","1.593","0.35%"
"28-11-2019","1.594","1.596","1.596","1.594","-0.49%"
"27-11-2019","1.601","1.583","1.565","1.565","1.16%"
"26-11-2019","1.583","1.622","1.568","1.568","0.32%"
"25-11-2019","1.578","1.612","1.562","1.562","0.83%"
"22-11-2019","1.565","1.560","1.542","1.542","0.97%"
"21-11-2019","1.550","1.531","1.531","1.531","1.17%"
"20-11-2019","1.532","1.542","1.529","1.529","-0.65%"
"19-11-2019","1.542","1.591","1.537","1.537","-0.19%"
"18-11-2019","1.545","1.591","1.542","1.542","-0.13%"
"15-11-2019","1.547","1.651","1.542","1.542","-0.39%"
"14-11-2019","1.553","1.568","1.550","1.550","-0.83%"
"13-11-2019","1.566","1.581","1.560","1.560","-1.14%"
"12-11-2019","1.584","1.581","1.581","1.581","0.00%"
"11-11-2019","1.584","1.584","1.584","1.584","0.18%"
"08-11-2019","1.581","1.589","1.568","1.568","-0.38%"
"07-11-2019","1.587","1.654","1.579","1.579","0.51%"
"06-11-2019","1.579","1.610","1.678","1.579","-1.37%"
"05-11-2019","1.601","1.572","1.559","1.559","2.63%"
"04-11-2019","1.560","1.539","1.531","1.531","2.09%"
"01-11-2019","1.528","1.528","1.565","1.528","-0.07%"
"31-10-2019","1.529","1.583","1.521","1.521","-4.20%"
"30-10-2019","1.596","1.599","1.570","1.570","0.00%"
"29-10-2019","1.596","1.607","1.583","1.583","-0.99%"
"28-10-2019","1.612","1.617","1.604","1.604","0.31%"
"25-10-2019","1.607","1.594","1.614","1.588","0.69%"
"24-10-2019","1.596","1.599","1.581","1.581","0.63%"
"23-10-2019","1.586","1.599","1.568","1.568","0.00%"
"22-10-2019","1.586","1.604","1.568","1.568","-0.19%"
"21-10-2019","1.589","1.589","1.565","1.565","0.70%"
"18-10-2019","1.578","1.604","1.568","1.568","-1.00%"
"17-10-2019","1.594","1.610","1.584","1.584","0.00%"
"16-10-2019","1.594","1.638","1.589","1.589","-3.16%"
"15-10-2019","1.646","1.662","1.610","1.610","-1.27%"
"14-10-2019","1.667","1.659","1.667","1.659","0.62%"
"11-10-2019","1.657","1.626","1.615","1.615","2.41%"
"10-10-2019","1.618","1.600","1.571","1.571","1.13%"
"09-10-2019","1.600","1.615","1.582","1.582","-0.06%"
"08-10-2019","1.601","1.729","1.729","1.601","-3.15%"
"07-10-2019","1.653","1.625","1.593","1.593","3.25%"
"04-10-2019","1.601","1.625","1.596","1.596","-0.31%"
"03-10-2019","1.606","1.687","1.591","1.591","-4.23%"
"02-10-2019","1.677","1.729","1.674","1.674","-3.45%"
"01-10-2019","1.737","1.765","1.833","1.718","-1.75%"
"30-09-2019","1.768","1.773","1.760","1.760","0.45%"
"27-09-2019","1.760","1.792","1.755","1.755","-1.18%"
"26-09-2019","1.781","1.826","1.826","1.781","-2.14%"
"25-09-2019","1.820","1.800","1.794","1.794","1.45%"
"24-09-2019","1.794","1.813","1.792","1.792","-1.05%"
"23-09-2019","1.813","1.844","1.810","1.810","-2.11%"
"20-09-2019","1.852","2.014","1.836","1.836","-1.38%"
"19-09-2019","1.878","1.980","1.847","1.847","1.24%"
"18-09-2019","1.855","1.868","1.818","1.818","-0.86%"
"17-09-2019","1.871","1.912","1.852","1.852","0.16%"
"16-09-2019","1.868","1.915","1.834","1.834","-0.16%"
"13-09-2019","1.871","1.845","1.819","1.819","2.75%"
"12-09-2019","1.821","1.845","1.774","1.774","1.73%"
"11-09-2019","1.790","1.814","1.814","1.790","-1.32%"
"10-09-2019","1.814","1.783","1.822","1.754","3.07%"
"09-09-2019","1.760","1.749","1.742","1.742","0.74%"
"06-09-2019","1.747","1.760","1.734","1.734","-0.29%"
"05-09-2019","1.752","1.700","1.698","1.697","2.88%"
"04-09-2019","1.703","1.745","1.698","1.698","-2.07%"
"03-09-2019","1.739","1.765","1.737","1.737","-1.93%"
"02-09-2019","1.773","1.773","1.773","1.773","0.00%"
"30-08-2019","1.773","1.760","1.760","1.760","0.40%"
"29-08-2019","1.766","1.747","1.745","1.745","0.91%"
"28-08-2019","1.750","1.758","1.742","1.742","-0.74%"
"27-08-2019","1.763","1.750","1.745","1.745","0.28%"
"26-08-2019","1.758","1.732","1.732","1.732","1.50%"
"23-08-2019","1.732","1.792","1.729","1.729","-3.51%"
"22-08-2019","1.795","1.782","1.766","1.766","1.18%"
"21-08-2019","1.774","1.722","1.722","1.722","2.25%"
"20-08-2019","1.735","1.753","1.724","1.724","-0.57%"
"19-08-2019","1.745","1.714","1.712","1.712","2.71%"
"16-08-2019","1.699","1.709","1.740","1.699","-1.22%"
"15-08-2019","1.720","1.785","1.701","1.701","-3.64%"
"14-08-2019","1.785","1.861","1.782","1.782","-4.49%"
"13-08-2019","1.869","1.775","1.768","1.768","5.41%"
"12-08-2019","1.773","1.794","1.762","1.762","-1.17%"
"09-08-2019","1.794","1.794","1.770","1.770","0.17%"
"08-08-2019","1.791","1.786","1.763","1.763","1.59%"
"07-08-2019","1.763","1.820","1.742","1.742","-3.40%"
"06-08-2019","1.825","1.802","1.794","1.794","1.45%"
"05-08-2019","1.799","1.857","1.758","1.758","-3.64%"
"02-08-2019","1.867","1.899","1.852","1.852","-1.01%"
"01-08-2019","1.886","2.011","1.873","1.873","-5.98%"
"31-07-2019","2.006","1.988","1.948","1.948","1.06%"
"30-07-2019","1.985","1.988","1.982","1.982","-0.15%"
"29-07-2019","1.988","1.993","1.983","1.983","-0.25%"
"26-07-2019","1.993","1.980","1.972","1.972","0.25%"
"25-07-2019","1.988","1.967","1.957","1.957","0.81%"
"24-07-2019","1.972","1.970","1.959","1.959","-0.05%"
"23-07-2019","1.973","1.946","1.946","1.946","1.23%"
"22-07-2019","1.949","1.939","1.936","1.936","0.52%"
"19-07-2019","1.939","1.918","1.884","1.884","1.62%"
"18-07-2019","1.908","1.952","1.884","1.884","-2.00%"
"17-07-2019","1.947","1.968","1.942","1.942","-2.26%"
"16-07-2019","1.992","1.968","2.002","1.960","1.32%"
"15-07-2019","1.966","1.966","1.948","1.947","0.15%"
"12-07-2019","1.963","1.979","1.958","1.958","-0.30%"
"11-07-2019","1.969","1.948","1.935","1.935","1.23%"
"10-07-2019","1.945","2.021","1.943","1.943","-3.52%"
"09-07-2019","2.016","2.021","1.987","1.987","1.20%"
"08-07-2019","1.992","1.995","1.953","1.953","-0.05%"
"05-07-2019","1.993","1.920","1.917","1.917","3.54%"
"04-07-2019","1.925","1.925","1.925","1.925","0.15%"
"03-07-2019","1.922","1.920","1.912","1.912","-0.16%"
"02-07-2019","1.925","1.943","1.922","1.922","-1.23%"
"01-07-2019","1.949","1.938","1.933","1.933","0.98%"
"28-06-2019","1.930","1.959","1.923","1.923","-0.97%"
"27-06-2019","1.949","1.970","1.970","1.949","-1.17%"
"26-06-2019","1.972","1.939","1.972","1.938","1.60%"
"25-06-2019","1.941","1.923","1.920","1.920","0.67%"
"24-06-2019","1.928","1.939","1.920","1.920","-0.82%"
"21-06-2019","1.944","1.928","1.923","1.923","1.78%"
"20-06-2019","1.910","1.939","1.889","1.889","-3.58%"
"19-06-2019","1.981","2.054","1.939","1.939","-4.81%"
"18-06-2019","2.081","2.049","2.023","2.023","1.66%"
"17-06-2019","2.047","2.034","2.018","2.018","1.29%"
"14-06-2019","2.021","2.002","1.982","1.982","0.80%"
"13-06-2019","2.005","2.042","2.003","2.003","-1.43%"
"12-06-2019","2.034","2.063","2.029","2.029","-1.17%"
"11-06-2019","2.058","2.037","2.034","2.034","1.58%"
"10-06-2019","2.026","1.990","1.990","1.990","1.00%"
"07-06-2019","2.006","2.053","2.053","1.979","-1.76%"
"06-06-2019","2.042","2.053","2.011","2.011","-0.54%"
"05-06-2019","2.053","2.137","2.037","2.037","-3.43%"
"04-06-2019","2.126","2.129","2.121","2.121","-0.51%"
"03-06-2019","2.137","2.226","2.127","2.126","-3.56%"
"31-05-2019","2.216","2.295","2.211","2.211","-3.86%"
"30-05-2019","2.305","2.300","2.300","2.300","0.22%"
"29-05-2019","2.300","2.306","2.290","2.290","-0.48%"
"28-05-2019","2.311","2.327","2.350","2.311","-0.67%"
"27-05-2019","2.327","2.329","2.329","2.327","-0.23%"
"24-05-2019","2.332","2.311","2.311","2.311","0.65%"
"23-05-2019","2.317","2.359","2.361","2.317","-1.86%"
"22-05-2019","2.361","2.367","2.359","2.359","-0.46%"
"21-05-2019","2.372","2.335","2.335","2.335","1.15%"
"20-05-2019","2.345","2.335","2.345","2.324","0.30%"
"17-05-2019","2.338","2.330","2.338","2.319","0.13%"
"16-05-2019","2.335","2.314","2.335","2.309","0.99%"
"15-05-2019","2.312","2.325","2.325","2.301","-0.69%"
"14-05-2019","2.328","2.330","2.330","2.322","0.00%"
"13-05-2019","2.328","2.367","2.367","2.323","-1.44%"
"10-05-2019","2.362","2.367","2.370","2.359","-0.25%"
"09-05-2019","2.368","2.381","2.381","2.357","-0.34%"
"08-05-2019","2.376","2.368","2.384","2.365","0.21%"
"07-05-2019","2.371","2.381","2.381","2.368","-0.75%"
"06-05-2019","2.389","2.381","2.392","2.381","-0.67%"
"03-05-2019","2.405","2.397","2.413","2.392","0.08%"
"02-05-2019","2.403","2.384","2.405","2.384","0.88%"
"01-05-2019","2.382","2.382","2.392","2.340","0.00%"
"30-04-2019","2.382","2.408","2.408","2.382","-1.20%"
"29-04-2019","2.411","2.408","2.416","2.408","0.00%"
"26-04-2019","2.411","2.416","2.427","2.408","-0.66%"
"25-04-2019","2.427","2.417","2.427","2.417","0.08%"
"24-04-2019","2.425","2.443","2.446","2.422","-0.49%"
"23-04-2019","2.437","2.450","2.458","2.435","-0.65%"
"22-04-2019","2.453","2.443","2.461","2.443","0.41%"
"18-04-2019","2.443","2.451","2.453","2.438","-0.12%"
"17-04-2019","2.446","2.443","2.454","2.441","0.00%"
"16-04-2019","2.446","2.433","2.446","2.425","0.41%"
"15-04-2019","2.436","2.433","2.441","2.430","0.00%"
"12-04-2019","2.436","2.420","2.441","2.417","0.66%"
"11-04-2019","2.420","2.405","2.426","2.402","0.29%"
"10-04-2019","2.413","2.426","2.428","2.407","-0.41%"
"09-04-2019","2.423","2.426","2.428","2.418","-0.25%"
"08-04-2019","2.429","2.426","2.428","2.423","0.12%"
"05-04-2019","2.426","2.410","2.431","2.410","0.62%"
"04-04-2019","2.411","2.411","2.413","2.408","-0.08%"
"03-04-2019","2.413","2.400","2.419","2.395","0.29%"
"02-04-2019","2.406","2.411","2.411","2.403","-0.41%"
"01-04-2019","2.416","2.395","2.419","2.395","0.62%"
"29-03-2019","2.401","2.395","2.414","2.395","0.21%"
"28-03-2019","2.396","2.396","2.406","2.393","0.00%"
"27-03-2019","2.396","2.433","2.433","2.396","-1.32%"
"26-03-2019","2.428","2.412","2.457","2.412","0.00%"
"25-03-2019","2.428","2.444","2.457","2.420","-1.18%"
"22-03-2019","2.457","2.470","2.476","2.444","-0.97%"
"21-03-2019","2.481","2.463","2.486","2.463","0.40%"
"20-03-2019","2.471","2.497","2.502","2.455","-1.24%"
"19-03-2019","2.502","2.508","2.518","2.500","-0.56%"
"18-03-2019","2.516","2.513","2.521","2.513","-0.08%"
"15-03-2019","2.518","2.518","2.521","2.516","-0.04%"
"14-03-2019","2.519","2.519","2.524","2.519","0.00%"
"13-03-2019","2.519","2.519","2.524","2.519","-0.20%"
"12-03-2019","2.524","2.524","2.530","2.519","-0.32%"
"11-03-2019","2.532","2.519","2.535","2.519","0.32%"
"08-03-2019","2.524","2.524","2.535","2.519","-0.12%"
"07-03-2019","2.527","2.535","2.535","2.527","-0.43%"
"06-03-2019","2.538","2.541","2.543","2.536","-0.31%"
"05-03-2019","2.546","2.536","2.551","2.536","0.20%"
"04-03-2019","2.541","2.544","2.546","2.536","-0.51%"
"01-03-2019","2.554","2.546","2.554","2.541","0.47%"
"28-02-2019","2.542","2.542","2.557","2.536","-0.20%"
"27-02-2019","2.547","2.550","2.555","2.539","0.35%"
"26-02-2019","2.538","2.557","2.557","2.536","-0.63%"
"25-02-2019","2.554","2.541","2.557","2.538","0.39%"
"22-02-2019","2.544","2.552","2.555","2.538","-0.20%"
"21-02-2019","2.549","2.544","2.549","2.539","0.39%"
"20-02-2019","2.539","2.544","2.544","2.526","-0.20%"
"19-02-2019","2.544","2.544","2.547","2.539","-0.02%"
"18-02-2019","2.545","2.545","2.545","2.545","0.02%"
"15-02-2019","2.544","2.545","2.547","2.534","0.47%"
"14-02-2019","2.532","2.556","2.556","2.529","-0.71%"
"13-02-2019","2.550","2.540","2.563","2.540","0.20%"
"12-02-2019","2.545","2.540","2.553","2.540","0.00%"
"11-02-2019","2.545","2.524","2.548","2.524","0.39%"
"08-02-2019","2.535","2.530","2.535","2.527","0.00%"
"07-02-2019","2.535","2.551","2.556","2.535","-0.86%"
"06-02-2019","2.557","2.556","2.562","2.554","-0.20%"
"05-02-2019","2.562","2.562","2.572","2.562","-0.19%"
"04-02-2019","2.567","2.557","2.580","2.557","0.00%"
"01-02-2019","2.567","2.546","2.570","2.546","0.59%"
"31-01-2019","2.552","2.573","2.581","2.549","-1.24%"
"30-01-2019","2.584","2.600","2.621","2.579","-0.27%"
"29-01-2019","2.591","2.591","2.601","2.588","-0.31%"
"28-01-2019","2.599","2.596","2.604","2.591","0.12%"
"25-01-2019","2.596","2.575","2.599","2.575","0.70%"
"24-01-2019","2.578","2.581","2.591","2.578","-0.50%"
"23-01-2019","2.591","2.589","2.597","2.581","0.19%"
"22-01-2019","2.586","2.592","2.599","2.584","-0.42%"
"21-01-2019","2.597","2.597","2.597","2.597","0.12%"
"18-01-2019","2.594","2.566","2.602","2.563","0.78%"
"17-01-2019","2.574","2.566","2.582","2.558","0.31%"
"16-01-2019","2.566","2.571","2.585","2.566","0.00%"
"15-01-2019","2.566","2.577","2.593","2.564","-0.31%"
"14-01-2019","2.574","2.595","2.595","2.564","-0.12%"
"11-01-2019","2.577","2.593","2.609","2.577","-0.62%"
"10-01-2019","2.593","2.604","2.614","2.575","0.00%"
"09-01-2019","2.593","2.604","2.620","2.586","-0.42%"
"08-01-2019","2.604","2.578","2.609","2.575","1.13%"
"07-01-2019","2.575","2.562","2.583","2.546","0.39%"
"04-01-2019","2.565","2.505","2.573","2.499","2.31%"
"03-01-2019","2.507","2.610","2.658","2.507","-3.76%"
"02-01-2019","2.605","2.631","2.634","2.602","-0.80%"
"01-01-2019","2.626","2.626","2.626","2.626","0.96%"
"31-12-2018","2.601","2.575","2.612","2.575","0.58%"
"28-12-2018","2.586","2.586","2.599","2.575","0.31%"
"27-12-2018","2.578","2.612","2.615","2.576","-0.92%"
"26-12-2018","2.602","2.597","2.618","2.597","0.50%"
"25-12-2018","2.589","2.589","2.589","2.589","-0.69%"
"24-12-2018","2.607","2.634","2.634","2.586","-0.84%"
"21-12-2018","2.629","2.637","2.645","2.624","-0.19%"
"20-12-2018","2.634","2.650","2.650","2.629","-0.04%"
"19-12-2018","2.635","2.637","2.650","2.619","-0.08%"
"18-12-2018","2.637","2.656","2.661","2.632","-0.83%"
"17-12-2018","2.659","2.677","2.677","2.653","-0.56%"
"14-12-2018","2.674","2.688","2.690","2.672","-0.63%"
"13-12-2018","2.691","2.699","2.699","2.688","-0.37%"
"12-12-2018","2.701","2.694","2.709","2.686","-0.11%"
"11-12-2018","2.704","2.678","2.704","2.678","0.56%"
"10-12-2018","2.689","2.678","2.688","2.675","0.22%"
"07-12-2018","2.683","2.702","2.707","2.678","-0.70%"
"06-12-2018","2.702","2.721","2.723","2.692","-0.69%"
"05-12-2018","2.721","2.721","2.721","2.721","0.55%"
"04-12-2018","2.706","2.706","2.709","2.698","-0.04%"
"03-12-2018","2.707","2.680","2.709","2.680","0.59%"
"30-11-2018","2.691","2.667","2.691","2.667","0.37%"
"29-11-2018","2.681","2.673","2.681","2.668","0.19%"
"28-11-2018","2.676","2.684","2.694","2.670","-0.19%"
"27-11-2018","2.681","2.676","2.684","2.668","0.19%"
"26-11-2018","2.676","2.671","2.679","2.668","0.38%"
"23-11-2018","2.666","2.671","2.671","2.660","0.00%"
"22-11-2018","2.666","2.666","2.666","2.666","-0.11%"
"21-11-2018","2.669","2.661","2.674","2.661","0.30%"
"20-11-2018","2.661","2.666","2.666","2.656","0.08%"
"19-11-2018","2.659","2.666","2.677","2.656","-0.56%"
"16-11-2018","2.674","2.693","2.701","2.669","-0.93%"
"15-11-2018","2.699","2.709","2.709","2.693","-0.37%"
"14-11-2018","2.709","2.720","2.725","2.704","-0.51%"
"13-11-2018","2.723","2.725","2.731","2.723","-0.19%"
"12-11-2018","2.728","2.728","2.728","2.728","-0.11%"
"09-11-2018","2.731","2.731","2.744","2.731","-0.29%"
"08-11-2018","2.739","2.737","2.747","2.729","0.07%"
"07-11-2018","2.737","2.731","2.742","2.729","1.45%"
"06-11-2018","2.698","2.680","2.704","2.670","0.56%"
"05-11-2018","2.683","2.675","2.685","2.667","0.11%"
"02-11-2018","2.680","2.665","2.686","2.657","0.87%"
"01-11-2018","2.657","2.665","2.665","2.655","-0.30%"
"31-10-2018","2.665","2.649","2.668","2.647","0.79%"
"30-10-2018","2.644","2.644","2.649","2.644","0.08%"
"29-10-2018","2.642","2.629","2.652","2.621","0.61%"
"26-10-2018","2.626","2.645","2.650","2.618","-0.83%"
"25-10-2018","2.648","2.645","2.650","2.637","0.42%"
"24-10-2018","2.637","2.656","2.656","2.621","-0.60%"
"23-10-2018","2.653","2.671","2.671","2.645","-0.49%"
"22-10-2018","2.666","2.672","2.672","2.664","-0.04%"
"19-10-2018","2.667","2.672","2.674","2.661","0.19%"
"18-10-2018","2.662","2.664","2.672","2.659","0.19%"
"17-10-2018","2.657","2.657","2.662","2.654","0.00%"
"16-10-2018","2.657","2.667","2.670","2.654","-0.30%"
"15-10-2018","2.665","2.646","2.665","2.646","0.72%"
"12-10-2018","2.646","2.652","2.665","2.647","-0.23%"
"11-10-2018","2.652","2.663","2.671","2.652","-0.71%"
"10-10-2018","2.671","2.663","2.681","2.658","1.67%"
"09-10-2018","2.627","2.617","2.633","2.612","0.28%"
"08-10-2018","2.620","2.620","2.620","2.620","0.00%"
"05-10-2018","2.620","2.617","2.620","2.612","0.19%"
"04-10-2018","2.615","2.607","2.628","2.602","0.31%"
"03-10-2018","2.607","2.581","2.609","2.581","1.01%"
"02-10-2018","2.581","2.579","2.584","2.573","0.08%"
"01-10-2018","2.579","2.571","2.581","2.571","0.31%"
"28-09-2018","2.571","2.581","2.581","2.563","-0.23%"
"27-09-2018","2.577","2.574","2.582","2.563","-0.08%"
"26-09-2018","2.579","2.585","2.587","2.571","-0.12%"
"25-09-2018","2.582","2.585","2.587","2.579","0.19%"
"24-09-2018","2.577","2.580","2.585","2.572","0.12%"
"21-09-2018","2.574","2.580","2.580","2.569","-0.04%"
"20-09-2018","2.575","2.578","2.580","2.570","0.00%"
"19-09-2018","2.575","2.572","2.583","2.570","0.12%"
"18-09-2018","2.572","2.567","2.578","2.562","0.27%"
"17-09-2018","2.565","2.562","2.567","2.562","0.12%"
"14-09-2018","2.562","2.552","2.565","2.552","0.39%"
"13-09-2018","2.552","2.542","2.560","2.542","0.20%"
"12-09-2018","2.547","2.547","2.557","2.539","0.99%"
"11-09-2018","2.522","2.507","2.530","2.507","0.40%"
"10-09-2018","2.512","2.507","2.517","2.504","0.00%"
"07-09-2018","2.512","2.470","2.515","2.470","1.45%"
"06-09-2018","2.476","2.476","2.484","2.471","0.00%"
"05-09-2018","2.476","2.465","2.486","2.465","-0.12%"
"04-09-2018","2.479","2.445","2.479","2.445","1.08%"
"03-09-2018","2.453","2.453","2.453","2.453","-0.10%"
"31-08-2018","2.455","2.439","2.460","2.439","0.20%"
"30-08-2018","2.450","2.458","2.464","2.445","-0.45%"
"29-08-2018","2.461","2.440","2.466","2.440","0.20%"
"28-08-2018","2.456","2.430","2.458","2.430","0.41%"
"27-08-2018","2.446","2.435","2.445","2.435","0.53%"
"24-08-2018","2.433","2.419","2.443","2.419","0.21%"
"23-08-2018","2.428","2.420","2.435","2.420","0.12%"
"22-08-2018","2.425","2.425","2.438","2.420","-0.33%"
"21-08-2018","2.433","2.425","2.438","2.425","0.33%"
"20-08-2018","2.425","2.425","2.438","2.425","-0.45%"
"17-08-2018","2.436","2.441","2.457","2.431","-0.45%"
"16-08-2018","2.447","2.436","2.460","2.436","0.20%"
"15-08-2018","2.442","2.460","2.460","2.437","1.24%"
"14-08-2018","2.412","2.412","2.423","2.410","0.21%"
"13-08-2018","2.407","2.407","2.418","2.399","0.33%"
"10-08-2018","2.399","2.423","2.434","2.399","-0.91%"
"09-08-2018","2.421","2.429","2.429","2.418","-0.21%"
"08-08-2018","2.426","2.429","2.434","2.421","0.00%"
"07-08-2018","2.426","2.418","2.434","2.418","0.33%"
"06-08-2018","2.418","2.418","2.426","2.418","-0.04%"
"03-08-2018","2.419","2.419","2.434","2.416","-0.12%"
"02-08-2018","2.422","2.429","2.456","2.416","-0.41%"
"01-08-2018","2.432","2.419","2.437","2.419","0.62%"
"31-07-2018","2.417","2.419","2.424","2.409","0.12%"
"30-07-2018","2.414","2.401","2.430","2.401","0.21%"
"27-07-2018","2.409","2.401","2.425","2.401","-0.12%"
"26-07-2018","2.412","2.399","2.422","2.399","0.46%"
"25-07-2018","2.401","2.399","2.409","2.399","-0.04%"
"24-07-2018","2.402","2.399","2.417","2.399","-0.21%"
"23-07-2018","2.407","2.389","2.415","2.386","0.54%"
"20-07-2018","2.394","2.400","2.407","2.389","-0.13%"
"19-07-2018","2.397","2.405","2.418","2.389","-0.54%"
"18-07-2018","2.410","2.408","2.418","2.405","1.43%"
"17-07-2018","2.376","2.363","2.381","2.363","0.34%"
"16-07-2018","2.368","2.347","2.371","2.347","0.77%"
"13-07-2018","2.350","2.350","2.360","2.344","0.13%"
"12-07-2018","2.347","2.339","2.355","2.339","0.56%"
"11-07-2018","2.334","2.324","2.340","2.321","0.21%"
"10-07-2018","2.329","2.319","2.335","2.319","0.22%"
"09-07-2018","2.324","2.308","2.327","2.308","0.43%"
"06-07-2018","2.314","2.325","2.325","2.311","-0.13%"
"05-07-2018","2.317","2.319","2.330","2.311","0.12%"
"04-07-2018","2.314","2.314","2.314","2.314","-0.12%"
"03-07-2018","2.317","2.330","2.340","2.314","-0.43%"
"02-07-2018","2.327","2.320","2.333","2.320","0.22%"
"29-06-2018","2.322","2.309","2.325","2.309","0.30%"
"28-06-2018","2.315","2.318","2.318","2.310","-0.13%"
"27-06-2018","2.318","2.320","2.339","2.315","-0.43%"
"26-06-2018","2.328","2.320","2.331","2.320","0.09%"
"25-06-2018","2.326","2.328","2.339","2.320","-0.09%"
"22-06-2018","2.328","2.331","2.344","2.323","-0.39%"
"21-06-2018","2.337","2.352","2.360","2.326","-0.64%"
"20-06-2018","2.352","2.352","2.358","2.345","1.34%"
"19-06-2018","2.321","2.313","2.326","2.310","-0.09%"
"18-06-2018","2.323","2.313","2.326","2.305","0.30%"
"15-06-2018","2.316","2.316","2.316","2.308","-0.22%"
"14-06-2018","2.321","2.319","2.339","2.308","-0.47%"
"13-06-2018","2.332","2.313","2.340","2.308","0.78%"
"12-06-2018","2.314","2.308","2.316","2.300","0.26%"
"11-06-2018","2.308","2.298","2.311","2.293","0.65%"
"08-06-2018","2.293","2.298","2.298","2.287","-0.22%"
"07-06-2018","2.298","2.304","2.306","2.290","-0.26%"
"06-06-2018","2.304","2.293","2.306","2.264","0.83%"
"05-06-2018","2.285","2.293","2.293","2.257","-0.26%"
"04-06-2018","2.291","2.267","2.293","2.244","1.28%"
"01-06-2018","2.262","2.225","2.267","2.225","1.62%"
"31-05-2018","2.226","2.210","2.234","2.202","0.72%"
"30-05-2018","2.210","2.168","2.228","2.145","2.41%"
"29-05-2018","2.158","2.247","2.252","2.158","-4.29%"
"28-05-2018","2.255","2.257","2.257","2.255","0.00%"
"25-05-2018","2.255","2.257","2.278","2.250","-0.70%"
"24-05-2018","2.271","2.289","2.316","2.258","-1.13%"
"23-05-2018","2.297","2.342","2.347","2.284","-0.56%"
"22-05-2018","2.310","2.313","2.342","2.307","-0.56%"
"21-05-2018","2.323","2.287","2.329","2.287","1.13%"
"18-05-2018","2.297","2.287","2.316","2.287","0.09%"
"17-05-2018","2.295","2.287","2.306","2.284","0.57%"
"16-05-2018","2.282","2.287","2.306","2.282","-0.13%"
"15-05-2018","2.285","2.269","2.290","2.266","0.84%"
"14-05-2018","2.266","2.259","2.280","2.256","0.31%"
"11-05-2018","2.259","2.256","2.261","2.251","0.22%"
"10-05-2018","2.254","2.249","2.270","2.241","0.13%"
"09-05-2018","2.251","2.243","2.251","2.241","0.31%"
"08-05-2018","2.244","2.238","2.259","2.223","0.13%"
"07-05-2018","2.241","2.236","2.246","2.236","0.22%"
"04-05-2018","2.236","2.225","2.244","2.223","0.22%"
"03-05-2018","2.231","2.252","2.268","2.223","-0.36%"
"02-05-2018","2.239","2.252","2.270","2.239","-0.58%"
"01-05-2018","2.252","2.247","2.265","2.242","0.58%"
"30-04-2018","2.239","2.247","2.265","2.237","0.00%"
"27-04-2018","2.239","2.247","2.265","2.237","-0.13%"
"26-04-2018","2.242","2.258","2.263","2.237","-0.49%"
"25-04-2018","2.253","2.266","2.269","2.253","1.44%"
"24-04-2018","2.221","2.224","2.242","2.216","0.23%"
"23-04-2018","2.216","2.201","2.219","2.195","0.68%"
"20-04-2018","2.201","2.177","2.208","2.177","0.82%"
"19-04-2018","2.183","2.157","2.188","2.151","1.11%"
"18-04-2018","2.159","2.125","2.170","2.125","1.22%"
"17-04-2018","2.133","2.099","2.138","2.099","1.09%"
"16-04-2018","2.110","2.094","2.120","2.094","0.52%"
"13-04-2018","2.099","2.094","2.107","2.092","0.48%"
"12-04-2018","2.089","2.076","2.094","2.071","1.02%"
"11-04-2018","2.068","2.076","2.092","2.058","-0.14%"
"10-04-2018","2.071","2.066","2.081","2.063","0.24%"
"09-04-2018","2.066","2.048","2.100","2.048","0.54%"
"06-04-2018","2.055","2.084","2.121","2.056","-0.92%"
"05-04-2018","2.074","2.058","2.111","2.058","0.39%"
"04-04-2018","2.066","2.090","2.124","2.056","-0.77%"
"03-04-2018","2.082","2.079","2.095","2.077","-0.14%"
"02-04-2018","2.085","2.098","2.103","2.077","-0.24%"
"29-03-2018","2.090","2.111","2.111","2.090","-0.99%"
"28-03-2018","2.111","2.106","2.153","2.101","3.84%"
"27-03-2018","2.033","2.036","2.067","2.026","0.00%"
"26-03-2018","2.033","2.036","2.075","2.026","0.64%"
"23-03-2018","2.020","2.036","2.083","2.015","-0.93%"
"22-03-2018","2.039","2.042","2.060","2.031","-0.49%"
"21-03-2018","2.049","2.096","2.096","2.042","-0.92%"
"20-03-2018","2.068","2.065","2.089","2.065","0.00%"
"19-03-2018","2.068","2.052","2.073","2.052","0.39%"
"16-03-2018","2.060","2.052","2.073","2.052","0.24%"
"15-03-2018","2.055","2.037","2.058","2.034","0.88%"
"14-03-2018","2.037","2.042","2.068","1.987","0.25%"
"13-03-2018","2.032","2.042","2.042","1.987","0.15%"
"12-03-2018","2.029","2.042","2.042","2.027","-0.15%"
"09-03-2018","2.032","2.042","2.063","2.027","-0.39%"
"08-03-2018","2.040","2.043","2.066","2.040","-0.24%"
"07-03-2018","2.045","2.053","2.074","2.043","-0.39%"
"06-03-2018","2.053","2.048","2.072","2.048","0.00%"
"05-03-2018","2.053","2.048","2.064","2.043","0.24%"
"02-03-2018","2.048","2.027","2.059","2.027","0.34%"
"01-03-2018","2.041","2.069","2.082","2.038","-1.40%"
"28-02-2018","2.070","2.075","2.085","2.064","2.22%"
"27-02-2018","2.025","2.010","2.036","2.010","0.50%"
"26-02-2018","2.015","2.010","2.036","2.005","0.50%"
"23-02-2018","2.005","2.015","2.041","2.000","-0.25%"
"22-02-2018","2.010","2.005","2.031","2.005","0.10%"
"21-02-2018","2.008","2.003","2.031","1.997","0.40%"
"20-02-2018","2.000","1.984","2.005","1.979","1.05%"
"19-02-2018","1.979","1.984","1.984","1.979","0.00%"
"16-02-2018","1.979","1.974","2.005","1.974","-0.30%"
"15-02-2018","1.985","1.959","2.000","1.959","0.81%"
"14-02-2018","1.969","1.933","1.974","1.933","1.60%"
"13-02-2018","1.938","1.928","1.941","1.922","0.68%"
"12-02-2018","1.925","1.881","1.935","1.881","2.34%"
"09-02-2018","1.881","1.894","1.920","1.865","-0.95%"
"08-02-2018","1.899","1.894","1.910","1.886","0.26%"
"07-02-2018","1.894","1.850","1.902","1.850","1.94%"
"06-02-2018","1.858","1.860","1.865","1.826","0.00%"
"05-02-2018","1.858","1.871","1.876","1.839","-1.22%"
"02-02-2018","1.881","1.900","1.918","1.873","-0.74%"
"01-02-2018","1.895","1.897","1.905","1.887","-0.11%"
"31-01-2018","1.897","1.882","1.900","1.879","6.51%"
"30-01-2018","1.781","1.791","1.809","1.768","0.00%"
"29-01-2018","1.781","1.776","1.804","1.770","-0.28%"
"26-01-2018","1.786","1.768","1.802","1.765","0.56%"
"25-01-2018","1.776","1.766","1.797","1.758","0.28%"
"24-01-2018","1.771","1.755","1.781","1.755","0.57%"
"23-01-2018","1.761","1.766","1.792","1.760","-1.12%"
"22-01-2018","1.781","1.771","1.794","1.771","0.28%"
"19-01-2018","1.776","1.776","1.802","1.766","0.28%"
"18-01-2018","1.771","1.776","1.808","1.769","-0.28%"
"17-01-2018","1.776","1.782","1.808","1.771","-0.34%"
"16-01-2018","1.782","1.782","1.808","1.782","0.00%"
"15-01-2018","1.782","1.782","1.782","1.782","0.00%"
"12-01-2018","1.782","1.777","1.800","1.774","0.56%"
"11-01-2018","1.772","1.777","1.782","1.769","-0.45%"
"10-01-2018","1.780","1.780","1.803","1.774","-0.28%"
"09-01-2018","1.785","1.798","1.821","1.777","-0.11%"
"08-01-2018","1.787","1.803","1.842","1.788","-0.89%"
"05-01-2018","1.803","1.808","1.837","1.798","-0.17%"
"04-01-2018","1.806","1.809","1.837","1.803","-0.44%"
"03-01-2018","1.814","1.824","1.827","1.806","1.00%"
"02-01-2018","1.796","1.734","1.799","1.732","3.25%"
"01-01-2018","1.739","1.739","1.739","1.739","0.14%"
"29-12-2017","1.737","1.745","1.786","1.732","-0.17%"
"28-12-2017","1.740","1.719","1.771","1.719","0.93%"
"27-12-2017","1.724","1.724","1.766","1.722","-0.29%"
"26-12-2017","1.729","1.729","1.740","1.722","0.28%"
"25-12-2017","1.724","1.724","1.724","1.724","0.00%"
"22-12-2017","1.724","1.709","1.763","1.709","0.41%"
"21-12-2017","1.717","1.709","1.724","1.709","0.29%"
"20-12-2017","1.712","1.706","1.719","1.706","0.18%"
"19-12-2017","1.709","1.693","1.709","1.693","0.59%"
"18-12-2017","1.699","1.696","1.706","1.688","0.17%"
"16-12-2017","1.696","1.696","1.696","1.696","0.12%"
"15-12-2017","1.694","1.683","1.701","1.683","0.65%"
"14-12-2017","1.683","1.673","1.689","1.670","0.78%"
"13-12-2017","1.670","1.683","1.699","1.668","-1.12%"
"12-12-2017","1.689","1.673","1.694","1.673","0.48%"
"11-12-2017","1.681","1.668","1.681","1.658","0.96%"
"08-12-2017","1.665","1.668","1.686","1.663","-0.66%"
"07-12-2017","1.676","1.673","1.679","1.679","0.18%"
"06-12-2017","1.673","1.689","1.710","1.671","0.36%"
"05-12-2017","1.667","1.651","1.677","1.646","0.97%"
"04-12-2017","1.651","1.620","1.654","1.617","2.10%"
"01-12-2017","1.617","1.615","1.636","1.607","-0.06%"
"30-11-2017","1.618","1.602","1.620","1.602","0.81%"
"29-11-2017","1.605","1.602","1.612","1.597","0.31%"
"28-11-2017","1.600","1.605","1.613","1.597","-0.12%"
"27-11-2017","1.602","1.602","1.613","1.600","0.12%"
"24-11-2017","1.600","1.605","1.613","1.592","-0.31%"
"23-11-2017","1.605","1.605","1.605","1.605","0.82%"
"22-11-2017","1.592","1.605","1.621","1.592","-1.12%"
"21-11-2017","1.610","1.597","1.613","1.595","0.44%"
"20-11-2017","1.603","1.590","1.603","1.584","0.82%"
"17-11-2017","1.590","1.579","1.590","1.579","0.70%"
"16-11-2017","1.579","1.551","1.582","1.551","1.81%"
"15-11-2017","1.551","1.551","1.566","1.541","-0.19%"
"14-11-2017","1.554","1.541","1.556","1.541","0.71%"
"13-11-2017","1.543","1.538","1.546","1.530","0.33%"
"10-11-2017","1.538","1.525","1.538","1.523","0.85%"
"09-11-2017","1.525","1.533","1.533","1.520","0.13%"
"08-11-2017","1.523","1.518","1.528","1.518","2.01%"
"07-11-2017","1.493","1.485","1.514","1.485","0.54%"
"06-11-2017","1.485","1.470","1.488","1.465","1.02%"
"03-11-2017","1.470","1.452","1.472","1.439","1.59%"
"02-11-2017","1.447","1.431","1.447","1.431","0.35%"
"01-11-2017","1.442","1.429","1.444","1.426","0.91%"
"31-10-2017","1.429","1.429","1.431","1.418","0.78%"
"30-10-2017","1.418","1.429","1.431","1.416","0.00%"
"27-10-2017","1.418","1.424","1.429","1.413","-0.42%"
"26-10-2017","1.424","1.424","1.429","1.416","0.35%"
"25-10-2017","1.419","1.413","1.434","1.413","0.00%"
"24-10-2017","1.419","1.413","1.424","1.413","0.42%"
"23-10-2017","1.413","1.419","1.429","1.413","-0.42%"
"20-10-2017","1.419","1.403","1.419","1.403","0.92%"
"19-10-2017","1.406","1.408","1.424","1.403","-0.57%"
"18-10-2017","1.414","1.403","1.419","1.403","0.35%"
"17-10-2017","1.409","1.409","1.421","1.406","-0.14%"
"16-10-2017","1.411","1.393","1.411","1.390","1.07%"
"13-10-2017","1.396","1.393","1.406","1.390","-0.71%"
"12-10-2017","1.406","1.393","1.406","1.391","0.14%"
"11-10-2017","1.404","1.401","1.406","1.393","2.78%"
"10-10-2017","1.366","1.341","1.366","1.341","1.70%"
"09-10-2017","1.343","1.346","1.346","1.343","-0.21%"
"06-10-2017","1.346","1.338","1.354","1.335","0.60%"
"05-10-2017","1.338","1.317","1.338","1.315","1.52%"
"04-10-2017","1.318","1.294","1.320","1.289","1.62%"
"03-10-2017","1.297","1.299","1.310","1.294","0.23%"
"02-10-2017","1.294","1.310","1.315","1.294","-0.46%"
"29-09-2017","1.300","1.310","1.315","1.300","0.00%"
"28-09-2017","1.300","1.310","1.318","1.300","-0.76%"
"27-09-2017","1.310","1.300","1.310","1.300","0.77%"
"26-09-2017","1.300","1.289","1.302","1.289","0.39%"
"25-09-2017","1.295","1.300","1.313","1.295","-0.38%"
"22-09-2017","1.300","1.300","1.333","1.300","-0.61%"
"21-09-2017","1.308","1.310","1.321","1.303","-0.76%"
"20-09-2017","1.318","1.292","1.326","1.284","1.15%"
"19-09-2017","1.303","1.297","1.316","1.295","-0.15%"
"18-09-2017","1.305","1.300","1.310","1.290","0.62%"
"15-09-2017","1.297","1.279","1.300","1.279","0.93%"
"14-09-2017","1.285","1.267","1.292","1.259","1.26%"
"13-09-2017","1.269","1.259","1.277","1.259","1.52%"
"12-09-2017","1.250","1.227","1.253","1.227","1.46%"
"11-09-2017","1.232","1.212","1.232","1.212","1.90%"
"08-09-2017","1.209","1.207","1.219","1.199","-0.25%"
"07-09-2017","1.212","1.232","1.243","1.207","-2.10%"
"06-09-2017","1.238","1.212","1.243","1.212","1.48%"
"05-09-2017","1.220","1.227","1.235","1.214","-0.81%"
"01-09-2017","1.230","1.227","1.243","1.217","0.41%"
"31-08-2017","1.225","1.222","1.235","1.222","-0.41%"
"30-08-2017","1.230","1.222","1.233","1.222","0.24%"
"29-08-2017","1.227","1.284","1.367","1.215","-0.89%"
"28-08-2017","1.238","1.256","1.256","1.235","0.41%"
"25-08-2017","1.233","1.227","1.246","1.227","-0.16%"
"24-08-2017","1.235","1.253","1.253","1.217","0.57%"
"23-08-2017","1.228","1.251","1.251","1.225","-0.41%"
"22-08-2017","1.233","1.251","1.251","1.217","0.82%"
"21-08-2017","1.223","1.228","1.243","1.220","-0.81%"
"18-08-2017","1.233","1.256","1.256","1.225","-0.24%"
"17-08-2017","1.236","1.259","1.261","1.230","-0.80%"
"16-08-2017","1.246","1.259","1.269","1.246","0.73%"
"15-08-2017","1.237","1.212","1.255","1.212","2.06%"
"14-08-2017","1.212","1.196","1.242","1.196","0.92%"
"11-08-2017","1.201","1.212","1.255","1.201","-0.91%"
"10-08-2017","1.212","1.222","1.276","1.212","0.00%"
"09-08-2017","1.212","1.248","1.274","1.207","-1.62%"
"08-08-2017","1.232","1.217","1.271","1.217","0.16%"
"07-08-2017","1.230","1.217","1.266","1.217","0.24%"
"04-08-2017","1.227","1.209","1.263","1.209","0.57%"
"03-08-2017","1.220","1.248","1.258","1.212","-0.16%"
"02-08-2017","1.222","1.248","1.266","1.212","0.41%"
"01-08-2017","1.217","1.212","1.256","1.212","-0.41%"
"31-07-2017","1.222","1.212","1.264","1.212","0.41%"
"28-07-2017","1.217","1.246","1.271","1.217","-0.65%"
"27-07-2017","1.225","1.251","1.271","1.222","-0.24%"
"26-07-2017","1.228","1.233","1.279","1.225","-1.21%"
"25-07-2017","1.243","1.248","1.277","1.222","0.81%"
"24-07-2017","1.233","1.212","1.259","1.212","1.07%"
"21-07-2017","1.220","1.212","1.266","1.212","-0.25%"
"20-07-2017","1.223","1.217","1.269","1.217","-0.16%"
"19-07-2017","1.225","1.248","1.295","1.212","2.00%"
"18-07-2017","1.201","1.196","1.219","1.196","-0.66%"
"17-07-2017","1.209","1.199","1.224","1.196","0.42%"
"14-07-2017","1.204","1.201","1.219","1.194","-0.41%"
"13-07-2017","1.209","1.191","1.214","1.191","0.42%"
"12-07-2017","1.204","1.207","1.217","1.196","0.00%"
"11-07-2017","1.204","1.222","1.225","1.204","-0.82%"
"10-07-2017","1.214","1.222","1.230","1.212","-0.25%"
"07-07-2017","1.217","1.238","1.243","1.217","-1.30%"
"06-07-2017","1.233","1.238","1.243","1.220","0.00%"
"05-07-2017","1.233","1.248","1.258","1.233","-1.00%"
"04-07-2017","1.245","1.245","1.245","1.245","-0.20%"
"03-07-2017","1.248","1.233","1.258","1.227","1.03%"
"01-07-2017","1.235","1.235","1.235","1.235","-0.22%"
"30-06-2017","1.238","1.228","1.238","1.220","1.06%"
"29-06-2017","1.225","1.217","1.228","1.209","1.07%"
"28-06-2017","1.212","1.207","1.225","1.207","-0.25%"
"27-06-2017","1.215","1.207","1.217","1.204","0.66%"
"26-06-2017","1.207","1.210","1.217","1.204","0.00%"
"23-06-2017","1.207","1.210","1.220","1.207","-0.25%"
"22-06-2017","1.210","1.223","1.233","1.207","-0.82%"
"21-06-2017","1.220","1.243","1.243","1.220","0.49%"
"20-06-2017","1.214","1.212","1.230","1.201","0.17%"
"19-06-2017","1.212","1.191","1.214","1.191","1.51%"
"16-06-2017","1.194","1.204","1.212","1.191","-0.58%"
"15-06-2017","1.201","1.189","1.204","1.189","1.01%"
"14-06-2017","1.189","1.207","1.217","1.165","-1.49%"
"13-06-2017","1.207","1.204","1.217","1.202","0.25%"
"12-06-2017","1.204","1.191","1.209","1.191","0.67%"
"09-06-2017","1.196","1.173","1.196","1.173","1.53%"
"08-06-2017","1.178","1.166","1.178","1.163","0.60%"
"07-06-2017","1.171","1.155","1.176","1.155","0.95%"
"06-06-2017","1.160","1.160","1.166","1.153","-0.26%"
"05-06-2017","1.163","1.155","1.166","1.153","0.69%"
"02-06-2017","1.155","1.153","1.166","1.145","-0.26%"
"01-06-2017","1.158","1.153","1.166","1.153","0.26%"
"31-05-2017","1.155","1.161","1.171","1.150","-0.26%"
"30-05-2017","1.158","1.155","1.171","1.155","0.00%"
"29-05-2017","1.158","1.158","1.158","1.158","-0.26%"
"26-05-2017","1.161","1.161","1.161","1.156","0.00%"
"25-05-2017","1.161","1.161","1.171","1.158","-0.85%"
"24-05-2017","1.171","1.181","1.192","1.158","3.26%"
"23-05-2017","1.134","1.098","1.137","1.098","2.25%"
"22-05-2017","1.109","1.093","1.109","1.093","1.46%"
"19-05-2017","1.093","1.083","1.093","1.083","0.92%"
"18-05-2017","1.083","1.086","1.096","1.067","0.74%"
"17-05-2017","1.075","1.104","1.129","1.067","-3.07%"
"16-05-2017","1.109","1.106","1.124","1.104","-0.45%"
"15-05-2017","1.114","1.109","1.119","1.109","0.27%"
"12-05-2017","1.111","1.129","1.140","1.109","-1.59%"
"11-05-2017","1.129","1.124","1.142","1.124","-0.27%"
"10-05-2017","1.132","1.124","1.135","1.117","0.27%"
"09-05-2017","1.129","1.114","1.132","1.114","0.89%"
"08-05-2017","1.119","1.104","1.122","1.096","1.18%"
"05-05-2017","1.106","1.104","1.109","1.094","0.18%"
"04-05-2017","1.104","1.083","1.109","1.083","1.47%"
"03-05-2017","1.088","1.068","1.099","1.068","1.12%"
"02-05-2017","1.076","1.083","1.094","1.073","-0.46%"
"01-05-2017","1.081","1.063","1.086","1.063","0.75%"
"28-04-2017","1.073","1.058","1.078","1.058","0.75%"
"27-04-2017","1.065","1.068","1.081","1.065","-0.75%"
"26-04-2017","1.073","1.078","1.102","1.068","3.77%"
"25-04-2017","1.034","1.024","1.080","1.016","2.07%"
"24-04-2017","1.013","0.977","1.049","0.977","3.64%"
"22-04-2017","0.977","0.977","0.977","0.977","-0.57%"
"21-04-2017","0.983","1.003","1.013","0.977","-1.50%"
"20-04-2017","0.998","1.008","1.024","0.998","-0.80%"
"19-04-2017","1.006","1.011","1.021","1.006","-0.20%"
"18-04-2017","1.008","1.026","1.029","1.008","-1.75%"
"17-04-2017","1.026","1.021","1.029","1.019","0.69%"
"13-04-2017","1.019","1.021","1.034","1.016","-1.74%"
"12-04-2017","1.037","1.042","1.057","1.021","-0.77%"
"11-04-2017","1.045","1.063","1.073","1.039","-1.69%"
"10-04-2017","1.063","1.063","1.073","1.060","0.00%"
"07-04-2017","1.063","1.029","1.068","1.019","2.51%"
"06-04-2017","1.037","1.021","1.039","1.016","0.78%"
"05-04-2017","1.029","1.021","1.037","1.011","0.00%"
"04-04-2017","1.029","1.006","1.032","1.006","0.68%"
"03-04-2017","1.022","1.032","1.032","1.014","-0.49%"
"31-03-2017","1.027","1.037","1.040","1.027","-0.68%"
"30-03-2017","1.034","1.032","1.042","1.029","-0.77%"
"29-03-2017","1.042","1.047","1.068","1.037","2.26%"
"28-03-2017","1.019","0.988","1.021","0.970","3.98%"
"27-03-2017","0.980","0.965","0.988","0.965","0.51%"
"24-03-2017","0.975","0.959","0.977","0.959","0.31%"
"23-03-2017","0.972","0.965","0.978","0.965","0.21%"
"22-03-2017","0.970","0.970","0.983","0.970","-1.32%"
"21-03-2017","0.983","0.985","1.003","0.972","-1.31%"
"20-03-2017","0.996","0.996","0.998","0.983","0.83%"
"18-03-2017","0.988","0.988","0.988","0.988","0.00%"
"17-03-2017","0.988","0.990","1.008","0.988","-1.00%"
"16-03-2017","0.998","1.006","1.034","0.996","-2.06%"
"15-03-2017","1.019","1.042","1.063","1.014","-3.14%"
"14-03-2017","1.052","1.042","1.065","1.042","-0.75%"
"13-03-2017","1.060","1.026","1.063","1.026","2.02%"
"10-03-2017","1.039","1.027","1.052","1.027","0.48%"
"09-03-2017","1.034","1.027","1.042","1.011","0.68%"
"08-03-2017","1.027","0.991","1.032","0.991","2.60%"
"07-03-2017","1.001","0.975","1.009","0.967","2.35%"
"06-03-2017","0.978","0.955","0.988","0.955","1.03%"
"03-03-2017","0.968","0.960","0.985","0.950","-1.02%"
"02-03-2017","0.978","0.947","0.988","0.945","5.84%"
"01-03-2017","0.924","0.932","0.932","0.916","15.50%"
"28-02-2017","0.800","0.780","0.839","0.777","2.30%"
"27-02-2017","0.782","0.777","0.798","0.772","0.90%"
"24-02-2017","0.775","0.788","0.795","0.772","-1.90%"
"23-02-2017","0.790","0.795","0.803","0.790","-1.25%"
"22-02-2017","0.800","0.805","0.839","0.798","-0.37%"
"21-02-2017","0.803","0.800","0.813","0.800","0.32%"
"20-02-2017","0.800","0.803","0.803","0.800","-0.94%"
"17-02-2017","0.808","0.800","0.811","0.793","0.62%"
"16-02-2017","0.803","0.826","0.844","0.798","-3.72%"
"15-02-2017","0.834","0.836","0.852","0.829","0.60%"
"14-02-2017","0.829","0.808","0.849","0.803","2.85%"
"13-02-2017","0.806","0.795","0.811","0.795","1.00%"
"10-02-2017","0.798","0.795","0.806","0.790","0.63%"
"09-02-2017","0.793","0.780","0.798","0.780","1.02%"
"08-02-2017","0.785","0.790","0.801","0.775","-0.38%"
"07-02-2017","0.788","0.785","0.798","0.783","-0.25%"
"06-02-2017","0.790","0.811","0.821","0.785","-2.59%"
"03-02-2017","0.811","0.821","0.831","0.801","-0.98%"
"02-02-2017","0.819","0.831","0.839","0.813","-1.80%"
"01-02-2017","0.834","0.831","0.862","0.826","8.74%"
"31-01-2017","0.767","0.782","0.793","0.765","-1.92%"
"30-01-2017","0.782","0.798","0.808","0.780","-1.01%"
"27-01-2017","0.790","0.790","0.800","0.782","0.25%"
"26-01-2017","0.788","0.798","0.808","0.785","-0.88%"
"25-01-2017","0.795","0.780","0.798","0.780","0.63%"
"24-01-2017","0.790","0.736","0.790","0.736","1.94%"
"23-01-2017","0.775","0.813","0.816","0.772","-3.13%"
"20-01-2017","0.800","0.808","0.824","0.798","-0.99%"
"19-01-2017","0.808","0.813","0.813","0.803","1.64%"
"18-01-2017","0.795","0.788","0.811","0.780","0.89%"
"17-01-2017","0.788","0.798","0.816","0.785","-0.93%"
"16-01-2017","0.795","0.800","0.803","0.795","-0.70%"
"13-01-2017","0.801","0.795","0.818","0.795","0.00%"
"12-01-2017","0.801","0.806","0.826","0.793","-1.48%"
"11-01-2017","0.813","0.813","0.831","0.806","0.25%"
"10-01-2017","0.811","0.806","0.842","0.803","0.00%"
"09-01-2017","0.811","0.865","0.865","0.811","-3.91%"
"06-01-2017","0.844","0.944","0.944","0.821","1.20%"
"05-01-2017","0.834","0.996","0.998","0.824","-4.69%"
"04-01-2017","0.875","0.885","0.998","0.870","5.29%"
"03-01-2017","0.831","0.849","0.849","0.828","1.24%"
"02-01-2017","0.821","0.821","0.821","0.821","0.34%"
"30-12-2016","0.818","0.828","0.970","0.813","-0.37%"
"29-12-2016","0.821","1.006","1.006","0.818","-5.09%"
"28-12-2016","0.865","0.864","0.877","0.859","-0.23%"
"27-12-2016","0.867","0.862","0.867","0.857","0.88%"
"26-12-2016","0.859","0.859","0.859","0.859","0.00%"
"23-12-2016","0.859","0.916","0.919","0.857","0.00%"
"22-12-2016","0.859","0.865","0.931","0.857","-0.92%"
"21-12-2016","0.867","0.885","0.908","0.862","-2.36%"
"20-12-2016","0.888","0.885","0.924","0.885","0.34%"
"19-12-2016","0.885","0.893","0.921","0.880","-1.12%"
"16-12-2016","0.895","0.926","0.926","0.883","-0.67%"
"15-12-2016","0.901","0.916","0.942","0.898","0.90%"
"14-12-2016","0.893","0.872","0.919","0.860","2.41%"
"13-12-2016","0.872","0.878","0.880","0.852","2.11%"
"12-12-2016","0.854","0.854","0.883","0.852","-0.12%"
"09-12-2016","0.855","0.839","0.880","0.836","1.91%"
"08-12-2016","0.839","0.839","0.867","0.837","0.00%"
"07-12-2016","0.839","0.873","0.878","0.834","5.53%"
"06-12-2016","0.795","0.795","0.823","0.793","0.00%"
"05-12-2016","0.795","0.772","0.805","0.772","2.32%"
"02-12-2016","0.777","0.785","0.818","0.777","-1.40%"
"01-12-2016","0.788","0.777","0.808","0.777","1.03%"
"30-11-2016","0.780","0.805","0.829","0.775","1.30%"
"29-11-2016","0.770","0.775","0.805","0.767","-0.90%"
"28-11-2016","0.777","0.803","0.803","0.775","-2.26%"
"25-11-2016","0.795","0.775","0.811","0.775","2.26%"
"24-11-2016","0.777","0.777","0.777","0.777","-0.33%"
"23-11-2016","0.780","0.793","0.795","0.770","1.69%"
"22-11-2016","0.767","0.767","0.793","0.757","0.00%"
"21-11-2016","0.767","0.757","0.790","0.754","0.66%"
"18-11-2016","0.762","0.775","0.785","0.754","0.26%"
"17-11-2016","0.760","0.749","0.772","0.744","1.06%"
"16-11-2016","0.752","0.762","0.890","0.749","-1.31%"
"15-11-2016","0.762","0.872","0.875","0.762","-1.30%"
"14-11-2016","0.772","0.721","0.860","0.721","6.63%"
"10-11-2016","0.724","0.788","0.788","0.708","1.12%"
"09-11-2016","0.716","0.714","0.788","0.624","9.82%"
"08-11-2016","0.652","0.637","0.660","0.619","5.33%"
"07-11-2016","0.619","0.677","0.677","0.601","1.81%"
"04-11-2016","0.608","0.765","0.765","0.603","-2.88%"
"03-11-2016","0.626","0.765","0.765","0.624","-2.03%"
"02-11-2016","0.639","0.647","0.667","0.631","-0.47%"
"01-11-2016","0.642","0.780","0.780","0.639","-1.83%"
"31-10-2016","0.654","0.780","0.780","0.644","0.77%"
"28-10-2016","0.649","0.657","0.667","0.649","-1.67%"
"27-10-2016","0.660","0.655","0.670","0.655","0.46%"
"26-10-2016","0.657","0.657","0.670","0.657","0.00%"
"25-10-2016","0.657","0.649","0.780","0.649","0.31%"
"24-10-2016","0.655","0.649","0.670","0.649","0.46%"
"21-10-2016","0.652","0.644","0.660","0.644","0.77%"
"20-10-2016","0.647","0.639","0.665","0.639","0.78%"
"19-10-2016","0.642","0.644","0.660","0.637","-1.53%"
"18-10-2016","0.652","0.649","0.667","0.644","0.00%"
"17-10-2016","0.652","0.780","0.780","0.650","-1.56%"
"15-10-2016","0.662","0.662","0.662","0.662","0.35%"
"14-10-2016","0.660","0.655","0.785","0.650","0.46%"
"13-10-2016","0.657","0.665","0.816","0.655","-4.51%"
"12-10-2016","0.688","0.693","0.708","0.685","6.01%"
"11-10-2016","0.649","0.642","0.657","0.642","1.56%"
"10-10-2016","0.639","0.639","0.639","0.639","0.00%"
"07-10-2016","0.639","0.652","0.654","0.639","0.00%"
"06-10-2016","0.639","0.652","0.652","0.631","0.79%"
"05-10-2016","0.634","0.647","0.649","0.626","1.28%"
"04-10-2016","0.626","0.616","0.644","0.611","1.95%"
"03-10-2016","0.614","0.603","0.685","0.588","3.54%"
"30-09-2016","0.593","0.583","0.683","0.570","2.24%"
"29-09-2016","0.580","0.596","0.601","0.580","-1.36%"
"28-09-2016","0.588","0.583","0.593","0.578","1.73%"
"27-09-2016","0.578","0.586","0.588","0.573","0.00%"
"26-09-2016","0.578","0.586","0.591","0.575","-1.70%"
"24-09-2016","0.588","0.588","0.588","0.588","0.86%"
"23-09-2016","0.583","0.580","0.593","0.578","-0.85%"
"22-09-2016","0.588","0.619","0.619","0.580","-5.31%"
"21-09-2016","0.621","0.657","0.657","0.601","0.32%"
"20-09-2016","0.619","0.619","0.621","0.609","1.31%"
"19-09-2016","0.611","0.619","0.619","0.609","0.00%"
"17-09-2016","0.611","0.611","0.611","0.611","0.00%"
"16-09-2016","0.611","0.598","0.614","0.596","1.66%"
"15-09-2016","0.601","0.619","0.634","0.596","-2.44%"
"14-09-2016","0.616","0.667","0.667","0.614","6.21%"
"13-09-2016","0.580","0.575","0.583","0.565","3.20%"
"12-09-2016","0.562","0.580","0.580","0.562","-1.40%"
"09-09-2016","0.570","0.578","0.585","0.567","0.35%"
"08-09-2016","0.568","0.557","0.575","0.557","1.43%"
"07-09-2016","0.560","0.575","0.578","0.555","0.54%"
"06-09-2016","0.557","0.598","0.601","0.557","-6.09%"
"05-09-2016","0.593","0.588","0.593","0.588","0.36%"
"02-09-2016","0.591","0.603","0.606","0.570","-0.34%"
"01-09-2016","0.593","0.608","0.614","0.590","-0.50%"
"31-08-2016","0.596","0.609","0.611","0.591","0.00%"
"30-08-2016","0.596","0.609","0.616","0.596","-1.16%"
"29-08-2016","0.603","0.606","0.611","0.601","-0.50%"
"26-08-2016","0.606","0.586","0.609","0.583","3.59%"
"25-08-2016","0.585","0.591","0.591","0.580","0.00%"
"24-08-2016","0.585","0.593","0.593","0.580","-0.51%"
"23-08-2016","0.588","0.591","0.591","0.583","0.86%"
"22-08-2016","0.583","0.586","0.593","0.580","-0.51%"
"19-08-2016","0.586","0.578","0.591","0.570","2.81%"
"18-08-2016","0.570","0.591","0.593","0.570","-2.73%"
"17-08-2016","0.586","0.606","0.609","0.578","7.13%"
"16-08-2016","0.547","0.552","0.552","0.537","0.55%"
"15-08-2016","0.544","0.550","0.552","0.539","0.39%"
"13-08-2016","0.542","0.542","0.542","0.542","0.00%"
"12-08-2016","0.542","0.547","0.552","0.529","-0.91%"
"11-08-2016","0.547","0.555","0.555","0.532","2.43%"
"10-08-2016","0.534","0.552","0.555","0.532","-2.02%"
"09-08-2016","0.545","0.552","0.562","0.542","-1.80%"
"08-08-2016","0.555","0.547","0.557","0.539","0.51%"
"06-08-2016","0.552","0.552","0.552","0.552","0.95%"
"05-08-2016","0.547","0.506","0.555","0.499","8.53%"
"04-08-2016","0.504","0.511","0.511","0.496","-0.40%"
"03-08-2016","0.506","0.506","0.509","0.499","1.40%"
"02-08-2016","0.499","0.499","0.506","0.496","0.60%"
"01-08-2016","0.496","0.524","0.524","0.496","-0.60%"
"29-07-2016","0.499","0.539","0.539","0.496","-2.92%"
"28-07-2016","0.514","0.552","0.552","0.514","-3.38%"
"27-07-2016","0.532","0.575","0.575","0.529","-4.14%"
"26-07-2016","0.555","0.547","0.555","0.542","1.46%"
"25-07-2016","0.547","0.537","0.550","0.534","1.86%"
"22-07-2016","0.537","0.565","0.565","0.529","0.56%"
"21-07-2016","0.534","0.557","0.580","0.532","-3.78%"
"20-07-2016","0.555","0.578","0.580","0.552","9.68%"
"19-07-2016","0.506","0.516","0.524","0.506","-0.59%"
"18-07-2016","0.509","0.765","0.765","0.501","0.00%"
"15-07-2016","0.509","0.514","0.524","0.498","-1.36%"
"14-07-2016","0.516","0.496","0.516","0.496","3.41%"
"13-07-2016","0.499","0.509","0.509","0.496","-0.99%"
"12-07-2016","0.504","0.493","0.506","0.488","2.65%"
"11-07-2016","0.491","0.724","0.724","0.470","4.47%"
"08-07-2016","0.470","0.460","0.486","0.453","3.30%"
"07-07-2016","0.455","0.450","0.465","0.447","1.11%"
"06-07-2016","0.450","0.442","0.453","0.427","2.97%"
"05-07-2016","0.437","0.445","0.448","0.435","-2.37%"
"04-07-2016","0.448","0.448","0.448","0.448","0.58%"
"01-07-2016","0.445","0.442","0.499","0.417","0.68%"
"30-06-2016","0.442","0.458","0.465","0.442","-2.43%"
"29-06-2016","0.453","0.463","0.473","0.440","1.80%"
"28-06-2016","0.445","0.455","0.470","0.442","-1.77%"
"27-06-2016","0.453","0.483","0.488","0.435","-5.23%"
"24-06-2016","0.478","0.580","0.580","0.391","-17.59%"
"23-06-2016","0.580","0.555","0.583","0.555","3.57%"
"22-06-2016","0.560","0.826","0.826","0.552","4.28%"
"21-06-2016","0.537","0.534","0.542","0.529","0.56%"
"20-06-2016","0.534","0.501","0.537","0.496","6.59%"
"17-06-2016","0.501","0.501","0.511","0.496","0.00%"
"16-06-2016","0.501","0.529","0.529","0.491","-1.96%"
"15-06-2016","0.511","0.557","0.557","0.509","-5.19%"
"14-06-2016","0.539","0.537","0.557","0.524","0.94%"
"13-06-2016","0.534","0.544","0.570","0.527","-2.38%"
"10-06-2016","0.547","0.578","0.578","0.547","-4.04%"
"09-06-2016","0.570","0.585","0.585","0.567","-0.87%"
"08-06-2016","0.575","0.583","0.585","0.573","-0.86%"
"07-06-2016","0.580","0.598","0.598","0.575","-2.19%"
"06-06-2016","0.593","0.583","0.606","0.580","0.34%"
"03-06-2016","0.591","0.696","0.696","0.583","-11.79%"
"02-06-2016","0.670","0.685","0.685","0.667","-1.18%"
"01-06-2016","0.678","0.680","0.683","0.665","0.89%"
"31-05-2016","0.672","0.673","0.706","0.667","-1.21%"
"30-05-2016","0.680","0.680","0.680","0.680","3.06%"
"27-05-2016","0.660","0.660","0.688","0.652","1.69%"
"26-05-2016","0.649","0.675","0.683","0.650","-3.57%"
"25-05-2016","0.673","0.719","0.719","0.673","4.83%"
"24-05-2016","0.642","0.649","0.665","0.642","-1.53%"
"23-05-2016","0.652","0.660","0.665","0.629","2.84%"
"20-05-2016","0.634","0.626","0.634","0.624","2.09%"
"19-05-2016","0.621","0.611","0.629","0.608","1.14%"
"18-05-2016","0.614","0.570","0.626","0.565","9.25%"
"17-05-2016","0.562","0.544","0.570","0.537","3.69%"
"16-05-2016","0.542","0.537","0.550","0.529","2.46%"
"13-05-2016","0.529","0.527","0.542","0.524","0.00%"
"12-05-2016","0.529","0.514","0.532","0.509","4.55%"
"11-05-2016","0.506","0.545","0.545","0.501","0.40%"
"10-05-2016","0.504","0.506","0.509","0.499","0.60%"
"09-05-2016","0.501","0.506","0.514","0.496","-1.57%"
"06-05-2016","0.509","0.514","0.519","0.483","0.00%"
"05-05-2016","0.509","0.539","0.539","0.509","-0.97%"
"04-05-2016","0.514","0.560","0.560","0.509","-3.38%"
"03-05-2016","0.532","0.557","0.560","0.529","-3.27%"
"02-05-2016","0.550","0.555","0.557","0.550","-0.90%"
"29-04-2016","0.555","0.568","0.568","0.552","-0.36%"
"28-04-2016","0.557","0.583","0.586","0.550","-3.97%"
"27-04-2016","0.580","0.616","0.616","0.578","6.62%"
"26-04-2016","0.544","0.539","0.552","0.537","0.93%"
"25-04-2016","0.539","0.537","0.539","0.534","0.37%"
"22-04-2016","0.537","0.532","0.539","0.532","0.56%"
"21-04-2016","0.534","0.521","0.534","0.511","4.91%"
"20-04-2016","0.509","0.511","0.524","0.488","-0.39%"
"19-04-2016","0.511","0.521","0.524","0.509","0.39%"
"18-04-2016","0.509","0.519","0.527","0.506","-1.36%"
"15-04-2016","0.516","0.534","0.575","0.516","-3.37%"
"14-04-2016","0.534","0.529","0.537","0.524","1.33%"
"13-04-2016","0.527","0.532","0.570","0.524","0.57%"
"12-04-2016","0.524","0.514","0.565","0.514","2.54%"
"11-04-2016","0.511","0.524","0.529","0.509","-0.97%"
"08-04-2016","0.516","0.522","0.532","0.512","-2.09%"
"07-04-2016","0.527","0.545","0.553","0.520","-4.53%"
"06-04-2016","0.552","0.555","0.563","0.545","-0.54%"
"05-04-2016","0.555","0.588","0.591","0.553","-6.09%"
"04-04-2016","0.591","0.603","0.609","0.583","-2.48%"
"01-04-2016","0.606","0.586","0.609","0.583","2.19%"
"31-03-2016","0.593","0.624","0.641","0.586","-3.73%"
"30-03-2016","0.616","0.624","0.624","0.602","4.76%"
"29-03-2016","0.588","0.626","0.626","0.585","-6.07%"
"28-03-2016","0.626","0.618","0.623","0.616","2.45%"
"24-03-2016","0.611","0.608","0.629","0.603","0.49%"
"23-03-2016","0.608","0.613","0.618","0.606","-0.98%"
"22-03-2016","0.614","0.629","0.629","0.598","-0.32%"
"21-03-2016","0.616","0.606","0.613","0.603","1.32%"
"18-03-2016","0.608","0.664","0.664","0.603","-4.10%"
"17-03-2016","0.634","0.654","0.654","0.611","-2.31%"
"16-03-2016","0.649","0.715","0.715","0.636","-6.62%"
"15-03-2016","0.695","0.715","0.715","0.682","0.00%"
"14-03-2016","0.695","0.715","0.715","0.685","0.29%"
"11-03-2016","0.693","0.664","0.690","0.664","3.43%"
"10-03-2016","0.670","0.657","0.669","0.652","1.21%"
"09-03-2016","0.662","0.652","0.662","0.652","0.76%"
"08-03-2016","0.657","0.669","0.690","0.649","-1.50%"
"07-03-2016","0.667","0.654","0.667","0.654","1.06%"
"04-03-2016","0.660","0.652","0.664","0.641","1.23%"
"03-03-2016","0.652","0.654","0.672","0.647","-1.51%"
"02-03-2016","0.662","0.695","0.695","0.657","3.28%"
"01-03-2016","0.641","0.599","0.635","0.589","6.48%"
"29-02-2016","0.602","0.562","0.597","0.559","5.24%"
"26-02-2016","0.572","0.531","0.577","0.524","7.32%"
"25-02-2016","0.533","0.534","0.534","0.524","-0.56%"
"24-02-2016","0.536","0.531","0.539","0.509","0.00%"
"23-02-2016","0.536","0.531","0.534","0.524","0.56%"
"22-02-2016","0.533","0.516","0.529","0.509","2.90%"
"19-02-2016","0.518","0.514","0.519","0.504","0.58%"
"18-02-2016","0.515","0.511","0.516","0.504","-0.96%"
"17-02-2016","0.520","0.496","0.514","0.489","4.63%"
"16-02-2016","0.497","0.486","0.496","0.476","3.87%"
"15-02-2016","0.479","0.481","0.481","0.479","-1.34%"
"12-02-2016","0.485","0.466","0.481","0.458","3.85%"
"11-02-2016","0.467","0.524","0.524","0.428","-9.32%"
"10-02-2016","0.515","0.509","0.527","0.499","0.98%"
"09-02-2016","0.510","0.509","0.519","0.489","0.99%"
"08-02-2016","0.505","0.549","0.549","0.499","-5.25%"
"05-02-2016","0.533","0.512","0.549","0.512","1.91%"
"04-02-2016","0.523","0.529","0.554","0.514","-2.79%"
"03-02-2016","0.538","0.554","0.554","0.524","15.95%"
"02-02-2016","0.464","0.471","0.471","0.456","-1.69%"
"01-02-2016","0.472","0.445","0.471","0.443","4.66%"
"29-01-2016","0.451","0.445","0.456","0.418","0.00%"
"28-01-2016","0.451","0.448","0.458","0.430","0.00%"
"27-01-2016","0.451","0.456","0.463","0.440","-2.38%"
"26-01-2016","0.462","0.443","0.466","0.433","2.44%"
"25-01-2016","0.451","0.456","0.463","0.435","-1.74%"
"22-01-2016","0.459","0.446","0.461","0.433","4.08%"
"21-01-2016","0.441","0.415","0.453","0.410","5.50%"
"20-01-2016","0.418","0.461","0.463","0.400","-10.87%"
"19-01-2016","0.469","0.468","0.499","0.463","1.21%"
"18-01-2016","0.463","0.463","0.463","0.463","-2.24%"
"15-01-2016","0.474","0.532","0.544","0.451","-11.90%"
"14-01-2016","0.538","0.597","0.597","0.529","-9.58%"
"13-01-2016","0.595","0.623","0.623","0.585","-3.72%"
"12-01-2016","0.618","0.610","0.628","0.608","0.00%"
"11-01-2016","0.618","0.628","0.628","0.608","-1.59%"
"08-01-2016","0.628","0.638","0.653","0.615","-2.48%"
"07-01-2016","0.644","0.668","0.673","0.630","-4.17%"
"06-01-2016","0.672","0.681","0.686","0.656","18.73%"
"05-01-2016","0.566","0.576","0.586","0.556","-2.75%"
"04-01-2016","0.582","0.604","0.614","0.576","-5.06%"
"31-12-2015","0.613","0.596","0.614","0.584","1.32%"
"30-12-2015","0.605","0.642","0.647","0.594","-5.62%"
"29-12-2015","0.641","0.642","0.652","0.632","-0.77%"
"28-12-2015","0.646","0.617","0.644","0.617","3.36%"
"24-12-2015","0.625","0.627","0.627","0.614","-0.16%"
"23-12-2015","0.626","0.637","0.637","0.617","-2.64%"
"22-12-2015","0.643","0.642","0.652","0.619","-0.46%"
"21-12-2015","0.646","0.647","0.655","0.640","-1.22%"
"18-12-2015","0.654","0.670","0.678","0.645","-3.40%"
"17-12-2015","0.677","0.688","0.695","0.668","-2.59%"
"16-12-2015","0.695","0.675","0.698","0.670","2.36%"
"15-12-2015","0.679","0.670","0.703","0.670","0.74%"
"14-12-2015","0.674","0.657","0.693","0.657","1.05%"
"11-12-2015","0.667","0.691","0.713","0.655","-4.30%"
"10-12-2015","0.697","0.708","0.708","0.680","-1.13%"
"09-12-2015","0.705","0.746","0.762","0.698","1.44%"
"08-12-2015","0.695","0.647","0.693","0.640","6.76%"
"07-12-2015","0.651","0.567","0.655","0.567","13.81%"
"04-12-2015","0.572","0.572","0.572","0.572","6.12%"
"03-12-2015","0.539","0.539","0.539","0.539","8.67%"
"02-12-2015","0.496","0.496","0.496","0.496","3.98%"
"01-12-2015","0.477","0.486","0.493","0.468","-2.05%"
"30-11-2015","0.487","0.473","0.481","0.468","2.10%"
"27-11-2015","0.477","0.484","0.484","0.466","-0.83%"
"26-11-2015","0.481","0.481","0.481","0.481","-0.82%"
"25-11-2015","0.485","0.481","0.484","0.473","-1.02%"
"24-11-2015","0.490","0.476","0.486","0.468","2.30%"
"23-11-2015","0.479","0.468","0.481","0.468","1.48%"
"20-11-2015","0.472","0.471","0.476","0.463","-0.42%"
"19-11-2015","0.474","0.481","0.500","0.466","-1.66%"
"18-11-2015","0.482","0.481","0.484","0.474","-1.03%"
"17-11-2015","0.487","0.479","0.491","0.479","0.41%"
"16-11-2015","0.485","0.486","0.494","0.476","-1.42%"
"13-11-2015","0.492","0.501","0.507","0.481","-3.53%"
"12-11-2015","0.510","0.504","0.512","0.502","0.69%"
"11-11-2015","0.507","0.507","0.507","0.507","13.57%"
"10-11-2015","0.446","0.437","0.449","0.434","1.13%"
"09-11-2015","0.441","0.437","0.442","0.434","0.46%"
"06-11-2015","0.439","0.389","0.462","0.389","11.14%"
"05-11-2015","0.395","0.376","0.391","0.371","5.33%"
"04-11-2015","0.375","0.356","0.373","0.353","4.46%"
"03-11-2015","0.359","0.343","0.356","0.343","3.46%"
"02-11-2015","0.347","0.331","0.353","0.331","4.83%"
"30-10-2015","0.331","0.308","0.331","0.305","7.47%"
"29-10-2015","0.308","0.318","0.323","0.305","-5.52%"
"28-10-2015","0.326","0.275","0.323","0.273","18.55%"
"27-10-2015","0.275","0.250","0.280","0.242","13.64%"
"26-10-2015","0.242","0.232","0.252","0.230","2.11%"
"23-10-2015","0.237","0.220","0.237","0.217","7.24%"
"22-10-2015","0.221","0.220","0.222","0.212","0.91%"
"21-10-2015","0.219","0.220","0.222","0.217","-2.23%"
"20-10-2015","0.224","0.220","0.222","0.220","1.36%"
"19-10-2015","0.221","0.217","0.222","0.212","0.91%"
"16-10-2015","0.219","0.217","0.220","0.209","2.34%"
"15-10-2015","0.214","0.212","0.222","0.207","1.42%"
"14-10-2015","0.211","0.234","0.236","0.209","-10.97%"
"13-10-2015","0.237","0.254","0.257","0.231","-4.78%"
"12-10-2015","0.249","0.249","0.249","0.246","-0.44%"
"09-10-2015","0.250","0.241","0.249","0.241","2.46%"
"08-10-2015","0.244","0.241","0.247","0.231","-1.21%"
"07-10-2015","0.247","0.231","0.249","0.226","5.56%"
"06-10-2015","0.234","0.244","0.244","0.226","-2.09%"
"05-10-2015","0.239","0.229","0.241","0.226","4.41%"
"03-10-2015","0.229","0.229","0.229","0.229","-1.34%"
"02-10-2015","0.232","0.302","0.304","0.211","-22.15%"
"01-10-2015","0.298","0.317","0.317","0.292","-5.70%"
"30-09-2015","0.316","0.325","0.325","0.302","-1.56%"
"29-09-2015","0.321","0.325","0.325","0.315","-0.93%"
"28-09-2015","0.324","0.327","0.332","0.317","-2.99%"
"25-09-2015","0.334","0.315","0.363","0.310","6.71%"
"24-09-2015","0.313","0.327","0.332","0.307","-6.29%"
"23-09-2015","0.334","0.337","0.340","0.327","-0.60%"
"22-09-2015","0.336","0.352","0.352","0.332","-5.08%"
"21-09-2015","0.354","0.342","0.357","0.340","2.91%"
"18-09-2015","0.344","0.385","0.385","0.335","-11.79%"
"17-09-2015","0.390","0.461","0.464","0.358","-16.49%"
"16-09-2015","0.467","0.464","0.474","0.448","4.71%"
"15-09-2015","0.446","0.382","0.453","0.380","1.36%"
"14-09-2015","0.440","0.367","0.382","0.367","19.24%"
"11-09-2015","0.369","0.370","0.372","0.364","-0.81%"
"10-09-2015","0.372","0.367","0.372","0.359","0.54%"
"09-09-2015","0.370","0.370","0.372","0.362","0.82%"
"08-09-2015","0.367","0.354","0.364","0.352","4.32%"
"07-09-2015","0.352","0.354","0.354","0.352","-0.62%"
"04-09-2015","0.354","0.344","0.359","0.337","4.42%"
"03-09-2015","0.339","0.349","0.352","0.334","-2.87%"
"02-09-2015","0.349","0.370","0.370","0.344","-6.18%"
"01-09-2015","0.372","0.380","0.380","0.367","-2.62%"
"31-08-2015","0.382","0.372","0.382","0.370","2.69%"
"28-08-2015","0.372","0.349","0.370","0.344","5.68%"
"27-08-2015","0.352","0.342","0.354","0.342","3.23%"
"26-08-2015","0.341","0.347","0.352","0.329","-2.29%"
"25-08-2015","0.349","0.324","0.359","0.319","5.44%"
"24-08-2015","0.331","0.357","0.357","0.306","-7.80%"
"21-08-2015","0.359","0.380","0.382","0.352","-6.02%"
"20-08-2015","0.382","0.387","0.393","0.372","-3.29%"
"19-08-2015","0.395","0.415","0.421","0.385","4.77%"
"18-08-2015","0.377","0.377","0.387","0.370","1.34%"
"17-08-2015","0.372","0.385","0.385","0.367","-1.33%"
"14-08-2015","0.377","0.377","0.387","0.370","1.34%"
"13-08-2015","0.372","0.352","0.375","0.352","5.68%"
"12-08-2015","0.352","0.362","0.362","0.337","-1.40%"
"11-08-2015","0.357","0.372","0.375","0.349","-4.80%"
"10-08-2015","0.375","0.359","0.375","0.354","4.46%"
"07-08-2015","0.359","0.339","0.375","0.332","6.85%"
"06-08-2015","0.336","0.370","0.390","0.334","-7.69%"
"05-08-2015","0.364","0.365","0.370","0.349","4.30%"
"04-08-2015","0.349","0.324","0.359","0.316","8.72%"
"03-08-2015","0.321","0.324","0.324","0.314","1.58%"
"31-07-2015","0.316","0.354","0.354","0.311","-8.93%"
"30-07-2015","0.347","0.329","0.344","0.319","8.10%"
"29-07-2015","0.321","0.324","0.324","0.311","1.58%"
"28-07-2015","0.316","0.319","0.319","0.306","1.61%"
"27-07-2015","0.311","0.314","0.329","0.306","-2.20%"
"24-07-2015","0.318","0.334","0.334","0.314","0.00%"
"23-07-2015","0.318","0.337","0.339","0.324","-5.36%"
"22-07-2015","0.336","0.329","0.344","0.329","15.86%"
"21-07-2015","0.290","0.280","0.300","0.280","1.75%"
"20-07-2015","0.285","0.257","0.282","0.257","10.77%"
"18-07-2015","0.257","0.257","0.257","0.257","-1.04%"
"17-07-2015","0.260","0.262","0.265","0.250","1.96%"
"16-07-2015","0.255","0.247","0.260","0.245","2.00%"
"15-07-2015","0.250","0.245","0.260","0.245","1.21%"
"14-07-2015","0.247","0.257","0.262","0.245","-3.14%"
"13-07-2015","0.255","0.262","0.262","0.252","1.19%"
"10-07-2015","0.252","0.237","0.252","0.229","8.62%"
"09-07-2015","0.232","0.237","0.237","0.220","4.98%"
"08-07-2015","0.221","0.247","0.247","0.220","-4.74%"
"07-07-2015","0.232","0.247","0.247","0.225","-2.11%"
"06-07-2015","0.237","0.257","0.257","0.232","-5.20%"
"02-07-2015","0.250","0.283","0.283","0.245","-9.09%"
"01-07-2015","0.275","0.278","0.278","0.265","3.00%"
"30-06-2015","0.267","0.283","0.283","0.262","0.00%"
"29-06-2015","0.267","0.298","0.298","0.252","-7.29%"
"26-06-2015","0.288","0.293","0.293","0.283","1.05%"
"25-06-2015","0.285","0.285","0.298","0.280","-1.04%"
"24-06-2015","0.288","0.303","0.303","0.285","-9.43%"
"23-06-2015","0.318","0.230","0.250","0.230","37.07%"
"22-06-2015","0.232","0.225","0.233","0.225","4.98%"
"19-06-2015","0.221","0.230","0.233","0.215","-4.74%"
"18-06-2015","0.232","0.248","0.248","0.225","-7.20%"
"17-06-2015","0.250","0.253","0.273","0.238","-1.96%"
"16-06-2015","0.255","0.255","0.258","0.248","-0.78%"
"15-06-2015","0.257","0.263","0.263","0.250","-1.91%"
"12-06-2015","0.262","0.261","0.263","0.258","0.77%"
"11-06-2015","0.260","0.258","0.261","0.255","1.17%"
"10-06-2015","0.257","0.256","0.258","0.253","0.78%"
"09-06-2015","0.255","0.256","0.256","0.250","0.00%"
"08-06-2015","0.255","0.266","0.268","0.253","-4.49%"
"05-06-2015","0.267","0.250","0.273","0.250","6.80%"
"04-06-2015","0.250","0.253","0.263","0.243","-1.96%"
"03-06-2015","0.255","0.248","0.263","0.248","2.00%"
"02-06-2015","0.250","0.248","0.250","0.245","1.21%"
"01-06-2015","0.247","0.250","0.253","0.243","-1.40%"
"30-05-2015","0.250","0.250","0.250","0.250","0.00%"
"29-05-2015","0.250","0.256","0.256","0.248","-1.96%"
"28-05-2015","0.255","0.258","0.268","0.250","9.91%"
"27-05-2015","0.232","0.222","0.229","0.219","4.98%"
"26-05-2015","0.221","0.209","0.219","0.204","6.87%"
"25-05-2015","0.207","0.207","0.207","0.207","-1.05%"
"22-05-2015","0.209","0.192","0.209","0.187","11.17%"
"21-05-2015","0.188","0.199","0.202","0.187","-6.47%"
"20-05-2015","0.201","0.209","0.209","0.197","-2.43%"
"19-05-2015","0.206","0.202","0.207","0.199","2.49%"
"18-05-2015","0.201","0.199","0.204","0.197","0.00%"
"15-05-2015","0.201","0.209","0.209","0.199","-2.43%"
"14-05-2015","0.206","0.220","0.222","0.204","-6.79%"
"13-05-2015","0.221","0.230","0.252","0.217","-4.74%"
"12-05-2015","0.232","0.252","0.252","0.227","0.00%"
"11-05-2015","0.232","0.242","0.242","0.217","5.94%"
"08-05-2015","0.219","0.240","0.242","0.217","-8.37%"
"07-05-2015","0.239","0.242","0.245","0.232","0.00%"
"06-05-2015","0.239","0.237","0.245","0.232","2.14%"
"05-05-2015","0.234","0.240","0.252","0.225","2.18%"
"04-05-2015","0.229","0.232","0.232","0.222","-2.14%"
"01-05-2015","0.234","0.227","0.252","0.225","0.86%"
"30-04-2015","0.232","0.232","0.257","0.227","0.00%"
"29-04-2015","0.232","0.245","0.247","0.227","7.41%"
"28-04-2015","0.216","0.217","0.227","0.212","0.00%"
"27-04-2015","0.216","0.214","0.219","0.212","0.93%"
"24-04-2015","0.214","0.212","0.219","0.212","-0.93%"
"23-04-2015","0.216","0.217","0.219","0.214","-1.37%"
"22-04-2015","0.219","0.212","0.222","0.207","3.79%"
"21-04-2015","0.211","0.209","0.217","0.209","-1.40%"
"20-04-2015","0.214","0.207","0.212","0.207","2.39%"
"17-04-2015","0.209","0.199","0.209","0.192","3.98%"
"16-04-2015","0.201","0.204","0.207","0.194","-1.47%"
"15-04-2015","0.204","0.212","0.212","0.202","-4.67%"
"14-04-2015","0.214","0.225","0.225","0.207","-3.17%"
"13-04-2015","0.221","0.227","0.230","0.217","-3.49%"
"10-04-2015","0.229","0.220","0.227","0.220","3.62%"
"09-04-2015","0.221","0.214","0.222","0.212","3.27%"
"08-04-2015","0.214","0.214","0.220","0.209","0.00%"
"07-04-2015","0.214","0.204","0.212","0.204","3.88%"
"06-04-2015","0.206","0.235","0.235","0.199","1.98%"
"03-04-2015","0.202","0.235","0.235","0.199","-16.53%"
"02-04-2015","0.242","0.240","0.245","0.232","0.00%"
"01-04-2015","0.242","0.262","0.262","0.237","5.68%"
"31-03-2015","0.229","0.245","0.248","0.225","-7.29%"
"30-03-2015","0.247","0.245","0.248","0.240","1.23%"
"27-03-2015","0.244","0.273","0.273","0.238","-6.15%"
"26-03-2015","0.260","0.253","0.263","0.238","7.44%"
"25-03-2015","0.242","0.238","0.240","0.215","9.50%"
"24-03-2015","0.221","0.233","0.233","0.215","0.91%"
"23-03-2015","0.219","0.238","0.238","0.213","-2.23%"
"20-03-2015","0.224","0.258","0.258","0.215","-4.27%"
"19-03-2015","0.234","0.202","0.245","0.200","11.96%"
"18-03-2015","0.209","0.261","0.278","0.190","-19.62%"
"17-03-2015","0.260","0.240","0.261","0.240","7.44%"
"16-03-2015","0.242","0.253","0.253","0.235","2.11%"
"13-03-2015","0.237","0.238","0.253","0.233","0.00%"
"12-03-2015","0.237","0.258","0.258","0.228","-0.84%"
"11-03-2015","0.239","0.240","0.253","0.235","0.00%"
"10-03-2015","0.239","0.258","0.258","0.228","-2.05%"
"09-03-2015","0.244","0.258","0.263","0.243","-6.87%"
"06-03-2015","0.262","0.235","0.266","0.228","11.97%"
"05-03-2015","0.234","0.248","0.251","0.233","-6.40%"
"04-03-2015","0.250","0.263","0.263","0.243","28.21%"
"03-03-2015","0.195","0.196","0.213","0.193","0.00%"
"02-03-2015","0.195","0.193","0.196","0.191","1.04%"
"27-02-2015","0.193","0.203","0.203","0.191","-4.93%"
"26-02-2015","0.203","0.188","0.201","0.183","7.98%"
"25-02-2015","0.188","0.188","0.191","0.185","-1.05%"
"24-02-2015","0.190","0.206","0.211","0.186","-8.65%"
"23-02-2015","0.208","0.211","0.216","0.203","-2.35%"
"20-02-2015","0.213","0.208","0.211","0.198","0.95%"
"19-02-2015","0.211","0.201","0.211","0.198","3.94%"
"18-02-2015","0.203","0.223","0.223","0.198","-8.97%"
"17-02-2015","0.223","0.221","0.223","0.213","2.20%"
"16-02-2015","0.218","0.218","0.218","0.218","-1.27%"
"13-02-2015","0.221","0.236","0.241","0.218","-3.49%"
"12-02-2015","0.229","0.233","0.233","0.223","0.00%"
"11-02-2015","0.229","0.228","0.233","0.223","-2.14%"
"10-02-2015","0.234","0.233","0.238","0.226","0.00%"
"09-02-2015","0.234","0.243","0.246","0.228","-4.88%"
"06-02-2015","0.246","0.196","0.251","0.196","26.15%"
"05-02-2015","0.195","0.193","0.198","0.191","-1.52%"
"04-02-2015","0.198","0.208","0.211","0.191","18.56%"
"03-02-2015","0.167","0.148","0.173","0.148","11.33%"
"02-02-2015","0.150","0.145","0.150","0.143","2.04%"
"30-01-2015","0.147","0.150","0.153","0.143","-3.29%"
"29-01-2015","0.152","0.153","0.155","0.145","-3.18%"
"28-01-2015","0.157","0.155","0.161","0.150","1.29%"
"27-01-2015","0.155","0.155","0.158","0.145","-1.27%"
"26-01-2015","0.157","0.153","0.161","0.150","0.00%"
"23-01-2015","0.157","0.163","0.163","0.150","-3.09%"
"22-01-2015","0.162","0.163","0.166","0.155","0.00%"
"21-01-2015","0.162","0.161","0.166","0.155","1.25%"
"20-01-2015","0.160","0.161","0.163","0.153","1.27%"
"19-01-2015","0.158","0.158","0.158","0.158","-1.25%"
"16-01-2015","0.160","0.150","0.166","0.150","5.26%"
"15-01-2015","0.152","0.166","0.168","0.150","-8.98%"
"14-01-2015","0.167","0.183","0.186","0.158","-9.73%"
"13-01-2015","0.185","0.191","0.191","0.178","-1.60%"
"12-01-2015","0.188","0.201","0.201","0.183","-7.39%"
"09-01-2015","0.203","0.233","0.236","0.191","-15.06%"
"08-01-2015","0.239","0.246","0.254","0.231","-4.02%"
"07-01-2015","0.249","0.256","0.259","0.246","19.71%"
"06-01-2015","0.208","0.226","0.226","0.194","-4.59%"
"05-01-2015","0.218","0.219","0.224","0.216","-2.24%"
"02-01-2015","0.223","0.219","0.236","0.216","1.92%"
"01-01-2015","0.219","0.219","0.219","0.219","1.30%"
"31-12-2014","0.216","0.199","0.224","0.194","10.77%"
"30-12-2014","0.195","0.216","0.224","0.194","-10.55%"
"29-12-2014","0.218","0.236","0.239","0.214","-7.63%"
"26-12-2014","0.236","0.239","0.242","0.234","-1.26%"
"25-12-2014","0.239","0.239","0.239","0.239","0.00%"
"24-12-2014","0.239","0.244","0.244","0.234","-2.05%"
"23-12-2014","0.244","0.252","0.262","0.239","-4.69%"
"22-12-2014","0.256","0.247","0.257","0.244","1.99%"
"19-12-2014","0.251","0.242","0.249","0.239","4.15%"
"18-12-2014","0.241","0.219","0.244","0.216","9.05%"
"17-12-2014","0.221","0.204","0.224","0.194","8.87%"
"16-12-2014","0.203","0.196","0.201","0.186","2.53%"
"15-12-2014","0.198","0.191","0.199","0.189","2.59%"
"12-12-2014","0.193","0.206","0.211","0.186","-7.21%"
"11-12-2014","0.208","0.211","0.216","0.201","-1.42%"
"10-12-2014","0.211","0.227","0.231","0.209","27.88%"
"09-12-2014","0.165","0.148","0.170","0.148","10.00%"
"08-12-2014","0.150","0.143","0.148","0.140","5.63%"
"05-12-2014","0.142","0.125","0.143","0.123","14.52%"
"04-12-2014","0.124","0.123","0.123","0.118","1.64%"
"03-12-2014","0.122","0.130","0.130","0.120","0.00%"
"02-12-2014","0.122","0.120","0.120","0.118","2.52%"
"01-12-2014","0.119","0.123","0.123","0.115","-2.46%"
"28-11-2014","0.122","0.125","0.125","0.118","-0.65%"
"27-11-2014","0.123","0.123","0.123","0.123","-0.97%"
"26-11-2014","0.124","0.125","0.128","0.123","0.00%"
"25-11-2014","0.124","0.125","0.125","0.123","0.00%"
"24-11-2014","0.124","0.125","0.125","0.123","0.00%"
"21-11-2014","0.124","0.128","0.128","0.123","-2.36%"
"20-11-2014","0.127","0.130","0.130","0.123","-5.22%"
"19-11-2014","0.134","0.133","0.140","0.130","1.52%"
"18-11-2014","0.132","0.138","0.138","0.130","-8.97%"
"17-11-2014","0.145","0.143","0.146","0.140","0.00%"
"14-11-2014","0.145","0.140","0.148","0.140","2.11%"
"13-11-2014","0.142","0.143","0.146","0.140","30.28%"
"12-11-2014","0.109","0.101","0.108","0.098","8.46%"
"11-11-2014","0.101","0.101","0.101","0.101","1.52%"
"10-11-2014","0.099","0.098","0.098","0.098","0.00%"
"07-11-2014","0.099","0.098","0.106","0.098","0.00%"
"06-11-2014","0.099","0.095","0.101","0.095","3.12%"
"05-11-2014","0.096","0.101","0.101","0.093","0.00%"
"04-11-2014","0.096","0.098","0.101","0.095","0.00%"
"03-11-2014","0.096","0.098","0.098","0.095","-3.03%"
"31-10-2014","0.099","0.103","0.106","0.095","-4.81%"
"30-10-2014","0.104","0.108","0.111","0.101","-4.59%"
"29-10-2014","0.109","0.098","0.108","0.098","10.10%"
"28-10-2014","0.099","0.101","0.101","0.098","0.00%"
"27-10-2014","0.099","0.101","0.103","0.098","0.00%"
"24-10-2014","0.099","0.101","0.101","0.095","0.00%"
"23-10-2014","0.099","0.101","0.101","0.096","0.00%"
"22-10-2014","0.099","0.098","0.098","0.098","0.00%"
"21-10-2014","0.099","0.096","0.101","0.096","0.00%"
"20-10-2014","0.099","0.101","0.101","0.096","-1.98%"
"17-10-2014","0.101","0.098","0.101","0.098","0.00%"
"16-10-2014","0.101","0.101","0.101","0.098","32.89%"
"15-10-2014","0.076","0.075","0.078","0.065","2.70%"
"14-10-2014","0.074","0.085","0.085","0.070","-10.52%"
"13-10-2014","0.083","0.083","0.083","0.083","-1.55%"
"10-10-2014","0.084","0.085","0.085","0.080","0.00%"
"09-10-2014","0.084","0.085","0.085","0.083","0.00%"
"08-10-2014","0.084","0.088","0.090","0.083","-5.62%"
"07-10-2014","0.089","0.093","0.093","0.085","-2.20%"
"06-10-2014","0.091","0.095","0.095","0.088","-5.21%"
"03-10-2014","0.096","0.093","0.100","0.093","5.49%"
"02-10-2014","0.091","0.088","0.093","0.085","2.25%"
"01-10-2014","0.089","0.098","0.098","0.085","-10.10%"
"30-09-2014","0.099","0.095","0.100","0.095","3.12%"
"29-09-2014","0.096","0.093","0.100","0.093","0.73%"
"27-09-2014","0.095","0.095","0.095","0.095","-0.73%"
"26-09-2014","0.096","0.093","0.098","0.093","2.13%"
"25-09-2014","0.094","0.098","0.098","0.093","-6.93%"
"24-09-2014","0.101","0.100","0.103","0.095","5.21%"
"23-09-2014","0.096","0.100","0.100","0.095","-4.95%"
"22-09-2014","0.101","0.115","0.115","0.100","-11.40%"
"19-09-2014","0.114","0.120","0.120","0.113","-4.20%"
"18-09-2014","0.119","0.128","0.128","0.118","-7.75%"
"17-09-2014","0.129","0.125","0.138","0.123","34.37%"
"16-09-2014","0.096","0.091","0.099","0.089","7.87%"
"15-09-2014","0.089","0.091","0.091","0.089","-2.20%"
"13-09-2014","0.091","0.091","0.091","0.091","2.25%"
"12-09-2014","0.089","0.096","0.096","0.089","-2.20%"
"11-09-2014","0.091","0.096","0.096","0.089","-5.21%"
"10-09-2014","0.096","0.094","0.096","0.094","2.13%"
"09-09-2014","0.094","0.091","0.096","0.091","5.62%"
"08-09-2014","0.089","0.091","0.091","0.086","0.00%"
"05-09-2014","0.089","0.094","0.096","0.089","-2.20%"
"04-09-2014","0.091","0.091","0.094","0.086","0.00%"
"03-09-2014","0.091","0.091","0.096","0.089","-3.19%"
"02-09-2014","0.094","0.094","0.096","0.091","0.00%"
"01-09-2014","0.094","0.094","0.094","0.094","5.17%"
"29-08-2014","0.089","0.094","0.094","0.089","-5.32%"
"28-08-2014","0.094","0.099","0.099","0.094","-5.05%"
"27-08-2014","0.099","0.101","0.101","0.099","0.00%"
"26-08-2014","0.099","0.101","0.101","0.099","-1.98%"
"25-08-2014","0.101","0.104","0.106","0.101","0.00%"
"22-08-2014","0.101","0.104","0.114","0.101","0.00%"
"21-08-2014","0.101","0.114","0.114","0.101","-11.40%"
"20-08-2014","0.114","0.109","0.114","0.109","35.71%"
"19-08-2014","0.084","0.081","0.086","0.081","0.00%"
"18-08-2014","0.084","0.081","0.086","0.081","6.33%"
"15-08-2014","0.079","0.083","0.083","0.078","-2.47%"
"14-08-2014","0.081","0.081","0.081","0.078","-3.57%"
"13-08-2014","0.084","0.094","0.094","0.083","-10.64%"
"12-08-2014","0.094","0.091","0.094","0.091","3.30%"
"11-08-2014","0.091","0.094","0.094","0.091","0.00%"
"08-08-2014","0.091","0.094","0.096","0.089","0.00%"
"07-08-2014","0.091","0.101","0.101","0.091","-8.08%"
"06-08-2014","0.099","0.106","0.106","0.099","-4.81%"
"05-08-2014","0.104","0.106","0.106","0.101","0.00%"
"04-08-2014","0.104","0.109","0.109","0.104","-4.32%"
"02-08-2014","0.109","0.109","0.109","0.109","0.00%"
"01-08-2014","0.109","0.114","0.119","0.109","-4.39%"
"31-07-2014","0.114","0.114","0.116","0.111","0.00%"
"30-07-2014","0.114","0.109","0.116","0.109","6.54%"
"29-07-2014","0.107","0.107","0.107","0.107","0.75%"
"28-07-2014","0.106","0.106","0.106","0.104","-0.75%"
"25-07-2014","0.107","0.106","0.109","0.106","-1.83%"
"24-07-2014","0.109","0.109","0.109","0.106","1.87%"
"23-07-2014","0.107","0.116","0.119","0.106","20.22%"
"22-07-2014","0.089","0.091","0.091","0.083","0.00%"
"21-07-2014","0.089","0.086","0.088","0.086","5.95%"
"18-07-2014","0.084","0.086","0.086","0.083","-2.33%"
"17-07-2014","0.086","0.093","0.093","0.083","-8.51%"
"16-07-2014","0.094","0.093","0.093","0.093","0.00%"
"15-07-2014","0.094","0.091","0.093","0.091","3.30%"
"14-07-2014","0.091","0.093","0.093","0.091","-2.47%"
"12-07-2014","0.093","0.093","0.093","0.093","-0.74%"
"11-07-2014","0.094","0.091","0.093","0.091","3.30%"
"10-07-2014","0.091","0.096","0.096","0.088","-5.21%"
"09-07-2014","0.096","0.093","0.096","0.093","2.13%"
"08-07-2014","0.094","0.101","0.101","0.093","-9.62%"
"07-07-2014","0.104","0.106","0.108","0.101","0.00%"
"03-07-2014","0.104","0.108","0.116","0.103","-4.59%"
"02-07-2014","0.109","0.106","0.108","0.103","1.87%"
"01-07-2014","0.107","0.103","0.108","0.103","0.00%"
"30-06-2014","0.107","0.103","0.108","0.101","2.88%"
"27-06-2014","0.104","0.098","0.103","0.098","5.05%"
"26-06-2014","0.099","0.106","0.106","0.098","-4.81%"
"25-06-2014","0.104","0.113","0.116","0.103","23.81%"
"24-06-2014","0.084","0.083","0.083","0.081","0.00%"
"23-06-2014","0.084","0.081","0.083","0.081","3.70%"
"20-06-2014","0.081","0.089","0.091","0.081","-5.81%"
"19-06-2014","0.086","0.094","0.094","0.086","-5.49%"
"18-06-2014","0.091","0.096","0.099","0.089","-5.21%"
"17-06-2014","0.096","0.104","0.106","0.096","-4.95%"
"16-06-2014","0.101","0.104","0.106","0.101","-2.88%"
"13-06-2014","0.104","0.099","0.106","0.096","8.33%"
"12-06-2014","0.096","0.099","0.099","0.094","-3.03%"
"11-06-2014","0.099","0.104","0.104","0.096","-1.98%"
"10-06-2014","0.101","0.099","0.101","0.099","5.21%"
"09-06-2014","0.096","0.099","0.099","0.096","0.00%"
"06-06-2014","0.096","0.094","0.096","0.094","0.00%"
"05-06-2014","0.096","0.099","0.099","0.094","-3.03%"
"04-06-2014","0.099","0.104","0.104","0.099","0.00%"
"03-06-2014","0.099","0.104","0.104","0.099","-1.98%"
"02-06-2014","0.101","0.101","0.101","0.101","2.02%"
"30-05-2014","0.099","0.099","0.099","0.096","3.12%"
"29-05-2014","0.096","0.099","0.099","0.096","26.32%"
"28-05-2014","0.076","0.083","0.083","0.076","-6.17%"
"27-05-2014","0.081","0.083","0.083","0.081","0.00%"
"26-05-2014","0.081","0.083","0.083","0.081","0.00%"
"23-05-2014","0.081","0.083","0.083","0.081","0.00%"
"22-05-2014","0.081","0.081","0.083","0.081","0.00%"
"21-05-2014","0.081","0.081","0.083","0.081","2.53%"
"20-05-2014","0.079","0.078","0.081","0.078","-2.47%"
"19-05-2014","0.081","0.083","0.083","0.081","0.00%"
"16-05-2014","0.081","0.083","0.083","0.081","0.00%"
"15-05-2014","0.081","0.083","0.091","0.081","-5.81%"
"14-05-2014","0.086","0.091","0.091","0.083","-8.51%"
"13-05-2014","0.094","0.093","0.096","0.093","-2.08%"
"12-05-2014","0.096","0.096","0.096","0.096","0.00%"
"09-05-2014","0.096","0.096","0.096","0.093","2.13%"
"08-05-2014","0.094","0.101","0.101","0.093","-5.05%"
"07-05-2014","0.099","0.106","0.108","0.098","-1.98%"
"06-05-2014","0.101","0.101","0.103","0.098","2.02%"
"05-05-2014","0.099","0.101","0.101","0.098","-4.81%"
"02-05-2014","0.104","0.106","0.111","0.101","2.97%"
"01-05-2014","0.101","0.108","0.108","0.101","-5.61%"
"30-04-2014","0.107","0.111","0.111","0.106","13.83%"
"29-04-2014","0.094","0.093","0.093","0.091","0.00%"
"28-04-2014","0.094","0.096","0.096","0.091","3.30%"
"25-04-2014","0.091","0.093","0.093","0.091","-3.19%"
"24-04-2014","0.094","0.093","0.096","0.093","0.00%"
"23-04-2014","0.094","0.096","0.096","0.091","0.00%"
"22-04-2014","0.094","0.093","0.096","0.093","0.00%"
"21-04-2014","0.094","0.096","0.098","0.093","0.00%"
"17-04-2014","0.094","0.096","0.096","0.091","3.30%"
"16-04-2014","0.091","0.096","0.096","0.091","0.00%"
"15-04-2014","0.091","0.101","0.101","0.091","-5.21%"
"14-04-2014","0.096","0.101","0.101","0.093","2.13%"
"11-04-2014","0.094","0.098","0.098","0.091","3.30%"
"10-04-2014","0.091","0.098","0.098","0.091","-5.21%"
"09-04-2014","0.096","0.103","0.103","0.093","-4.95%"
"08-04-2014","0.101","0.106","0.106","0.101","0.00%"
"07-04-2014","0.101","0.108","0.108","0.101","-5.61%"
"04-04-2014","0.107","0.111","0.113","0.103","-1.83%"
"03-04-2014","0.109","0.124","0.124","0.106","-10.66%"
"02-04-2014","0.122","0.129","0.129","0.119","7.02%"
"01-04-2014","0.114","0.121","0.121","0.114","-4.20%"
"31-03-2014","0.119","0.119","0.124","0.116","0.00%"
"28-03-2014","0.119","0.119","0.119","0.114","4.39%"
"27-03-2014","0.114","0.119","0.119","0.114","-4.20%"
"26-03-2014","0.119","0.119","0.124","0.119","-2.46%"
"25-03-2014","0.122","0.129","0.132","0.121","-5.43%"
"24-03-2014","0.129","0.129","0.134","0.129","0.00%"
"21-03-2014","0.129","0.132","0.134","0.129","-3.73%"
"20-03-2014","0.134","0.134","0.137","0.132","1.52%"
"19-03-2014","0.132","0.119","0.142","0.119","8.20%"
"18-03-2014","0.122","0.124","0.124","0.121","0.00%"
"17-03-2014","0.122","0.119","0.124","0.119","2.52%"
"14-03-2014","0.119","0.121","0.121","0.116","0.00%"
"13-03-2014","0.119","0.119","0.124","0.119","0.00%"
"12-03-2014","0.119","0.126","0.126","0.119","-4.03%"
"11-03-2014","0.124","0.126","0.126","0.124","-1.98%"
"10-03-2014","0.126","0.126","0.129","0.126","-0.39%"
"07-03-2014","0.127","0.126","0.132","0.124","2.42%"
"06-03-2014","0.124","0.126","0.129","0.121","0.00%"
"05-03-2014","0.124","0.132","0.132","0.122","15.89%"
"04-03-2014","0.107","0.103","0.108","0.103","2.88%"
"03-03-2014","0.104","0.103","0.105","0.100","-2.80%"
"28-02-2014","0.107","0.103","0.105","0.100","5.94%"
"27-02-2014","0.101","0.103","0.103","0.098","0.00%"
"26-02-2014","0.101","0.105","0.105","0.100","0.00%"
"25-02-2014","0.101","0.105","0.105","0.100","-2.88%"
"24-02-2014","0.104","0.108","0.108","0.103","-2.80%"
"21-02-2014","0.107","0.110","0.110","0.105","-1.83%"
"20-02-2014","0.109","0.105","0.110","0.103","4.81%"
"19-02-2014","0.104","0.100","0.105","0.098","5.05%"
"18-02-2014","0.099","0.105","0.105","0.098","-5.98%"
"17-02-2014","0.105","0.100","0.105","0.100","1.25%"
"14-02-2014","0.104","0.113","0.115","0.100","-8.77%"
"13-02-2014","0.114","0.118","0.120","0.113","-4.20%"
"12-02-2014","0.119","0.120","0.120","0.118","0.00%"
"11-02-2014","0.119","0.115","0.120","0.115","1.71%"
"10-02-2014","0.117","0.120","0.123","0.113","-1.68%"
"07-02-2014","0.119","0.125","0.128","0.118","-4.03%"
"06-02-2014","0.124","0.120","0.128","0.118","4.20%"
"05-02-2014","0.119","0.123","0.123","0.118","9.17%"
"04-02-2014","0.109","0.093","0.110","0.090","19.78%"
"03-02-2014","0.091","0.090","0.093","0.090","0.00%"
"31-01-2014","0.091","0.100","0.100","0.090","-3.19%"
"30-01-2014","0.094","0.105","0.110","0.090","-5.05%"
"29-01-2014","0.099","0.105","0.108","0.098","-4.81%"
"28-01-2014","0.104","0.108","0.108","0.103","-2.80%"
"27-01-2014","0.107","0.105","0.108","0.103","0.00%"
"24-01-2014","0.107","0.100","0.105","0.095","8.08%"
"23-01-2014","0.099","0.105","0.105","0.095","-4.81%"
"22-01-2014","0.104","0.103","0.108","0.103","-2.80%"
"21-01-2014","0.107","0.105","0.108","0.105","-0.74%"
"20-01-2014","0.108","0.108","0.108","0.108","0.75%"
"17-01-2014","0.107","0.105","0.110","0.105","0.00%"
"16-01-2014","0.107","0.115","0.118","0.105","-8.55%"
"15-01-2014","0.117","0.110","0.115","0.110","4.46%"
"14-01-2014","0.112","0.110","0.113","0.110","0.00%"
"13-01-2014","0.112","0.115","0.118","0.110","-5.88%"
"10-01-2014","0.119","0.130","0.130","0.115","-6.30%"
"09-01-2014","0.127","0.125","0.130","0.123","-1.55%"
"08-01-2014","0.129","0.126","0.136","0.123","24.04%"
"07-01-2014","0.104","0.108","0.113","0.101","-4.59%"
"06-01-2014","0.109","0.118","0.118","0.108","-4.39%"
"03-01-2014","0.114","0.113","0.118","0.113","1.79%"
"02-01-2014","0.112","0.118","0.121","0.111","-3.11%"
"01-01-2014","0.116","0.116","0.116","0.116","-1.20%"
"31-12-2013","0.117","0.118","0.123","0.113","0.00%"
"30-12-2013","0.117","0.118","0.121","0.113","0.00%"
"27-12-2013","0.117","0.123","0.126","0.116","-5.65%"
"26-12-2013","0.124","0.128","0.131","0.121","-5.20%"
"25-12-2013","0.131","0.128","0.131","0.128","1.40%"
"24-12-2013","0.129","0.128","0.133","0.128","0.00%"
"23-12-2013","0.129","0.133","0.133","0.128","-3.73%"
"20-12-2013","0.134","0.136","0.138","0.131","0.00%"
"19-12-2013","0.134","0.131","0.138","0.131","1.52%"
"18-12-2013","0.132","0.133","0.136","0.131","-1.49%"
"17-12-2013","0.134","0.133","0.136","0.133","0.00%"
"16-12-2013","0.134","0.138","0.138","0.133","-2.19%"
"13-12-2013","0.137","0.138","0.138","0.136","0.00%"
"12-12-2013","0.137","0.136","0.138","0.131","2.24%"
"11-12-2013","0.134","0.137","0.140","0.133","17.54%"
"10-12-2013","0.114","0.120","0.123","0.110","-6.56%"
"09-12-2013","0.122","0.125","0.125","0.118","-1.61%"
"06-12-2013","0.124","0.123","0.128","0.123","0.00%"
"05-12-2013","0.124","0.125","0.125","0.120","0.00%"
"04-12-2013","0.124","0.123","0.123","0.120","1.64%"
"03-12-2013","0.122","0.123","0.123","0.118","0.00%"
"02-12-2013","0.122","0.118","0.125","0.118","2.52%"
"29-11-2013","0.119","0.123","0.123","0.118","-1.08%"
"28-11-2013","0.120","0.120","0.120","0.120","-1.39%"
"27-11-2013","0.122","0.120","0.120","0.120","0.00%"
"26-11-2013","0.122","0.125","0.125","0.120","0.00%"
"25-11-2013","0.122","0.120","0.125","0.120","0.00%"
"22-11-2013","0.122","0.118","0.123","0.118","0.00%"
"21-11-2013","0.122","0.118","0.123","0.118","0.00%"
"20-11-2013","0.122","0.130","0.130","0.118","-7.58%"
"19-11-2013","0.132","0.125","0.130","0.125","2.33%"
"18-11-2013","0.129","0.128","0.128","0.125","1.57%"
"15-11-2013","0.127","0.128","0.128","0.125","0.00%"
"14-11-2013","0.127","0.133","0.135","0.125","-5.22%"
"13-11-2013","0.134","0.108","0.113","0.103","22.94%"
"12-11-2013","0.109","0.106","0.116","0.106","0.83%"
"11-11-2013","0.108","0.106","0.108","0.106","1.03%"
"08-11-2013","0.107","0.101","0.108","0.098","8.08%"
"07-11-2013","0.099","0.101","0.103","0.093","3.12%"
"06-11-2013","0.096","0.106","0.106","0.095","-7.69%"
"05-11-2013","0.104","0.106","0.106","0.095","8.33%"
"04-11-2013","0.096","0.090","0.098","0.090","2.13%"
"01-11-2013","0.094","0.095","0.098","0.090","-2.08%"
"31-10-2013","0.096","0.101","0.101","0.093","-4.95%"
"30-10-2013","0.101","0.098","0.101","0.095","0.00%"
"29-10-2013","0.101","0.103","0.103","0.098","0.00%"
"28-10-2013","0.101","0.103","0.103","0.098","0.00%"
"25-10-2013","0.101","0.108","0.108","0.101","-2.88%"
"24-10-2013","0.104","0.103","0.108","0.101","2.97%"
"23-10-2013","0.101","0.101","0.106","0.098","0.00%"
"22-10-2013","0.101","0.116","0.116","0.101","-11.40%"
"21-10-2013","0.114","0.118","0.123","0.111","-6.56%"
"18-10-2013","0.122","0.130","0.135","0.118","-5.43%"
"17-10-2013","0.129","0.153","0.168","0.120","-3.73%"
"16-10-2013","0.134","0.145","0.158","0.123","-11.84%"
"15-10-2013","0.152","0.130","0.153","0.128","16.65%"
"14-10-2013","0.130","0.130","0.130","0.125","1.01%"
"11-10-2013","0.129","0.133","0.135","0.125","-2.27%"
"10-10-2013","0.132","0.140","0.145","0.125","-5.71%"
"09-10-2013","0.140","0.130","0.148","0.125","3.70%"
"08-10-2013","0.135","0.100","0.138","0.100","28.57%"
"07-10-2013","0.105","0.100","0.105","0.095","7.14%"
"04-10-2013","0.098","0.098","0.100","0.090","3.16%"
"03-10-2013","0.095","0.090","0.095","0.090","5.56%"
"02-10-2013","0.090","0.095","0.098","0.088","-5.26%"
"01-10-2013","0.095","0.088","0.098","0.088","5.56%"
"30-09-2013","0.090","0.090","0.093","0.088","0.00%"
"27-09-2013","0.090","0.093","0.103","0.083","-3.23%"
"26-09-2013","0.093","0.100","0.103","0.093","-7.00%"
"25-09-2013","0.100","0.103","0.105","0.098","0.00%"
"24-09-2013","0.100","0.103","0.103","0.098","0.00%"
"23-09-2013","0.100","0.103","0.108","0.100","-2.91%"
"20-09-2013","0.103","0.103","0.108","0.100","0.00%"
"19-09-2013","0.103","0.105","0.110","0.098","-1.90%"
"18-09-2013","0.105","0.119","0.123","0.105","-0.94%"
"17-09-2013","0.106","0.101","0.111","0.101","1.92%"
"16-09-2013","0.104","0.109","0.109","0.096","-4.59%"
"13-09-2013","0.109","0.106","0.111","0.106","2.83%"
"12-09-2013","0.106","0.109","0.116","0.106","-4.50%"
"11-09-2013","0.111","0.114","0.116","0.111","-2.63%"
"10-09-2013","0.114","0.111","0.116","0.111","2.70%"
"09-09-2013","0.111","0.126","0.129","0.111","-13.95%"
"07-09-2013","0.129","0.129","0.129","0.129","0.00%"
"06-09-2013","0.129","0.144","0.147","0.126","-10.42%"
"05-09-2013","0.144","0.134","0.147","0.132","7.46%"
"04-09-2013","0.134","0.124","0.134","0.121","8.06%"
"03-09-2013","0.124","0.121","0.129","0.121","0.00%"
"02-09-2013","0.124","0.121","0.126","0.121","2.40%"
"30-08-2013","0.121","0.121","0.124","0.121","0.00%"
"29-08-2013","0.121","0.124","0.126","0.121","-2.42%"
"28-08-2013","0.124","0.124","0.124","0.121","0.00%"
"27-08-2013","0.124","0.126","0.129","0.124","-3.88%"
"26-08-2013","0.129","0.129","0.132","0.126","0.00%"
"23-08-2013","0.129","0.132","0.137","0.126","-2.27%"
"22-08-2013","0.132","0.137","0.139","0.132","-5.04%"
"21-08-2013","0.139","0.137","0.142","0.132","16.81%"
"20-08-2013","0.119","0.121","0.124","0.114","-1.65%"
"19-08-2013","0.121","0.119","0.121","0.116","4.31%"
"16-08-2013","0.116","0.114","0.119","0.111","0.00%"
"15-08-2013","0.116","0.111","0.116","0.106","6.42%"
"14-08-2013","0.109","0.114","0.114","0.106","-1.80%"
"13-08-2013","0.111","0.106","0.111","0.106","4.72%"
"12-08-2013","0.106","0.106","0.109","0.106","0.00%"
"10-08-2013","0.106","0.106","0.106","0.106","0.00%"
"09-08-2013","0.106","0.104","0.109","0.104","1.92%"
"08-08-2013","0.104","0.109","0.111","0.104","-1.89%"
"07-08-2013","0.106","0.111","0.111","0.106","-2.75%"
"06-08-2013","0.109","0.106","0.111","0.106","0.00%"
"05-08-2013","0.109","0.106","0.109","0.106","2.64%"
"03-08-2013","0.106","0.106","0.106","0.106","0.00%"
"02-08-2013","0.106","0.111","0.116","0.106","-7.02%"
"01-08-2013","0.114","0.111","0.114","0.109","2.70%"
"31-07-2013","0.111","0.114","0.121","0.109","0.00%"
"30-07-2013","0.111","0.109","0.114","0.109","0.00%"
"29-07-2013","0.111","0.111","0.114","0.109","0.00%"
"27-07-2013","0.111","0.111","0.111","0.111","0.00%"
"26-07-2013","0.111","0.116","0.119","0.111","-2.63%"
"25-07-2013","0.114","0.121","0.124","0.114","-5.79%"
"24-07-2013","0.121","0.117","0.124","0.116","23.47%"
"23-07-2013","0.098","0.098","0.101","0.096","2.08%"
"22-07-2013","0.096","0.101","0.101","0.096","-2.34%"
"20-07-2013","0.098","0.098","0.098","0.098","0.00%"
"19-07-2013","0.098","0.101","0.103","0.098","0.00%"
"18-07-2013","0.098","0.093","0.101","0.091","2.08%"
"17-07-2013","0.096","0.091","0.096","0.091","3.23%"
"16-07-2013","0.093","0.103","0.103","0.091","-5.10%"
"15-07-2013","0.098","0.111","0.116","0.098","-11.63%"
"13-07-2013","0.111","0.111","0.111","0.111","0.00%"
"12-07-2013","0.111","0.108","0.113","0.106","0.00%"
"11-07-2013","0.111","0.116","0.121","0.111","-8.26%"
"10-07-2013","0.121","0.124","0.126","0.116","-2.42%"
"09-07-2013","0.124","0.131","0.131","0.121","-1.59%"
"08-07-2013","0.126","0.141","0.144","0.124","-10.76%"
"06-07-2013","0.141","0.141","0.141","0.141","0.00%"
"05-07-2013","0.141","0.134","0.146","0.134","5.46%"
"04-07-2013","0.134","0.134","0.134","0.134","0.00%"
"03-07-2013","0.134","0.134","0.136","0.131","0.00%"
"02-07-2013","0.134","0.146","0.146","0.134","-6.94%"
"01-07-2013","0.144","0.146","0.156","0.144","-1.57%"
"29-06-2013","0.146","0.146","0.146","0.146","0.00%"
"28-06-2013","0.146","0.149","0.154","0.144","-3.31%"
"27-06-2013","0.151","0.164","0.167","0.149","-6.79%"
"26-06-2013","0.162","0.168","0.174","0.159","18.25%"
"25-06-2013","0.137","0.134","0.139","0.132","2.24%"
"24-06-2013","0.134","0.124","0.142","0.124","8.15%"
"22-06-2013","0.124","0.124","0.124","0.124","0.00%"
"21-06-2013","0.124","0.121","0.129","0.121","2.48%"
"20-06-2013","0.121","0.126","0.129","0.121","-2.42%"
"19-06-2013","0.124","0.121","0.124","0.116","4.20%"
"18-06-2013","0.119","0.116","0.121","0.116","2.59%"
"17-06-2013","0.116","0.116","0.119","0.114","0.00%"
"15-06-2013","0.116","0.116","0.116","0.116","0.00%"
"14-06-2013","0.116","0.126","0.129","0.116","-4.13%"
"13-06-2013","0.121","0.126","0.129","0.119","-3.97%"
"12-06-2013","0.126","0.126","0.129","0.126","-2.33%"
"11-06-2013","0.129","0.132","0.132","0.126","2.38%"
"10-06-2013","0.126","0.129","0.132","0.126","0.00%"
"08-06-2013","0.126","0.126","0.126","0.126","0.00%"
"07-06-2013","0.126","0.132","0.134","0.126","-4.55%"
"06-06-2013","0.132","0.129","0.132","0.129","0.00%"
"05-06-2013","0.132","0.142","0.142","0.129","-1.49%"
"04-06-2013","0.134","0.134","0.134","0.132","0.00%"
"03-06-2013","0.134","0.137","0.137","0.132","-1.90%"
"01-06-2013","0.137","0.137","0.137","0.137","0.00%"
"31-05-2013","0.137","0.132","0.137","0.126","6.20%"
"30-05-2013","0.129","0.139","0.142","0.129","2.38%"
"29-05-2013","0.126","0.119","0.126","0.116","5.88%"
"28-05-2013","0.119","0.109","0.119","0.106","9.48%"
"25-05-2013","0.109","0.109","0.109","0.109","0.00%"
"24-05-2013","0.109","0.106","0.109","0.106","2.83%"
"23-05-2013","0.106","0.106","0.109","0.104","0.00%"
"22-05-2013","0.106","0.104","0.106","0.101","1.92%"
"21-05-2013","0.104","0.109","0.111","0.101","-4.59%"
"20-05-2013","0.109","0.109","0.111","0.106","2.64%"
"18-05-2013","0.106","0.106","0.106","0.106","0.00%"
"17-05-2013","0.106","0.106","0.111","0.104","0.00%"
"16-05-2013","0.106","0.111","0.111","0.106","-4.50%"
"15-05-2013","0.111","0.111","0.111","0.109","0.00%"
"14-05-2013","0.111","0.111","0.111","0.109","0.00%"
"13-05-2013","0.111","0.109","0.114","0.109","0.00%"
"11-05-2013","0.111","0.111","0.111","0.111","0.00%"
"10-05-2013","0.111","0.106","0.111","0.106","4.72%"
"09-05-2013","0.106","0.106","0.109","0.106","0.00%"
"08-05-2013","0.106","0.106","0.106","0.104","0.00%"
"07-05-2013","0.106","0.106","0.109","0.104","0.00%"
"06-05-2013","0.106","0.111","0.111","0.106","-4.76%"
"04-05-2013","0.111","0.111","0.111","0.111","0.00%"
"03-05-2013","0.111","0.106","0.111","0.106","4.72%"
"02-05-2013","0.106","0.106","0.111","0.106","-2.75%"
"01-05-2013","0.109","0.107","0.117","0.106","5.83%"
"30-04-2013","0.103","0.103","0.108","0.103","0.00%"
"29-04-2013","0.103","0.106","0.108","0.103","-2.74%"
"27-04-2013","0.106","0.106","0.106","0.106","0.00%"
"26-04-2013","0.106","0.106","0.108","0.106","0.00%"
"25-04-2013","0.106","0.108","0.113","0.103","0.00%"
"24-04-2013","0.106","0.109","0.110","0.109","-1.85%"
"23-04-2013","0.108","0.108","0.111","0.106","0.00%"
"22-04-2013","0.108","0.111","0.111","0.108","-2.61%"
"20-04-2013","0.111","0.111","0.111","0.111","0.00%"
"19-04-2013","0.111","0.111","0.113","0.111","0.00%"
"18-04-2013","0.111","0.113","0.116","0.111","-1.77%"
"17-04-2013","0.113","0.116","0.119","0.113","-2.59%"
"16-04-2013","0.116","0.119","0.121","0.113","0.00%"
"15-04-2013","0.116","0.119","0.121","0.116","-2.11%"
"13-04-2013","0.119","0.119","0.119","0.119","-0.42%"
"12-04-2013","0.119","0.124","0.126","0.119","-4.03%"
"11-04-2013","0.124","0.129","0.129","0.124","-1.59%"
"10-04-2013","0.126","0.129","0.134","0.126","-2.33%"
"09-04-2013","0.129","0.129","0.131","0.129","0.00%"
"08-04-2013","0.129","0.134","0.134","0.129","-1.53%"
"05-04-2013","0.131","0.134","0.134","0.131","-2.24%"
"04-04-2013","0.134","0.134","0.134","0.131","2.29%"
"03-04-2013","0.131","0.142","0.145","0.131","-0.76%"
"02-04-2013","0.132","0.134","0.134","0.132","0.00%"
"01-04-2013","0.132","0.129","0.132","0.129","2.33%"
"29-03-2013","0.129","0.129","0.129","0.129","0.00%"
"28-03-2013","0.129","0.126","0.129","0.126","2.38%"
"27-03-2013","0.126","0.132","0.134","0.126","-4.55%"
"26-03-2013","0.132","0.132","0.134","0.129","0.00%"
"25-03-2013","0.132","0.132","0.134","0.132","0.00%"
"23-03-2013","0.132","0.132","0.132","0.132","0.00%"
"22-03-2013","0.132","0.132","0.134","0.132","0.00%"
"21-03-2013","0.132","0.137","0.139","0.132","-1.49%"
"20-03-2013","0.134","0.134","0.134","0.132","0.00%"
"19-03-2013","0.134","0.139","0.144","0.132","-3.60%"
"18-03-2013","0.139","0.144","0.144","0.139","-3.61%"
"16-03-2013","0.144","0.144","0.144","0.144","0.00%"
"15-03-2013","0.144","0.147","0.149","0.144","-2.04%"
"14-03-2013","0.147","0.149","0.152","0.147","0.00%"
"13-03-2013","0.147","0.152","0.154","0.147","-3.29%"
"12-03-2013","0.152","0.154","0.154","0.149","0.00%"
"11-03-2013","0.152","0.152","0.157","0.149","0.00%"
"09-03-2013","0.152","0.152","0.152","0.152","0.00%"
"08-03-2013","0.152","0.157","0.159","0.152","-1.30%"
"07-03-2013","0.154","0.154","0.157","0.152","0.00%"
"06-03-2013","0.154","0.152","0.160","0.152","4.05%"
"05-03-2013","0.148","0.153","0.153","0.145","-1.33%"
"04-03-2013","0.150","0.153","0.153","0.150","0.00%"
"02-03-2013","0.150","0.153","0.153","0.150","0.00%"
"01-03-2013","0.150","0.155","0.155","0.150","-1.96%"
"28-02-2013","0.153","0.153","0.155","0.150","0.00%"
"27-02-2013","0.153","0.153","0.153","0.150","2.00%"
"26-02-2013","0.150","0.150","0.155","0.150","-1.96%"
"25-02-2013","0.153","0.155","0.158","0.153","-1.61%"
"23-02-2013","0.155","0.155","0.155","0.155","0.00%"
"22-02-2013","0.155","0.153","0.158","0.153","1.31%"
"21-02-2013","0.153","0.155","0.158","0.153","0.00%"
"20-02-2013","0.153","0.158","0.158","0.153","-1.29%"
"19-02-2013","0.155","0.153","0.155","0.153","1.31%"
"16-02-2013","0.153","0.150","0.153","0.150","0.00%"
"15-02-2013","0.153","0.150","0.155","0.150","0.00%"
"14-02-2013","0.153","0.153","0.153","0.150","2.00%"
"13-02-2013","0.150","0.150","0.150","0.148","0.00%"
"12-02-2013","0.150","0.148","0.150","0.148","1.35%"
"11-02-2013","0.148","0.146","0.148","0.146","1.72%"
"09-02-2013","0.146","0.146","0.146","0.146","0.00%"
"08-02-2013","0.146","0.146","0.150","0.143","0.00%"
"07-02-2013","0.146","0.146","0.146","0.143","0.00%"
"06-02-2013","0.146","0.147","0.158","0.146","8.15%"
"05-02-2013","0.135","0.133","0.135","0.133","1.50%"
"04-02-2013","0.133","0.135","0.138","0.133","-1.70%"
"02-02-2013","0.135","0.135","0.135","0.135","0.00%"
"01-02-2013","0.135","0.135","0.140","0.133","0.00%"
"31-01-2013","0.135","0.135","0.140","0.133","0.00%"
"30-01-2013","0.135","0.140","0.143","0.135","-2.17%"
"29-01-2013","0.138","0.143","0.145","0.135","-1.43%"
"28-01-2013","0.140","0.140","0.143","0.140","0.00%"
"26-01-2013","0.140","0.140","0.140","0.140","0.00%"
"25-01-2013","0.140","0.133","0.140","0.133","5.26%"
"24-01-2013","0.133","0.135","0.138","0.133","-1.48%"
"23-01-2013","0.135","0.135","0.138","0.133","0.00%"
"22-01-2013","0.135","0.138","0.140","0.133","0.00%"
"19-01-2013","0.135","0.135","0.135","0.135","0.00%"
"18-01-2013","0.135","0.146","0.148","0.135","-5.59%"
"17-01-2013","0.143","0.138","0.146","0.138","3.62%"
"16-01-2013","0.138","0.140","0.140","0.138","0.00%"
"15-01-2013","0.138","0.138","0.140","0.138","0.00%"
"14-01-2013","0.138","0.135","0.138","0.133","1.92%"
"12-01-2013","0.135","0.135","0.135","0.135","0.00%"
"11-01-2013","0.135","0.135","0.138","0.133","0.00%"
"10-01-2013","0.135","0.135","0.135","0.130","0.00%"
"09-01-2013","0.135","0.140","0.147","0.135","-0.74%"
"08-01-2013","0.136","0.138","0.141","0.133","0.00%"
"07-01-2013","0.136","0.138","0.141","0.133","-1.66%"
"05-01-2013","0.138","0.138","0.138","0.138","0.00%"
"04-01-2013","0.138","0.141","0.151","0.138","-2.13%"
"03-01-2013","0.141","0.141","0.143","0.136","0.00%"
"02-01-2013","0.141","0.143","0.153","0.141","-1.61%"
"01-01-2013","0.143","0.143","0.143","0.143","0.00%"
"31-12-2012","0.143","0.141","0.146","0.138","1.56%"
"29-12-2012","0.141","0.141","0.141","0.141","0.00%"
"28-12-2012","0.141","0.146","0.146","0.141","-1.40%"
"27-12-2012","0.143","0.153","0.153","0.143","-3.38%"
"26-12-2012","0.148","0.148","0.151","0.146","0.00%"
"25-12-2012","0.148","0.148","0.148","0.148","0.00%"
"24-12-2012","0.148","0.148","0.153","0.146","0.00%"
"22-12-2012","0.148","0.146","0.148","0.146","0.00%"
"21-12-2012","0.148","0.148","0.151","0.146","0.00%"
"20-12-2012","0.148","0.151","0.153","0.148","-1.99%"
"19-12-2012","0.151","0.156","0.156","0.148","-3.21%"
"18-12-2012","0.156","0.136","0.156","0.133","14.71%"
"17-12-2012","0.136","0.133","0.138","0.126","3.98%"
"15-12-2012","0.131","0.131","0.131","0.131","0.00%"
"14-12-2012","0.131","0.146","0.146","0.123","-8.39%"
"13-12-2012","0.143","0.156","0.159","0.141","-7.14%"
"12-12-2012","0.154","0.159","0.159","0.154","2.67%"
"11-12-2012","0.150","0.163","0.165","0.150","-7.98%"
"10-12-2012","0.163","0.165","0.176","0.163","-2.98%"
"08-12-2012","0.168","0.168","0.168","0.168","0.00%"
"07-12-2012","0.168","0.168","0.170","0.165","0.00%"
"06-12-2012","0.168","0.166","0.178","0.166","1.20%"
"05-12-2012","0.166","0.168","0.178","0.166","-2.35%"
"04-12-2012","0.170","0.170","0.181","0.168","0.00%"
"03-12-2012","0.170","0.168","0.178","0.166","1.19%"
"01-12-2012","0.168","0.168","0.168","0.168","0.00%"
"30-11-2012","0.168","0.168","0.178","0.166","0.00%"
"29-11-2012","0.168","0.170","0.178","0.166","0.00%"
"28-11-2012","0.168","0.170","0.173","0.166","-1.18%"
"27-11-2012","0.170","0.170","0.173","0.170","0.00%"
"26-11-2012","0.170","0.170","0.188","0.168","-3.19%"
"24-11-2012","0.176","0.176","0.176","0.176","0.00%"
"23-11-2012","0.176","0.173","0.183","0.173","1.68%"
"22-11-2012","0.173","0.173","0.173","0.173","0.00%"
"21-11-2012","0.173","0.171","0.183","0.171","1.17%"
"20-11-2012","0.171","0.171","0.176","0.171","0.00%"
"19-11-2012","0.171","0.171","0.173","0.168","1.73%"
"17-11-2012","0.168","0.168","0.168","0.168","0.00%"
"16-11-2012","0.168","0.176","0.176","0.168","-2.89%"
"15-11-2012","0.173","0.181","0.188","0.173","1.17%"
"14-11-2012","0.171","0.174","0.184","0.171","-1.72%"
"13-11-2012","0.174","0.176","0.176","0.171","0.00%"
"10-11-2012","0.174","0.174","0.174","0.174","0.00%"
"09-11-2012","0.174","0.174","0.176","0.174","0.00%"
"08-11-2012","0.174","0.174","0.176","0.171","1.75%"
"07-11-2012","0.171","0.178","0.184","0.169","-3.93%"
"06-11-2012","0.178","0.174","0.178","0.174","2.30%"
"05-11-2012","0.174","0.176","0.176","0.174","-1.14%"
"03-11-2012","0.176","0.176","0.176","0.176","0.00%"
"02-11-2012","0.176","0.171","0.179","0.171","1.15%"
"01-11-2012","0.174","0.176","0.176","0.171","0.00%"
"31-10-2012","0.174","0.174","0.189","0.171","0.00%"
"30-10-2012","0.174","0.174","0.174","0.174","0.00%"
"29-10-2012","0.174","0.176","0.181","0.171","-1.19%"
"27-10-2012","0.176","0.176","0.176","0.176","0.00%"
"26-10-2012","0.176","0.181","0.186","0.174","-2.76%"
"25-10-2012","0.181","0.181","0.181","0.181","1.12%"
"24-10-2012","0.179","0.179","0.179","0.179","0.00%"
"23-10-2012","0.179","0.179","0.179","0.179","-1.10%"
"22-10-2012","0.181","0.181","0.181","0.181","1.34%"
"20-10-2012","0.179","0.179","0.179","0.179","0.00%"
"19-10-2012","0.179","0.179","0.179","0.179","-1.10%"
"18-10-2012","0.181","0.181","0.181","0.181","-2.69%"
"17-10-2012","0.186","0.186","0.186","0.186","9.41%"
"16-10-2012","0.170","0.170","0.170","0.170","0.00%"
"15-10-2012","0.170","0.170","0.170","0.170","-1.73%"
"13-10-2012","0.173","0.173","0.173","0.173","0.00%"
"12-10-2012","0.173","0.173","0.173","0.173","0.00%"
"11-10-2012","0.173","0.173","0.173","0.173","2.98%"
"10-10-2012","0.168","0.168","0.168","0.168","1.20%"
"09-10-2012","0.166","0.166","0.166","0.166","1.84%"
"06-10-2012","0.163","0.163","0.163","0.163","0.00%"
"05-10-2012","0.163","0.163","0.163","0.163","3.16%"
"04-10-2012","0.158","0.158","0.158","0.158","1.94%"
"03-10-2012","0.155","0.155","0.155","0.155","-1.90%"
"02-10-2012","0.158","0.158","0.158","0.158","0.00%"
"01-10-2012","0.158","0.158","0.158","0.158","1.61%"
"29-09-2012","0.155","0.155","0.155","0.155","0.00%"
"28-09-2012","0.155","0.155","0.155","0.155","-3.73%"
"27-09-2012","0.161","0.161","0.161","0.161","-3.01%"
"26-09-2012","0.166","0.166","0.166","0.166","-2.92%"
"25-09-2012","0.171","0.171","0.171","0.171","0.00%"
"24-09-2012","0.171","0.171","0.171","0.171","-2.62%"
"22-09-2012","0.176","0.176","0.176","0.176","0.00%"
"21-09-2012","0.176","0.176","0.176","0.176","-1.12%"
"20-09-2012","0.178","0.178","0.178","0.178","0.00%"
"19-09-2012","0.178","0.178","0.178","0.178","5.33%"
"18-09-2012","0.169","0.169","0.169","0.169","0.00%"
"17-09-2012","0.169","0.169","0.169","0.169","2.80%"
"15-09-2012","0.164","0.164","0.164","0.164","0.00%"
"14-09-2012","0.164","0.164","0.164","0.164","4.46%"
"13-09-2012","0.157","0.157","0.157","0.157","-3.09%"
"12-09-2012","0.162","0.162","0.162","0.162","0.00%"
"11-09-2012","0.162","0.162","0.162","0.162","0.00%"
"10-09-2012","0.162","0.162","0.162","0.162","-1.46%"
"08-09-2012","0.164","0.164","0.164","0.164","0.00%"
"07-09-2012","0.164","0.164","0.164","0.164","-2.96%"
"06-09-2012","0.169","0.169","0.169","0.169","4.32%"
"05-09-2012","0.162","0.162","0.162","0.162","0.00%"
"04-09-2012","0.162","0.162","0.162","0.162","1.63%"
"01-09-2012","0.159","0.159","0.159","0.159","0.00%"
"31-08-2012","0.159","0.159","0.159","0.159","-7.56%"
"30-08-2012","0.172","0.172","0.172","0.172","-1.71%"
"29-08-2012","0.175","0.175","0.175","0.175","-1.13%"
"28-08-2012","0.177","0.177","0.177","0.177","0.00%"
"27-08-2012","0.177","0.177","0.177","0.177","-1.45%"
"25-08-2012","0.180","0.180","0.180","0.180","0.00%"
"24-08-2012","0.180","0.180","0.180","0.180","0.00%"
"23-08-2012","0.180","0.180","0.180","0.180","-2.70%"
"22-08-2012","0.185","0.185","0.185","0.185","-5.13%"
"21-08-2012","0.195","0.195","0.195","0.195","7.14%"
"20-08-2012","0.182","0.182","0.182","0.182","0.00%"
"18-08-2012","0.182","0.182","0.182","0.182","0.00%"
"17-08-2012","0.182","0.182","0.182","0.182","0.00%"
"16-08-2012","0.182","0.182","0.182","0.182","0.00%"
"15-08-2012","0.182","0.182","0.182","0.182","1.11%"
"14-08-2012","0.180","0.180","0.180","0.180","1.69%"
"13-08-2012","0.177","0.177","0.177","0.177","2.91%"
"11-08-2012","0.172","0.172","0.172","0.172","0.00%"
"10-08-2012","0.172","0.172","0.172","0.172","-4.44%"
"09-08-2012","0.180","0.180","0.180","0.180","1.69%"
"08-08-2012","0.177","0.177","0.177","0.177","1.14%"
"07-08-2012","0.175","0.175","0.175","0.175","6.71%"
"06-08-2012","0.164","0.164","0.164","0.164","0.00%"
"04-08-2012","0.164","0.164","0.164","0.164","0.00%"
"03-08-2012","0.164","0.164","0.164","0.164","1.23%"
"02-08-2012","0.162","0.162","0.162","0.162","0.00%"
"01-08-2012","0.162","0.162","0.162","0.162","0.00%"
"31-07-2012","0.162","0.162","0.162","0.162","-4.14%"
"30-07-2012","0.169","0.169","0.169","0.169","-3.21%"
"28-07-2012","0.175","0.175","0.175","0.175","0.00%"
"27-07-2012","0.175","0.175","0.175","0.175","1.74%"
"26-07-2012","0.172","0.172","0.172","0.172","0.00%"
"25-07-2012","0.172","0.172","0.172","0.172","3.61%"
"24-07-2012","0.166","0.166","0.166","0.166","4.40%"
"23-07-2012","0.159","0.159","0.159","0.159","1.73%"
"21-07-2012","0.156","0.156","0.156","0.156","0.00%"
"20-07-2012","0.156","0.156","0.156","0.156","-3.11%"
"19-07-2012","0.161","0.161","0.161","0.161","-1.83%"
"18-07-2012","0.164","0.164","0.164","0.164","-4.09%"
"17-07-2012","0.171","0.171","0.171","0.171","2.40%"
"16-07-2012","0.167","0.167","0.167","0.167","-2.62%"
"14-07-2012","0.171","0.171","0.171","0.171","0.00%"
"13-07-2012","0.171","0.171","0.171","0.171","-8.56%"
"12-07-2012","0.187","0.187","0.187","0.187","0.00%"
"11-07-2012","0.187","0.187","0.187","0.187","0.00%"
"10-07-2012","0.187","0.187","0.187","0.187","0.00%"
"09-07-2012","0.187","0.187","0.187","0.187","0.00%"
"07-07-2012","0.187","0.187","0.187","0.187","0.00%"
"06-07-2012","0.187","0.187","0.187","0.187","-3.61%"
"05-07-2012","0.194","0.194","0.194","0.194","-3.87%"
"04-07-2012","0.202","0.202","0.202","0.202","0.00%"
"03-07-2012","0.202","0.202","0.202","0.202","0.00%"
"02-07-2012","0.202","0.202","0.202","0.202","-2.37%"
"30-06-2012","0.207","0.207","0.207","0.207","0.00%"
"29-06-2012","0.207","0.207","0.207","0.207","0.00%"
"28-06-2012","0.207","0.207","0.207","0.207","0.00%"
"27-06-2012","0.207","0.207","0.207","0.207","11.89%"
"26-06-2012","0.185","0.185","0.185","0.185","5.71%"
"25-06-2012","0.175","0.175","0.175","0.175","0.00%"
"23-06-2012","0.175","0.175","0.175","0.175","0.00%"
"22-06-2012","0.175","0.175","0.175","0.175","1.74%"
"21-06-2012","0.172","0.172","0.172","0.172","-1.71%"
"20-06-2012","0.175","0.175","0.175","0.175","1.74%"
"19-06-2012","0.172","0.172","0.172","0.172","0.00%"
"18-06-2012","0.172","0.172","0.172","0.172","1.47%"
"16-06-2012","0.169","0.169","0.169","0.169","0.00%"
"15-06-2012","0.169","0.169","0.169","0.169","-3.43%"
"14-06-2012","0.175","0.175","0.175","0.175","1.74%"
"13-06-2012","0.172","0.172","0.172","0.172","-2.82%"
"12-06-2012","0.177","0.177","0.177","0.177","2.91%"
"11-06-2012","0.172","0.172","0.172","0.172","0.00%"
"09-06-2012","0.172","0.172","0.172","0.172","0.00%"
"08-06-2012","0.172","0.172","0.172","0.172","0.00%"
"07-06-2012","0.172","0.172","0.172","0.172","-1.71%"
"06-06-2012","0.175","0.175","0.175","0.175","0.00%"
"05-06-2012","0.175","0.175","0.175","0.175","0.00%"
"04-06-2012","0.175","0.175","0.175","0.175","0.00%"
"02-06-2012","0.175","0.175","0.175","0.175","0.00%"
"01-06-2012","0.175","0.175","0.175","0.175","-2.78%"
"31-05-2012","0.180","0.180","0.180","0.180","1.69%"
"30-05-2012","0.177","0.177","0.177","0.177","-4.32%"
"29-05-2012","0.185","0.185","0.185","0.185","-3.75%"
"28-05-2012","0.192","0.192","0.192","0.192","0.00%"
"26-05-2012","0.192","0.192","0.192","0.192","0.00%"
"25-05-2012","0.192","0.192","0.192","0.192","0.00%"
"24-05-2012","0.192","0.192","0.192","0.192","1.05%"
"23-05-2012","0.190","0.190","0.190","0.190","-1.04%"
"22-05-2012","0.192","0.192","0.192","0.192","1.05%"
"21-05-2012","0.190","0.190","0.190","0.190","-1.20%"
"19-05-2012","0.192","0.192","0.192","0.192","0.00%"
"18-05-2012","0.192","0.192","0.192","0.192","1.05%"
"17-05-2012","0.190","0.190","0.190","0.190","2.70%"
"16-05-2012","0.185","0.185","0.185","0.185","1.65%"
"15-05-2012","0.182","0.182","0.182","0.182","1.11%"
"14-05-2012","0.180","0.180","0.180","0.180","1.64%"
"12-05-2012","0.177","0.177","0.177","0.177","0.00%"
"11-05-2012","0.177","0.177","0.177","0.177","0.00%"
"10-05-2012","0.177","0.177","0.177","0.177","0.00%"
"09-05-2012","0.177","0.177","0.177","0.177","1.14%"
"08-05-2012","0.175","0.175","0.175","0.175","0.00%"
"07-05-2012","0.175","0.175","0.175","0.175","0.00%"
"05-05-2012","0.175","0.175","0.175","0.175","0.00%"
"04-05-2012","0.175","0.175","0.175","0.175","-3.85%"
"03-05-2012","0.182","0.182","0.182","0.182","0.00%"
"02-05-2012","0.182","0.182","0.182","0.182","0.00%"
"01-05-2012","0.182","0.182","0.182","0.182","1.68%"
"30-04-2012","0.179","0.179","0.179","0.179","2.87%"
"28-04-2012","0.174","0.174","0.174","0.174","0.00%"
"27-04-2012","0.174","0.174","0.174","0.174","2.96%"
"26-04-2012","0.169","0.169","0.169","0.169","0.00%"
"25-04-2012","0.169","0.169","0.169","0.169","-1.17%"
"24-04-2012","0.171","0.171","0.171","0.171","6.21%"
"23-04-2012","0.161","0.161","0.161","0.161","0.00%"
"21-04-2012","0.161","0.161","0.161","0.161","0.00%"
"20-04-2012","0.161","0.161","0.161","0.161","0.00%"
"19-04-2012","0.161","0.161","0.161","0.161","0.00%"
"18-04-2012","0.161","0.161","0.161","0.161","-3.59%"
"17-04-2012","0.167","0.167","0.167","0.167","-1.18%"
"16-04-2012","0.169","0.169","0.169","0.169","0.00%"
"14-04-2012","0.169","0.169","0.169","0.169","0.00%"
"13-04-2012","0.169","0.169","0.169","0.169","-4.52%"
"12-04-2012","0.177","0.177","0.177","0.177","-2.75%"
"11-04-2012","0.182","0.182","0.182","0.182","0.00%"
"10-04-2012","0.182","0.182","0.182","0.182","-3.70%"
"09-04-2012","0.189","0.189","0.189","0.189","0.00%"
"07-04-2012","0.189","0.189","0.189","0.189","0.00%"
"06-04-2012","0.189","0.189","0.189","0.189","0.00%"
"05-04-2012","0.189","0.189","0.189","0.189","0.00%"
"04-04-2012","0.189","0.189","0.189","0.189","-0.53%"
"03-04-2012","0.190","0.190","0.190","0.190","8.57%"
"02-04-2012","0.175","0.175","0.175","0.175","1.74%"
"31-03-2012","0.172","0.172","0.172","0.172","0.00%"
"30-03-2012","0.172","0.172","0.172","0.172","0.00%"
"29-03-2012","0.172","0.172","0.172","0.172","1.78%"
"28-03-2012","0.169","0.169","0.169","0.169","1.20%"
"27-03-2012","0.167","0.167","0.167","0.167","-5.65%"
"26-03-2012","0.177","0.177","0.177","0.177","0.00%"
"24-03-2012","0.177","0.177","0.177","0.177","0.00%"
"23-03-2012","0.177","0.177","0.177","0.177","-4.32%"
"22-03-2012","0.185","0.185","0.185","0.185","-3.65%"
"21-03-2012","0.192","0.192","0.192","0.192","-6.34%"
"20-03-2012","0.205","0.205","0.205","0.205","1.49%"
"19-03-2012","0.202","0.202","0.202","0.202","2.38%"
"17-03-2012","0.197","0.197","0.197","0.197","0.00%"
"16-03-2012","0.197","0.197","0.197","0.197","-1.50%"
"15-03-2012","0.200","0.200","0.200","0.200","-2.44%"
"14-03-2012","0.205","0.205","0.205","0.205","5.13%"
"13-03-2012","0.195","0.195","0.195","0.195","5.41%"
"12-03-2012","0.185","0.185","0.185","0.185","1.54%"
"10-03-2012","0.182","0.182","0.182","0.182","0.00%"
"09-03-2012","0.182","0.182","0.182","0.182","0.00%"
"08-03-2012","0.182","0.182","0.182","0.182","2.82%"
"07-03-2012","0.177","0.177","0.177","0.177","12.03%"
"06-03-2012","0.158","0.158","0.158","0.158","0.00%"
"05-03-2012","0.158","0.158","0.158","0.158","1.41%"
"03-03-2012","0.156","0.156","0.156","0.156","0.00%"
"02-03-2012","0.156","0.156","0.156","0.156","-4.29%"
"01-03-2012","0.163","0.163","0.163","0.163","1.24%"
"29-02-2012","0.161","0.161","0.161","0.161","0.00%"
"28-02-2012","0.161","0.161","0.161","0.161","-1.23%"
"27-02-2012","0.163","0.163","0.163","0.163","1.24%"
"24-02-2012","0.161","0.161","0.161","0.161","3.21%"
"23-02-2012","0.156","0.156","0.156","0.156","0.00%"
"22-02-2012","0.156","0.156","0.156","0.156","-1.27%"
"21-02-2012","0.158","0.158","0.158","0.158","0.00%"
"17-02-2012","0.158","0.158","0.158","0.158","0.00%"
"16-02-2012","0.158","0.158","0.158","0.158","1.28%"
"15-02-2012","0.156","0.156","0.156","0.156","-7.69%"
"14-02-2012","0.169","0.169","0.169","0.169","1.81%"
"13-02-2012","0.166","0.166","0.166","0.166","9.93%"
"10-02-2012","0.151","0.151","0.151","0.151","2.03%"
"09-02-2012","0.148","0.148","0.148","0.148","3.50%"
"08-02-2012","0.143","0.143","0.143","0.143","9.16%"
"07-02-2012","0.131","0.131","0.131","0.131","3.97%"
"06-02-2012","0.126","0.126","0.126","0.126","0.00%"
"03-02-2012","0.126","0.126","0.126","0.126","-1.56%"
"02-02-2012","0.128","0.128","0.128","0.128","8.47%"
"01-02-2012","0.118","0.118","0.118","0.118","4.42%"
"31-01-2012","0.113","0.113","0.113","0.113","-2.59%"
"30-01-2012","0.116","0.116","0.116","0.116","4.50%"
"27-01-2012","0.111","0.111","0.111","0.111","4.72%"
"26-01-2012","0.106","0.106","0.106","0.106","4.95%"
"25-01-2012","0.101","0.101","0.101","0.101","-4.72%"
"24-01-2012","0.106","0.106","0.106","0.106","0.00%"
"23-01-2012","0.106","0.106","0.106","0.106","0.00%"
"20-01-2012","0.106","0.106","0.106","0.106","0.00%"
"19-01-2012","0.106","0.106","0.106","0.106","2.91%"
"18-01-2012","0.103","0.103","0.103","0.103","1.98%"
"17-01-2012","0.101","0.101","0.101","0.101","0.00%"
"13-01-2012","0.101","0.101","0.101","0.101","0.00%"
"12-01-2012","0.101","0.101","0.101","0.101","-1.94%"
"11-01-2012","0.103","0.103","0.103","0.103","10.75%"
"10-01-2012","0.093","0.093","0.093","0.093","-3.12%"
"09-01-2012","0.096","0.096","0.096","0.096","0.00%"
"06-01-2012","0.096","0.096","0.096","0.096","-4.95%"
"05-01-2012","0.101","0.101","0.101","0.101","-1.94%"
"04-01-2012","0.103","0.103","0.103","0.103","-2.83%"
"03-01-2012","0.106","0.106","0.106","0.106","-1.85%"
"30-12-2011","0.108","0.108","0.108","0.108","1.89%"
"29-12-2011","0.106","0.106","0.106","0.106","0.00%"
"28-12-2011","0.106","0.106","0.106","0.106","-1.85%"
"27-12-2011","0.108","0.108","0.108","0.108","-2.70%"
"23-12-2011","0.111","0.111","0.111","0.111","2.78%"
"22-12-2011","0.108","0.108","0.108","0.108","-2.70%"
"21-12-2011","0.111","0.111","0.111","0.111","2.78%"
"20-12-2011","0.108","0.108","0.108","0.108","0.00%"
"19-12-2011","0.108","0.108","0.108","0.108","0.00%"
"16-12-2011","0.108","0.108","0.108","0.108","0.00%"
"15-12-2011","0.108","0.108","0.108","0.108","-2.70%"
"14-12-2011","0.111","0.111","0.111","0.111","16.84%"
"13-12-2011","0.095","0.095","0.095","0.095","11.76%"
"12-12-2011","0.085","0.085","0.085","0.085","-3.41%"
"09-12-2011","0.088","0.088","0.088","0.088","-2.22%"
"08-12-2011","0.090","0.090","0.090","0.090","0.00%"
"07-12-2011","0.090","0.090","0.090","0.090","-10.89%"
"06-12-2011","0.101","0.101","0.101","0.101","0.00%"
"05-12-2011","0.101","0.101","0.101","0.101","0.00%"
"02-12-2011","0.101","0.101","0.101","0.101","-1.94%"
"01-12-2011","0.103","0.103","0.103","0.103","-4.63%"
"30-11-2011","0.108","0.108","0.108","0.108","-4.42%"
"29-11-2011","0.113","0.113","0.113","0.113","0.00%"
"28-11-2011","0.113","0.113","0.113","0.113","-2.59%"
"25-11-2011","0.116","0.116","0.116","0.116","4.50%"
"23-11-2011","0.111","0.111","0.111","0.111","2.78%"
"22-11-2011","0.108","0.108","0.108","0.108","1.89%"
"21-11-2011","0.106","0.106","0.106","0.106","2.91%"
"18-11-2011","0.103","0.103","0.103","0.103","1.98%"
"17-11-2011","0.101","0.101","0.101","0.101","0.00%"
"16-11-2011","0.101","0.101","0.101","0.101","10.99%"
"15-11-2011","0.091","0.091","0.091","0.091","5.81%"
"14-11-2011","0.086","0.086","0.086","0.086","0.00%"
"11-11-2011","0.086","0.086","0.086","0.086","0.00%"
"10-11-2011","0.086","0.086","0.086","0.086","0.00%"
"09-11-2011","0.086","0.086","0.086","0.086","0.00%"
"08-11-2011","0.086","0.086","0.086","0.086","6.17%"
"07-11-2011","0.081","0.081","0.081","0.081","-7.95%"
"04-11-2011","0.088","0.088","0.088","0.088","-10.20%"
"03-11-2011","0.098","0.098","0.098","0.098","-2.97%"
"02-11-2011","0.101","0.101","0.101","0.101","-4.72%"
"01-11-2011","0.106","0.106","0.106","0.106","-1.85%"
"31-10-2011","0.108","0.108","0.108","0.108","-6.90%"
"28-10-2011","0.116","0.116","0.116","0.116","-4.13%"
"27-10-2011","0.121","0.121","0.121","0.121","4.31%"
"26-10-2011","0.116","0.116","0.116","0.116","4.50%"
"25-10-2011","0.111","0.111","0.111","0.111","0.00%"
"24-10-2011","0.111","0.111","0.111","0.111","0.00%"
"21-10-2011","0.111","0.111","0.111","0.111","-1.77%"
"20-10-2011","0.113","0.113","0.113","0.113","0.00%"
"19-10-2011","0.113","0.113","0.113","0.113","7.62%"
"18-10-2011","0.105","0.105","0.105","0.105","1.94%"
"17-10-2011","0.103","0.103","0.103","0.103","1.98%"
"14-10-2011","0.101","0.101","0.101","0.101","6.32%"
"13-10-2011","0.095","0.095","0.095","0.095","5.56%"
"12-10-2011","0.090","0.090","0.090","0.090","-10.89%"
"11-10-2011","0.101","0.101","0.101","0.101","2.02%"
"10-10-2011","0.099","0.099","0.099","0.099","4.21%"
"07-10-2011","0.095","0.095","0.095","0.095","21.79%"
"06-10-2011","0.078","0.078","0.078","0.078","-13.33%"
"05-10-2011","0.090","0.090","0.090","0.090","-10.89%"
"04-10-2011","0.101","0.101","0.101","0.101","0.00%"
"03-10-2011","0.101","0.101","0.101","0.101","-6.48%"
"30-09-2011","0.108","0.108","0.108","0.108","4.85%"
"29-09-2011","0.103","0.103","0.103","0.103","1.98%"
"28-09-2011","0.101","0.101","0.101","0.101","0.00%"
"27-09-2011","0.101","0.101","0.101","0.101","3.06%"
"26-09-2011","0.098","0.098","0.098","0.098","2.08%"
"23-09-2011","0.096","0.096","0.096","0.096","0.00%"
"22-09-2011","0.096","0.096","0.096","0.096","-4.95%"
"21-09-2011","0.101","0.101","0.101","0.101","42.25%"
"20-09-2011","0.071","0.071","0.071","0.071","-2.74%"
"19-09-2011","0.073","0.073","0.073","0.073","-6.41%"
"16-09-2011","0.078","0.078","0.078","0.078","-12.36%"
"15-09-2011","0.089","0.089","0.089","0.089","3.49%"
"14-09-2011","0.086","0.086","0.086","0.086","-8.51%"
"13-09-2011","0.094","0.094","0.094","0.094","-2.08%"
"12-09-2011","0.096","0.096","0.096","0.096","5.49%"
"09-09-2011","0.091","0.091","0.091","0.091","-9.90%"
"08-09-2011","0.101","0.101","0.101","0.101","0.00%"
"07-09-2011","0.101","0.101","0.101","0.101","-9.01%"
"06-09-2011","0.111","0.111","0.111","0.111","4.72%"
"02-09-2011","0.106","0.106","0.106","0.106","7.07%"
"01-09-2011","0.099","0.099","0.099","0.099","-1.98%"
"31-08-2011","0.101","0.091","0.104","0.089","10.99%"
"30-08-2011","0.091","0.091","0.091","0.091","0.00%"
"29-08-2011","0.091","0.089","0.096","0.089","2.25%"
"26-08-2011","0.089","0.091","0.094","0.089","-2.20%"
"25-08-2011","0.091","0.096","0.099","0.091","-8.08%"
"24-08-2011","0.099","0.101","0.116","0.099","45.59%"
"23-08-2011","0.068","0.068","0.068","0.068","-12.82%"
"22-08-2011","0.078","0.078","0.078","0.078","-12.36%"
"19-08-2011","0.089","0.089","0.089","0.089","0.00%"
"18-08-2011","0.089","0.089","0.089","0.089","-5.32%"
"17-08-2011","0.094","0.094","0.094","0.094","-6.93%"
"16-08-2011","0.101","0.101","0.101","0.101","-4.72%"
"15-08-2011","0.106","0.106","0.106","0.106","4.95%"
"12-08-2011","0.101","0.101","0.101","0.101","-2.88%"
"11-08-2011","0.104","0.104","0.104","0.104","10.64%"
"10-08-2011","0.094","0.094","0.094","0.094","-11.32%"
"09-08-2011","0.106","0.106","0.106","0.106","-10.92%"
"08-08-2011","0.119","0.119","0.119","0.119","7.21%"
"05-08-2011","0.111","0.111","0.111","0.111","6.73%"
"04-08-2011","0.104","0.104","0.104","0.104","-30.20%"
"03-08-2011","0.149","0.149","0.149","0.149","-5.10%"
"02-08-2011","0.157","0.157","0.157","0.157","-20.30%"
"01-08-2011","0.197","0.197","0.197","0.197","-3.90%"
"29-07-2011","0.205","0.205","0.205","0.205","0.00%"
"28-07-2011","0.205","0.205","0.205","0.205","-0.97%"
"27-07-2011","0.207","0.207","0.207","0.207","7.81%"
"26-07-2011","0.192","0.192","0.192","0.192","4.35%"
"25-07-2011","0.184","0.184","0.184","0.184","5.75%"
"22-07-2011","0.174","0.174","0.174","0.174","0.00%"
"21-07-2011","0.174","0.174","0.174","0.174","4.82%"
"20-07-2011","0.166","0.166","0.166","0.166","0.00%"
"19-07-2011","0.166","0.166","0.166","0.166","13.70%"
"18-07-2011","0.146","0.146","0.146","0.146","0.00%"
"15-07-2011","0.146","0.146","0.146","0.146","1.39%"
"14-07-2011","0.144","0.144","0.144","0.144","-4.64%"
"13-07-2011","0.151","0.151","0.151","0.151","-5.03%"
"12-07-2011","0.159","0.159","0.159","0.159","1.92%"
"11-07-2011","0.156","0.156","0.156","0.156","-4.88%"
"08-07-2011","0.164","0.164","0.164","0.164","-12.30%"
"07-07-2011","0.187","0.187","0.187","0.187","5.65%"
"06-07-2011","0.177","0.177","0.177","0.177","-2.75%"
"05-07-2011","0.182","0.182","0.182","0.182","-5.21%"
"01-07-2011","0.192","0.192","0.192","0.192","0.00%"
"30-06-2011","0.192","0.192","0.192","0.192","1.59%"
"29-06-2011","0.189","0.189","0.189","0.189","3.85%"
"28-06-2011","0.182","0.182","0.182","0.182","14.47%"
"27-06-2011","0.159","0.159","0.159","0.159","10.42%"
"24-06-2011","0.144","0.144","0.144","0.144","2.13%"
"23-06-2011","0.141","0.141","0.141","0.141","-6.62%"
"22-06-2011","0.151","0.151","0.151","0.151","-7.93%"
"21-06-2011","0.164","0.164","0.164","0.164","0.00%"
"20-06-2011","0.164","0.164","0.164","0.164","0.00%"
"17-06-2011","0.164","0.164","0.164","0.164","0.00%"
"16-06-2011","0.164","0.164","0.164","0.164","-1.20%"
"15-06-2011","0.166","0.166","0.166","0.166","-5.68%"
"14-06-2011","0.176","0.176","0.176","0.176","5.39%"
"13-06-2011","0.167","0.167","0.167","0.167","-2.34%"
"10-06-2011","0.171","0.171","0.171","0.171","-3.39%"
"09-06-2011","0.177","0.177","0.177","0.177","7.93%"
"08-06-2011","0.164","0.164","0.164","0.164","-1.80%"
"07-06-2011","0.167","0.167","0.167","0.167","-2.34%"
"06-06-2011","0.171","0.171","0.171","0.171","-1.72%"
"03-06-2011","0.174","0.174","0.174","0.174","-5.43%"
"02-06-2011","0.184","0.184","0.184","0.184","15.72%"
"01-06-2011","0.159","0.159","0.159","0.159","-3.05%"
"31-05-2011","0.164","0.164","0.164","0.164","4.46%"
"27-05-2011","0.157","0.157","0.157","0.157","-3.09%"
"26-05-2011","0.162","0.162","0.162","0.162","-4.14%"
"25-05-2011","0.169","0.169","0.169","0.169","-1.74%"
"24-05-2011","0.172","0.172","0.172","0.172","0.00%"
"23-05-2011","0.172","0.172","0.172","0.172","2.99%"
"20-05-2011","0.167","0.167","0.167","0.167","-2.91%"
"19-05-2011","0.172","0.172","0.172","0.172","-1.71%"
"18-05-2011","0.175","0.175","0.175","0.175","4.79%"
"17-05-2011","0.167","0.167","0.167","0.167","0.00%"
"16-05-2011","0.167","0.167","0.167","0.167","0.00%"
"13-05-2011","0.167","0.167","0.167","0.167","-1.18%"
"12-05-2011","0.169","0.169","0.169","0.169","0.00%"
"11-05-2011","0.169","0.169","0.169","0.169","-1.74%"
"10-05-2011","0.172","0.172","0.172","0.172","4.88%"
"09-05-2011","0.164","0.164","0.164","0.164","-2.96%"
"06-05-2011","0.169","0.169","0.169","0.169","-4.52%"
"05-05-2011","0.177","0.177","0.177","0.177","-5.35%"
"04-05-2011","0.187","0.187","0.187","0.187","9.36%"
"03-05-2011","0.171","0.171","0.171","0.171","-8.56%"
"02-05-2011","0.187","0.187","0.187","0.187","0.00%"
"29-04-2011","0.187","0.187","0.187","0.187","-5.08%"
"28-04-2011","0.197","0.197","0.197","0.197","-2.48%"
"27-04-2011","0.202","0.202","0.202","0.202","0.00%"
"26-04-2011","0.202","0.202","0.202","0.202","-2.42%"
"25-04-2011","0.207","0.207","0.207","0.207","-2.36%"
"21-04-2011","0.212","0.212","0.212","0.212","-2.30%"
"20-04-2011","0.217","0.217","0.217","0.217","0.00%"
"19-04-2011","0.217","0.217","0.217","0.217","0.00%"
"18-04-2011","0.217","0.217","0.217","0.217","-4.41%"
"15-04-2011","0.227","0.227","0.227","0.227","-6.20%"
"14-04-2011","0.242","0.242","0.242","0.242","6.61%"
"13-04-2011","0.227","0.227","0.227","0.227","-4.22%"
"12-04-2011","0.237","0.237","0.237","0.237","-5.95%"
"11-04-2011","0.252","0.252","0.252","0.252","-1.95%"
"08-04-2011","0.257","0.257","0.257","0.257","0.00%"
"07-04-2011","0.257","0.257","0.257","0.257","-8.21%"
"06-04-2011","0.280","0.293","0.295","0.278","15.23%"
"05-04-2011","0.243","0.243","0.243","0.243","24.62%"
"04-04-2011","0.195","0.195","0.195","0.195","-17.02%"
"01-04-2011","0.235","0.235","0.235","0.235","-13.92%"
"31-03-2011","0.273","0.273","0.273","0.273","0.74%"
"30-03-2011","0.271","0.271","0.271","0.271","-3.56%"
"29-03-2011","0.281","0.281","0.281","0.281","1.81%"
"28-03-2011","0.276","0.276","0.276","0.276","4.94%"
"25-03-2011","0.263","0.263","0.263","0.263","8.23%"
"24-03-2011","0.243","0.243","0.243","0.243","4.29%"
"23-03-2011","0.233","0.233","0.233","0.233","0.00%"
"22-03-2011","0.233","0.233","0.233","0.233","1.30%"
"21-03-2011","0.230","0.230","0.230","0.230","5.50%"
"18-03-2011","0.218","0.218","0.218","0.218","0.00%"
"17-03-2011","0.218","0.218","0.218","0.218","3.81%"
"16-03-2011","0.210","0.210","0.210","0.210","-5.83%"
"15-03-2011","0.223","0.223","0.223","0.223","2.29%"
"14-03-2011","0.218","0.218","0.218","0.218","-4.39%"
"11-03-2011","0.228","0.228","0.228","0.228","-2.15%"
"10-03-2011","0.233","0.233","0.233","0.233","-6.05%"
"09-03-2011","0.248","0.248","0.248","0.248","5.08%"
"08-03-2011","0.236","0.236","0.236","0.236","0.00%"
"07-03-2011","0.236","0.236","0.236","0.236","1.29%"
"04-03-2011","0.233","0.233","0.233","0.233","-7.17%"
"03-03-2011","0.251","0.251","0.251","0.251","6.36%"
"02-03-2011","0.236","0.236","0.236","0.236","2.16%"
"01-03-2011","0.231","0.231","0.231","0.231","-4.15%"
"28-02-2011","0.241","0.241","0.241","0.241","0.00%"
"25-02-2011","0.241","0.241","0.241","0.241","1.26%"
"24-02-2011","0.238","0.238","0.238","0.238","-3.25%"
"23-02-2011","0.246","0.246","0.246","0.246","-2.77%"
"22-02-2011","0.253","0.253","0.253","0.253","-3.07%"
"18-02-2011","0.261","0.261","0.261","0.261","-1.14%"
"17-02-2011","0.264","0.264","0.264","0.264","-6.05%"
"16-02-2011","0.281","0.281","0.281","0.281","-1.75%"
"15-02-2011","0.286","0.286","0.286","0.286","0.00%"
"14-02-2011","0.286","0.286","0.286","0.286","-1.04%"
"11-02-2011","0.289","0.289","0.289","0.289","-1.70%"
"10-02-2011","0.294","0.294","0.294","0.294","-1.67%"
"09-02-2011","0.299","0.299","0.299","0.299","3.82%"
"08-02-2011","0.288","0.288","0.288","0.288","3.60%"
"07-02-2011","0.278","0.278","0.278","0.278","1.83%"
"04-02-2011","0.273","0.273","0.273","0.273","0.74%"
"03-02-2011","0.271","0.271","0.271","0.271","3.83%"
"02-02-2011","0.261","0.261","0.261","0.261","6.10%"
"01-02-2011","0.246","0.246","0.246","0.246","2.07%"
"31-01-2011","0.241","0.241","0.241","0.241","3.43%"
"28-01-2011","0.233","0.233","0.233","0.233","-3.32%"
"27-01-2011","0.241","0.241","0.241","0.241","-7.66%"
"26-01-2011","0.261","0.261","0.261","0.261","1.16%"
"25-01-2011","0.258","0.258","0.258","0.258","-1.15%"
"24-01-2011","0.261","0.261","0.261","0.261","0.00%"
"21-01-2011","0.261","0.261","0.261","0.261","0.00%"
"20-01-2011","0.261","0.261","0.261","0.261","2.76%"
"19-01-2011","0.254","0.254","0.254","0.254","-0.78%"
"18-01-2011","0.256","0.256","0.256","0.256","-1.16%"
"14-01-2011","0.259","0.259","0.259","0.259","1.97%"
"13-01-2011","0.254","0.254","0.254","0.254","-2.68%"
"12-01-2011","0.261","0.261","0.261","0.261","1.56%"
"11-01-2011","0.257","0.257","0.257","0.257","-3.75%"
"10-01-2011","0.267","0.267","0.267","0.267","-1.84%"
"07-01-2011","0.272","0.272","0.272","0.272","-4.23%"
"06-01-2011","0.284","0.284","0.284","0.284","-1.05%"
"05-01-2011","0.287","0.287","0.287","0.287","7.49%"
"04-01-2011","0.267","0.267","0.267","0.267","-0.74%"
"03-01-2011","0.269","0.269","0.269","0.269","0.75%"
"31-12-2010","0.267","0.267","0.267","0.267","-1.84%"
"30-12-2010","0.272","0.272","0.272","0.272","-0.73%"
"29-12-2010","0.274","0.274","0.274","0.274","-6.16%"
"28-12-2010","0.292","0.292","0.292","0.292","0.00%"
"27-12-2010","0.292","0.292","0.292","0.292","1.74%"
"23-12-2010","0.287","0.287","0.287","0.287","0.00%"
"22-12-2010","0.287","0.287","0.287","0.287","0.00%"
"21-12-2010","0.287","0.287","0.287","0.287","-1.71%"
"20-12-2010","0.292","0.292","0.292","0.292","0.00%"
"17-12-2010","0.292","0.292","0.292","0.292","-2.67%"
"16-12-2010","0.300","0.300","0.300","0.300","-1.64%"
"15-12-2010","0.305","0.305","0.305","0.305","10.51%"
"14-12-2010","0.276","0.276","0.276","0.276","1.85%"
"13-12-2010","0.271","0.271","0.271","0.271","0.00%"
"10-12-2010","0.271","0.271","0.271","0.271","-0.73%"
"09-12-2010","0.273","0.273","0.273","0.273","0.74%"
"08-12-2010","0.271","0.271","0.271","0.271","5.86%"
"07-12-2010","0.256","0.256","0.256","0.256","6.22%"
"06-12-2010","0.241","0.241","0.241","0.241","-5.86%"
"03-12-2010","0.256","0.256","0.256","0.256","-5.54%"
"02-12-2010","0.271","0.271","0.271","0.271","-0.73%"
"01-12-2010","0.273","0.273","0.273","0.273","4.60%"
"30-11-2010","0.261","0.261","0.261","0.261","-2.97%"
"29-11-2010","0.269","0.269","0.269","0.269","0.00%"
"26-11-2010","0.269","0.269","0.269","0.269","-0.74%"
"24-11-2010","0.271","0.271","0.271","0.271","9.27%"
"23-11-2010","0.248","0.248","0.248","0.248","-2.36%"
"22-11-2010","0.254","0.254","0.254","0.254","-1.93%"
"19-11-2010","0.259","0.259","0.259","0.259","0.00%"
"18-11-2010","0.259","0.259","0.259","0.259","0.00%"
"17-11-2010","0.259","0.259","0.259","0.259","0.00%"
"16-11-2010","0.259","0.259","0.259","0.259","-3.72%"
"15-11-2010","0.269","0.269","0.269","0.269","6.75%"
"12-11-2010","0.252","0.252","0.252","0.252","10.04%"
"10-11-2010","0.229","0.229","0.229","0.229","0.00%"
"09-11-2010","0.229","0.229","0.229","0.229","6.02%"
"08-11-2010","0.216","0.216","0.216","0.216","4.85%"
"05-11-2010","0.206","0.206","0.206","0.206","5.10%"
"04-11-2010","0.196","0.196","0.196","0.196","-2.49%"
"03-11-2010","0.201","0.201","0.201","0.201","-2.43%"
"02-11-2010","0.206","0.206","0.206","0.206","0.98%"
"01-11-2010","0.204","0.204","0.204","0.204","-2.39%"
"29-10-2010","0.209","0.209","0.209","0.209","-4.57%"
"28-10-2010","0.219","0.219","0.219","0.219","-2.23%"
"27-10-2010","0.224","0.224","0.224","0.224","0.00%"
"26-10-2010","0.224","0.224","0.224","0.224","6.16%"
"25-10-2010","0.211","0.211","0.211","0.211","-1.40%"
"22-10-2010","0.214","0.214","0.214","0.214","-2.28%"
"21-10-2010","0.219","0.219","0.219","0.219","-0.90%"
"20-10-2010","0.221","0.221","0.221","0.221","2.31%"
"19-10-2010","0.216","0.216","0.216","0.216","0.00%"
"18-10-2010","0.216","0.216","0.216","0.216","3.85%"
"15-10-2010","0.208","0.208","0.208","0.208","0.00%"
"14-10-2010","0.208","0.208","0.208","0.208","3.48%"
"13-10-2010","0.201","0.201","0.201","0.201","0.00%"
"12-10-2010","0.201","0.201","0.201","0.201","2.55%"
"08-10-2010","0.196","0.196","0.196","0.196","-4.85%"
"07-10-2010","0.206","0.206","0.206","0.206","-8.85%"
"06-10-2010","0.226","0.226","0.226","0.226","-4.24%"
"05-10-2010","0.236","0.236","0.236","0.236","-2.07%"
"04-10-2010","0.241","0.241","0.241","0.241","-2.03%"
"01-10-2010","0.246","0.246","0.246","0.246","-1.99%"
"30-09-2010","0.251","0.251","0.251","0.251","0.00%"
"29-09-2010","0.251","0.251","0.251","0.251","-1.95%"
"28-09-2010","0.256","0.256","0.256","0.256","1.99%"
"27-09-2010","0.251","0.251","0.251","0.251","0.00%"
"24-09-2010","0.251","0.251","0.251","0.251","0.80%"
"23-09-2010","0.249","0.249","0.249","0.249","-1.97%"
"22-09-2010","0.254","0.254","0.254","0.254","-3.42%"
"21-09-2010","0.263","0.263","0.263","0.263","7.35%"
"20-09-2010","0.245","0.245","0.245","0.245","0.82%"
"17-09-2010","0.243","0.243","0.243","0.243","0.00%"
"16-09-2010","0.243","0.243","0.243","0.243","2.10%"
"15-09-2010","0.238","0.238","0.238","0.238","-2.06%"
"14-09-2010","0.243","0.243","0.243","0.243","-0.82%"
"13-09-2010","0.245","0.245","0.245","0.245","0.00%"
"10-09-2010","0.245","0.245","0.245","0.245","2.08%"
"09-09-2010","0.240","0.240","0.240","0.240","3.00%"
"08-09-2010","0.233","0.233","0.233","0.233","0.00%"
"07-09-2010","0.233","0.233","0.233","0.233","-0.85%"
"03-09-2010","0.235","0.235","0.235","0.235","0.86%"
"02-09-2010","0.233","0.233","0.233","0.233","-2.10%"
"01-09-2010","0.238","0.238","0.238","0.238","2.15%"
"31-08-2010","0.233","0.233","0.233","0.233","-4.90%"
"30-08-2010","0.245","0.245","0.245","0.245","-5.04%"
"27-08-2010","0.258","0.258","0.258","0.258","0.00%"
"26-08-2010","0.258","0.258","0.258","0.258","-1.90%"
"25-08-2010","0.263","0.263","0.263","0.263","7.35%"
"24-08-2010","0.245","0.245","0.245","0.245","0.82%"
"23-08-2010","0.243","0.243","0.243","0.243","2.10%"
"20-08-2010","0.238","0.238","0.238","0.238","0.00%"
"19-08-2010","0.238","0.238","0.238","0.238","-0.83%"
"18-08-2010","0.240","0.240","0.240","0.240","-1.23%"
"17-08-2010","0.243","0.243","0.243","0.243","2.10%"
"16-08-2010","0.238","0.238","0.238","0.238","0.00%"
"13-08-2010","0.238","0.238","0.238","0.238","0.00%"
"12-08-2010","0.238","0.238","0.238","0.238","1.28%"
"11-08-2010","0.235","0.235","0.235","0.235","-3.29%"
"10-08-2010","0.243","0.243","0.243","0.243","-2.02%"
"09-08-2010","0.248","0.248","0.248","0.248","1.22%"
"06-08-2010","0.245","0.245","0.245","0.245","-3.16%"
"05-08-2010","0.253","0.253","0.253","0.253","-3.07%"
"04-08-2010","0.261","0.261","0.261","0.261","1.16%"
"03-08-2010","0.258","0.258","0.258","0.258","-6.52%"
"02-08-2010","0.276","0.276","0.276","0.276","-2.47%"
"30-07-2010","0.283","0.283","0.283","0.283","-2.75%"
"29-07-2010","0.291","0.291","0.291","0.291","-1.69%"
"28-07-2010","0.296","0.296","0.296","0.296","6.47%"
"27-07-2010","0.278","0.278","0.278","0.278","6.11%"
"26-07-2010","0.262","0.262","0.262","0.262","2.75%"
"23-07-2010","0.255","0.255","0.255","0.255","3.24%"
"22-07-2010","0.247","0.247","0.247","0.247","2.07%"
"21-07-2010","0.242","0.242","0.242","0.242","-3.97%"
"20-07-2010","0.252","0.252","0.252","0.252","-1.18%"
"19-07-2010","0.255","0.255","0.255","0.255","1.19%"
"16-07-2010","0.252","0.252","0.252","0.252","-1.95%"
"15-07-2010","0.257","0.257","0.257","0.257","-4.10%"
"14-07-2010","0.268","0.268","0.268","0.268","-8.53%"
"13-07-2010","0.293","0.293","0.293","0.293","1.03%"
"12-07-2010","0.290","0.290","0.290","0.290","0.69%"
"09-07-2010","0.288","0.288","0.288","0.288","-0.69%"
"08-07-2010","0.290","0.290","0.290","0.290","-2.68%"
"07-07-2010","0.298","0.298","0.298","0.298","-2.30%"
"06-07-2010","0.305","0.305","0.305","0.305","-0.33%"
"02-07-2010","0.306","0.306","0.306","0.306","-1.29%"
"01-07-2010","0.310","0.310","0.310","0.310","-1.90%"
"30-06-2010","0.316","0.318","0.419","0.308","15.75%"
"29-06-2010","0.273","0.273","0.273","0.273","0.00%"
"28-06-2010","0.273","0.273","0.273","0.273","-0.73%"
"25-06-2010","0.275","0.275","0.275","0.275","0.00%"
"24-06-2010","0.275","0.275","0.275","0.275","0.00%"
"23-06-2010","0.275","0.275","0.275","0.275","1.85%"
"22-06-2010","0.270","0.270","0.270","0.270","-1.10%"
"21-06-2010","0.273","0.273","0.273","0.273","1.11%"
"18-06-2010","0.270","0.270","0.270","0.270","1.89%"
"17-06-2010","0.265","0.265","0.265","0.265","-3.64%"
"16-06-2010","0.275","0.275","0.275","0.275","-5.17%"
"15-06-2010","0.290","0.290","0.290","0.290","0.69%"
"14-06-2010","0.288","0.288","0.288","0.288","-3.36%"
"11-06-2010","0.298","0.298","0.298","0.298","-8.59%"
"10-06-2010","0.326","0.326","0.326","0.326","4.15%"
"09-06-2010","0.313","0.313","0.313","0.313","-3.99%"
"08-06-2010","0.326","0.326","0.326","0.326","-0.61%"
"07-06-2010","0.328","0.328","0.328","0.328","-0.91%"
"04-06-2010","0.331","0.331","0.331","0.331","-11.50%"
"03-06-2010","0.374","0.374","0.391","0.369","14.72%"
"02-06-2010","0.326","0.326","0.326","0.326","1.56%"
"01-06-2010","0.321","0.321","0.321","0.321","0.00%"
"28-05-2010","0.321","0.321","0.321","0.321","-6.69%"
"27-05-2010","0.344","0.344","0.344","0.344","1.47%"
"26-05-2010","0.339","0.339","0.339","0.339","3.99%"
"25-05-2010","0.326","0.326","0.326","0.326","-3.26%"
"24-05-2010","0.337","0.337","0.337","0.337","1.51%"
"21-05-2010","0.332","0.332","0.332","0.332","5.73%"
"20-05-2010","0.314","0.314","0.314","0.314","-6.82%"
"19-05-2010","0.337","0.337","0.337","0.337","3.06%"
"18-05-2010","0.327","0.327","0.327","0.327","-5.76%"
"17-05-2010","0.347","0.347","0.347","0.347","2.97%"
"14-05-2010","0.337","0.337","0.337","0.337","-8.92%"
"13-05-2010","0.370","0.370","0.370","0.370","-2.63%"
"12-05-2010","0.380","0.380","0.380","0.380","0.00%"
"11-05-2010","0.380","0.380","0.380","0.380","-2.56%"
"10-05-2010","0.390","0.390","0.390","0.390","4.84%"
"07-05-2010","0.372","0.372","0.372","0.372","5.68%"
"06-05-2010","0.352","0.352","0.352","0.352","-9.04%"
"05-05-2010","0.387","0.421","0.421","0.377","5.16%"
"04-05-2010","0.368","0.368","0.368","0.368","-5.40%"
"03-05-2010","0.389","0.389","0.389","0.389","2.10%"
"30-04-2010","0.381","0.381","0.381","0.381","0.00%"
"29-04-2010","0.381","0.381","0.381","0.381","0.00%"
"28-04-2010","0.381","0.381","0.381","0.381","0.00%"
"27-04-2010","0.381","0.381","0.381","0.381","-10.14%"
"26-04-2010","0.424","0.424","0.424","0.424","-2.30%"
"23-04-2010","0.434","0.434","0.434","0.434","4.83%"
"22-04-2010","0.414","0.414","0.414","0.414","2.48%"
"21-04-2010","0.404","0.404","0.404","0.404","0.00%"
"20-04-2010","0.404","0.404","0.404","0.404","3.32%"
"19-04-2010","0.391","0.391","0.391","0.391","1.30%"
"16-04-2010","0.386","0.386","0.386","0.386","-6.31%"
"15-04-2010","0.412","0.412","0.412","0.412","-4.63%"
"14-04-2010","0.432","0.432","0.432","0.432","0.70%"
"13-04-2010","0.429","0.429","0.429","0.429","-0.69%"
"12-04-2010","0.432","0.432","0.432","0.432","-3.36%"
"09-04-2010","0.447","0.447","0.447","0.447","0.00%"
"08-04-2010","0.447","0.447","0.447","0.447","-1.76%"
"07-04-2010","0.455","0.455","0.455","0.455","4.36%"
"06-04-2010","0.436","0.436","0.436","0.436","-1.13%"
"05-04-2010","0.441","0.441","0.441","0.441","4.26%"
"02-04-2010","0.423","0.423","0.423","0.423","7.91%"
"01-04-2010","0.392","0.392","0.392","0.392","1.82%"
"31-03-2010","0.385","0.385","0.385","0.385","-3.27%"
"30-03-2010","0.398","0.398","0.398","0.398","2.05%"
"29-03-2010","0.390","0.390","0.390","0.390","-1.27%"
"26-03-2010","0.395","0.395","0.395","0.395","-2.47%"
"25-03-2010","0.405","0.405","0.405","0.405","-1.22%"
"24-03-2010","0.410","0.410","0.410","0.410","5.94%"
"23-03-2010","0.387","0.387","0.387","0.387","-2.76%"
"22-03-2010","0.398","0.398","0.398","0.398","-2.45%"
"19-03-2010","0.408","0.408","0.408","0.408","5.97%"
"18-03-2010","0.385","0.385","0.385","0.385","2.67%"
"17-03-2010","0.375","0.375","0.375","0.375","-2.60%"
"16-03-2010","0.385","0.385","0.385","0.385","-4.94%"
"15-03-2010","0.405","0.405","0.405","0.405","-0.74%"
"12-03-2010","0.408","0.408","0.408","0.408","3.82%"
"11-03-2010","0.393","0.393","0.393","0.393","3.42%"
"10-03-2010","0.380","0.380","0.380","0.380","13.10%"
"09-03-2010","0.336","0.336","0.336","0.336","-1.47%"
"08-03-2010","0.341","0.341","0.341","0.341","2.10%"
"05-03-2010","0.334","0.334","0.334","0.334","8.09%"
"04-03-2010","0.309","0.309","0.309","0.309","4.39%"
"03-03-2010","0.296","0.296","0.296","0.296","0.68%"
"02-03-2010","0.294","0.294","0.294","0.294","-0.68%"
"01-03-2010","0.296","0.296","0.296","0.296","0.00%"
"26-02-2010","0.296","0.296","0.296","0.296","0.68%"
"25-02-2010","0.294","0.294","0.294","0.294","-6.37%"
"24-02-2010","0.314","0.314","0.314","0.314","-4.56%"
"23-02-2010","0.329","0.329","0.329","0.329","-3.52%"
"22-02-2010","0.341","0.341","0.341","0.341","-5.54%"
"19-02-2010","0.361","0.361","0.361","0.361","-0.82%"
"18-02-2010","0.364","0.364","0.364","0.364","7.37%"
"17-02-2010","0.339","0.339","0.339","0.339","3.99%"
"16-02-2010","0.326","0.326","0.326","0.326","-3.83%"
"12-02-2010","0.339","0.339","0.339","0.339","-5.57%"
"11-02-2010","0.359","0.359","0.359","0.359","-1.37%"
"10-02-2010","0.364","0.364","0.364","0.364","20.93%"
"09-02-2010","0.301","0.301","0.301","0.301","5.24%"
"08-02-2010","0.286","0.286","0.286","0.286","1.78%"
"05-02-2010","0.281","0.281","0.281","0.281","-0.71%"
"04-02-2010","0.283","0.283","0.283","0.283","-9.00%"
"03-02-2010","0.311","0.311","0.311","0.311","5.07%"
"02-02-2010","0.296","0.296","0.296","0.296","-1.66%"
"01-02-2010","0.301","0.301","0.301","0.301","7.12%"
"29-01-2010","0.281","0.281","0.281","0.281","-1.75%"
"28-01-2010","0.286","0.286","0.286","0.286","-8.92%"
"27-01-2010","0.314","0.314","0.314","0.314","7.90%"
"26-01-2010","0.291","0.291","0.291","0.291","0.69%"
"25-01-2010","0.289","0.289","0.289","0.289","3.96%"
"22-01-2010","0.278","0.278","0.278","0.278","-2.80%"
"21-01-2010","0.286","0.286","0.286","0.286","-6.54%"
"20-01-2010","0.306","0.306","0.306","0.306","-2.55%"
"19-01-2010","0.314","0.314","0.314","0.314","-0.63%"
"15-01-2010","0.316","0.316","0.316","0.316","-5.39%"
"14-01-2010","0.334","0.334","0.334","0.334","-6.96%"
"13-01-2010","0.359","0.359","0.359","0.359","20.88%"
"12-01-2010","0.297","0.297","0.297","0.297","-1.66%"
"11-01-2010","0.302","0.302","0.302","0.302","-7.65%"
"08-01-2010","0.327","0.327","0.327","0.327","-10.41%"
"07-01-2010","0.365","0.365","0.365","0.365","0.83%"
"06-01-2010","0.362","0.362","0.362","0.362","-2.95%"
"05-01-2010","0.373","0.373","0.373","0.373","-7.90%"
"04-01-2010","0.405","0.405","0.405","0.405","-7.53%"
"31-12-2009","0.438","0.438","0.438","0.438","4.78%"
"30-12-2009","0.418","0.418","0.418","0.418","-5.22%"
"29-12-2009","0.441","0.441","0.441","0.441","-1.56%"
"28-12-2009","0.448","0.448","0.448","0.448","10.62%"
"24-12-2009","0.405","0.405","0.405","0.405","1.76%"
"23-12-2009","0.398","0.398","0.398","0.398","0.00%"
"22-12-2009","0.398","0.398","0.398","0.398","2.58%"
"21-12-2009","0.388","0.388","0.388","0.388","10.86%"
"18-12-2009","0.350","0.350","0.350","0.350","3.86%"
"17-12-2009","0.337","0.337","0.337","0.337","-10.85%"
"16-12-2009","0.378","0.378","0.378","0.378","6.18%"
"15-12-2009","0.356","0.356","0.356","0.356","9.20%"
"14-12-2009","0.326","0.326","0.326","0.326","4.82%"
"11-12-2009","0.311","0.311","0.311","0.311","5.78%"
"10-12-2009","0.294","0.294","0.294","0.294","5.76%"
"09-12-2009","0.278","0.278","0.278","0.278","4.51%"
"08-12-2009","0.266","0.266","0.266","0.266","-8.59%"
"07-12-2009","0.291","0.291","0.291","0.291","-11.55%"
"04-12-2009","0.329","0.329","0.329","0.329","25.10%"
"03-12-2009","0.263","0.263","0.263","0.263","0.00%"
"02-12-2009","0.263","0.263","0.263","0.263","8.23%"
"01-12-2009","0.243","0.243","0.243","0.243","-2.02%"
"30-11-2009","0.248","0.248","0.248","0.248","5.08%"
"27-11-2009","0.236","0.236","0.236","0.236","-4.84%"
"25-11-2009","0.248","0.248","0.248","0.248","-4.98%"
"24-11-2009","0.261","0.261","0.261","0.261","-6.45%"
"23-11-2009","0.279","0.279","0.279","0.279","4.89%"
"20-11-2009","0.266","0.266","0.266","0.266","2.70%"
"19-11-2009","0.259","0.259","0.259","0.259","-10.38%"
"18-11-2009","0.289","0.289","0.289","0.289","8.24%"
"17-11-2009","0.267","0.267","0.267","0.267","-3.61%"
"16-11-2009","0.277","0.277","0.277","0.277","-5.78%"
"13-11-2009","0.294","0.294","0.294","0.294","0.68%"
"12-11-2009","0.292","0.292","0.292","0.292","-3.31%"
"10-11-2009","0.302","0.302","0.302","0.302","-2.58%"
"09-11-2009","0.310","0.310","0.310","0.310","0.98%"
"06-11-2009","0.307","0.307","0.307","0.307","-4.66%"
"05-11-2009","0.322","0.322","0.322","0.322","-3.88%"
"04-11-2009","0.335","0.335","0.335","0.335","-4.29%"
"03-11-2009","0.350","0.350","0.350","0.350","-2.78%"
"02-11-2009","0.360","0.360","0.360","0.360","2.27%"
"30-10-2009","0.352","0.352","0.352","0.352","-6.88%"
"29-10-2009","0.378","0.378","0.378","0.378","2.72%"
"28-10-2009","0.368","0.368","0.368","0.368","-4.42%"
"27-10-2009","0.385","0.385","0.385","0.385","-4.47%"
"26-10-2009","0.403","0.403","0.403","0.403","2.54%"
"23-10-2009","0.393","0.393","0.393","0.393","6.22%"
"22-10-2009","0.370","0.370","0.370","0.370","-2.63%"
"21-10-2009","0.380","0.380","0.380","0.380","16.56%"
"20-10-2009","0.326","0.326","0.326","0.326","-4.40%"
"19-10-2009","0.341","0.341","0.341","0.341","3.65%"
"16-10-2009","0.329","0.329","0.329","0.329","1.54%"
"15-10-2009","0.324","0.324","0.324","0.324","0.93%"
"14-10-2009","0.321","0.321","0.321","0.321","-1.53%"
"13-10-2009","0.326","0.326","0.326","0.326","-6.59%"
"09-10-2009","0.349","0.349","0.349","0.349","7.72%"
"08-10-2009","0.324","0.324","0.324","0.324","0.93%"
"07-10-2009","0.321","0.321","0.321","0.321","-6.69%"
"06-10-2009","0.344","0.344","0.344","0.344","1.47%"
"05-10-2009","0.339","0.339","0.339","0.339","-1.45%"
"02-10-2009","0.344","0.344","0.344","0.344","0.00%"
"01-10-2009","0.344","0.344","0.344","0.344","-10.42%"
"30-09-2009","0.384","0.384","0.384","0.384","-1.29%"
"29-09-2009","0.389","0.389","0.389","0.389","0.52%"
"28-09-2009","0.387","0.387","0.387","0.387","-4.91%"
"25-09-2009","0.407","0.407","0.407","0.407","5.17%"
"24-09-2009","0.387","0.387","0.387","0.387","-1.78%"
"23-09-2009","0.394","0.394","0.394","0.394","8.24%"
"22-09-2009","0.364","0.359","0.370","0.357","0.55%"
"21-09-2009","0.362","0.370","0.375","0.354","-2.16%"
"18-09-2009","0.370","0.365","0.372","0.349","6.63%"
"17-09-2009","0.347","0.370","0.377","0.347","-1.42%"
"16-09-2009","0.352","0.352","0.352","0.352","-4.86%"
"15-09-2009","0.370","0.380","0.380","0.365","1.37%"
"14-09-2009","0.365","0.400","0.400","0.359","-1.35%"
"11-09-2009","0.370","0.370","0.370","0.370","-0.54%"
"10-09-2009","0.372","0.372","0.372","0.372","-3.38%"
"09-09-2009","0.385","0.385","0.385","0.385","-3.27%"
"08-09-2009","0.398","0.398","0.398","0.398","-2.93%"
"04-09-2009","0.410","0.410","0.410","0.410","1.74%"
"03-09-2009","0.403","0.395","0.408","0.395","3.33%"
"02-09-2009","0.390","0.421","0.421","0.390","-2.50%"
"01-09-2009","0.400","0.400","0.400","0.400","-4.99%"
"31-08-2009","0.421","0.421","0.421","0.421","-2.32%"
"28-08-2009","0.431","0.431","0.431","0.431","-2.27%"
"27-08-2009","0.441","0.441","0.441","0.441","-2.22%"
"26-08-2009","0.451","0.451","0.451","0.451","7.89%"
"25-08-2009","0.418","0.418","0.418","0.418","5.82%"
"24-08-2009","0.395","0.395","0.395","0.395","-3.66%"
"21-08-2009","0.410","0.410","0.410","0.410","3.80%"
"20-08-2009","0.395","0.395","0.395","0.395","-1.99%"
"19-08-2009","0.403","0.403","0.403","0.403","-1.71%"
"18-08-2009","0.410","0.410","0.410","0.410","-1.20%"
"17-08-2009","0.415","0.415","0.415","0.415","0.00%"
"14-08-2009","0.415","0.415","0.415","0.415","-2.58%"
"13-08-2009","0.426","0.426","0.426","0.426","-3.40%"
"12-08-2009","0.441","0.441","0.441","0.441","-2.22%"
"11-08-2009","0.451","0.451","0.451","0.451","-3.22%"
"10-08-2009","0.466","0.466","0.466","0.466","-7.54%"
"07-08-2009","0.504","0.504","0.504","0.504","7.01%"
"06-08-2009","0.471","0.471","0.471","0.471","0.00%"
"05-08-2009","0.471","0.471","0.471","0.471","2.84%"
"04-08-2009","0.458","0.458","0.458","0.458","-3.38%"
"03-08-2009","0.474","0.474","0.474","0.474","-0.42%"
"31-07-2009","0.476","0.476","0.476","0.476","-0.63%"
"30-07-2009","0.479","0.479","0.479","0.479","-2.04%"
"29-07-2009","0.489","0.489","0.489","0.489","10.38%"
"28-07-2009","0.443","0.443","0.443","0.443","-0.67%"
"27-07-2009","0.446","0.446","0.446","0.446","3.00%"
"24-07-2009","0.433","0.433","0.433","0.433","-5.46%"
"23-07-2009","0.458","0.458","0.458","0.458","6.26%"
"22-07-2009","0.431","0.431","0.431","0.431","-0.46%"
"21-07-2009","0.433","0.433","0.433","0.433","-3.99%"
"20-07-2009","0.451","0.451","0.451","0.451","0.67%"
"17-07-2009","0.448","0.448","0.448","0.448","0.00%"
"16-07-2009","0.448","0.448","0.448","0.448","-5.49%"
"15-07-2009","0.474","0.474","0.474","0.474","3.95%"
"14-07-2009","0.456","0.456","0.456","0.456","-0.44%"
"13-07-2009","0.458","0.458","0.458","0.458","4.57%"
"10-07-2009","0.438","0.438","0.438","0.438","-3.31%"
"09-07-2009","0.453","0.453","0.453","0.453","2.72%"
"08-07-2009","0.441","0.441","0.441","0.441","-4.34%"
"07-07-2009","0.461","0.461","0.461","0.461","0.66%"
"06-07-2009","0.458","0.458","0.458","0.458","-5.76%"
"02-07-2009","0.486","0.486","0.486","0.486","-10.00%"
"01-07-2009","0.540","0.540","0.540","0.540","11.34%"
"30-06-2009","0.485","0.485","0.485","0.485","8.02%"
"29-06-2009","0.449","0.449","0.449","0.449","7.67%"
"26-06-2009","0.417","0.417","0.417","0.417","-1.65%"
"25-06-2009","0.424","0.424","0.424","0.424","-9.21%"
"24-06-2009","0.467","0.467","0.467","0.467","1.52%"
"23-06-2009","0.460","0.460","0.460","0.460","-1.08%"
"22-06-2009","0.465","0.465","0.465","0.465","-3.53%"
"19-06-2009","0.482","0.482","0.482","0.482","-2.63%"
"18-06-2009","0.495","0.495","0.495","0.495","4.87%"
"17-06-2009","0.472","0.472","0.472","0.472","-1.05%"
"16-06-2009","0.477","0.477","0.477","0.477","0.00%"
"15-06-2009","0.477","0.477","0.477","0.477","-4.22%"
"12-06-2009","0.498","0.498","0.498","0.498","-3.49%"
"11-06-2009","0.516","0.516","0.516","0.516","-4.09%"
"10-06-2009","0.538","0.538","0.538","0.538","-0.92%"
"09-06-2009","0.543","0.543","0.543","0.543","-11.27%"
"08-06-2009","0.612","0.612","0.612","0.612","-1.13%"
"05-06-2009","0.619","0.619","0.619","0.619","34.57%"
"04-06-2009","0.460","0.460","0.460","0.460","4.07%"
"03-06-2009","0.442","0.455","0.465","0.437","5.74%"
"02-06-2009","0.418","0.418","0.418","0.418","-6.70%"
"01-06-2009","0.448","0.448","0.448","0.448","-0.67%"
"29-05-2009","0.451","0.451","0.451","0.451","-1.53%"
"28-05-2009","0.458","0.458","0.458","0.458","-2.76%"
"27-05-2009","0.471","0.471","0.471","0.471","0.43%"
"26-05-2009","0.469","0.469","0.469","0.469","1.74%"
"22-05-2009","0.461","0.461","0.461","0.461","5.73%"
"21-05-2009","0.436","0.436","0.436","0.436","1.16%"
"20-05-2009","0.431","0.431","0.431","0.431","-6.51%"
"19-05-2009","0.461","0.461","0.461","0.461","-5.73%"
"18-05-2009","0.489","0.489","0.489","0.489","3.82%"
"15-05-2009","0.471","0.471","0.471","0.471","-1.67%"
"14-05-2009","0.479","0.479","0.479","0.479","-4.58%"
"13-05-2009","0.502","0.502","0.502","0.502","-3.83%"
"12-05-2009","0.522","0.522","0.522","0.522","1.56%"
"11-05-2009","0.514","0.514","0.514","0.514","-5.17%"
"08-05-2009","0.542","0.542","0.542","0.542","0.00%"
"07-05-2009","0.542","0.542","0.542","0.542","6.48%"
"06-05-2009","0.509","0.509","0.509","0.509","6.04%"
"05-05-2009","0.480","0.480","0.480","0.480","-1.03%"
"04-05-2009","0.485","0.485","0.485","0.485","4.30%"
"01-05-2009","0.465","0.465","0.465","0.465","0.00%"
"30-04-2009","0.465","0.465","0.465","0.465","-0.43%"
"29-04-2009","0.467","0.467","0.467","0.467","-4.30%"
"28-04-2009","0.488","0.488","0.488","0.488","3.83%"
"27-04-2009","0.470","0.470","0.470","0.470","-2.08%"
"24-04-2009","0.480","0.480","0.480","0.480","3.23%"
"23-04-2009","0.465","0.465","0.465","0.465","-4.12%"
"22-04-2009","0.485","0.485","0.485","0.485","-5.46%"
"21-04-2009","0.513","0.513","0.513","0.513","-1.54%"
"20-04-2009","0.521","0.521","0.521","0.521","-6.29%"
"17-04-2009","0.556","0.556","0.556","0.556","7.75%"
"16-04-2009","0.516","0.516","0.516","0.516","-0.96%"
"15-04-2009","0.521","0.521","0.521","0.521","-1.51%"
"14-04-2009","0.529","0.529","0.529","0.529","-8.16%"
"13-04-2009","0.576","0.576","0.576","0.576","-2.70%"
"09-04-2009","0.592","0.592","0.592","0.592","0.00%"
"08-04-2009","0.592","0.592","0.592","0.592","8.23%"
"07-04-2009","0.547","0.547","0.547","0.547","-3.70%"
"06-04-2009","0.568","0.568","0.568","0.568","-2.57%"
"03-04-2009","0.583","0.583","0.583","0.583","4.48%"
"02-04-2009","0.558","0.558","0.558","0.558","2.01%"
"01-04-2009","0.547","0.547","0.547","0.547","0.00%"
"31-03-2009","0.547","0.547","0.547","0.547","-5.36%"
"30-03-2009","0.578","0.578","0.578","0.578","1.76%"
"27-03-2009","0.568","0.568","0.568","0.568","0.89%"
"26-03-2009","0.563","0.563","0.563","0.563","-3.43%"
"25-03-2009","0.583","0.583","0.583","0.583","-2.51%"
"24-03-2009","0.598","0.598","0.598","0.598","0.84%"
"23-03-2009","0.593","0.593","0.593","0.593","0.85%"
"20-03-2009","0.588","0.588","0.588","0.588","0.00%"
"19-03-2009","0.588","0.588","0.588","0.588","0.86%"
"18-03-2009","0.583","0.583","0.583","0.583","-14.26%"
"17-03-2009","0.680","0.680","0.680","0.680","1.04%"
"16-03-2009","0.673","0.673","0.673","0.673","-0.30%"
"13-03-2009","0.675","0.675","0.675","0.675","-1.89%"
"12-03-2009","0.688","0.688","0.688","0.688","-3.10%"
"11-03-2009","0.710","0.710","0.710","0.710","3.95%"
"10-03-2009","0.683","0.683","0.683","0.683","2.25%"
"09-03-2009","0.668","0.668","0.668","0.668","1.52%"
"06-03-2009","0.658","0.658","0.658","0.658","4.78%"
"05-03-2009","0.628","0.628","0.628","0.628","-5.28%"
"04-03-2009","0.663","0.663","0.663","0.663","4.25%"
"03-03-2009","0.636","0.636","0.636","0.636","-1.09%"
"02-03-2009","0.643","0.643","0.643","0.643","-5.72%"
"27-02-2009","0.682","0.682","0.682","0.682","-4.21%"
"26-02-2009","0.712","0.712","0.712","0.712","-1.39%"
"25-02-2009","0.722","0.722","0.722","0.722","4.79%"
"24-02-2009","0.689","0.689","0.689","0.689","3.77%"
"23-02-2009","0.664","0.664","0.664","0.664","6.58%"
"20-02-2009","0.623","0.623","0.623","0.623","-4.45%"
"19-02-2009","0.652","0.652","0.652","0.652","3.82%"
"18-02-2009","0.628","0.628","0.628","0.628","5.90%"
"17-02-2009","0.593","0.593","0.593","0.593","-2.47%"
"13-02-2009","0.608","0.608","0.608","0.608","2.53%"
"12-02-2009","0.593","0.593","0.593","0.593","-0.84%"
"11-02-2009","0.598","0.598","0.598","0.598","16.12%"
"10-02-2009","0.515","0.515","0.515","0.515","-6.87%"
"09-02-2009","0.553","0.553","0.553","0.553","4.34%"
"06-02-2009","0.530","0.530","0.530","0.530","2.91%"
"05-02-2009","0.515","0.515","0.515","0.515","4.04%"
"04-02-2009","0.495","0.495","0.495","0.495","-4.26%"
"03-02-2009","0.517","0.517","0.517","0.517","5.08%"
"02-02-2009","0.492","0.492","0.492","0.492","3.14%"
"30-01-2009","0.477","0.477","0.477","0.477","-1.04%"
"29-01-2009","0.482","0.482","0.482","0.482","2.55%"
"28-01-2009","0.470","0.470","0.470","0.470","2.84%"
"27-01-2009","0.457","0.457","0.457","0.457","1.11%"
"26-01-2009","0.452","0.452","0.452","0.452","4.63%"
"23-01-2009","0.432","0.432","0.432","0.432","9.37%"
"22-01-2009","0.395","0.395","0.395","0.395","-9.20%"
"21-01-2009","0.435","0.435","0.435","0.435","5.58%"
"20-01-2009","0.412","0.412","0.412","0.412","-3.51%"
"16-01-2009","0.427","0.427","0.427","0.427","0.00%"
"14-01-2009","0.427","0.427","0.427","0.427","10.05%"
"13-01-2009","0.388","0.388","0.388","0.388","-6.05%"
"12-01-2009","0.413","0.413","0.413","0.413","0.00%"
"09-01-2009","0.413","0.413","0.413","0.413","-5.71%"
"08-01-2009","0.438","0.438","0.438","0.438","4.78%"
"07-01-2009","0.418","0.418","0.418","0.418","0.00%"
"06-01-2009","0.418","0.418","0.418","0.418","1.21%"
"05-01-2009","0.413","0.413","0.413","0.413","9.26%"
"02-01-2009","0.378","0.378","0.378","0.378","10.53%"
"31-12-2008","0.342","0.342","0.342","0.342","9.62%"
"30-12-2008","0.312","0.312","0.312","0.312","-7.42%"
"29-12-2008","0.337","0.337","0.337","0.337","-5.60%"
"26-12-2008","0.357","0.357","0.357","0.357","-7.99%"
"24-12-2008","0.388","0.388","0.388","0.388","-4.90%"
"23-12-2008","0.408","0.408","0.408","0.408","4.35%"
"22-12-2008","0.391","0.391","0.391","0.391","1.30%"
"19-12-2008","0.386","0.386","0.386","0.386","-3.02%"
"18-12-2008","0.398","0.398","0.398","0.398","-14.22%"
"17-12-2008","0.464","0.464","0.464","0.464","15.71%"
"16-12-2008","0.401","0.401","0.401","0.401","-15.04%"
"15-12-2008","0.472","0.472","0.472","0.472","3.28%"
"12-12-2008","0.457","0.457","0.457","0.457","-6.16%"
"11-12-2008","0.487","0.487","0.487","0.487","2.10%"
"10-12-2008","0.477","0.477","0.477","0.477","3.25%"
"09-12-2008","0.462","0.462","0.462","0.462","-7.97%"
"08-12-2008","0.502","0.502","0.502","0.502","-4.74%"
"05-12-2008","0.527","0.527","0.527","0.527","-11.87%"
"04-12-2008","0.598","0.598","0.598","0.598","-14.45%"
"03-12-2008","0.699","0.699","0.699","0.699","-6.68%"
"02-12-2008","0.749","0.749","0.749","0.749","-7.53%"
"01-12-2008","0.810","0.810","0.810","0.810","-8.58%"
"28-11-2008","0.886","0.886","0.886","0.886","-4.42%"
"26-11-2008","0.927","0.927","0.927","0.927","-1.07%"
"25-11-2008","0.937","0.937","0.937","0.937","1.08%"
"24-11-2008","0.927","0.927","0.927","0.927","13.05%"
"21-11-2008","0.820","0.820","0.820","0.820","2.50%"
"20-11-2008","0.800","0.800","0.800","0.800","-15.52%"
"19-11-2008","0.947","0.947","0.947","0.947","-6.70%"
"18-11-2008","1.015","1.015","1.015","1.015","-4.25%"
"17-11-2008","1.060","1.060","1.060","1.060","-3.72%"
"14-11-2008","1.101","1.101","1.101","1.101","-3.17%"
"13-11-2008","1.137","1.137","1.137","1.137","14.96%"
"12-11-2008","0.989","0.989","0.989","0.989","-12.63%"
"10-11-2008","1.132","1.132","1.132","1.132","-4.31%"
"07-11-2008","1.183","1.183","1.183","1.183","4.51%"
"06-11-2008","1.132","1.132","1.132","1.132","-5.51%"
"05-11-2008","1.198","1.198","1.198","1.198","-5.97%"
"04-11-2008","1.274","1.274","1.274","1.274","-0.86%"
"03-11-2008","1.285","1.285","1.285","1.285","-3.38%"
"31-10-2008","1.330","1.330","1.330","1.330","1.14%"
"30-10-2008","1.315","1.315","1.315","1.315","-3.73%"
"29-10-2008","1.366","1.366","1.366","1.366","-8.57%"
"28-10-2008","1.494","1.494","1.494","1.494","-0.99%"
"27-10-2008","1.509","1.509","1.509","1.509","-3.27%"
"24-10-2008","1.560","1.560","1.560","1.560","-4.99%"
"23-10-2008","1.642","1.642","1.642","1.642","3.86%"
"22-10-2008","1.581","1.581","1.581","1.581","0.76%"
"21-10-2008","1.569","1.569","1.569","1.569","-6.10%"
"20-10-2008","1.671","1.671","1.671","1.671","29.03%"
"17-10-2008","1.295","1.295","1.295","1.295","1.97%"
"16-10-2008","1.270","1.270","1.270","1.270","18.36%"
"15-10-2008","1.073","1.073","1.073","1.073","-10.13%"
"14-10-2008","1.194","1.194","1.194","1.194","16.26%"
"10-10-2008","1.027","1.027","1.027","1.027","-17.84%"
"09-10-2008","1.250","1.250","1.250","1.250","1.21%"
"08-10-2008","1.235","1.235","1.235","1.235","2.07%"
"07-10-2008","1.210","1.210","1.210","1.210","-3.59%"
"06-10-2008","1.255","1.255","1.255","1.255","-8.19%"
"03-10-2008","1.367","1.367","1.367","1.367","-2.22%"
"02-10-2008","1.398","1.398","1.398","1.398","-14.86%"
"01-10-2008","1.642","1.642","1.642","1.642","-8.01%"
"30-09-2008","1.785","1.785","1.785","1.785","21.93%"
"29-09-2008","1.464","1.464","1.464","1.464","-20.26%"
"26-09-2008","1.836","1.836","1.836","1.836","-7.04%"
"25-09-2008","1.975","1.975","1.975","1.975","5.50%"
"24-09-2008","1.872","1.872","1.872","1.872","-3.65%"
"23-09-2008","1.943","1.943","1.943","1.943","-4.33%"
"22-09-2008","2.031","2.031","2.031","2.031","-1.50%"
"19-09-2008","2.062","2.062","2.062","2.062","34.60%"
"18-09-2008","1.532","1.532","1.532","1.532","5.66%"
"17-09-2008","1.450","1.450","1.450","1.450","-12.17%"
"16-09-2008","1.651","1.651","1.651","1.651","3.25%"
"15-09-2008","1.599","1.599","1.599","1.599","-20.05%"
"12-09-2008","2.000","2.000","2.000","2.000","-0.30%"
"11-09-2008","2.006","2.006","2.006","2.006","-0.74%"
"10-09-2008","2.021","2.021","2.021","2.021","-0.54%"
"09-09-2008","2.032","2.032","2.032","2.032","-3.19%"
"08-09-2008","2.099","2.099","2.099","2.099","0.00%"
"05-09-2008","2.099","2.099","2.099","2.099","3.55%"
"04-09-2008","2.027","2.027","2.027","2.027","-2.22%"
"03-09-2008","2.073","2.073","2.073","2.073","-1.24%"
"02-09-2008","2.099","2.099","2.099","2.099","-2.42%"
"29-08-2008","2.151","2.151","2.151","2.151","0.00%"
"28-08-2008","2.151","2.151","2.151","2.151","0.70%"
"27-08-2008","2.136","2.136","2.136","2.136","0.09%"
"26-08-2008","2.134","2.134","2.134","2.134","1.47%"
"25-08-2008","2.103","2.103","2.103","2.103","-1.22%"
"22-08-2008","2.129","2.129","2.129","2.129","2.75%"
"21-08-2008","2.072","2.072","2.072","2.072","2.27%"
"20-08-2008","2.026","2.026","2.026","2.026","-2.50%"
"19-08-2008","2.078","2.078","2.078","2.078","-1.19%"
"18-08-2008","2.103","2.103","2.103","2.103","0.00%"
"15-08-2008","2.103","2.103","2.103","2.103","-0.28%"
"14-08-2008","2.109","2.109","2.109","2.109","-1.59%"
"13-08-2008","2.143","2.143","2.143","2.143","0.37%"
"12-08-2008","2.135","2.135","2.135","2.135","-4.39%"
"11-08-2008","2.233","2.233","2.233","2.233","3.33%"
"08-08-2008","2.161","2.161","2.161","2.161","0.98%"
"07-08-2008","2.140","2.140","2.140","2.140","-4.16%"
"06-08-2008","2.233","2.233","2.233","2.233","-0.71%"
"05-08-2008","2.249","2.249","2.249","2.249","-0.22%"
"04-08-2008","2.254","2.254","2.254","2.254","0.45%"
"01-08-2008","2.244","2.244","2.244","2.244","-0.44%"
"31-07-2008","2.254","2.254","2.254","2.254","-1.18%"
"30-07-2008","2.281","2.281","2.281","2.281","-0.31%"
"29-07-2008","2.288","2.288","2.288","2.288","1.10%"
"28-07-2008","2.263","2.263","2.263","2.263","-0.66%"
"25-07-2008","2.278","2.278","2.278","2.278","2.52%"
"24-07-2008","2.222","2.222","2.222","2.222","-3.56%"
"23-07-2008","2.304","2.304","2.304","2.304","0.44%"
"22-07-2008","2.294","2.294","2.294","2.294","3.94%"
"21-07-2008","2.207","2.207","2.207","2.207","-1.39%"
"18-07-2008","2.238","2.238","2.238","2.238","2.15%"
"17-07-2008","2.191","2.191","2.191","2.191","2.38%"
"16-07-2008","2.140","2.140","2.140","2.140","0.47%"
"15-07-2008","2.130","2.130","2.130","2.130","-3.27%"
"14-07-2008","2.202","2.202","2.202","2.202","-2.52%"
"11-07-2008","2.259","2.259","2.259","2.259","4.78%"
"10-07-2008","2.156","2.156","2.156","2.156","-0.23%"
"09-07-2008","2.161","2.161","2.161","2.161","-3.48%"
"08-07-2008","2.239","2.239","2.239","2.239","-0.44%"
"07-07-2008","2.249","2.249","2.249","2.249","-1.14%"
"03-07-2008","2.275","2.275","2.275","2.275","-2.86%"
"02-07-2008","2.342","2.342","2.342","2.342","1.52%"
"01-07-2008","2.307","2.307","2.307","2.307","-1.11%"
"30-06-2008","2.333","2.333","2.333","2.333","2.01%"
"27-06-2008","2.287","2.287","2.287","2.287","-2.43%"
"26-06-2008","2.344","2.344","2.344","2.344","-2.78%"
"25-06-2008","2.411","2.411","2.411","2.411","-3.09%"
"24-06-2008","2.488","2.488","2.488","2.488","-0.84%"
"23-06-2008","2.509","2.509","2.509","2.509","2.74%"
"20-06-2008","2.442","2.442","2.442","2.442","-3.48%"
"19-06-2008","2.530","2.530","2.530","2.530","2.26%"
"18-06-2008","2.474","2.474","2.474","2.474","-1.63%"
"17-06-2008","2.515","2.515","2.515","2.515","-4.34%"
"16-06-2008","2.629","2.629","2.629","2.629","1.39%"
"13-06-2008","2.593","2.593","2.593","2.593","-1.18%"
"12-06-2008","2.624","2.624","2.624","2.624","8.07%"
"11-06-2008","2.428","2.428","2.428","2.428","-2.69%"
"10-06-2008","2.495","2.495","2.495","2.495","9.00%"
"09-06-2008","2.289","2.289","2.289","2.289","10.15%"
"06-06-2008","2.078","2.078","2.078","2.078","-1.93%"
"05-06-2008","2.119","2.119","2.119","2.119","0.00%"