"Date","Price","Open","High","Low","Change %"
"08-06-2026","4.239","4.248","4.255","4.223","0.38%"
"07-06-2026","4.223","4.229","4.229","4.223","0.23%"
"05-06-2026","4.213","4.101","4.230","4.078","2.71%"
"04-06-2026","4.102","4.123","4.129","4.073","-0.80%"
"03-06-2026","4.135","4.102","4.145","4.096","0.93%"
"02-06-2026","4.097","4.082","4.150","4.050","-0.05%"
"01-06-2026","4.099","4.081","4.143","4.071","0.89%"
"29-05-2026","4.063","4.069","4.084","4.032","-0.22%"
"28-05-2026","4.072","4.108","4.149","4.038","-0.24%"
"27-05-2026","4.082","4.085","4.099","4.054","-0.32%"
"26-05-2026","4.095","4.100","4.129","4.085","-0.09%"
"25-05-2026","4.099","4.099","4.099","4.095","-1.90%"
"22-05-2026","4.178","4.142","4.195","4.103","0.72%"
"21-05-2026","4.148","4.129","4.190","4.108","1.00%"
"20-05-2026","4.107","4.191","4.214","4.085","-2.33%"
"19-05-2026","4.205","4.127","4.226","4.122","0.98%"
"18-05-2026","4.164","4.158","4.174","4.103","0.46%"
"15-05-2026","4.145","4.065","4.150","4.063","2.85%"
"14-05-2026","4.030","4.016","4.062","3.988","0.05%"
"13-05-2026","4.028","4.029","4.056","4.012","0.02%"
"12-05-2026","4.027","3.981","4.163","3.981","1.36%"
"11-05-2026","3.973","3.944","3.980","3.933","1.43%"
"08-05-2026","3.917","3.937","3.970","3.895","-0.68%"
"07-05-2026","3.944","3.893","3.951","3.845","1.28%"
"06-05-2026","3.894","3.972","3.972","3.863","-1.72%"
"05-05-2026","3.962","3.981","3.984","3.944","-0.60%"
"04-05-2026","3.986","3.950","4.016","3.931","1.92%"
"01-05-2026","3.911","3.910","3.930","3.865","0.08%"
"30-04-2026","3.908","3.958","3.969","3.889","-1.19%"
"29-04-2026","3.955","3.868","3.976","3.858","2.22%"
"28-04-2026","3.869","3.818","3.879","3.818","1.15%"
"27-04-2026","3.825","3.828","3.841","3.803","0.66%"
"24-04-2026","3.800","3.847","3.863","3.795","-1.09%"
"23-04-2026","3.842","3.819","3.869","3.803","0.89%"
"22-04-2026","3.808","3.796","3.822","3.766","0.37%"
"21-04-2026","3.794","3.737","3.823","3.731","1.69%"
"20-04-2026","3.731","3.756","3.759","3.726","0.38%"
"17-04-2026","3.717","3.797","3.805","3.697","-2.13%"
"16-04-2026","3.798","3.769","3.804","3.755","0.48%"
"15-04-2026","3.780","3.754","3.799","3.750","0.48%"
"14-04-2026","3.762","3.787","3.812","3.754","-1.00%"
"13-04-2026","3.800","3.872","3.875","3.790","-0.63%"
"10-04-2026","3.824","3.799","3.833","3.774","0.50%"
"09-04-2026","3.805","3.815","3.826","3.765","-0.24%"
"08-04-2026","3.814","3.760","3.821","3.736","-1.11%"
"07-04-2026","3.857","3.873","3.909","3.815","-0.41%"
"06-04-2026","3.873","3.887","3.904","3.856","-0.13%"
"03-04-2026","3.878","3.860","3.911","3.837","1.39%"
"02-04-2026","3.825","3.831","3.895","3.798","-0.16%"
"01-04-2026","3.831","3.803","3.843","3.752","0.29%"
"31-03-2026","3.820","3.854","3.864","3.772","-0.88%"
"30-03-2026","3.854","3.913","3.921","3.828","-2.18%"
"27-03-2026","3.940","3.974","4.037","3.926","-1.28%"
"26-03-2026","3.991","3.893","4.008","3.890","2.91%"
"25-03-2026","3.878","3.882","3.902","3.846","-1.45%"
"24-03-2026","3.935","3.856","3.974","3.850","2.34%"
"23-03-2026","3.845","3.942","4.027","3.812","-1.71%"
"20-03-2026","3.912","3.836","3.942","3.812","2.11%"
"19-03-2026","3.831","3.786","3.939","3.761","2.13%"
"18-03-2026","3.751","3.684","3.789","3.654","2.07%"
"17-03-2026","3.675","3.689","3.707","3.658","-0.38%"
"16-03-2026","3.689","3.724","3.731","3.682","-1.71%"
"13-03-2026","3.753","3.752","3.777","3.704","-0.64%"
"12-03-2026","3.777","3.703","3.781","3.653","3.39%"
"11-03-2026","3.653","3.607","3.678","3.589","1.84%"
"10-03-2026","3.587","3.577","3.617","3.546","-0.66%"
"09-03-2026","3.611","3.645","3.669","3.557","0.84%"
"06-03-2026","3.581","3.598","3.652","3.543","-0.94%"
"05-03-2026","3.615","3.556","3.616","3.553","1.92%"
"04-03-2026","3.547","3.525","3.561","3.502","1.20%"
"03-03-2026","3.505","3.476","3.604","3.473","0.34%"
"02-03-2026","3.493","3.365","3.512","3.358","3.31%"
"27-02-2026","3.381","3.430","3.435","3.376","-2.14%"
"26-02-2026","3.455","3.477","3.493","3.440","-0.83%"
"25-02-2026","3.484","3.461","3.493","3.458","0.66%"
"24-02-2026","3.461","3.447","3.476","3.447","0.49%"
"23-02-2026","3.444","3.494","3.500","3.438","-1.63%"
"20-02-2026","3.501","3.493","3.526","3.477","0.09%"
"19-02-2026","3.498","3.496","3.522","3.485","0.14%"
"18-02-2026","3.493","3.469","3.504","3.463","0.69%"
"17-02-2026","3.469","3.447","3.476","3.418","0.63%"
"16-02-2026","3.447","3.447","3.447","3.447","-0.05%"
"13-02-2026","3.449","3.503","3.525","3.440","-1.74%"
"12-02-2026","3.510","3.572","3.573","3.497","-1.65%"
"11-02-2026","3.569","3.515","3.611","3.504","1.39%"
"10-02-2026","3.520","3.556","3.557","3.506","-0.93%"
"09-02-2026","3.553","3.580","3.599","3.549","-0.39%"
"06-02-2026","3.567","3.504","3.582","3.495","0.28%"
"05-02-2026","3.557","3.635","3.641","3.522","-2.23%"
"04-02-2026","3.638","3.641","3.662","3.624","-0.22%"
"03-02-2026","3.646","3.640","3.667","3.633","0.11%"
"02-02-2026","3.642","3.592","3.649","3.566","1.19%"
"30-01-2026","3.599","3.632","3.650","3.592","-0.55%"
"29-01-2026","3.619","3.634","3.658","3.611","-0.96%"
"28-01-2026","3.654","3.641","3.674","3.631","0.44%"
"27-01-2026","3.638","3.659","3.669","3.631","-0.44%"
"26-01-2026","3.654","3.661","3.672","3.644","-0.52%"
"23-01-2026","3.673","3.680","3.693","3.662","-0.22%"
"22-01-2026","3.681","3.651","3.742","3.651","0.46%"
"21-01-2026","3.664","3.667","3.674","3.648","-0.35%"
"20-01-2026","3.677","3.666","3.688","3.648","0.35%"
"19-01-2026","3.664","3.663","3.664","3.663","-0.08%"
"16-01-2026","3.667","3.618","3.673","3.609","1.41%"
"15-01-2026","3.616","3.566","3.625","3.564","1.46%"
"14-01-2026","3.564","3.593","3.594","3.555","-0.56%"
"13-01-2026","3.584","3.598","3.621","3.561","-0.50%"
"12-01-2026","3.602","3.587","3.612","3.577","0.22%"
"09-01-2026","3.594","3.553","3.616","3.549","1.10%"
"08-01-2026","3.555","3.532","3.562","3.506","0.91%"
"07-01-2026","3.523","3.530","3.536","3.501","-0.42%"
"06-01-2026","3.538","3.525","3.553","3.515","0.43%"
"05-01-2026","3.523","3.552","3.553","3.511","-0.73%"
"02-01-2026","3.549","3.537","3.556","3.523","0.33%"
"01-01-2026","3.537","3.537","3.537","3.537","0.33%"
"31-12-2025","3.526","3.507","3.545","3.490","0.60%"
"30-12-2025","3.505","3.502","3.525","3.495","-0.20%"
"29-12-2025","3.512","3.535","3.543","3.502","-0.57%"
"26-12-2025","3.532","3.553","3.567","3.522","-0.59%"
"25-12-2025","3.553","3.556","3.556","3.553","-0.15%"
"24-12-2025","3.558","3.579","3.591","3.556","-0.56%"
"23-12-2025","3.578","3.554","3.672","3.542","0.59%"
"22-12-2025","3.557","3.533","3.561","3.532","0.79%"
"19-12-2025","3.529","3.505","3.536","3.504","0.92%"
"18-12-2025","3.497","3.518","3.523","3.472","-0.88%"
"17-12-2025","3.528","3.535","3.560","3.526","0.20%"
"16-12-2025","3.521","3.554","3.592","3.507","-1.12%"
"15-12-2025","3.561","3.575","3.579","3.539","-0.70%"
"12-12-2025","3.586","3.575","3.601","3.571","0.42%"
"11-12-2025","3.571","3.572","3.590","3.539","-1.03%"
"10-12-2025","3.608","3.654","3.669","3.573","-1.10%"
"09-12-2025","3.648","3.609","3.657","3.593","0.86%"
"08-12-2025","3.617","3.588","3.645","3.579","0.81%"
"05-12-2025","3.588","3.545","3.591","3.536","0.99%"
"04-12-2025","3.553","3.512","3.573","3.512","1.46%"
"03-12-2025","3.502","3.526","3.526","3.484","-0.88%"
"02-12-2025","3.533","3.545","3.561","3.525","-0.56%"
"01-12-2025","3.553","3.500","3.554","3.481","1.81%"
"28-11-2025","3.490","3.481","3.519","3.453","0.28%"
"27-11-2025","3.480","3.477","3.480","3.477","0.20%"
"26-11-2025","3.473","3.462","3.498","3.455","0.61%"
"25-11-2025","3.452","3.490","3.505","3.444","-1.12%"
"24-11-2025","3.491","3.838","3.609","3.482","-0.29%"
"21-11-2025","3.501","3.535","3.549","3.473","-1.46%"
"20-11-2025","3.553","3.597","3.621","3.526","-1.09%"
"19-11-2025","3.592","3.569","3.596","3.551","0.45%"
"18-11-2025","3.576","3.617","3.618","3.543","-0.86%"
"17-11-2025","3.607","3.610","3.618","3.590","-0.22%"
"14-11-2025","3.615","3.600","3.621","3.536","0.72%"
"13-11-2025","3.589","3.564","3.604","3.558","0.79%"
"12-11-2025","3.561","3.546","3.576","3.546","0.43%"
"11-11-2025","3.546","3.565","3.565","3.544","-1.48%"
"10-11-2025","3.599","3.601","3.616","3.580","0.93%"
"07-11-2025","3.566","3.569","3.590","3.535","-0.28%"
"06-11-2025","3.576","3.641","3.641","3.559","-1.97%"
"05-11-2025","3.648","3.586","3.651","3.553","1.59%"
"04-11-2025","3.591","3.614","3.616","3.574","-0.47%"
"03-11-2025","3.608","3.598","3.621","3.580","0.00%"
"31-10-2025","3.608","3.608","3.622","3.580","-0.14%"
"30-10-2025","3.613","3.598","3.637","3.582","0.72%"
"29-10-2025","3.587","3.497","3.613","3.494","2.46%"
"28-10-2025","3.501","3.497","3.523","3.486","-0.09%"
"27-10-2025","3.504","3.508","3.528","3.491","0.46%"
"24-10-2025","3.488","3.497","3.577","3.444","0.11%"
"23-10-2025","3.484","3.444","3.500","3.439","1.10%"
"22-10-2025","3.446","3.460","3.469","3.437","-0.26%"
"21-10-2025","3.455","3.464","3.473","3.436","-0.32%"
"20-10-2025","3.466","3.469","3.489","3.457","-0.14%"
"17-10-2025","3.471","3.409","3.478","3.379","1.22%"
"16-10-2025","3.429","3.501","3.518","3.415","-2.34%"
"15-10-2025","3.511","3.492","3.518","3.471","0.80%"
"14-10-2025","3.483","3.517","3.530","3.471","-0.88%"
"13-10-2025","3.514","3.514","3.514","3.514","-0.46%"
"10-10-2025","3.530","3.609","3.612","3.510","-2.35%"
"09-10-2025","3.615","3.594","3.621","3.589","0.42%"
"08-10-2025","3.600","3.583","3.611","3.569","0.45%"
"07-10-2025","3.584","3.610","3.626","3.574","-0.86%"
"06-10-2025","3.615","3.600","3.620","3.591","0.78%"
"03-10-2025","3.587","3.556","3.596","3.549","0.79%"
"02-10-2025","3.559","3.545","3.586","3.540","0.08%"
"01-10-2025","3.556","3.628","3.629","3.543","-1.58%"
"30-09-2025","3.613","3.625","3.629","3.591","-0.58%"
"29-09-2025","3.634","3.643","3.653","3.623","-0.57%"
"26-09-2025","3.655","3.651","3.674","3.637","-0.22%"
"25-09-2025","3.663","3.601","3.698","3.595","1.83%"
"24-09-2025","3.597","3.560","3.607","3.553","0.84%"
"23-09-2025","3.567","3.584","3.591","3.557","-0.39%"
"22-09-2025","3.581","3.561","3.591","3.545","0.39%"
"19-09-2025","3.567","3.549","3.577","3.543","0.51%"
"18-09-2025","3.549","3.526","3.574","3.497","0.54%"
"17-09-2025","3.530","3.473","3.583","3.440","1.58%"
"16-09-2025","3.475","3.501","3.516","3.470","-0.63%"
"15-09-2025","3.497","3.540","3.544","3.491","-0.82%"
"12-09-2025","3.526","3.506","3.543","3.502","1.12%"
"11-09-2025","3.487","3.500","3.534","3.428","0.09%"
"10-09-2025","3.484","3.505","3.515","3.469","-0.49%"
"09-09-2025","3.501","3.458","3.520","3.449","1.10%"
"08-09-2025","3.463","3.494","3.501","3.452","-0.37%"
"05-09-2025","3.476","3.546","3.551","3.430","-2.17%"
"04-09-2025","3.553","3.581","3.586","3.543","-0.70%"
"03-09-2025","3.578","3.615","3.634","3.567","-1.32%"
"02-09-2025","3.626","3.598","3.647","3.591","0.78%"
"01-09-2025","3.598","3.599","3.599","3.598","0.39%"
"29-08-2025","3.584","3.592","3.664","3.565","-0.22%"
"28-08-2025","3.592","3.585","3.629","3.578","0.03%"
"27-08-2025","3.591","3.629","3.639","3.581","-0.80%"
"26-08-2025","3.620","3.672","3.674","3.618","-1.50%"
"25-08-2025","3.675","3.655","3.688","3.655","0.96%"
"22-08-2025","3.640","3.738","3.756","3.630","-2.78%"
"21-08-2025","3.744","3.707","3.756","3.697","1.27%"
"20-08-2025","3.697","3.714","3.727","3.672","-0.35%"
"19-08-2025","3.710","3.727","3.736","3.700","-0.67%"
"18-08-2025","3.735","3.717","3.740","3.694","0.35%"
"15-08-2025","3.722","3.694","3.725","3.676","0.51%"
"14-08-2025","3.703","3.647","3.710","3.615","1.34%"
"13-08-2025","3.654","3.710","3.718","3.638","-1.38%"
"12-08-2025","3.705","3.739","3.824","3.682","-0.38%"
"11-08-2025","3.719","3.722","3.740","3.710","-0.16%"
"08-08-2025","3.725","3.683","3.733","3.682","0.98%"
"07-08-2025","3.689","3.662","3.692","3.657","0.90%"
"06-08-2025","3.656","3.681","3.698","3.651","-0.54%"
"05-08-2025","3.676","3.640","3.693","3.636","0.77%"
"04-08-2025","3.648","3.635","3.702","3.633","-0.68%"
"01-08-2025","3.673","3.901","3.940","3.643","-5.68%"
"31-07-2025","3.894","3.889","3.907","3.855","0.18%"
"30-07-2025","3.887","3.820","3.896","3.810","1.65%"
"29-07-2025","3.824","3.873","3.886","3.817","-1.44%"
"28-07-2025","3.880","3.886","3.890","3.852","0.44%"
"25-07-2025","3.863","3.863","3.884","3.856","-0.26%"
"24-07-2025","3.873","3.828","3.887","3.827","1.04%"
"23-07-2025","3.833","3.793","3.840","3.785","1.48%"
"22-07-2025","3.777","3.817","3.827","3.770","-0.74%"
"21-07-2025","3.805","3.845","3.845","3.792","-1.01%"
"18-07-2025","3.844","3.858","3.874","3.826","-1.18%"
"17-07-2025","3.890","3.875","3.950","3.853","0.78%"
"16-07-2025","3.860","3.929","3.935","3.844","-1.91%"
"15-07-2025","3.935","3.872","3.936","3.854","1.65%"
"14-07-2025","3.871","3.855","3.886","3.849","-0.36%"
"11-07-2025","3.885","3.846","3.886","3.830","1.30%"
"10-07-2025","3.835","3.814","3.857","3.804","0.24%"
"09-07-2025","3.826","3.868","3.886","3.810","-1.24%"
"08-07-2025","3.874","3.856","3.887","3.847","0.45%"
"07-07-2025","3.856","3.813","3.864","3.809","0.33%"
"03-07-2025","3.844","3.753","3.893","3.727","2.09%"
"02-07-2025","3.765","3.742","3.777","3.722","0.65%"
"01-07-2025","3.741","3.693","3.759","3.659","1.31%"
"30-06-2025","3.692","3.713","3.723","3.679","-0.55%"
"27-06-2025","3.713","3.691","3.735","3.688","0.82%"
"26-06-2025","3.683","3.733","3.764","3.678","-1.74%"
"25-06-2025","3.748","3.764","3.792","3.736","-0.28%"
"24-06-2025","3.758","3.810","3.814","3.746","-1.29%"
"23-06-2025","3.807","3.865","3.885","3.757","-1.31%"
"20-06-2025","3.858","3.873","3.925","3.842","-0.47%"
"19-06-2025","3.876","3.876","3.876","3.876","-0.38%"
"18-06-2025","3.891","3.901","3.911","3.836","-0.07%"
"17-06-2025","3.894","3.910","3.934","3.866","-0.96%"
"16-06-2025","3.931","3.918","3.956","3.899","0.66%"
"13-06-2025","3.906","3.828","3.943","3.812","0.84%"
"12-06-2025","3.873","3.907","3.913","3.835","-1.07%"
"11-06-2025","3.915","3.984","4.086","3.903","-2.06%"
"10-06-2025","3.997","3.989","3.999","3.956","0.44%"
"09-06-2025","3.980","4.010","4.017","3.970","-0.99%"
"06-06-2025","4.019","3.891","4.027","3.879","3.29%"
"05-06-2025","3.891","3.832","3.907","3.797","1.65%"
"04-06-2025","3.828","3.908","3.938","3.822","-2.39%"
"03-06-2025","3.922","3.901","3.938","3.874","0.55%"
"02-06-2025","3.900","3.868","3.915","3.857","1.11%"
"30-05-2025","3.858","3.908","3.915","3.853","-1.16%"
"29-05-2025","3.903","4.004","4.023","3.896","-1.39%"
"28-05-2025","3.958","3.931","3.977","3.924","0.76%"
"27-05-2025","3.928","3.958","3.962","3.917","-0.80%"
"26-05-2025","3.959","3.959","3.959","3.957","0.00%"
"23-05-2025","3.959","3.969","3.975","3.872","-0.15%"
"22-05-2025","3.965","4.016","4.019","3.964","-1.21%"
"21-05-2025","4.014","3.940","4.021","3.936","1.66%"
"20-05-2025","3.948","3.954","3.982","3.928","0.04%"
"19-05-2025","3.947","3.965","4.029","3.942","-0.53%"
"16-05-2025","3.967","3.952","3.996","3.902","0.74%"
"15-05-2025","3.938","4.051","4.228","3.938","-2.88%"
"14-05-2025","4.055","3.996","4.061","3.969","1.65%"
"13-05-2025","3.989","4.000","4.028","3.948","-0.40%"
"12-05-2025","4.005","3.913","4.011","3.900","3.31%"
"09-05-2025","3.877","3.860","3.884","3.813","0.36%"
"08-05-2025","3.863","3.754","3.886","3.746","3.16%"
"07-05-2025","3.744","3.783","3.799","3.726","-0.22%"
"06-05-2025","3.753","3.822","3.829","3.749","-1.74%"
"05-05-2025","3.819","3.796","3.841","3.775","0.32%"
"02-05-2025","3.807","3.674","3.832","3.671","3.47%"
"01-05-2025","3.680","3.612","3.710","3.546","2.20%"
"30-04-2025","3.601","3.636","3.674","3.577","-1.18%"
"29-04-2025","3.644","3.689","3.713","3.637","-0.84%"
"28-04-2025","3.674","3.752","3.776","3.670","-1.93%"
"25-04-2025","3.747","3.806","3.821","3.737","-1.22%"
"24-04-2025","3.793","3.866","3.866","3.787","-2.21%"
"23-04-2025","3.879","3.862","3.887","3.772","1.27%"
"22-04-2025","3.830","3.783","3.834","3.775","1.06%"
"21-04-2025","3.790","3.773","3.811","3.723","-0.24%"
"17-04-2025","3.799","3.785","3.828","3.757","0.61%"
"16-04-2025","3.776","3.839","3.913","3.771","-2.17%"
"15-04-2025","3.860","3.871","3.903","3.814","-0.43%"
"14-04-2025","3.877","3.977","3.994","3.849","-3.46%"
"11-04-2025","4.016","3.884","4.039","3.852","2.61%"
"10-04-2025","3.914","3.909","3.923","3.811","-0.53%"
"09-04-2025","3.935","3.761","4.053","3.725","4.60%"
"08-04-2025","3.761","3.754","3.864","3.701","-0.56%"
"07-04-2025","3.783","3.460","3.849","3.435","4.30%"
"04-04-2025","3.627","3.660","3.675","3.440","-0.90%"
"03-04-2025","3.660","3.732","3.792","3.647","-4.03%"
"02-04-2025","3.814","3.890","3.945","3.807","-1.05%"
"01-04-2025","3.854","3.879","3.884","3.822","-0.58%"
"31-03-2025","3.877","3.853","3.917","3.825","-0.55%"
"28-03-2025","3.898","3.993","4.003","3.890","-2.37%"
"27-03-2025","3.992","3.994","4.038","3.977","-0.56%"
"26-03-2025","4.015","4.001","4.024","3.989","0.57%"
"25-03-2025","3.992","4.012","4.038","3.973","-0.60%"
"24-03-2025","4.016","3.952","4.020","3.949","2.28%"
"21-03-2025","3.927","3.939","3.953","3.885","-0.37%"
"20-03-2025","3.941","3.948","3.970","3.892","-0.30%"
"19-03-2025","3.953","4.022","4.080","3.949","-1.52%"
"18-03-2025","4.014","4.027","4.047","3.997","-0.21%"
"17-03-2025","4.023","3.988","4.047","3.981","0.28%"
"14-03-2025","4.011","3.950","4.015","3.947","1.70%"
"13-03-2025","3.944","3.990","4.015","3.921","-1.02%"
"12-03-2025","3.985","3.947","4.009","3.913","0.80%"
"11-03-2025","3.953","3.874","3.956","3.832","1.50%"
"10-03-2025","3.894","3.965","3.998","3.884","-2.83%"
"07-03-2025","4.008","3.978","4.034","3.900","0.80%"
"06-03-2025","3.976","4.025","4.055","3.940","-0.87%"
"05-03-2025","4.011","3.973","4.019","3.895","0.79%"
"04-03-2025","3.980","3.917","3.989","3.827","1.19%"
"03-03-2025","3.933","4.008","4.024","3.917","-0.82%"
"28-02-2025","3.965","4.027","4.051","3.962","-1.62%"
"27-02-2025","4.031","4.056","4.098","4.029","-0.37%"
"26-02-2025","4.046","4.082","4.127","4.035","-1.02%"
"25-02-2025","4.087","4.172","4.173","4.065","-2.04%"
"24-02-2025","4.173","4.226","4.231","4.165","-0.81%"
"21-02-2025","4.207","4.281","4.282","4.189","-1.62%"
"20-02-2025","4.276","4.289","4.291","4.258","-0.26%"
"19-02-2025","4.287","4.330","4.336","4.285","-0.91%"
"18-02-2025","4.326","4.271","4.333","4.271","1.32%"
"14-02-2025","4.270","4.334","4.334","4.248","-1.37%"
"13-02-2025","4.329","4.386","4.393","4.314","-1.32%"
"12-02-2025","4.387","4.306","4.415","4.288","1.76%"
"11-02-2025","4.311","4.309","4.331","4.301","0.27%"
"10-02-2025","4.300","4.308","4.322","4.272","-0.32%"
"07-02-2025","4.314","4.232","4.318","4.229","1.93%"
"06-02-2025","4.232","4.211","4.242","4.199","0.64%"
"05-02-2025","4.205","4.261","4.265","4.178","-1.06%"
"04-02-2025","4.250","4.299","4.318","4.245","-0.83%"
"03-02-2025","4.286","4.305","4.311","4.226","0.99%"
"31-01-2025","4.244","4.254","4.282","4.228","-0.15%"
"30-01-2025","4.250","4.259","4.265","4.220","-0.14%"
"29-01-2025","4.256","4.240","4.311","4.227","0.38%"
"28-01-2025","4.240","4.258","4.283","4.240","-0.07%"
"27-01-2025","4.242","4.315","4.319","4.211","-1.80%"
"24-01-2025","4.320","4.344","4.367","4.298","-0.67%"
"23-01-2025","4.349","4.351","4.374","4.337","-0.05%"
"22-01-2025","4.351","4.330","4.357","4.310","0.75%"
"21-01-2025","4.319","4.281","4.343","4.267","-0.60%"
"17-01-2025","4.345","4.306","4.351","4.279","1.12%"
"16-01-2025","4.297","4.341","4.398","4.289","-1.00%"
"15-01-2025","4.340","4.475","4.478","4.334","-2.99%"
"14-01-2025","4.474","4.468","4.499","4.451","-0.33%"
"13-01-2025","4.489","4.500","4.509","4.472","0.41%"
"10-01-2025","4.471","4.328","4.486","4.328","3.05%"
"09-01-2025","4.338","4.351","4.354","4.320","-0.29%"
"08-01-2025","4.351","4.364","4.388","4.334","-0.13%"
"07-01-2025","4.357","4.343","4.386","4.316","0.99%"
"06-01-2025","4.314","4.335","4.347","4.286","-0.19%"
"03-01-2025","4.322","4.271","4.325","4.260","1.02%"
"02-01-2025","4.279","4.273","4.304","4.231","0.24%"
"31-12-2024","4.268","4.267","4.293","4.244","-0.02%"
"30-12-2024","4.269","4.366","4.366","4.269","-2.30%"
"27-12-2024","4.370","4.355","4.372","4.329","0.35%"
"26-12-2024","4.355","4.371","4.403","4.350","-0.17%"
"24-12-2024","4.362","4.355","4.398","4.352","0.08%"
"23-12-2024","4.359","4.314","4.369","4.314","0.84%"
"20-12-2024","4.322","4.335","4.337","4.258","-0.33%"
"19-12-2024","4.337","4.355","4.358","4.308","-0.45%"
"18-12-2024","4.356","4.223","4.366","4.192","3.13%"
"17-12-2024","4.224","4.226","4.272","4.210","-0.14%"
"16-12-2024","4.230","4.210","4.234","4.190","0.25%"
"13-12-2024","4.219","4.164","4.226","4.154","1.20%"
"12-12-2024","4.169","4.119","4.172","4.099","1.11%"
"11-12-2024","4.124","4.101","4.130","4.054","0.38%"
"10-12-2024","4.108","4.085","4.133","4.073","0.43%"
"09-12-2024","4.091","4.056","4.094","4.051","0.81%"
"06-12-2024","4.058","4.104","4.133","4.031","-1.01%"
"05-12-2024","4.099","4.100","4.140","4.094","0.22%"
"04-12-2024","4.090","4.144","4.180","4.076","-1.25%"
"03-12-2024","4.142","4.127","4.146","4.097","0.26%"
"02-12-2024","4.131","4.124","4.218","4.113","0.93%"
"29-11-2024","4.093","4.170","4.170","4.092","-1.85%"
"27-11-2024","4.170","4.212","4.214","4.144","-0.77%"
"26-11-2024","4.203","4.225","4.304","4.192","-0.07%"
"25-11-2024","4.206","4.274","4.296","4.201","-2.62%"
"22-11-2024","4.319","4.295","4.492","4.263","0.52%"
"21-11-2024","4.297","4.264","4.310","4.236","0.57%"
"20-11-2024","4.273","4.243","4.275","4.227","0.73%"
"19-11-2024","4.241","4.248","4.251","4.170","-0.15%"
"18-11-2024","4.248","4.274","4.306","4.244","-0.69%"
"15-11-2024","4.277","4.319","4.356","4.236","-1.00%"
"14-11-2024","4.321","4.275","4.333","4.220","1.32%"
"13-11-2024","4.264","4.310","4.333","4.208","-0.90%"
"12-11-2024","4.303","4.241","4.327","4.224","2.54%"
"08-11-2024","4.196","4.167","4.213","4.119","1.10%"
"07-11-2024","4.151","4.237","4.253","4.143","-1.87%"
"06-11-2024","4.230","4.133","4.289","4.132","2.16%"
"05-11-2024","4.140","4.001","4.210","3.999","0.07%"
"04-11-2024","4.138","4.133","4.162","4.098","-1.16%"
"01-11-2024","4.186","4.143","4.222","4.032","1.33%"
"31-10-2024","4.131","4.147","4.200","4.113","-0.20%"
"30-10-2024","4.140","4.054","4.152","4.026","1.61%"
"29-10-2024","4.074","4.081","4.139","4.054","-0.34%"
"28-10-2024","4.088","4.074","4.108","4.038","1.24%"
"25-10-2024","4.038","4.011","4.058","3.975","0.77%"
"24-10-2024","4.007","4.038","4.038","3.976","-0.72%"
"23-10-2024","4.036","3.981","4.041","3.980","1.41%"
"22-10-2024","3.980","3.953","3.994","3.939","0.53%"
"21-10-2024","3.959","3.875","3.962","3.861","2.54%"
"18-10-2024","3.861","3.890","3.903","3.855","-0.83%"
"17-10-2024","3.893","3.850","3.920","3.847","1.12%"
"16-10-2024","3.850","3.860","3.865","3.828","-0.25%"
"15-10-2024","3.860","3.889","3.896","3.843","-0.82%"
"14-10-2024","3.892","3.888","3.892","3.888","0.50%"
"11-10-2024","3.872","3.879","3.910","3.851","-0.04%"
"10-10-2024","3.874","3.931","4.013","3.869","-1.42%"
"09-10-2024","3.929","3.871","3.935","3.851","1.60%"
"08-10-2024","3.868","3.880","3.908","3.846","-0.69%"
"07-10-2024","3.894","3.858","3.930","3.842","1.58%"
"04-10-2024","3.834","3.615","3.844","3.605","5.91%"
"03-10-2024","3.620","3.559","3.630","3.550","2.04%"
"02-10-2024","3.547","3.514","3.574","3.504","0.96%"
"01-10-2024","3.514","3.549","3.557","3.477","-1.11%"
"30-09-2024","3.553","3.488","3.580","3.478","2.19%"
"27-09-2024","3.477","3.541","3.563","3.475","-1.97%"
"26-09-2024","3.547","3.491","3.552","3.458","1.53%"
"25-09-2024","3.493","3.439","3.496","3.439","1.51%"
"24-09-2024","3.442","3.477","3.524","3.439","-1.20%"
"23-09-2024","3.484","3.465","3.525","3.458","0.04%"
"20-09-2024","3.482","3.471","3.532","3.451","0.25%"
"19-09-2024","3.473","3.501","3.535","3.460","-0.75%"
"18-09-2024","3.500","3.461","3.519","3.412","1.00%"
"17-09-2024","3.465","3.418","3.475","3.404","1.42%"
"16-09-2024","3.417","3.408","3.443","3.394","-0.80%"
"13-09-2024","3.444","3.445","3.458","3.418","-1.19%"
"12-09-2024","3.486","3.468","3.523","3.439","0.44%"
"11-09-2024","3.470","3.422","3.515","3.385","0.32%"
"10-09-2024","3.459","3.538","3.564","3.455","-2.16%"
"09-09-2024","3.536","3.543","3.589","3.524","0.08%"
"06-09-2024","3.533","3.614","3.683","3.478","-2.27%"
"05-09-2024","3.615","3.659","3.659","3.581","-0.47%"
"04-09-2024","3.632","3.731","3.735","3.624","-2.47%"
"03-09-2024","3.724","3.799","3.806","3.710","-1.93%"
"02-09-2024","3.797","3.795","3.797","3.795","0.41%"
"30-08-2024","3.782","3.754","3.822","3.748","0.71%"
"29-08-2024","3.755","3.721","3.776","3.707","0.75%"
"28-08-2024","3.727","3.716","3.737","3.706","0.23%"
"27-08-2024","3.719","3.741","3.775","3.713","-0.79%"
"26-08-2024","3.748","3.710","3.750","3.691","0.79%"
"23-08-2024","3.719","3.803","3.824","3.717","-2.61%"
"22-08-2024","3.818","3.751","3.832","3.733","2.06%"
"21-08-2024","3.741","3.785","3.810","3.701","-1.44%"
"20-08-2024","3.796","3.866","3.877","3.790","-1.91%"
"19-08-2024","3.870","3.889","3.891","3.838","0.33%"
"16-08-2024","3.857","3.910","3.912","3.831","-1.25%"
"15-08-2024","3.906","3.765","3.919","3.754","3.70%"
"14-08-2024","3.767","3.757","3.838","3.726","0.33%"
"13-08-2024","3.754","3.825","3.846","3.751","-2.03%"
"12-08-2024","3.832","3.875","3.907","3.818","-1.08%"
"09-08-2024","3.874","3.874","3.884","3.833","-0.04%"
"08-08-2024","3.875","3.778","3.917","3.749","1.50%"
"07-08-2024","3.818","3.785","3.868","3.772","-0.22%"
"06-08-2024","3.827","3.796","3.848","3.745","2.66%"
"05-08-2024","3.728","3.697","3.774","3.510","0.66%"
"02-08-2024","3.703","3.961","3.981","3.665","-6.65%"
"01-08-2024","3.967","4.084","4.101","3.953","-2.30%"
"31-07-2024","4.060","4.180","4.222","4.057","-2.71%"
"30-07-2024","4.173","4.217","4.221","4.157","-0.91%"
"29-07-2024","4.211","4.203","4.216","4.168","0.20%"
"26-07-2024","4.203","4.247","4.277","4.190","-1.17%"
"25-07-2024","4.253","4.250","4.271","4.167","-0.20%"
"24-07-2024","4.261","4.277","4.280","4.198","-0.37%"
"23-07-2024","4.277","4.294","4.300","4.256","-0.40%"
"22-07-2024","4.294","4.277","4.320","4.269","0.06%"
"19-07-2024","4.292","4.230","4.292","4.224","1.25%"
"18-07-2024","4.239","4.207","4.244","4.195","0.83%"
"17-07-2024","4.204","4.198","4.247","4.195","0.23%"
"16-07-2024","4.194","4.228","4.249","4.179","-1.06%"
"15-07-2024","4.239","4.239","4.263","4.201","0.19%"
"12-07-2024","4.231","4.288","4.322","4.222","-1.24%"
"11-07-2024","4.284","4.391","4.411","4.246","-2.43%"
"10-07-2024","4.391","4.391","4.409","4.372","-0.44%"
"09-07-2024","4.410","4.413","4.442","4.402","-0.13%"
"08-07-2024","4.416","4.406","4.430","4.396","0.42%"
"05-07-2024","4.398","4.503","4.528","4.385","-2.36%"
"04-07-2024","4.504","4.508","4.508","4.503","0.26%"
"03-07-2024","4.492","4.548","4.578","4.460","-1.45%"
"02-07-2024","4.558","4.574","4.578","4.523","-0.44%"
"01-07-2024","4.578","4.553","4.607","4.529","0.72%"
"28-06-2024","4.546","4.492","4.557","4.443","1.13%"
"27-06-2024","4.495","4.535","4.548","4.479","-0.88%"
"26-06-2024","4.535","4.473","4.535","4.470","1.39%"
"25-06-2024","4.473","4.456","4.484","4.442","0.47%"
"24-06-2024","4.452","4.466","4.483","4.446","-0.32%"
"21-06-2024","4.466","4.473","4.482","4.422","-0.11%"
"20-06-2024","4.471","4.458","4.493","4.440","0.31%"
"19-06-2024","4.457","4.454","4.457","4.454","0.35%"
"18-06-2024","4.441","4.494","4.524","4.419","-1.41%"
"17-06-2024","4.505","4.460","4.506","4.438","1.42%"
"14-06-2024","4.442","4.443","4.471","4.394","0.06%"
"13-06-2024","4.439","4.487","4.515","4.400","-1.40%"
"12-06-2024","4.502","4.602","4.605","4.419","-1.99%"
"11-06-2024","4.594","4.652","4.652","4.585","-1.79%"
"10-06-2024","4.678","4.681","4.688","4.661","0.22%"
"07-06-2024","4.668","4.509","4.672","4.506","3.58%"
"06-06-2024","4.506","4.510","4.536","4.495","0.10%"
"05-06-2024","4.502","4.556","4.584","4.501","-1.16%"
"04-06-2024","4.555","4.611","4.630","4.535","-1.21%"
"03-06-2024","4.611","4.675","4.691","4.608","-1.53%"
"31-05-2024","4.683","4.737","4.769","4.671","-1.20%"
"30-05-2024","4.740","4.801","4.806","4.731","-1.14%"
"29-05-2024","4.794","4.761","4.820","4.753","0.70%"
"28-05-2024","4.761","4.705","4.765","4.676","1.16%"
"27-05-2024","4.706","4.709","4.709","4.706","-0.27%"
"24-05-2024","4.719","4.710","4.742","4.697","0.01%"
"23-05-2024","4.719","4.650","4.739","4.633","1.44%"
"22-05-2024","4.652","4.607","4.659","4.602","1.02%"
"21-05-2024","4.605","4.630","4.633","4.595","-0.67%"
"20-05-2024","4.636","4.604","4.636","4.593","0.56%"
"17-05-2024","4.610","4.562","4.613","4.551","0.87%"
"16-05-2024","4.570","4.506","4.579","4.480","1.44%"
"15-05-2024","4.506","4.621","4.624","4.497","-2.44%"
"14-05-2024","4.618","4.658","4.709","4.613","-1.09%"
"13-05-2024","4.669","4.669","4.669","4.627","-0.06%"
"10-05-2024","4.672","4.630","4.678","4.613","1.04%"
"09-05-2024","4.624","4.655","4.678","4.610","-0.67%"
"08-05-2024","4.655","4.633","4.661","4.630","0.20%"
"07-05-2024","4.646","4.657","4.657","4.611","-0.06%"
"06-05-2024","4.648","4.622","4.654","4.611","0.25%"
"03-05-2024","4.637","4.718","4.778","4.548","-1.82%"
"02-05-2024","4.723","4.812","4.818","4.717","-1.97%"
"01-05-2024","4.818","4.875","4.890","4.760","-1.24%"
"30-04-2024","4.878","4.806","4.887","4.797","1.38%"
"29-04-2024","4.812","4.834","4.837","4.797","-0.47%"
"26-04-2024","4.834","4.859","4.875","4.808","-0.46%"
"25-04-2024","4.857","4.787","4.891","4.750","1.44%"
"24-04-2024","4.787","4.767","4.816","4.764","0.30%"
"23-04-2024","4.773","4.804","4.839","4.744","-0.59%"
"22-04-2024","4.801","4.830","4.853","4.784","-0.47%"
"19-04-2024","4.824","4.815","4.830","4.692","-0.05%"
"18-04-2024","4.826","4.769","4.835","4.738","1.20%"
"17-04-2024","4.769","4.843","4.857","4.749","-1.52%"
"16-04-2024","4.843","4.774","4.866","4.757","1.56%"
"15-04-2024","4.769","4.732","4.851","4.717","0.90%"
"12-04-2024","4.726","4.791","4.791","4.692","-1.42%"
"11-04-2024","4.794","4.794","4.842","4.749","-0.18%"
"10-04-2024","4.802","4.551","4.814","4.523","5.32%"
"09-04-2024","4.560","4.609","4.615","4.540","-1.00%"
"08-04-2024","4.606","4.571","4.617","4.571","0.96%"
"05-04-2024","4.562","4.464","4.597","4.452","2.40%"
"04-04-2024","4.455","4.484","4.518","4.444","-0.76%"
"03-04-2024","4.490","4.509","4.567","4.487","-0.44%"
"02-04-2024","4.509","4.501","4.555","4.492","-0.12%"
"01-04-2024","4.515","4.392","4.529","4.386","2.21%"
"28-03-2024","4.417","4.389","4.429","4.383","1.31%"
"27-03-2024","4.360","4.391","4.400","4.349","-0.65%"
"26-03-2024","4.389","4.391","4.423","4.374","-0.13%"
"25-03-2024","4.394","4.354","4.411","4.349","0.85%"
"22-03-2024","4.357","4.408","4.414","4.354","-1.41%"
"21-03-2024","4.419","4.382","4.428","4.337","0.52%"
"20-03-2024","4.397","4.464","4.476","4.388","-1.64%"
"19-03-2024","4.470","4.524","4.527","4.467","-1.19%"
"18-03-2024","4.524","4.512","4.541","4.490","0.32%"
"15-03-2024","4.509","4.466","4.518","4.453","1.02%"
"14-03-2024","4.464","4.385","4.472","4.373","1.80%"
"13-03-2024","4.385","4.328","4.388","4.326","1.23%"
"12-03-2024","4.331","4.272","4.390","4.253","0.69%"
"11-03-2024","4.302","4.261","4.308","4.241","1.22%"
"08-03-2024","4.250","4.284","4.339","4.190","-0.60%"
"07-03-2024","4.276","4.330","4.350","4.276","-1.32%"
"06-03-2024","4.333","4.335","4.353","4.281","-0.26%"
"05-03-2024","4.344","4.387","4.395","4.304","-1.04%"
"04-03-2024","4.390","4.338","4.398","4.338","1.39%"
"01-03-2024","4.329","4.423","4.455","4.312","-2.06%"
"29-02-2024","4.420","4.443","4.546","4.400","-0.32%"
"28-02-2024","4.434","4.489","4.491","4.434","-1.21%"
"27-02-2024","4.489","4.491","4.511","4.454","-0.06%"
"26-02-2024","4.491","4.462","4.511","4.423","0.84%"
"23-02-2024","4.454","4.580","4.580","4.439","-0.74%"
"22-02-2024","4.487","4.444","4.501","4.419","1.03%"
"21-02-2024","4.441","4.396","4.450","4.359","1.10%"
"20-02-2024","4.393","4.438","4.444","4.353","-1.02%"
"19-02-2024","4.438","4.441","4.441","4.438","0.45%"
"16-02-2024","4.418","4.367","4.498","4.364","1.31%"
"15-02-2024","4.361","4.380","4.381","4.299","-0.51%"
"14-02-2024","4.383","4.477","4.479","4.361","-2.14%"
"13-02-2024","4.479","4.265","4.482","4.240","5.09%"
"12-02-2024","4.262","4.282","4.290","4.237","-0.20%"
"09-02-2024","4.271","4.243","4.293","4.215","0.53%"
"08-02-2024","4.248","4.201","4.251","4.184","1.13%"
"07-02-2024","4.201","4.181","4.206","4.136","0.38%"
"06-02-2024","4.185","4.248","4.274","4.170","-1.88%"
"05-02-2024","4.265","4.182","4.276","4.179","2.83%"
"02-02-2024","4.147","3.974","4.185","3.968","4.14%"
"01-02-2024","3.982","4.011","4.036","3.906","-0.98%"
"31-01-2024","4.022","4.124","4.124","4.022","-2.48%"
"30-01-2024","4.124","4.113","4.175","4.082","0.28%"
"29-01-2024","4.113","4.144","4.152","4.093","-0.89%"
"26-01-2024","4.149","4.093","4.172","4.081","1.11%"
"25-01-2024","4.104","4.197","4.200","4.101","-2.16%"
"24-01-2024","4.194","4.146","4.265","4.098","1.16%"
"23-01-2024","4.146","4.152","4.180","4.132","-0.07%"
"22-01-2024","4.149","4.180","4.183","4.123","-0.41%"
"19-01-2024","4.166","4.151","4.205","4.132","0.62%"
"18-01-2024","4.140","4.134","4.160","4.090","0.00%"
"17-01-2024","4.140","4.014","4.151","3.992","3.21%"
"16-01-2024","4.011","3.972","4.048","3.947","1.05%"
"15-01-2024","3.969","3.969","3.969","3.969","0.99%"
"12-01-2024","3.930","4.003","4.045","3.902","-1.95%"
"11-01-2024","4.008","4.103","4.146","4.000","-2.45%"
"10-01-2024","4.109","4.106","4.123","4.070","-0.60%"
"09-01-2024","4.134","4.137","4.165","4.120","-0.14%"
"08-01-2024","4.140","4.168","4.191","4.071","-0.89%"
"05-01-2024","4.177","4.146","4.268","4.086","0.53%"
"04-01-2024","4.155","4.082","4.161","4.056","1.66%"
"03-01-2024","4.087","4.093","4.155","4.067","-0.15%"
"02-01-2024","4.093","4.068","4.119","4.011","2.25%"
"01-01-2024","4.003","4.003","4.003","4.003","0.00%"
"29-12-2023","4.003","4.024","4.065","4.000","-0.59%"
"28-12-2023","4.027","3.994","4.041","3.994","1.19%"
"27-12-2023","3.980","4.070","4.070","3.977","-2.14%"
"26-12-2023","4.067","4.053","4.081","4.039","0.41%"
"25-12-2023","4.050","4.050","4.050","4.050","0.14%"
"22-12-2023","4.045","4.055","4.081","4.025","-0.45%"
"21-12-2023","4.063","4.058","4.094","4.004","0.34%"
"20-12-2023","4.049","4.139","4.142","4.041","-2.37%"
"19-12-2023","4.147","4.139","4.164","4.114","0.00%"
"18-12-2023","4.148","4.125","4.161","4.089","0.54%"
"15-12-2023","4.125","4.104","4.181","4.061","0.80%"
"14-12-2023","4.093","4.140","4.146","4.007","-1.41%"
"13-12-2023","4.151","4.431","4.440","4.140","-6.38%"
"12-12-2023","4.434","4.442","4.457","4.355","-0.64%"
"11-12-2023","4.463","4.469","4.520","4.460","0.06%"
"08-12-2023","4.460","4.341","4.486","4.341","2.82%"
"07-12-2023","4.338","4.324","4.386","4.304","0.26%"
"06-12-2023","4.327","4.335","4.381","4.318","-0.07%"
"05-12-2023","4.330","4.396","4.415","4.319","-1.49%"
"04-12-2023","4.396","4.339","4.433","4.339","1.97%"
"01-12-2023","4.311","4.431","4.476","4.296","-3.20%"
"30-11-2023","4.453","4.408","4.496","4.382","1.22%"
"29-11-2023","4.400","4.473","4.485","4.368","-1.96%"
"28-11-2023","4.488","4.616","4.639","4.479","-2.48%"
"27-11-2023","4.602","4.684","4.710","4.596","-1.46%"
"24-11-2023","4.670","4.659","4.681","4.647","0.24%"
"23-11-2023","4.659","4.653","4.659","4.653","0.92%"
"22-11-2023","4.616","4.591","4.659","4.556","0.30%"
"21-11-2023","4.602","4.628","4.639","4.579","-0.73%"
"20-11-2023","4.636","4.636","4.667","4.613","0.24%"
"17-11-2023","4.625","4.583","4.656","4.534","0.67%"
"16-11-2023","4.594","4.667","4.670","4.574","-1.87%"
"15-11-2023","4.681","4.600","4.701","4.580","1.84%"
"14-11-2023","4.597","4.817","4.826","4.563","-4.35%"
"13-11-2023","4.806","4.840","4.866","4.792","-0.70%"
"10-11-2023","4.840","4.800","4.843","4.738","0.95%"
"09-11-2023","4.795","4.681","4.809","4.667","2.48%"
"08-11-2023","4.679","4.679","4.721","4.662","-0.19%"
"07-11-2023","4.687","4.725","4.742","4.661","-0.91%"
"06-11-2023","4.731","4.656","4.745","4.647","1.86%"
"03-11-2023","4.644","4.785","4.811","4.592","-3.06%"
"02-11-2023","4.791","4.736","4.794","4.699","0.73%"
"01-11-2023","4.756","4.920","4.926","4.750","-3.39%"
"31-10-2023","4.923","4.888","4.932","4.837","0.71%"
"30-10-2023","4.888","4.877","4.908","4.851","0.83%"
"27-10-2023","4.848","4.882","4.900","4.831","-0.70%"
"26-10-2023","4.882","4.971","5.003","4.865","-1.96%"
"25-10-2023","4.979","4.910","4.985","4.896","1.41%"
"24-10-2023","4.910","4.878","4.939","4.856","0.95%"
"23-10-2023","4.864","4.947","4.988","4.861","-0.99%"
"20-10-2023","4.913","5.018","5.024","4.898","-2.10%"
"19-10-2023","5.018","5.066","5.101","5.001","-0.56%"
"18-10-2023","5.046","5.017","5.061","4.966","0.63%"
"17-10-2023","5.015","4.877","5.037","4.869","2.87%"
"16-10-2023","4.874","4.849","4.877","4.769","1.18%"
"13-10-2023","4.817","4.849","4.849","4.769","-0.65%"
"12-10-2023","4.849","4.749","4.852","4.727","2.15%"
"11-10-2023","4.747","4.749","4.795","4.707","-0.15%"
"10-10-2023","4.754","4.716","4.809","4.710","0.80%"
"09-10-2023","4.716","4.722","4.722","4.716","-3.38%"
"06-10-2023","4.881","4.828","4.969","4.823","1.09%"
"05-10-2023","4.828","4.857","4.875","4.811","-0.71%"
"04-10-2023","4.863","4.950","5.005","4.848","-1.86%"
"03-10-2023","4.955","4.883","4.958","4.863","1.43%"
"02-10-2023","4.886","4.851","4.897","4.840","1.62%"
"29-09-2023","4.808","4.819","4.842","4.759","-0.29%"
"28-09-2023","4.822","4.888","4.934","4.819","-1.52%"
"27-09-2023","4.896","4.816","4.922","4.802","1.25%"
"26-09-2023","4.836","4.841","4.862","4.804","0.12%"
"25-09-2023","4.830","4.798","4.841","4.798","0.54%"
"22-09-2023","4.804","4.850","4.861","4.776","-1.05%"
"21-09-2023","4.855","4.864","4.907","4.832","0.06%"
"20-09-2023","4.852","4.786","4.864","4.730","1.43%"
"19-09-2023","4.784","4.727","4.798","4.718","1.14%"
"18-09-2023","4.730","4.727","4.735","4.718","0.12%"
"15-09-2023","4.724","4.684","4.735","4.670","0.79%"
"14-09-2023","4.687","4.636","4.704","4.617","0.85%"
"13-09-2023","4.648","4.704","4.780","4.628","-0.96%"
"12-09-2023","4.693","4.670","4.701","4.656","-0.35%"
"11-09-2023","4.709","4.715","4.729","4.689","0.25%"
"08-09-2023","4.697","4.673","4.703","4.627","0.57%"
"07-09-2023","4.670","4.737","4.754","4.662","-1.52%"
"06-09-2023","4.743","4.653","4.751","4.639","1.68%"
"05-09-2023","4.664","4.615","4.679","4.604","1.07%"
"04-09-2023","4.615","4.615","4.615","4.615","0.75%"
"01-09-2023","4.581","4.560","4.601","4.454","0.58%"
"31-08-2023","4.554","4.571","4.597","4.537","-0.25%"
"30-08-2023","4.565","4.603","4.626","4.531","-0.37%"
"29-08-2023","4.583","4.688","4.729","4.568","-2.56%"
"28-08-2023","4.703","4.757","4.766","4.691","-0.72%"
"25-08-2023","4.737","4.702","4.774","4.680","0.69%"
"24-08-2023","4.705","4.665","4.716","4.648","0.99%"
"23-08-2023","4.659","4.750","4.756","4.624","-2.16%"
"22-08-2023","4.761","4.730","4.764","4.690","0.92%"
"21-08-2023","4.718","4.650","4.724","4.641","1.54%"
"18-08-2023","4.647","4.649","4.664","4.607","-0.23%"
"17-08-2023","4.658","4.666","4.714","4.635","-0.24%"
"16-08-2023","4.669","4.649","4.692","4.589","0.37%"
"15-08-2023","4.652","4.657","4.722","4.586","-0.06%"
"14-08-2023","4.654","4.592","4.657","4.567","1.73%"
"11-08-2023","4.575","4.521","4.589","4.468","1.38%"
"10-08-2023","4.513","4.442","4.518","4.361","1.65%"
"09-08-2023","4.440","4.381","4.445","4.375","0.48%"
"08-08-2023","4.419","4.456","4.476","4.396","-1.03%"
"07-08-2023","4.464","4.470","4.542","4.442","0.32%"
"04-08-2023","4.450","4.571","4.706","4.445","-2.76%"
"03-08-2023","4.576","4.554","4.617","4.525","0.44%"
"02-08-2023","4.556","4.534","4.614","4.511","-0.25%"
"01-08-2023","4.568","4.528","4.585","4.499","0.88%"
"31-07-2023","4.528","4.531","4.568","4.488","0.00%"
"28-07-2023","4.528","4.593","4.611","4.488","-1.12%"
"27-07-2023","4.579","4.497","4.605","4.440","2.03%"
"26-07-2023","4.488","4.539","4.728","4.451","-0.94%"
"25-07-2023","4.531","4.514","4.565","4.488","0.19%"
"24-07-2023","4.522","4.454","4.522","4.406","1.72%"
"21-07-2023","4.446","4.443","4.466","4.420","-0.20%"
"20-07-2023","4.455","4.345","4.480","4.336","2.59%"
"19-07-2023","4.342","4.353","4.365","4.272","-0.13%"
"18-07-2023","4.348","4.339","4.356","4.247","0.19%"
"17-07-2023","4.339","4.357","5.046","4.309","-0.84%"
"14-07-2023","4.376","4.273","4.385","4.236","3.03%"
"13-07-2023","4.247","4.376","4.379","4.222","-3.13%"
"12-07-2023","4.385","4.534","4.537","4.362","-3.83%"
"11-07-2023","4.559","4.550","4.580","4.507","0.26%"
"10-07-2023","4.547","4.654","4.674","4.541","-2.54%"
"07-07-2023","4.666","4.679","4.867","4.587","-0.22%"
"06-07-2023","4.676","4.609","4.819","4.603","1.45%"
"05-07-2023","4.609","4.539","4.635","4.525","1.54%"
"04-07-2023","4.539","4.545","4.545","4.539","-0.82%"
"03-07-2023","4.577","4.547","4.586","4.470","0.97%"
"30-06-2023","4.533","4.486","4.559","4.461","0.98%"
"29-06-2023","4.489","4.334","4.518","4.332","3.70%"
"28-06-2023","4.329","4.386","4.400","4.323","-1.49%"
"27-06-2023","4.394","4.306","4.397","4.283","1.85%"
"26-06-2023","4.314","4.311","4.329","4.269","-0.33%"
"23-06-2023","4.328","4.362","4.391","4.269","-1.09%"
"22-06-2023","4.376","4.297","4.385","4.269","1.85%"
"21-06-2023","4.297","4.291","4.345","4.263","0.53%"
"20-06-2023","4.274","4.361","4.361","4.249","-1.94%"
"19-06-2023","4.359","4.398","4.398","4.359","0.98%"
"16-06-2023","4.316","4.246","4.412","4.246","1.67%"
"15-06-2023","4.246","4.304","4.395","4.223","-1.37%"
"14-06-2023","4.304","4.293","4.414","4.215","0.26%"
"13-06-2023","4.293","4.178","4.316","4.094","1.50%"
"12-06-2023","4.230","4.258","4.276","4.204","-0.26%"
"09-06-2023","4.241","4.167","4.264","4.167","1.70%"
"08-06-2023","4.170","4.210","4.257","4.130","-1.15%"
"07-06-2023","4.219","4.123","4.265","4.117","1.96%"
"06-06-2023","4.138","4.108","4.184","4.071","0.57%"
"05-06-2023","4.114","4.163","4.218","4.071","-0.89%"
"02-06-2023","4.151","3.993","4.350","3.979","4.12%"
"01-06-2023","3.987","4.038","4.104","3.956","-1.61%"
"31-05-2023","4.052","4.123","4.123","4.018","-1.59%"
"30-05-2023","4.117","4.252","4.257","4.100","-3.09%"
"29-05-2023","4.249","4.246","4.252","4.246","0.07%"
"26-05-2023","4.246","4.212","4.306","4.160","0.72%"
"25-05-2023","4.215","4.061","4.215","4.053","3.72%"
"24-05-2023","4.064","3.982","4.078","3.956","2.29%"
"23-05-2023","3.973","3.984","4.061","3.973","-0.35%"
"22-05-2023","3.987","3.936","4.012","3.902","0.65%"
"19-05-2023","3.961","3.921","4.018","3.871","0.95%"
"18-05-2023","3.924","3.815","3.944","3.792","2.80%"
"17-05-2023","3.817","3.747","3.829","3.717","1.87%"
"16-05-2023","3.747","3.681","3.775","3.622","2.05%"
"15-05-2023","3.672","3.664","3.700","3.639","0.38%"
"12-05-2023","3.658","3.553","3.672","3.542","2.80%"
"11-05-2023","3.559","3.578","3.600","3.470","-0.31%"
"10-05-2023","3.570","3.689","3.739","3.545","-4.07%"
"09-05-2023","3.721","3.718","3.769","3.681","0.15%"
"08-05-2023","3.715","3.656","3.727","3.639","2.18%"
"05-05-2023","3.636","3.515","3.752","3.509","3.51%"
"04-05-2023","3.513","3.502","3.662","3.379","-1.50%"
"03-05-2023","3.566","3.699","3.735","3.505","-3.65%"
"02-05-2023","3.701","3.854","3.868","3.657","-4.17%"
"01-05-2023","3.862","3.761","3.874","3.750","3.63%"
"28-04-2023","3.727","3.803","3.842","3.716","-2.29%"
"27-04-2023","3.814","3.682","3.840","3.668","3.27%"
"26-04-2023","3.694","3.682","3.730","3.612","1.46%"
"25-04-2023","3.641","3.780","3.797","3.604","-4.27%"
"24-04-2023","3.803","3.887","3.887","3.795","-2.10%"
"21-04-2023","3.884","3.865","3.904","3.806","0.59%"
"20-04-2023","3.862","3.954","3.963","3.851","-2.34%"
"19-04-2023","3.954","3.929","3.996","3.915","0.93%"
"18-04-2023","3.918","3.915","3.940","3.873","-0.28%"
"17-04-2023","3.929","3.856","3.931","3.825","2.56%"
"14-04-2023","3.831","3.711","3.864","3.683","3.30%"
"13-04-2023","3.708","3.686","3.728","3.628","0.38%"
"12-04-2023","3.694","3.775","3.820","3.628","-2.44%"
"11-04-2023","3.787","3.768","3.837","3.725","0.35%"
"10-04-2023","3.773","3.704","3.782","3.695","0.35%"
"07-04-2023","3.760","3.598","3.760","3.473","4.50%"
"06-04-2023","3.598","3.571","3.607","3.470","0.67%"
"05-04-2023","3.574","3.611","3.660","3.452","-0.64%"
"04-04-2023","3.597","3.720","3.798","3.589","-3.53%"
"03-04-2023","3.729","3.858","3.888","3.723","-1.85%"
"31-03-2023","3.799","3.893","3.944","3.791","-2.63%"
"30-03-2023","3.902","3.894","3.946","3.849","0.20%"
"29-03-2023","3.894","3.892","3.941","3.813","0.20%"
"28-03-2023","3.886","3.787","3.895","3.740","2.47%"
"27-03-2023","3.792","3.622","3.815","3.583","6.00%"
"24-03-2023","3.578","3.627","3.641","3.389","-1.06%"
"23-03-2023","3.616","3.744","3.784","3.564","-3.61%"
"22-03-2023","3.752","3.977","4.040","3.708","-5.98%"
"21-03-2023","3.991","3.817","3.999","3.764","4.78%"
"20-03-2023","3.809","3.815","3.881","3.507","2.12%"
"17-03-2023","3.730","3.999","4.071","3.675","-6.86%"
"16-03-2023","4.004","3.793","4.027","3.716","5.50%"
"15-03-2023","3.796","4.116","4.210","3.667","-7.41%"
"14-03-2023","4.100","3.912","4.275","3.728","5.47%"
"13-03-2023","3.887","4.300","4.319","3.810","-10.12%"
"10-03-2023","4.325","4.518","4.532","4.275","-4.93%"
"09-03-2023","4.549","4.732","4.738","4.543","-4.05%"
"08-03-2023","4.741","4.713","4.761","4.642","0.36%"
"07-03-2023","4.724","4.624","4.727","4.573","2.40%"
"06-03-2023","4.613","4.609","4.630","4.552","0.20%"
"03-03-2023","4.604","4.640","4.656","4.572","-0.65%"
"02-03-2023","4.634","4.602","4.680","4.594","0.70%"
"01-03-2023","4.602","4.547","4.625","4.524","1.60%"
"28-02-2023","4.529","4.506","4.561","4.495","0.52%"
"27-02-2023","4.506","4.526","4.578","4.486","-0.62%"
"24-02-2023","4.534","4.410","4.571","4.391","2.62%"
"23-02-2023","4.419","4.430","4.476","4.396","-0.38%"
"22-02-2023","4.435","4.449","4.455","4.384","-0.12%"
"21-02-2023","4.441","4.361","4.452","4.347","1.83%"
"20-02-2023","4.361","4.361","4.361","4.361","1.12%"
"17-02-2023","4.313","4.368","4.440","4.313","-0.63%"
"16-02-2023","4.340","4.357","4.394","4.295","-0.25%"
"15-02-2023","4.351","4.317","4.405","4.283","0.59%"
"14-02-2023","4.325","4.210","4.345","4.109","2.88%"
"13-02-2023","4.204","4.199","4.238","4.190","-0.13%"
"10-02-2023","4.210","4.162","4.213","4.145","1.42%"
"09-02-2023","4.151","4.087","4.182","4.064","1.72%"
"08-02-2023","4.081","4.112","4.131","4.053","-1.08%"
"07-02-2023","4.125","4.145","4.145","4.042","-0.48%"
"06-02-2023","4.145","4.005","4.165","3.999","4.92%"
"03-02-2023","3.951","3.767","3.977","3.750","4.73%"
"02-02-2023","3.773","3.784","3.798","3.697","-0.08%"
"01-02-2023","3.776","3.908","3.942","3.750","-3.19%"
"31-01-2023","3.900","3.954","3.965","3.872","-1.29%"
"30-01-2023","3.951","3.908","3.976","3.891","1.38%"
"27-01-2023","3.897","3.886","3.939","3.886","0.07%"
"26-01-2023","3.894","3.830","3.908","3.827","1.39%"
"25-01-2023","3.841","3.861","3.878","3.807","-0.44%"
"24-01-2023","3.858","3.886","3.920","3.852","-1.01%"
"23-01-2023","3.897","3.838","3.903","3.810","1.68%"
"20-01-2023","3.833","3.772","3.864","3.772","1.62%"
"19-01-2023","3.772","3.730","3.788","3.680","1.12%"
"18-01-2023","3.730","3.872","3.889","3.716","-3.81%"
"17-01-2023","3.878","3.908","3.939","3.841","-0.64%"
"16-01-2023","3.903","3.906","3.906","3.903","0.36%"
"13-01-2023","3.889","3.811","3.906","3.775","2.05%"
"12-01-2023","3.811","3.922","4.006","3.780","-2.77%"
"11-01-2023","3.920","3.967","3.967","3.911","-1.57%"
"10-01-2023","3.982","3.954","4.033","3.939","0.87%"
"09-01-2023","3.948","3.988","4.025","3.922","-0.93%"
"06-01-2023","3.985","4.210","4.277","3.974","-5.35%"
"05-01-2023","4.210","4.124","4.262","4.122","2.43%"
"04-01-2023","4.110","4.159","4.161","4.076","-1.09%"
"03-01-2023","4.156","4.238","4.238","4.116","-1.62%"
"02-01-2023","4.224","4.224","4.224","4.224","-0.07%"
"30-12-2022","4.227","4.169","4.250","4.167","1.45%"
"29-12-2022","4.167","4.169","4.195","4.155","-0.34%"
"28-12-2022","4.181","4.172","4.192","4.147","0.28%"
"27-12-2022","4.169","4.093","4.209","4.087","1.94%"
"26-12-2022","4.090","4.093","4.093","4.090","-0.07%"
"23-12-2022","4.093","4.039","4.101","4.025","1.26%"
"22-12-2022","4.042","3.997","4.042","3.960","1.06%"
"21-12-2022","4.000","4.031","4.042","3.952","-0.70%"
"20-12-2022","4.028","4.005","4.070","3.989","0.63%"
"19-12-2022","4.003","3.941","4.011","3.908","2.43%"
"16-12-2022","3.908","3.961","4.025","3.882","-1.00%"
"15-12-2022","3.947","3.936","3.992","3.908","0.85%"
"14-12-2022","3.914","3.944","4.045","3.880","-0.71%"
"13-12-2022","3.941","4.098","4.126","3.858","-4.68%"
"12-12-2022","4.135","4.110","4.163","4.055","0.89%"
"09-12-2022","4.098","4.057","4.107","3.996","1.09%"
"08-12-2022","4.054","4.004","4.071","4.001","1.47%"
"07-12-2022","3.995","4.112","4.120","3.973","-2.63%"
"06-12-2022","4.103","4.123","4.146","4.078","-0.56%"
"05-12-2022","4.126","4.022","4.146","4.016","3.24%"
"02-12-2022","3.997","3.976","4.132","3.896","0.74%"
"01-12-2022","3.967","4.061","4.105","3.964","-2.43%"
"30-11-2022","4.066","4.244","4.314","4.049","-4.25%"
"29-11-2022","4.247","4.210","4.264","4.165","1.00%"
"28-11-2022","4.205","4.214","4.247","4.171","-0.28%"
"25-11-2022","4.216","4.181","4.284","4.172","0.85%"
"24-11-2022","4.181","4.181","4.181","4.181","-0.93%"
"23-11-2022","4.220","4.313","4.364","4.220","-1.59%"
"22-11-2022","4.288","4.316","4.316","4.263","-0.78%"
"21-11-2022","4.322","4.280","4.330","4.243","0.58%"
"18-11-2022","4.297","4.233","4.305","4.204","1.77%"
"17-11-2022","4.222","4.141","4.255","4.122","1.88%"
"16-11-2022","4.144","4.136","4.214","4.111","0.06%"
"15-11-2022","4.142","4.242","4.245","4.131","-2.18%"
"14-11-2022","4.234","4.253","4.284","4.217","1.33%"
"10-11-2022","4.178","4.486","4.534","4.164","-6.92%"
"09-11-2022","4.489","4.576","4.601","4.469","-1.68%"
"08-11-2022","4.565","4.652","4.667","4.563","-1.86%"
"07-11-2022","4.652","4.606","4.655","4.594","1.33%"
"04-11-2022","4.591","4.654","4.733","4.571","-1.22%"
"03-11-2022","4.648","4.573","4.694","4.504","1.97%"
"02-11-2022","4.558","4.492","4.576","4.378","1.22%"
"01-11-2022","4.503","4.446","4.509","4.332","1.42%"
"31-10-2022","4.440","4.394","4.483","4.392","1.70%"
"28-10-2022","4.366","4.255","4.406","4.233","2.74%"
"27-10-2022","4.249","4.391","4.443","4.230","-3.11%"
"26-10-2022","4.386","4.457","4.479","4.369","-1.59%"
"25-10-2022","4.457","4.508","4.514","4.380","-1.63%"
"24-10-2022","4.531","4.499","4.562","4.428","0.26%"
"21-10-2022","4.519","4.641","4.682","4.471","-2.87%"
"20-10-2022","4.652","4.575","4.664","4.547","1.81%"
"19-10-2022","4.569","4.439","4.572","4.433","3.14%"
"18-10-2022","4.430","4.430","4.467","4.385","-0.25%"
"17-10-2022","4.441","4.484","4.492","4.377","-1.32%"
"14-10-2022","4.501","4.467","4.523","4.365","1.14%"
"13-10-2022","4.450","4.317","4.555","4.261","3.14%"
"12-10-2022","4.314","4.345","4.371","4.286","-0.80%"
"11-10-2022","4.350","4.352","4.402","4.294","-0.05%"
"10-10-2022","4.352","4.349","4.352","4.349","0.07%"
"07-10-2022","4.349","4.273","4.375","4.265","1.76%"
"06-10-2022","4.273","4.166","4.276","4.149","2.58%"
"05-10-2022","4.166","4.091","4.229","4.071","1.56%"
"04-10-2022","4.102","4.082","4.119","3.996","-0.27%"
"03-10-2022","4.113","4.262","4.262","4.019","-4.01%"
"30-09-2022","4.285","4.223","4.300","4.144","1.68%"
"29-09-2022","4.214","4.185","4.283","4.165","1.39%"
"28-09-2022","4.156","4.365","4.420","4.111","-4.97%"
"27-09-2022","4.374","4.399","4.423","4.262","-1.03%"
"26-09-2022","4.419","4.278","4.422","4.247","4.64%"
"23-09-2022","4.223","4.180","4.289","4.118","2.18%"
"22-09-2022","4.133","4.030","4.162","4.014","3.05%"
"21-09-2022","4.011","3.928","4.093","3.886","1.73%"
"20-09-2022","3.942","3.903","3.959","3.883","1.02%"
"19-09-2022","3.903","3.818","3.920","3.818","1.84%"
"16-09-2022","3.832","3.854","3.902","3.804","-0.42%"
"15-09-2022","3.848","3.797","3.879","3.781","1.56%"
"14-09-2022","3.789","3.775","3.839","3.736","0.97%"
"13-09-2022","3.753","3.644","3.789","3.530","3.87%"
"12-09-2022","3.613","3.604","3.625","3.553","0.33%"
"09-09-2022","3.601","3.566","3.616","3.504","0.91%"
"08-09-2022","3.569","3.494","3.574","3.441","2.29%"
"07-09-2022","3.489","3.576","3.591","3.483","-2.38%"
"06-09-2022","3.574","3.477","3.585","3.463","2.79%"
"05-09-2022","3.477","3.485","3.485","3.477","1.16%"
"02-09-2022","3.437","3.543","3.552","3.409","-3.16%"
"01-09-2022","3.549","3.520","3.595","3.484","0.89%"
"31-08-2022","3.518","3.464","3.520","3.439","1.39%"
"30-08-2022","3.469","3.438","3.512","3.402","0.58%"
"29-08-2022","3.449","3.441","3.494","3.418","2.00%"
"26-08-2022","3.382","3.375","3.438","3.337","0.35%"
"25-08-2022","3.370","3.398","3.406","3.348","-0.98%"
"24-08-2022","3.403","3.342","3.412","3.303","1.68%"
"23-08-2022","3.347","3.353","3.392","3.269","-0.24%"
"22-08-2022","3.355","3.288","3.389","3.258","2.64%"
"19-08-2022","3.269","3.224","3.311","3.224","1.12%"
"18-08-2022","3.233","3.277","3.316","3.200","-1.43%"
"17-08-2022","3.280","3.219","3.324","3.202","2.16%"
"16-08-2022","3.210","3.106","3.216","3.100","2.82%"
"15-08-2022","3.122","3.191","3.213","3.103","-2.07%"
"12-08-2022","3.188","3.174","3.205","3.117","0.43%"
"11-08-2022","3.174","3.147","3.243","3.065","0.70%"
"10-08-2022","3.152","3.183","3.373","3.037","-1.64%"
"09-08-2022","3.205","3.134","3.225","3.120","2.16%"
"08-08-2022","3.137","3.191","3.210","3.123","-1.06%"
"05-08-2022","3.171","2.969","3.205","2.966","6.31%"
"04-08-2022","2.983","3.033","3.067","2.944","-0.93%"
"03-08-2022","3.011","3.016","3.156","2.961","-0.09%"
"02-08-2022","3.014","2.789","3.042","2.733","7.22%"
"01-08-2022","2.811","2.839","2.855","2.797","0.00%"
"29-07-2022","2.811","2.814","2.888","2.764","0.08%"
"28-07-2022","2.809","2.933","2.986","2.756","-4.51%"
"27-07-2022","2.941","3.003","3.097","2.900","-2.21%"
"26-07-2022","3.008","2.972","3.011","2.908","1.30%"
"25-07-2022","2.969","2.964","2.994","2.931","1.61%"
"22-07-2022","2.922","3.069","3.108","2.870","-4.69%"
"21-07-2022","3.066","3.227","3.269","3.047","-5.14%"
"20-07-2022","3.232","3.243","3.255","3.152","-0.25%"
"19-07-2022","3.240","3.177","3.243","3.141","2.01%"
"18-07-2022","3.177","3.132","3.207","3.121","1.42%"
"15-07-2022","3.132","3.154","3.193","3.091","-0.69%"
"14-07-2022","3.154","3.168","3.276","3.129","0.09%"
"13-07-2022","3.151","3.077","3.240","3.063","2.14%"
"12-07-2022","3.085","3.099","3.102","3.008","-0.56%"
"11-07-2022","3.102","3.164","3.170","3.043","-1.16%"
"08-07-2022","3.139","3.048","3.178","3.009","3.07%"
"07-07-2022","3.045","3.017","3.076","2.972","1.12%"
"06-07-2022","3.012","2.841","3.017","2.760","6.52%"
"05-07-2022","2.827","2.914","2.967","2.774","-2.97%"
"04-07-2022","2.914","2.864","2.914","2.864","1.75%"
"01-07-2022","2.864","3.033","3.033","2.761","-4.90%"
"30-06-2022","3.011","3.097","3.125","2.975","-3.14%"
"29-06-2022","3.109","3.206","3.229","3.109","-2.88%"
"28-06-2022","3.201","3.214","3.265","3.184","-0.34%"
"27-06-2022","3.212","3.155","3.248","3.139","1.96%"
"24-06-2022","3.150","3.116","3.172","3.044","1.00%"
"23-06-2022","3.119","3.185","3.230","2.985","-2.52%"
"22-06-2022","3.199","3.355","3.364","3.174","-4.41%"
"21-06-2022","3.347","3.405","3.430","3.341","-1.80%"
"20-06-2022","3.408","3.405","3.408","3.405","1.76%"
"17-06-2022","3.349","3.325","3.419","3.276","1.91%"
"16-06-2022","3.286","3.383","3.552","3.270","-2.23%"
"15-06-2022","3.361","3.565","3.576","3.339","-6.51%"
"14-06-2022","3.595","3.517","3.618","3.361","2.80%"
"13-06-2022","3.497","3.305","3.587","3.283","7.90%"
"10-06-2022","3.241","3.009","3.247","2.998","7.90%"
"09-06-2022","3.004","2.974","3.026","2.946","1.39%"
"08-06-2022","2.963","2.935","2.974","2.930","1.75%"
"07-06-2022","2.912","2.940","2.965","2.884","-0.85%"
"06-06-2022","2.937","2.850","2.943","2.847","3.05%"
"03-06-2022","2.850","2.830","2.884","2.816","1.09%"
"02-06-2022","2.819","2.828","2.861","2.814","-0.19%"
"01-06-2022","2.825","2.741","2.864","2.730","3.56%"
"31-05-2022","2.728","2.733","2.761","2.692","-0.30%"
"30-05-2022","2.736","2.741","2.741","2.736","3.56%"
"27-05-2022","2.642","2.634","2.661","2.609","0.82%"
"26-05-2022","2.620","2.632","2.662","2.582","-0.53%"
"25-05-2022","2.634","2.659","2.681","2.599","-0.62%"
"24-05-2022","2.651","2.780","2.797","2.632","-5.12%"
"23-05-2022","2.794","2.758","2.802","2.739","2.11%"
"20-05-2022","2.736","2.780","2.810","2.706","-1.29%"
"19-05-2022","2.772","2.824","2.862","2.734","-2.32%"
"18-05-2022","2.838","2.893","2.926","2.816","-2.18%"
"17-05-2022","2.901","2.747","2.906","2.739","5.59%"
"16-05-2022","2.747","2.890","2.892","2.723","-1.28%"
"13-05-2022","2.783","2.775","2.829","2.747","0.39%"
"12-05-2022","2.772","2.840","2.849","2.712","-2.22%"
"11-05-2022","2.835","2.824","2.947","2.772","1.21%"
"10-05-2022","2.801","2.815","2.849","2.742","-0.30%"
"09-05-2022","2.809","2.963","2.977","2.781","-4.84%"
"06-05-2022","2.952","2.926","2.969","2.856","1.38%"
"05-05-2022","2.912","2.831","2.937","2.820","2.67%"
"04-05-2022","2.836","2.957","3.018","2.792","-4.51%"
"03-05-2022","2.970","2.937","2.981","2.889","1.44%"
"02-05-2022","2.928","2.911","2.939","2.861","1.17%"
"29-04-2022","2.894","2.774","2.922","2.774","3.92%"
"28-04-2022","2.785","2.749","2.841","2.713","1.31%"
"27-04-2022","2.749","2.680","2.769","2.647","3.43%"
"26-04-2022","2.658","2.801","2.860","2.658","-5.31%"
"25-04-2022","2.807","2.857","2.865","2.702","-2.02%"
"22-04-2022","2.865","2.920","2.976","2.857","-0.46%"
"21-04-2022","2.878","2.782","2.934","2.782","3.48%"
"20-04-2022","2.782","2.839","2.859","2.757","-1.46%"
"19-04-2022","2.823","2.669","2.836","2.652","5.77%"
"18-04-2022","2.669","2.701","2.746","2.661","-0.51%"
"14-04-2022","2.682","2.573","2.701","2.505","3.92%"
"13-04-2022","2.581","2.619","2.669","2.486","-1.66%"
"12-04-2022","2.625","2.759","2.800","2.581","-3.71%"
"11-04-2022","2.726","2.757","2.812","2.715","-0.18%"
"08-04-2022","2.731","2.661","2.745","2.641","2.43%"
"07-04-2022","2.666","2.648","2.669","2.592","0.14%"
"06-04-2022","2.662","2.727","2.798","2.631","-1.74%"
"05-04-2022","2.710","2.590","2.732","2.576","4.49%"
"04-04-2022","2.593","2.666","2.671","2.585","-1.68%"
"01-04-2022","2.638","2.520","2.649","2.520","4.89%"
"31-03-2022","2.515","2.478","2.520","2.436","1.15%"
"30-03-2022","2.486","2.552","2.567","2.469","-2.60%"
"29-03-2022","2.552","2.554","2.664","2.510","-0.73%"
"28-03-2022","2.571","2.512","2.644","2.501","2.02%"
"25-03-2022","2.520","2.377","2.562","2.352","6.41%"
"24-03-2022","2.368","2.321","2.396","2.310","2.66%"
"23-03-2022","2.307","2.387","2.412","2.304","-3.22%"
"22-03-2022","2.384","2.320","2.406","2.320","2.76%"
"21-03-2022","2.320","2.155","2.450","2.152","8.21%"
"18-03-2022","2.144","2.107","2.163","2.089","1.34%"
"17-03-2022","2.116","2.143","2.162","2.083","-1.63%"
"16-03-2022","2.151","2.050","2.197","2.031","5.06%"
"15-03-2022","2.047","2.049","2.079","1.974","-0.25%"
"14-03-2022","2.052","1.960","2.052","1.955","6.76%"
"11-03-2022","1.922","1.882","1.936","1.847","2.15%"
"10-03-2022","1.882","1.847","1.909","1.809","1.75%"
"09-03-2022","1.849","1.766","1.855","1.745","6.07%"
"08-03-2022","1.744","1.680","1.790","1.675","3.60%"
"07-03-2022","1.683","1.546","1.694","1.541","3.90%"
"04-03-2022","1.620","1.707","1.707","1.543","-3.40%"
"03-03-2022","1.677","1.641","1.715","1.625","0.00%"
"02-03-2022","1.677","1.522","1.699","1.440","12.80%"
"01-03-2022","1.486","1.646","1.671","1.430","-8.36%"
"28-02-2022","1.622","1.684","1.706","1.600","-7.88%"
"25-02-2022","1.761","1.752","1.813","1.736","0.19%"
"24-02-2022","1.757","1.757","1.768","1.638","-1.66%"
"23-02-2022","1.787","1.760","1.806","1.752","1.71%"
"22-02-2022","1.757","1.643","1.760","1.632","6.94%"
"21-02-2022","1.643","1.638","1.643","1.638","-2.09%"
"18-02-2022","1.678","1.675","1.735","1.661","-1.39%"
"17-02-2022","1.702","1.742","1.758","1.693","-3.36%"
"16-02-2022","1.761","1.798","1.823","1.726","-2.38%"
"15-02-2022","1.804","1.801","1.834","1.777","0.47%"
"14-02-2022","1.796","1.744","1.844","1.715","4.72%"
"11-02-2022","1.715","1.820","1.852","1.701","-6.89%"
"10-02-2022","1.842","1.631","1.866","1.596","13.07%"
"09-02-2022","1.629","1.602","1.637","1.575","3.29%"
"08-02-2022","1.577","1.532","1.588","1.532","3.09%"
"07-02-2022","1.529","1.543","1.557","1.518","-0.69%"
"04-02-2022","1.540","1.432","1.554","1.422","7.74%"
"03-02-2022","1.429","1.353","1.438","1.345","4.82%"
"02-02-2022","1.364","1.383","1.394","1.350","-1.36%"
"01-02-2022","1.383","1.388","1.418","1.334","-0.18%"
"31-01-2022","1.385","1.406","1.418","1.363","0.21%"
"28-01-2022","1.382","1.422","1.461","1.374","-2.63%"
"27-01-2022","1.419","1.406","1.441","1.387","0.99%"
"26-01-2022","1.406","1.276","1.414","1.260","10.42%"
"25-01-2022","1.273","1.262","1.289","1.232","0.86%"
"24-01-2022","1.262","1.308","1.327","1.219","-3.09%"
"21-01-2022","1.302","1.304","1.321","1.262","-0.99%"
"20-01-2022","1.315","1.366","1.372","1.307","-2.77%"
"19-01-2022","1.353","1.360","1.393","1.307","-0.58%"
"18-01-2022","1.360","1.301","1.368","1.301","4.34%"
"17-01-2022","1.304","1.309","1.309","1.304","2.95%"
"14-01-2022","1.266","1.208","1.272","1.192","6.05%"
"13-01-2022","1.194","1.237","1.245","1.189","-3.25%"
"12-01-2022","1.234","1.216","1.240","1.192","4.86%"
"11-01-2022","1.177","1.196","1.237","1.174","-0.67%"
"10-01-2022","1.185","1.161","1.202","1.158","2.13%"
"07-01-2022","1.161","1.136","1.188","1.122","1.95%"
"06-01-2022","1.138","1.079","1.149","1.070","5.02%"
"05-01-2022","1.084","1.013","1.095","1.008","6.95%"
"04-01-2022","1.013","1.016","1.049","1.008","-0.79%"
"03-01-2022","1.022","1.000","1.046","0.987","6.47%"
"31-12-2021","0.960","0.957","0.968","0.943","0.26%"
"30-12-2021","0.957","0.987","0.989","0.952","-2.99%"
"29-12-2021","0.987","0.976","0.997","0.960","0.82%"
"28-12-2021","0.979","0.984","0.989","0.968","-0.28%"
"27-12-2021","0.981","0.968","0.995","0.968","1.09%"
"23-12-2021","0.971","0.952","0.973","0.947","2.54%"
"22-12-2021","0.947","0.939","0.968","0.936","0.00%"
"21-12-2021","0.947","0.904","0.965","0.896","3.48%"
"20-12-2021","0.915","0.896","0.915","0.859","-0.87%"
"17-12-2021","0.923","0.913","0.939","0.880","2.33%"
"16-12-2021","0.902","0.984","1.000","0.899","-7.60%"
"15-12-2021","0.976","0.976","1.037","0.947","0.00%"
"14-12-2021","0.976","0.960","0.989","0.950","3.08%"
"13-12-2021","0.947","0.992","1.008","0.947","-3.52%"
"10-12-2021","0.982","1.016","1.053","0.958","-3.14%"
"09-12-2021","1.013","1.003","1.021","0.979","0.54%"
"08-12-2021","1.008","1.029","1.138","0.971","4.29%"
"07-12-2021","0.966","0.904","0.969","0.898","6.93%"
"06-12-2021","0.904","0.877","0.912","0.869","5.36%"
"03-12-2021","0.858","0.884","0.931","0.839","-3.60%"
"02-12-2021","0.890","0.839","0.914","0.833","8.91%"
"01-12-2021","0.817","0.876","0.914","0.814","-3.18%"
"30-11-2021","0.844","0.798","0.876","0.729","6.43%"
"29-11-2021","0.793","0.846","0.871","0.782","-2.30%"
"26-11-2021","0.812","0.932","0.934","0.779","-12.91%"
"25-11-2021","0.932","0.934","0.937","0.932","-3.61%"
"24-11-2021","0.967","0.945","0.980","0.902","2.03%"
"23-11-2021","0.947","0.942","0.974","0.923","-0.26%"
"22-11-2021","0.950","0.875","0.953","0.867","10.25%"
"19-11-2021","0.862","0.848","0.867","0.782","2.24%"
"18-11-2021","0.843","0.851","0.864","0.827","-0.31%"
"17-11-2021","0.845","0.877","0.885","0.843","-3.04%"
"16-11-2021","0.872","0.872","0.896","0.845","0.32%"
"15-11-2021","0.869","0.853","0.877","0.827","2.20%"
"12-11-2021","0.850","0.874","0.885","0.835","-3.02%"
"11-11-2021","0.877","0.882","0.882","0.877","3.12%"
"10-11-2021","0.850","0.732","0.856","0.729","16.67%"
"09-11-2021","0.729","0.758","0.758","0.708","0.94%"
"08-11-2021","0.722","0.657","0.730","0.657","9.86%"
"05-11-2021","0.657","0.703","0.733","0.644","-4.67%"
"04-11-2021","0.689","0.754","0.762","0.660","-8.88%"
"03-11-2021","0.757","0.722","0.800","0.708","6.05%"
"02-11-2021","0.714","0.773","0.778","0.708","-6.67%"
"01-11-2021","0.765","0.783","0.799","0.762","1.08%"
"29-10-2021","0.756","0.748","0.832","0.729","-1.01%"
"28-10-2021","0.764","0.772","0.831","0.734","-1.02%"
"27-10-2021","0.772","0.761","0.823","0.748","1.43%"
"26-10-2021","0.761","0.750","0.780","0.745","1.79%"
"25-10-2021","0.748","0.780","0.785","0.737","-3.44%"
"22-10-2021","0.774","0.787","0.822","0.769","-2.30%"
"21-10-2021","0.792","0.723","0.798","0.713","10.39%"
"20-10-2021","0.718","0.734","0.744","0.689","-0.35%"
"19-10-2021","0.720","0.728","0.728","0.694","-1.45%"
"18-10-2021","0.731","0.715","0.763","0.710","5.36%"
"15-10-2021","0.694","0.636","0.699","0.636","8.26%"
"14-10-2021","0.641","0.659","0.675","0.622","-2.02%"
"13-10-2021","0.654","0.633","0.701","0.628","8.17%"
"12-10-2021","0.605","0.621","0.626","0.594","-3.00%"
"11-10-2021","0.623","0.623","0.623","0.623","7.47%"
"08-10-2021","0.580","0.566","0.585","0.545","3.02%"
"07-10-2021","0.563","0.539","0.563","0.533","5.06%"
"06-10-2021","0.536","0.522","0.544","0.522","3.66%"
"05-10-2021","0.517","0.506","0.528","0.501","3.23%"
"04-10-2021","0.501","0.479","0.512","0.479","3.34%"
"01-10-2021","0.485","0.519","0.522","0.485","-5.65%"
"30-09-2021","0.514","0.524","0.548","0.511","-2.52%"
"29-09-2021","0.527","0.559","0.559","0.527","-5.25%"
"28-09-2021","0.556","0.553","0.580","0.545","0.00%"
"27-09-2021","0.556","0.543","0.567","0.529","2.47%"
"24-09-2021","0.543","0.531","0.548","0.513","1.08%"
"23-09-2021","0.537","0.491","0.537","0.491","9.80%"
"22-09-2021","0.489","0.449","0.502","0.449","6.98%"
"21-09-2021","0.457","0.462","0.470","0.441","0.00%"
"20-09-2021","0.457","0.473","0.491","0.449","-2.79%"
"17-09-2021","0.470","0.459","0.483","0.457","2.33%"
"16-09-2021","0.459","0.438","0.462","0.438","4.84%"
"15-09-2021","0.438","0.435","0.446","0.430","1.22%"
"14-09-2021","0.433","0.443","0.454","0.420","-1.79%"
"13-09-2021","0.441","0.446","0.454","0.435","-1.17%"
"10-09-2021","0.446","0.435","0.454","0.435","1.78%"
"09-09-2021","0.438","0.449","0.451","0.428","-1.17%"
"08-09-2021","0.443","0.451","0.451","0.438","3.41%"
"07-09-2021","0.429","0.404","0.429","0.404","5.98%"
"06-09-2021","0.404","0.404","0.404","0.404","-0.66%"
"03-09-2021","0.407","0.404","0.439","0.386","0.69%"
"02-09-2021","0.404","0.407","0.410","0.396","-0.66%"
"01-09-2021","0.407","0.410","0.418","0.394","0.00%"
"31-08-2021","0.407","0.394","0.407","0.386","2.67%"
"30-08-2021","0.396","0.420","0.420","0.396","-5.69%"
"27-08-2021","0.420","0.457","0.471","0.417","-8.63%"
"26-08-2021","0.460","0.454","0.470","0.447","1.19%"
"25-08-2021","0.454","0.449","0.463","0.439","1.79%"
"24-08-2021","0.447","0.436","0.449","0.436","2.46%"
"23-08-2021","0.436","0.449","0.457","0.436","-2.37%"
"20-08-2021","0.446","0.433","0.449","0.425","2.48%"
"19-08-2021","0.436","0.430","0.438","0.407","1.87%"
"18-08-2021","0.428","0.425","0.457","0.420","0.00%"
"17-08-2021","0.428","0.420","0.433","0.399","0.64%"
"16-08-2021","0.425","0.430","0.430","0.404","-1.23%"
"13-08-2021","0.430","0.456","0.459","0.428","-6.29%"
"12-08-2021","0.459","0.449","0.462","0.441","2.36%"
"11-08-2021","0.449","0.477","0.501","0.438","-0.99%"
"10-08-2021","0.453","0.426","0.456","0.421","6.34%"
"09-08-2021","0.426","0.405","0.429","0.388","3.25%"
"06-08-2021","0.413","0.378","0.418","0.378","8.49%"
"05-08-2021","0.380","0.346","0.386","0.343","10.91%"
"04-08-2021","0.343","0.319","0.362","0.290","9.31%"
"03-08-2021","0.314","0.324","0.332","0.308","-2.49%"
"02-08-2021","0.322","0.343","0.343","0.314","-6.21%"
"30-07-2021","0.343","0.372","0.375","0.343","-7.87%"
"29-07-2021","0.372","0.370","0.388","0.362","1.44%"
"28-07-2021","0.367","0.367","0.404","0.354","0.71%"
"27-07-2021","0.364","0.378","0.378","0.356","-3.50%"
"26-07-2021","0.378","0.372","0.380","0.354","0.69%"
"23-07-2021","0.375","0.383","0.386","0.364","0.00%"
"22-07-2021","0.375","0.394","0.407","0.364","-4.04%"
"21-07-2021","0.391","0.367","0.391","0.351","7.24%"
"20-07-2021","0.364","0.393","0.396","0.336","-6.13%"
"19-07-2021","0.388","0.417","0.428","0.349","-10.33%"
"16-07-2021","0.433","0.435","0.459","0.425","-0.57%"
"15-07-2021","0.435","0.433","0.449","0.417","0.62%"
"14-07-2021","0.433","0.467","0.477","0.428","-7.32%"
"13-07-2021","0.467","0.422","0.483","0.417","14.97%"
"12-07-2021","0.406","0.398","0.420","0.382","2.76%"
"09-07-2021","0.395","0.371","0.400","0.368","9.02%"
"08-07-2021","0.363","0.400","0.408","0.357","-9.37%"
"07-07-2021","0.400","0.408","0.421","0.397","-0.62%"
"06-07-2021","0.403","0.440","0.451","0.397","-7.96%"
"05-07-2021","0.437","0.440","0.440","0.437","-1.20%"
"02-07-2021","0.443","0.471","0.486","0.440","-5.02%"
"01-07-2021","0.466","0.463","0.477","0.461","0.63%"
"30-06-2021","0.463","0.460","0.466","0.444","0.63%"
"29-06-2021","0.460","0.460","0.474","0.458","-0.54%"
"28-06-2021","0.463","0.476","0.476","0.457","-2.77%"
"25-06-2021","0.476","0.475","0.484","0.463","0.15%"
"24-06-2021","0.475","0.459","0.475","0.451","2.92%"
"23-06-2021","0.462","0.438","0.470","0.430","4.86%"
"22-06-2021","0.440","0.469","0.480","0.435","-6.70%"
"21-06-2021","0.472","0.485","0.504","0.467","0.60%"
"18-06-2021","0.469","0.442","0.533","0.416","8.04%"
"17-06-2021","0.434","0.418","0.437","0.405","4.48%"
"16-06-2021","0.416","0.342","0.429","0.334","23.51%"
"15-06-2021","0.336","0.334","0.342","0.326","0.81%"
"14-06-2021","0.334","0.315","0.336","0.313","7.61%"
"11-06-2021","0.310","0.294","0.313","0.289","6.27%"
"10-06-2021","0.292","0.313","0.344","0.292","-7.48%"
"09-06-2021","0.315","0.323","0.326","0.300","3.95%"
"08-06-2021","0.303","0.314","0.314","0.298","-1.75%"
"07-06-2021","0.309","0.303","0.314","0.303","1.81%"
"04-06-2021","0.303","0.327","0.333","0.298","-6.56%"
"03-06-2021","0.325","0.306","0.330","0.303","7.06%"
"02-06-2021","0.303","0.309","0.311","0.295","0.00%"
"01-06-2021","0.303","0.303","0.314","0.301","0.90%"
"31-05-2021","0.301","0.303","0.303","0.301","2.74%"
"28-05-2021","0.292","0.314","0.317","0.292","-4.29%"
"27-05-2021","0.306","0.303","0.316","0.300","0.00%"
"26-05-2021","0.306","0.306","0.311","0.295","0.89%"
"25-05-2021","0.303","0.324","0.324","0.300","-5.73%"
"24-05-2021","0.321","0.332","0.332","0.321","-2.40%"
"21-05-2021","0.329","0.329","0.337","0.324","1.70%"
"20-05-2021","0.324","0.350","0.353","0.324","-7.51%"
"19-05-2021","0.350","0.331","0.358","0.316","7.30%"
"18-05-2021","0.326","0.337","0.337","0.326","-3.12%"
"17-05-2021","0.337","0.331","0.342","0.313","2.43%"
"14-05-2021","0.329","0.342","0.342","0.323","-2.35%"
"13-05-2021","0.337","0.358","0.358","0.334","-5.18%"
"12-05-2021","0.355","0.326","0.366","0.318","17.36%"
"11-05-2021","0.303","0.297","0.311","0.292","1.78%"
"10-05-2021","0.297","0.292","0.300","0.284","1.78%"
"07-05-2021","0.292","0.313","0.319","0.268","-6.08%"
"06-05-2021","0.311","0.314","0.314","0.300","0.84%"
"05-05-2021","0.308","0.322","0.332","0.303","-3.35%"
"04-05-2021","0.319","0.324","0.332","0.308","-0.84%"
"03-05-2021","0.322","0.340","0.343","0.319","-3.22%"
"30-04-2021","0.332","0.340","0.348","0.330","-1.60%"
"29-04-2021","0.338","0.340","0.359","0.335","0.78%"
"28-04-2021","0.335","0.356","0.367","0.333","-6.66%"
"27-04-2021","0.359","0.343","0.362","0.343","4.63%"
"26-04-2021","0.343","0.335","0.351","0.333","2.36%"
"23-04-2021","0.335","0.322","0.338","0.312","6.68%"
"22-04-2021","0.314","0.317","0.333","0.309","-1.66%"
"21-04-2021","0.320","0.322","0.328","0.312","-0.84%"
"20-04-2021","0.322","0.341","0.349","0.320","-5.43%"
"19-04-2021","0.341","0.341","0.354","0.333","-1.53%"
"16-04-2021","0.346","0.336","0.351","0.336","1.53%"
"15-04-2021","0.341","0.359","0.362","0.323","-4.43%"
"14-04-2021","0.357","0.349","0.367","0.349","1.51%"
"13-04-2021","0.351","0.375","0.391","0.349","-0.23%"
"12-04-2021","0.352","0.344","0.360","0.328","4.82%"
"09-04-2021","0.336","0.322","0.352","0.320","5.13%"
"08-04-2021","0.320","0.328","0.330","0.317","-4.02%"
"07-04-2021","0.333","0.338","0.341","0.314","-0.77%"
"06-04-2021","0.336","0.357","0.362","0.333","-6.67%"
"05-04-2021","0.360","0.378","0.389","0.354","6.39%"
"02-04-2021","0.338","0.336","0.389","0.336","0.00%"
"01-04-2021","0.338","0.346","0.354","0.330","-2.98%"
"31-03-2021","0.349","0.324","0.351","0.324","6.54%"
"30-03-2021","0.327","0.316","0.348","0.316","2.54%"
"29-03-2021","0.319","0.308","0.324","0.295","3.47%"
"26-03-2021","0.308","0.292","0.311","0.282","4.54%"
"25-03-2021","0.295","0.303","0.308","0.290","-3.47%"
"24-03-2021","0.306","0.308","0.311","0.295","0.00%"
"23-03-2021","0.305","0.316","0.324","0.298","-4.92%"
"22-03-2021","0.321","0.324","0.326","0.303","-3.95%"
"19-03-2021","0.334","0.331","0.345","0.305","2.51%"
"18-03-2021","0.326","0.303","0.358","0.289","6.92%"
"17-03-2021","0.305","0.339","0.352","0.279","-10.05%"
"16-03-2021","0.339","0.334","0.345","0.326","0.80%"
"15-03-2021","0.336","0.344","0.350","0.331","-0.77%"
"12-03-2021","0.339","0.318","0.352","0.315","6.60%"
"11-03-2021","0.318","0.326","0.331","0.300","-2.42%"
"10-03-2021","0.326","0.336","0.355","0.323","2.64%"
"09-03-2021","0.318","0.342","0.347","0.318","-7.73%"
"08-03-2021","0.344","0.320","0.344","0.315","10.36%"
"05-03-2021","0.312","0.314","0.336","0.293","1.93%"
"04-03-2021","0.306","0.292","0.311","0.277","5.55%"
"03-03-2021","0.290","0.250","0.295","0.250","16.05%"
"02-03-2021","0.250","0.258","0.268","0.247","-0.99%"
"01-03-2021","0.252","0.268","0.284","0.250","-10.34%"
"26-02-2021","0.281","0.353","0.361","0.263","-20.80%"
"25-02-2021","0.355","0.238","0.390","0.238","48.97%"
"24-02-2021","0.238","0.215","0.249","0.209","11.14%"
"23-02-2021","0.215","0.228","0.228","0.212","-5.75%"
"22-02-2021","0.228","0.220","0.228","0.212","6.20%"
"19-02-2021","0.214","0.206","0.217","0.201","3.93%"
"18-02-2021","0.206","0.206","0.214","0.201","-1.24%"
"17-02-2021","0.209","0.230","0.240","0.206","-9.09%"
"16-02-2021","0.230","0.206","0.232","0.198","10.11%"
"15-02-2021","0.209","0.206","0.209","0.206","6.70%"
"12-02-2021","0.196","0.188","0.198","0.185","4.15%"
"11-02-2021","0.188","0.185","0.190","0.180","1.46%"
"10-02-2021","0.185","0.201","0.201","0.183","-0.80%"
"09-02-2021","0.187","0.189","0.189","0.184","-1.37%"
"08-02-2021","0.189","0.184","0.192","0.181","4.47%"
"05-02-2021","0.181","0.186","0.194","0.176","-2.79%"
"04-02-2021","0.186","0.189","0.194","0.186","-1.38%"
"03-02-2021","0.189","0.181","0.191","0.178","6.00%"
"02-02-2021","0.178","0.178","0.184","0.170","3.13%"
"01-02-2021","0.173","0.173","0.176","0.170","-1.48%"
"29-01-2021","0.175","0.186","0.191","0.173","-5.65%"
"28-01-2021","0.186","0.183","0.194","0.175","4.50%"
"27-01-2021","0.178","0.183","0.183","0.167","0.00%"
"26-01-2021","0.178","0.178","0.183","0.175","0.00%"
"25-01-2021","0.178","0.191","0.191","0.175","-5.58%"
"22-01-2021","0.188","0.188","0.194","0.186","-1.26%"
"21-01-2021","0.191","0.199","0.204","0.188","-1.35%"
"20-01-2021","0.193","0.204","0.209","0.193","-3.88%"
"19-01-2021","0.201","0.214","0.220","0.199","-4.96%"
"18-01-2021","0.212","0.212","0.212","0.212","2.57%"
"15-01-2021","0.206","0.216","0.222","0.206","-8.07%"
"14-01-2021","0.224","0.222","0.235","0.214","0.00%"
"13-01-2021","0.224","0.230","0.240","0.219","-3.36%"
"12-01-2021","0.232","0.237","0.250","0.232","3.52%"
"11-01-2021","0.224","0.222","0.227","0.211","0.00%"
"08-01-2021","0.224","0.216","0.229","0.211","5.16%"
"07-01-2021","0.213","0.202","0.216","0.200","5.34%"
"06-01-2021","0.202","0.173","0.216","0.170","16.99%"
"05-01-2021","0.173","0.168","0.173","0.157","6.59%"
"04-01-2021","0.162","0.173","0.176","0.160","-3.16%"
"31-12-2020","0.168","0.168","0.170","0.165","0.00%"
"30-12-2020","0.167","0.173","0.181","0.167","-3.07%"
"29-12-2020","0.173","0.173","0.175","0.167","3.23%"
"28-12-2020","0.167","0.175","0.186","0.167","0.00%"
"24-12-2020","0.167","0.172","0.173","0.167","-2.96%"
"23-12-2020","0.172","0.170","0.180","0.164","1.59%"
"22-12-2020","0.170","0.180","0.180","0.167","-5.83%"
"21-12-2020","0.180","0.177","0.183","0.159","0.00%"
"18-12-2020","0.180","0.185","0.185","0.177","-2.75%"
"17-12-2020","0.185","0.175","0.193","0.169","4.51%"
"16-12-2020","0.177","0.172","0.188","0.169","1.49%"
"15-12-2020","0.175","0.175","0.180","0.169","0.00%"
"14-12-2020","0.175","0.183","0.190","0.169","-1.47%"
"11-12-2020","0.177","0.196","0.196","0.169","-9.36%"
"10-12-2020","0.196","0.211","0.211","0.193","-9.70%"
"09-12-2020","0.216","0.216","0.219","0.214","5.82%"
"08-12-2020","0.205","0.202","0.207","0.194","2.66%"
"07-12-2020","0.199","0.213","0.213","0.199","-7.43%"
"04-12-2020","0.215","0.205","0.221","0.199","6.53%"
"03-12-2020","0.202","0.215","0.218","0.202","-6.17%"
"02-12-2020","0.215","0.218","0.226","0.210","-2.45%"
"01-12-2020","0.221","0.192","0.226","0.186","16.83%"
"30-11-2020","0.189","0.200","0.202","0.184","-4.06%"
"27-11-2020","0.197","0.205","0.205","0.194","-3.95%"
"26-11-2020","0.205","0.208","0.208","0.205","-1.25%"
"25-11-2020","0.208","0.218","0.221","0.200","-4.86%"
"24-11-2020","0.218","0.221","0.221","0.210","0.00%"
"23-11-2020","0.218","0.250","0.250","0.195","5.05%"
"20-11-2020","0.208","0.216","0.219","0.208","-5.97%"
"19-11-2020","0.221","0.224","0.226","0.219","-3.45%"
"18-11-2020","0.229","0.221","0.234","0.219","2.32%"
"17-11-2020","0.224","0.234","0.237","0.221","-4.48%"
"16-11-2020","0.234","0.237","0.242","0.224","-1.10%"
"13-11-2020","0.237","0.232","0.237","0.221","2.24%"
"12-11-2020","0.232","0.253","0.253","0.229","-10.12%"
"11-11-2020","0.258","0.258","0.258","0.258","2.06%"
"10-11-2020","0.253","0.250","0.258","0.240","7.58%"
"09-11-2020","0.235","0.203","0.256","0.195","15.89%"
"06-11-2020","0.203","0.184","0.211","0.184","7.20%"
"05-11-2020","0.189","0.181","0.197","0.176","1.45%"
"04-11-2020","0.186","0.223","0.223","0.170","-12.49%"
"03-11-2020","0.213","0.218","0.218","0.199","6.77%"
"02-11-2020","0.199","0.194","0.199","0.189","0.00%"
"30-10-2020","0.199","0.194","0.199","0.186","2.84%"
"29-10-2020","0.194","0.189","0.199","0.178","5.84%"
"28-10-2020","0.183","0.181","0.186","0.175","-1.40%"
"27-10-2020","0.186","0.191","0.194","0.183","-4.08%"
"26-10-2020","0.194","0.202","0.202","0.188","-5.14%"
"23-10-2020","0.204","0.201","0.209","0.194","-1.16%"
"22-10-2020","0.207","0.193","0.209","0.191","5.41%"
"21-10-2020","0.196","0.196","0.204","0.193","2.78%"
"20-10-2020","0.191","0.191","0.196","0.188","0.00%"
"19-10-2020","0.191","0.191","0.193","0.185","2.86%"
"16-10-2020","0.185","0.175","0.188","0.172","3.00%"
"15-10-2020","0.180","0.175","0.180","0.167","1.52%"
"14-10-2020","0.177","0.180","0.180","0.172","0.00%"
"13-10-2020","0.177","0.193","0.193","0.177","-9.36%"
"12-10-2020","0.196","0.196","0.196","0.196","-2.64%"
"09-10-2020","0.201","0.190","0.203","0.188","2.71%"
"08-10-2020","0.196","0.196","0.201","0.188","-1.36%"
"07-10-2020","0.198","0.188","0.206","0.185","9.50%"
"06-10-2020","0.181","0.184","0.192","0.178","-4.18%"
"05-10-2020","0.189","0.168","0.192","0.160","12.71%"
"02-10-2020","0.168","0.160","0.170","0.149","5.08%"
"01-10-2020","0.160","0.160","0.173","0.154","0.00%"
"30-09-2020","0.160","0.152","0.160","0.144","7.19%"
"29-09-2020","0.149","0.146","0.152","0.146","0.00%"
"28-09-2020","0.149","0.154","0.157","0.146","-1.72%"
"25-09-2020","0.151","0.159","0.159","0.144","-4.96%"
"24-09-2020","0.159","0.162","0.162","0.154","-1.61%"
"23-09-2020","0.162","0.157","0.162","0.146","5.20%"
"22-09-2020","0.154","0.167","0.167","0.149","-3.33%"
"21-09-2020","0.159","0.167","0.178","0.149","-4.67%"
"18-09-2020","0.167","0.156","0.167","0.151","4.97%"
"17-09-2020","0.159","0.162","0.164","0.143","-4.67%"
"16-09-2020","0.167","0.162","0.169","0.154","1.64%"
"15-09-2020","0.164","0.164","0.167","0.159","1.61%"
"14-09-2020","0.162","0.154","0.164","0.151","6.95%"
"11-09-2020","0.151","0.167","0.167","0.148","-6.50%"
"10-09-2020","0.162","0.169","0.180","0.159","-6.05%"
"09-09-2020","0.172","0.162","0.177","0.162","2.50%"
"08-09-2020","0.168","0.173","0.173","0.157","-3.01%"
"07-09-2020","0.173","0.173","0.173","0.173","-3.03%"
"04-09-2020","0.178","0.144","0.184","0.144","21.94%"
"03-09-2020","0.146","0.149","0.157","0.138","-1.75%"
"02-09-2020","0.149","0.149","0.157","0.146","1.85%"
"01-09-2020","0.146","0.154","0.162","0.146","-1.81%"
"31-08-2020","0.149","0.149","0.160","0.144","-1.72%"
"28-08-2020","0.152","0.194","0.199","0.146","-20.72%"
"27-08-2020","0.191","0.172","0.194","0.157","7.48%"
"26-08-2020","0.178","0.186","0.199","0.178","-2.89%"
"25-08-2020","0.183","0.180","0.199","0.178","3.04%"
"24-08-2020","0.178","0.167","0.180","0.162","8.02%"
"21-08-2020","0.164","0.167","0.170","0.154","-1.50%"
"20-08-2020","0.167","0.167","0.167","0.151","-3.02%"
"19-08-2020","0.172","0.164","0.172","0.159","1.53%"
"18-08-2020","0.170","0.185","0.185","0.167","-7.12%"
"17-08-2020","0.183","0.185","0.185","0.172","0.00%"
"14-08-2020","0.183","0.198","0.204","0.177","-9.11%"
"13-08-2020","0.201","0.190","0.204","0.177","5.51%"
"12-08-2020","0.190","0.169","0.196","0.169","9.93%"
"11-08-2020","0.173","0.146","0.187","0.144","18.31%"
"10-08-2020","0.146","0.141","0.146","0.128","3.83%"
"07-08-2020","0.141","0.130","0.144","0.122","8.21%"
"06-08-2020","0.130","0.133","0.133","0.114","2.04%"
"05-08-2020","0.128","0.117","0.130","0.112","11.72%"
"04-08-2020","0.114","0.125","0.125","0.112","-6.54%"
"03-08-2020","0.122","0.122","0.128","0.117","4.53%"
"31-07-2020","0.117","0.133","0.136","0.117","-11.96%"
"30-07-2020","0.133","0.152","0.152","0.130","-12.28%"
"29-07-2020","0.152","0.167","0.170","0.144","-8.01%"
"28-07-2020","0.165","0.178","0.183","0.162","-8.75%"
"27-07-2020","0.181","0.170","0.186","0.162","6.24%"
"24-07-2020","0.170","0.175","0.175","0.165","-2.91%"
"23-07-2020","0.175","0.180","0.180","0.164","0.00%"
"22-07-2020","0.175","0.164","0.175","0.162","4.73%"
"21-07-2020","0.167","0.175","0.183","0.162","-5.86%"
"20-07-2020","0.177","0.177","0.180","0.167","3.08%"
"17-07-2020","0.172","0.175","0.180","0.164","-1.43%"
"16-07-2020","0.175","0.177","0.185","0.167","-2.89%"
"15-07-2020","0.180","0.190","0.193","0.175","-4.16%"
"14-07-2020","0.188","0.185","0.188","0.172","2.85%"
"13-07-2020","0.183","0.177","0.198","0.177","-4.10%"
"10-07-2020","0.190","0.183","0.190","0.159","5.78%"
"09-07-2020","0.180","0.185","0.188","0.169","-5.47%"
"08-07-2020","0.190","0.185","0.196","0.180","5.37%"
"07-07-2020","0.181","0.186","0.191","0.178","-2.90%"
"06-07-2020","0.186","0.181","0.197","0.181","2.88%"
"02-07-2020","0.181","0.189","0.205","0.178","-4.34%"
"01-07-2020","0.189","0.176","0.197","0.173","7.51%"
"30-06-2020","0.176","0.173","0.178","0.162","3.11%"
"29-06-2020","0.170","0.184","0.189","0.165","-8.58%"
"26-06-2020","0.186","0.208","0.208","0.179","-10.25%"
"25-06-2020","0.208","0.210","0.210","0.200","-1.24%"
"24-06-2020","0.210","0.218","0.226","0.208","-2.46%"
"23-06-2020","0.216","0.229","0.229","0.213","-4.68%"
"22-06-2020","0.226","0.216","0.226","0.208","3.62%"
"19-06-2020","0.218","0.224","0.234","0.208","-3.53%"
"18-06-2020","0.226","0.221","0.226","0.213","0.00%"
"17-06-2020","0.226","0.232","0.237","0.219","-1.14%"
"16-06-2020","0.229","0.234","0.242","0.219","0.00%"
"15-06-2020","0.229","0.208","0.232","0.200","1.15%"
"12-06-2020","0.227","0.237","0.240","0.213","-1.13%"
"11-06-2020","0.229","0.200","0.237","0.198","11.43%"
"10-06-2020","0.206","0.263","0.268","0.200","-21.04%"
"09-06-2020","0.260","0.289","0.289","0.258","-9.71%"
"08-06-2020","0.288","0.285","0.296","0.267","1.02%"
"05-06-2020","0.285","0.250","0.315","0.242","11.70%"
"04-06-2020","0.256","0.245","0.264","0.234","6.72%"
"03-06-2020","0.240","0.210","0.253","0.207","15.48%"
"02-06-2020","0.207","0.194","0.215","0.191","4.01%"
"01-06-2020","0.199","0.191","0.210","0.183","1.42%"
"29-05-2020","0.197","0.210","0.213","0.189","-9.69%"
"28-05-2020","0.218","0.231","0.231","0.212","-3.46%"
"27-05-2020","0.226","0.210","0.239","0.199","4.98%"
"26-05-2020","0.215","0.207","0.236","0.204","2.53%"
"25-05-2020","0.209","0.209","0.209","0.209","1.31%"
"22-05-2020","0.207","0.212","0.214","0.191","-3.54%"
"21-05-2020","0.214","0.209","0.220","0.201","-1.20%"
"20-05-2020","0.217","0.212","0.228","0.199","2.55%"
"19-05-2020","0.212","0.227","0.235","0.206","-9.03%"
"18-05-2020","0.233","0.183","0.241","0.177","22.10%"
"15-05-2020","0.191","0.196","0.198","0.172","0.00%"
"14-05-2020","0.190","0.198","0.206","0.183","-7.62%"
"13-05-2020","0.206","0.203","0.214","0.188","-1.25%"
"12-05-2020","0.209","0.227","0.248","0.206","-6.54%"
"11-05-2020","0.223","0.221","0.237","0.194","3.72%"
"08-05-2020","0.215","0.194","0.218","0.156","10.99%"
"07-05-2020","0.194","0.239","0.250","0.181","-20.76%"
"06-05-2020","0.245","0.261","0.269","0.239","-3.17%"
"05-05-2020","0.253","0.253","0.261","0.239","4.42%"
"04-05-2020","0.242","0.258","0.261","0.231","-3.20%"
"01-05-2020","0.250","0.247","0.261","0.226","-1.03%"
"30-04-2020","0.253","0.250","0.255","0.221","-1.06%"
"29-04-2020","0.255","0.271","0.279","0.239","-4.95%"
"28-04-2020","0.269","0.290","0.290","0.253","-7.28%"
"27-04-2020","0.290","0.274","0.298","0.269","6.82%"
"24-04-2020","0.271","0.274","0.279","0.255","1.01%"
"23-04-2020","0.269","0.258","0.279","0.255","2.01%"
"22-04-2020","0.263","0.253","0.271","0.234","9.90%"
"21-04-2020","0.240","0.255","0.261","0.221","-6.19%"
"20-04-2020","0.255","0.253","0.263","0.240","2.12%"
"17-04-2020","0.250","0.279","0.292","0.229","-2.04%"
"16-04-2020","0.255","0.245","0.261","0.221","5.37%"
"15-04-2020","0.242","0.281","0.289","0.229","-15.49%"
"14-04-2020","0.287","0.321","0.334","0.279","-12.09%"
"13-04-2020","0.326","0.300","0.326","0.292","7.84%"
"09-04-2020","0.302","0.344","0.344","0.281","-12.20%"
"08-04-2020","0.344","0.350","0.373","0.318","-3.67%"
"07-04-2020","0.357","0.363","0.392","0.350","5.27%"
"06-04-2020","0.340","0.308","0.350","0.308","14.31%"
"03-04-2020","0.297","0.282","0.308","0.260","3.48%"
"02-04-2020","0.287","0.255","0.292","0.253","-0.97%"
"01-04-2020","0.290","0.279","0.298","0.258","-1.86%"
"31-03-2020","0.295","0.280","0.303","0.248","-0.94%"
"30-03-2020","0.298","0.288","0.322","0.264","0.00%"
"27-03-2020","0.298","0.370","0.373","0.285","-19.98%"
"26-03-2020","0.373","0.370","0.389","0.320","-6.02%"
"25-03-2020","0.397","0.407","0.450","0.370","-6.86%"
"24-03-2020","0.426","0.334","0.447","0.331","24.71%"
"23-03-2020","0.342","0.321","0.373","0.268","-11.64%"
"20-03-2020","0.387","0.566","0.572","0.363","-31.71%"
"19-03-2020","0.566","0.600","0.672","0.447","-15.09%"
"18-03-2020","0.667","0.582","0.688","0.529","8.20%"
"17-03-2020","0.616","0.440","0.635","0.421","41.02%"
"16-03-2020","0.437","0.416","0.482","0.322","-29.97%"
"13-03-2020","0.624","0.576","0.645","0.511","12.90%"
"12-03-2020","0.553","0.629","0.679","0.437","-12.89%"
"11-03-2020","0.634","0.574","0.648","0.482","0.48%"
"10-03-2020","0.631","0.513","0.637","0.449","40.56%"
"09-03-2020","0.449","0.495","0.495","0.273","-19.57%"
"06-03-2020","0.558","0.627","0.635","0.432","-10.90%"
"05-03-2020","0.627","0.720","0.720","0.585","-12.32%"
"04-03-2020","0.715","0.692","0.723","0.627","1.03%"
"03-03-2020","0.708","0.905","0.910","0.628","-20.86%"
"02-03-2020","0.894","0.823","0.921","0.714","-2.38%"
"28-02-2020","0.916","1.069","1.074","0.844","-13.67%"
"27-02-2020","1.061","1.136","1.139","1.024","-7.69%"
"26-02-2020","1.149","1.187","1.195","1.115","-2.74%"
"25-02-2020","1.182","1.225","1.251","1.128","-1.79%"
"24-02-2020","1.203","1.254","1.278","1.192","-8.74%"
"21-02-2020","1.319","1.354","1.364","1.281","-2.97%"
"20-02-2020","1.359","1.405","1.407","1.345","-2.50%"
"19-02-2020","1.394","1.391","1.405","1.375","0.97%"
"18-02-2020","1.380","1.394","1.394","1.356","-0.96%"
"17-02-2020","1.394","1.394","1.394","1.394","-0.39%"
"14-02-2020","1.399","1.410","1.421","1.383","-1.51%"
"13-02-2020","1.421","1.399","1.423","1.364","-0.19%"
"12-02-2020","1.423","1.404","1.426","1.399","1.36%"
"11-02-2020","1.404","1.390","1.410","1.382","2.59%"
"10-02-2020","1.369","1.369","1.404","1.350","-1.38%"
"07-02-2020","1.388","1.440","1.459","1.383","-3.61%"
"06-02-2020","1.440","1.434","1.470","1.424","0.19%"
"05-02-2020","1.437","1.402","1.459","1.375","2.51%"
"04-02-2020","1.402","1.326","1.418","1.326","5.07%"
"03-02-2020","1.334","1.302","1.378","1.299","2.90%"
"31-01-2020","1.297","1.389","1.402","1.294","-7.01%"
"30-01-2020","1.394","1.395","1.397","1.340","0.19%"
"29-01-2020","1.392","1.451","1.462","1.389","-4.63%"
"28-01-2020","1.459","1.419","1.462","1.381","2.85%"
"27-01-2020","1.419","1.430","1.441","1.400","-4.19%"
"24-01-2020","1.481","1.519","1.532","1.459","-1.61%"
"23-01-2020","1.505","1.527","1.527","1.484","-1.59%"
"22-01-2020","1.530","1.543","1.551","1.524","-0.17%"
"21-01-2020","1.532","1.573","1.573","1.524","-2.40%"
"20-01-2020","1.570","1.575","1.575","1.570","-0.34%"
"17-01-2020","1.575","1.572","1.597","1.562","-0.16%"
"16-01-2020","1.578","1.567","1.591","1.556","0.86%"
"15-01-2020","1.564","1.578","1.586","1.559","-1.01%"
"14-01-2020","1.580","1.602","1.612","1.575","-1.34%"
"13-01-2020","1.602","1.626","1.626","1.588","1.02%"
"10-01-2020","1.586","1.599","1.612","1.575","-0.67%"
"09-01-2020","1.596","1.604","1.631","1.591","-0.67%"
"08-01-2020","1.607","1.508","1.637","1.468","3.61%"
"07-01-2020","1.551","1.562","1.570","1.546","-0.53%"
"06-01-2020","1.559","1.527","1.576","1.516","0.88%"
"03-01-2020","1.546","1.562","1.573","1.524","-3.09%"
"02-01-2020","1.595","1.614","1.625","1.565","-0.85%"
"01-01-2020","1.609","1.609","1.609","1.609","0.00%"
"31-12-2019","1.609","1.595","1.617","1.587","0.85%"
"30-12-2019","1.595","1.600","1.636","1.592","-0.34%"
"27-12-2019","1.600","1.647","1.647","1.600","-2.64%"
"26-12-2019","1.644","1.652","1.663","1.641","-0.33%"
"25-12-2019","1.649","1.649","1.649","1.649","0.33%"
"24-12-2019","1.644","1.676","1.698","1.636","-1.93%"
"23-12-2019","1.676","1.666","1.687","1.655","0.81%"
"20-12-2019","1.663","1.660","1.679","1.652","0.00%"
"19-12-2019","1.663","1.671","1.692","1.636","-0.48%"
"18-12-2019","1.671","1.655","1.687","1.641","1.14%"
"17-12-2019","1.652","1.649","1.663","1.641","-0.16%"
"16-12-2019","1.655","1.633","1.671","1.628","1.82%"
"13-12-2019","1.625","1.730","1.730","1.612","-3.81%"
"12-12-2019","1.689","1.628","1.722","1.593","3.96%"
"11-12-2019","1.625","1.663","1.668","1.614","-2.41%"
"10-12-2019","1.665","1.630","1.668","1.606","2.14%"
"09-12-2019","1.630","1.647","1.647","1.622","-0.83%"
"06-12-2019","1.644","1.603","1.674","1.592","2.21%"
"05-12-2019","1.609","1.587","1.619","1.573","1.55%"
"04-12-2019","1.584","1.546","1.598","1.524","2.82%"
"03-12-2019","1.541","1.614","1.636","1.511","-4.71%"
"02-12-2019","1.617","1.625","1.660","1.614","0.50%"
"29-11-2019","1.609","1.625","1.630","1.600","-0.84%"
"28-11-2019","1.622","1.622","1.622","1.622","0.33%"
"27-11-2019","1.617","1.584","1.622","1.579","2.40%"
"26-11-2019","1.579","1.603","1.620","1.571","-1.02%"
"25-11-2019","1.595","1.620","1.636","1.595","-1.01%"
"22-11-2019","1.611","1.587","1.617","1.571","1.01%"
"21-11-2019","1.595","1.558","1.598","1.534","1.54%"
"20-11-2019","1.571","1.582","1.590","1.552","-1.69%"
"19-11-2019","1.598","1.601","1.625","1.585","-0.34%"
"18-11-2019","1.604","1.609","1.638","1.585","-0.83%"
"15-11-2019","1.617","1.604","1.628","1.595","1.51%"
"14-11-2019","1.593","1.657","1.663","1.579","-4.19%"
"13-11-2019","1.663","1.692","1.697","1.638","-1.58%"
"12-11-2019","1.689","1.700","1.727","1.676","-0.63%"
"11-11-2019","1.700","1.703","1.703","1.700","-0.63%"
"08-11-2019","1.711","1.697","1.724","1.660","0.65%"
"07-11-2019","1.700","1.604","1.734","1.598","5.28%"
"06-11-2019","1.614","1.625","1.633","1.596","-1.24%"
"05-11-2019","1.635","1.607","1.662","1.591","2.59%"
"04-11-2019","1.593","1.599","1.604","1.569","3.02%"
"01-11-2019","1.546","1.521","1.577","1.506","2.01%"
"31-10-2019","1.516","1.603","1.631","1.508","-5.10%"
"30-10-2019","1.598","1.652","1.677","1.595","-3.13%"
"29-10-2019","1.649","1.655","1.671","1.633","-0.15%"
"28-10-2019","1.652","1.624","1.671","1.619","1.86%"
"25-10-2019","1.622","1.572","1.641","1.569","2.44%"
"24-10-2019","1.583","1.580","1.602","1.553","-0.33%"
"23-10-2019","1.588","1.577","1.591","1.548","0.35%"
"22-10-2019","1.583","1.607","1.615","1.569","-1.33%"
"21-10-2019","1.604","1.544","1.604","1.542","3.14%"
"18-10-2019","1.555","1.576","1.593","1.536","-1.17%"
"17-10-2019","1.574","1.555","1.622","1.544","0.36%"
"16-10-2019","1.568","1.595","1.597","1.544","-2.17%"
"15-10-2019","1.603","1.560","1.611","1.512","2.42%"
"14-10-2019","1.565","1.562","1.565","1.562","-0.17%"
"11-10-2019","1.568","1.501","1.608","1.482","4.10%"
"10-10-2019","1.506","1.388","1.506","1.380","5.23%"
"09-10-2019","1.431","1.370","1.436","1.367","4.32%"
"08-10-2019","1.372","1.410","1.445","1.355","-3.45%"
"07-10-2019","1.421","1.339","1.424","1.334","4.38%"
"04-10-2019","1.361","1.351","1.391","1.329","0.78%"
"03-10-2019","1.351","1.427","1.435","1.324","-5.86%"
"02-10-2019","1.435","1.495","1.519","1.421","-3.99%"
"01-10-2019","1.495","1.562","1.630","1.478","-4.35%"
"30-09-2019","1.562","1.570","1.600","1.557","-0.86%"
"27-09-2019","1.576","1.597","1.625","1.560","-1.35%"
"26-09-2019","1.597","1.608","1.619","1.568","-1.16%"
"25-09-2019","1.616","1.554","1.624","1.538","4.37%"
"24-09-2019","1.548","1.611","1.616","1.527","-4.18%"
"23-09-2019","1.616","1.640","1.657","1.559","-0.33%"
"20-09-2019","1.621","1.691","1.700","1.616","-4.13%"
"19-09-2019","1.691","1.702","1.724","1.661","-0.94%"
"18-09-2019","1.707","1.680","1.718","1.613","1.29%"
"17-09-2019","1.686","1.723","1.723","1.675","-1.72%"
"16-09-2019","1.715","1.764","1.764","1.702","-2.89%"
"13-09-2019","1.766","1.661","1.769","1.653","6.15%"
"12-09-2019","1.664","1.639","1.674","1.562","2.83%"
"11-09-2019","1.618","1.610","1.623","1.591","-1.17%"
"10-09-2019","1.637","1.541","1.640","1.522","6.62%"
"09-09-2019","1.536","1.470","1.538","1.467","4.08%"
"06-09-2019","1.475","1.464","1.601","1.442","0.55%"
"05-09-2019","1.467","1.359","1.500","1.359","7.99%"
"04-09-2019","1.359","1.367","1.397","1.350","-1.00%"
"03-09-2019","1.372","1.429","1.451","1.353","-3.81%"
"02-09-2019","1.427","1.432","1.432","1.427","-0.38%"
"30-08-2019","1.432","1.440","1.473","1.424","-0.95%"
"29-08-2019","1.446","1.408","1.467","1.400","2.10%"
"28-08-2019","1.416","1.438","1.449","1.405","-1.32%"
"27-08-2019","1.435","1.454","1.467","1.427","-1.67%"
"26-08-2019","1.459","1.384","1.478","1.368","0.55%"
"23-08-2019","1.451","1.530","1.570","1.424","-5.28%"
"22-08-2019","1.532","1.500","1.538","1.470","2.15%"
"21-08-2019","1.500","1.452","1.505","1.449","3.91%"
"20-08-2019","1.444","1.479","1.484","1.428","-3.59%"
"19-08-2019","1.497","1.444","1.497","1.438","4.10%"
"16-08-2019","1.438","1.446","1.484","1.428","1.11%"
"15-08-2019","1.423","1.529","1.543","1.414","-6.83%"
"14-08-2019","1.527","1.602","1.604","1.503","-5.32%"
"13-08-2019","1.612","1.521","1.615","1.489","7.12%"
"12-08-2019","1.505","1.639","1.639","1.497","-5.39%"
"09-08-2019","1.591","1.524","1.594","1.519","2.77%"
"08-08-2019","1.548","1.524","1.591","1.521","0.52%"
"07-08-2019","1.540","1.519","1.551","1.431","0.00%"
"06-08-2019","1.540","1.488","1.581","1.483","0.16%"
"05-08-2019","1.537","1.676","1.679","1.532","-7.99%"
"02-08-2019","1.671","1.684","1.720","1.641","-1.46%"
"01-08-2019","1.695","1.837","1.865","1.652","-7.02%"
"31-07-2019","1.824","1.813","1.917","1.774","0.60%"
"30-07-2019","1.813","1.821","1.829","1.796","-0.30%"
"29-07-2019","1.818","1.815","1.823","1.802","-0.30%"
"26-07-2019","1.823","1.834","1.862","1.815","-0.73%"
"25-07-2019","1.837","1.780","1.845","1.763","2.58%"
"24-07-2019","1.791","1.804","1.807","1.766","-0.60%"
"23-07-2019","1.801","1.782","1.812","1.777","1.22%"
"22-07-2019","1.780","1.796","1.807","1.763","-0.60%"
"19-07-2019","1.791","1.763","1.801","1.758","3.43%"
"18-07-2019","1.731","1.790","1.815","1.726","-2.87%"
"17-07-2019","1.782","1.839","1.842","1.782","-2.94%"
"16-07-2019","1.836","1.806","1.863","1.804","1.49%"
"15-07-2019","1.809","1.941","1.941","1.806","-0.88%"
"12-07-2019","1.825","1.847","1.860","1.814","-1.74%"
"11-07-2019","1.858","1.790","1.863","1.769","3.29%"
"10-07-2019","1.798","1.868","1.901","1.793","-3.73%"
"09-07-2019","1.868","1.829","1.871","1.821","1.65%"
"08-07-2019","1.838","1.827","1.846","1.788","0.91%"
"05-07-2019","1.821","1.704","1.838","1.695","6.91%"
"04-07-2019","1.704","1.701","1.706","1.701","-0.32%"
"03-07-2019","1.709","1.701","1.714","1.671","0.00%"
"02-07-2019","1.709","1.725","1.736","1.698","-2.03%"
"01-07-2019","1.744","1.763","1.763","1.706","1.90%"
"28-06-2019","1.712","1.715","1.728","1.698","0.00%"
"27-06-2019","1.712","1.739","1.783","1.704","-2.02%"
"26-06-2019","1.747","1.696","1.753","1.693","4.03%"
"25-06-2019","1.679","1.682","1.709","1.650","-0.49%"
"24-06-2019","1.688","1.731","1.739","1.677","-2.50%"
"21-06-2019","1.731","1.718","1.763","1.704","0.15%"
"20-06-2019","1.728","1.688","1.755","1.648","1.90%"
"19-06-2019","1.696","1.804","1.844","1.691","-5.55%"
"18-06-2019","1.796","1.809","1.817","1.739","-0.89%"
"17-06-2019","1.812","1.804","1.825","1.790","1.21%"
"14-06-2019","1.790","1.769","1.823","1.739","0.76%"
"13-06-2019","1.777","1.828","1.831","1.763","-2.51%"
"12-06-2019","1.823","1.860","1.866","1.806","-3.15%"
"11-06-2019","1.882","1.868","1.910","1.863","0.13%"
"10-06-2019","1.880","1.869","1.880","1.838","3.30%"
"07-06-2019","1.819","1.848","1.853","1.743","-1.23%"
"06-06-2019","1.842","1.815","1.861","1.779","1.33%"
"05-06-2019","1.818","1.851","1.851","1.739","-1.20%"
"04-06-2019","1.840","1.797","1.881","1.794","2.40%"
"03-06-2019","1.797","1.870","1.879","1.770","-4.36%"
"31-05-2019","1.879","1.974","1.977","1.870","-6.54%"
"30-05-2019","2.010","2.056","2.084","2.002","-2.39%"
"29-05-2019","2.059","2.062","2.065","1.999","0.00%"
"28-05-2019","2.059","2.109","2.114","2.054","-2.33%"
"27-05-2019","2.109","2.109","2.109","2.109","0.00%"
"24-05-2019","2.109","2.098","2.114","2.089","0.78%"
"23-05-2019","2.092","2.168","2.168","2.060","-3.27%"
"22-05-2019","2.163","2.198","2.204","2.163","-1.86%"
"21-05-2019","2.204","2.174","2.209","2.168","1.25%"
"20-05-2019","2.177","2.160","2.179","2.141","1.39%"
"17-05-2019","2.147","2.144","2.166","2.109","0.26%"
"16-05-2019","2.141","2.117","2.166","2.101","1.02%"
"15-05-2019","2.120","2.155","2.168","2.092","-1.88%"
"14-05-2019","2.160","2.147","2.174","2.136","0.38%"
"13-05-2019","2.152","2.193","2.204","2.136","-3.76%"
"10-05-2019","2.236","2.228","2.244","2.190","0.61%"
"09-05-2019","2.222","2.252","2.258","2.190","-1.80%"
"08-05-2019","2.263","2.247","2.269","2.212","0.96%"
"07-05-2019","2.241","2.250","2.280","2.236","-1.46%"
"06-05-2019","2.275","2.258","2.280","2.250","-1.32%"
"03-05-2019","2.305","2.322","2.399","2.288","-0.59%"
"02-05-2019","2.319","2.299","2.321","2.288","1.57%"
"01-05-2019","2.283","2.242","2.294","2.176","1.84%"
"30-04-2019","2.242","2.258","2.291","2.236","-1.21%"
"29-04-2019","2.269","2.264","2.280","2.250","0.73%"
"26-04-2019","2.253","2.291","2.313","2.244","-2.26%"
"25-04-2019","2.305","2.288","2.305","2.280","0.84%"
"24-04-2019","2.285","2.337","2.337","2.280","-2.11%"
"23-04-2019","2.335","2.356","2.362","2.321","-0.93%"
"22-04-2019","2.356","2.340","2.362","2.340","0.47%"
"18-04-2019","2.345","2.370","2.375","2.337","-1.36%"
"17-04-2019","2.378","2.381","2.405","2.367","-0.34%"
"16-04-2019","2.386","2.359","2.389","2.350","1.16%"
"15-04-2019","2.359","2.359","2.378","2.350","-0.11%"
"12-04-2019","2.361","2.304","2.367","2.302","2.35%"
"11-04-2019","2.307","2.280","2.312","2.274","1.67%"
"10-04-2019","2.269","2.304","2.307","2.261","-1.22%"
"09-04-2019","2.297","2.314","2.322","2.280","-0.72%"
"08-04-2019","2.314","2.297","2.316","2.278","0.84%"
"05-04-2019","2.294","2.295","2.336","2.286","0.00%"
"04-04-2019","2.295","2.295","2.303","2.262","-0.24%"
"03-04-2019","2.300","2.256","2.300","2.251","1.95%"
"02-04-2019","2.256","2.284","2.287","2.254","-1.80%"
"01-04-2019","2.298","2.240","2.298","2.221","3.97%"
"29-03-2019","2.210","2.186","2.237","2.183","1.36%"
"28-03-2019","2.180","2.137","2.197","2.112","1.51%"
"27-03-2019","2.148","2.194","2.200","2.099","-2.24%"
"26-03-2019","2.197","2.184","2.230","2.173","1.00%"
"25-03-2019","2.175","2.255","2.268","2.148","-3.04%"
"22-03-2019","2.244","2.339","2.342","2.227","-4.31%"
"21-03-2019","2.345","2.337","2.353","2.309","0.47%"
"20-03-2019","2.334","2.424","2.427","2.320","-3.82%"
"19-03-2019","2.427","2.402","2.427","2.397","0.79%"
"18-03-2019","2.408","2.399","2.413","2.383","0.57%"
"15-03-2019","2.394","2.421","2.427","2.380","-1.12%"
"14-03-2019","2.421","2.427","2.438","2.405","-0.33%"
"13-03-2019","2.429","2.418","2.432","2.405","0.90%"
"12-03-2019","2.408","2.465","2.470","2.402","-1.94%"
"11-03-2019","2.455","2.439","2.461","2.433","0.68%"
"08-03-2019","2.439","2.453","2.464","2.403","-0.35%"
"07-03-2019","2.447","2.494","2.497","2.439","-2.00%"
"06-03-2019","2.497","2.525","2.527","2.486","-1.20%"
"05-03-2019","2.527","2.525","2.552","2.514","0.33%"
"04-03-2019","2.519","2.544","2.549","2.514","-0.76%"
"01-03-2019","2.539","2.494","2.544","2.492","1.66%"
"28-02-2019","2.497","2.456","2.511","2.442","1.11%"
"27-02-2019","2.470","2.445","2.483","2.437","0.89%"
"26-02-2019","2.448","2.470","2.475","2.445","-1.11%"
"25-02-2019","2.475","2.472","2.492","2.464","0.44%"
"22-02-2019","2.464","2.500","2.505","2.445","-1.75%"
"21-02-2019","2.508","2.467","2.511","2.464","1.55%"
"20-02-2019","2.470","2.462","2.475","2.451","0.44%"
"19-02-2019","2.459","2.497","2.500","2.456","-1.53%"
"18-02-2019","2.497","2.497","2.497","2.497","0.11%"
"15-02-2019","2.494","2.481","2.500","2.470","0.77%"
"14-02-2019","2.476","2.516","2.530","2.459","-1.94%"
"13-02-2019","2.524","2.500","2.533","2.495","1.42%"
"12-02-2019","2.489","2.467","2.500","2.462","0.88%"
"11-02-2019","2.467","2.429","2.478","2.429","1.11%"
"08-02-2019","2.440","2.462","2.465","2.424","-0.77%"
"07-02-2019","2.459","2.503","2.503","2.451","-1.74%"
"06-02-2019","2.503","2.500","2.505","2.476","-0.21%"
"05-02-2019","2.508","2.519","2.539","2.500","-0.77%"
"04-02-2019","2.527","2.503","2.530","2.497","1.44%"
"01-02-2019","2.491","2.453","2.511","2.433","2.14%"
"31-01-2019","2.439","2.489","2.491","2.425","-1.78%"
"30-01-2019","2.483","2.552","2.577","2.480","-2.49%"
"29-01-2019","2.547","2.574","2.574","2.544","-1.18%"
"28-01-2019","2.577","2.585","2.599","2.563","-0.43%"
"25-01-2019","2.588","2.546","2.591","2.541","1.96%"
"24-01-2019","2.538","2.563","2.571","2.522","-1.18%"
"23-01-2019","2.569","2.563","2.593","2.555","0.00%"
"22-01-2019","2.568","2.588","2.590","2.549","-0.74%"
"21-01-2019","2.588","2.585","2.588","2.585","-0.53%"
"18-01-2019","2.601","2.549","2.618","2.544","1.83%"
"17-01-2019","2.555","2.522","2.568","2.500","1.08%"
"16-01-2019","2.527","2.522","2.549","2.511","0.43%"
"15-01-2019","2.516","2.514","2.527","2.484","0.11%"
"14-01-2019","2.514","2.486","2.519","2.476","-0.11%"
"11-01-2019","2.516","2.538","2.546","2.497","-1.39%"
"10-01-2019","2.552","2.530","2.554","2.489","0.75%"
"09-01-2019","2.533","2.576","2.587","2.527","-1.42%"
"08-01-2019","2.569","2.522","2.575","2.513","1.76%"
"07-01-2019","2.525","2.483","2.527","2.444","1.78%"
"04-01-2019","2.480","2.354","2.486","2.338","6.11%"
"03-01-2019","2.338","2.426","2.475","2.332","-4.29%"
"02-01-2019","2.442","2.481","2.492","2.431","-0.68%"
"01-01-2019","2.459","2.459","2.459","2.459","0.00%"
"31-12-2018","2.459","2.572","2.572","2.451","-1.55%"
"28-12-2018","2.498","2.562","2.575","2.492","-2.48%"
"27-12-2018","2.562","2.605","2.611","2.529","-1.90%"
"26-12-2018","2.611","2.559","2.619","2.529","2.04%"
"25-12-2018","2.559","2.559","2.559","2.559","0.22%"
"24-12-2018","2.553","2.617","2.617","2.551","-2.52%"
"21-12-2018","2.619","2.650","2.669","2.611","-1.24%"
"20-12-2018","2.652","2.630","2.658","2.617","0.94%"
"19-12-2018","2.628","2.628","2.732","2.595","-0.31%"
"18-12-2018","2.636","2.682","2.685","2.628","-1.83%"
"17-12-2018","2.685","2.732","2.737","2.674","-1.51%"
"14-12-2018","2.726","2.759","2.759","2.704","-1.19%"
"13-12-2018","2.759","2.778","2.781","2.751","-0.69%"
"12-12-2018","2.778","2.767","2.786","2.756","0.46%"
"11-12-2018","2.765","2.729","2.782","2.724","1.02%"
"10-12-2018","2.738","2.699","2.740","2.690","0.51%"
"07-12-2018","2.724","2.777","2.816","2.716","-1.62%"
"06-12-2018","2.769","2.772","2.774","2.699","-1.59%"
"05-12-2018","2.813","2.813","2.813","2.813","0.19%"
"04-12-2018","2.808","2.836","2.844","2.794","-0.69%"
"03-12-2018","2.827","2.852","2.869","2.825","0.59%"
"30-11-2018","2.811","2.830","2.844","2.803","-0.79%"
"29-11-2018","2.833","2.836","2.844","2.794","-0.39%"
"28-11-2018","2.844","2.864","2.878","2.828","-0.68%"
"27-11-2018","2.864","2.855","2.872","2.847","0.19%"
"26-11-2018","2.858","2.839","2.875","2.839","0.58%"
"23-11-2018","2.842","2.850","2.861","2.825","-0.39%"
"22-11-2018","2.853","2.853","2.853","2.853","0.00%"
"21-11-2018","2.853","2.850","2.878","2.842","0.28%"
"20-11-2018","2.845","2.834","2.850","2.817","0.39%"
"19-11-2018","2.834","2.842","2.872","2.817","-0.48%"
"16-11-2018","2.848","2.908","2.922","2.845","-1.98%"
"15-11-2018","2.905","2.922","2.933","2.875","-0.56%"
"14-11-2018","2.922","2.954","2.968","2.889","-1.02%"
"13-11-2018","2.952","2.960","2.979","2.946","-0.28%"
"12-11-2018","2.960","2.963","2.963","2.960","-1.19%"
"09-11-2018","2.996","3.040","3.045","2.993","-1.72%"
"08-11-2018","3.048","3.034","3.053","3.018","0.27%"
"07-11-2018","3.040","2.998","3.045","2.982","0.91%"
"06-11-2018","3.012","2.996","3.012","2.974","1.15%"
"05-11-2018","2.978","2.967","2.981","2.953","-0.09%"
"02-11-2018","2.981","2.908","2.986","2.905","2.60%"
"01-11-2018","2.905","2.928","2.936","2.902","-0.76%"
"31-10-2018","2.928","2.914","2.950","2.914","0.77%"
"30-10-2018","2.905","2.869","2.911","2.869","1.06%"
"29-10-2018","2.875","2.866","2.897","2.842","0.58%"
"26-10-2018","2.858","2.891","2.900","2.828","-1.72%"
"25-10-2018","2.908","2.883","2.930","2.878","0.48%"
"24-10-2018","2.894","2.961","2.961","2.875","-2.06%"
"23-10-2018","2.955","2.983","2.985","2.914","-1.11%"
"22-10-2018","2.988","2.983","2.994","2.971","0.10%"
"19-10-2018","2.985","2.963","2.993","2.955","0.94%"
"18-10-2018","2.957","2.985","3.001","2.941","-1.01%"
"17-10-2018","2.988","2.955","2.990","2.941","1.12%"
"16-10-2018","2.955","2.944","2.966","2.944","0.38%"
"15-10-2018","2.944","2.941","2.949","2.924","-0.19%"
"12-10-2018","2.949","2.944","2.968","2.919","0.37%"
"11-10-2018","2.938","2.932","2.968","2.916","0.12%"
"10-10-2018","2.935","2.982","3.002","2.926","-1.50%"
"09-10-2018","2.979","2.965","2.985","2.965","0.38%"
"08-10-2018","2.968","2.976","2.976","2.965","-0.57%"
"05-10-2018","2.985","2.967","3.002","2.962","0.69%"
"04-10-2018","2.964","2.973","2.998","2.959","0.00%"
"03-10-2018","2.964","2.880","2.967","2.872","2.81%"
"02-10-2018","2.883","2.894","2.894","2.861","-0.28%"
"01-10-2018","2.891","2.891","2.908","2.883","0.19%"
"28-09-2018","2.886","2.894","2.897","2.869","-0.18%"
"27-09-2018","2.891","2.880","2.902","2.866","0.39%"
"26-09-2018","2.880","2.916","2.916","2.880","-1.23%"
"25-09-2018","2.916","2.907","2.924","2.905","0.39%"
"24-09-2018","2.905","2.924","2.924","2.885","0.48%"
"21-09-2018","2.891","2.896","2.913","2.888","-0.18%"
"20-09-2018","2.896","2.882","2.912","2.879","0.29%"
"19-09-2018","2.887","2.885","2.901","2.874","0.10%"
"18-09-2018","2.885","2.835","2.890","2.832","1.36%"
"17-09-2018","2.846","2.882","2.882","2.843","-0.39%"
"14-09-2018","2.857","2.824","2.860","2.821","0.97%"
"13-09-2018","2.829","2.824","2.843","2.805","0.29%"
"12-09-2018","2.821","2.824","2.827","2.807","-0.04%"
"11-09-2018","2.822","2.780","2.825","2.780","1.51%"
"10-09-2018","2.780","2.775","2.783","2.764","0.20%"
"07-09-2018","2.775","2.702","2.780","2.697","2.79%"
"06-09-2018","2.700","2.716","2.727","2.697","-0.82%"
"05-09-2018","2.722","2.727","2.736","2.708","-0.10%"
"04-09-2018","2.725","2.697","2.730","2.691","0.82%"
"03-09-2018","2.703","2.700","2.703","2.700","0.31%"
"31-08-2018","2.694","2.717","2.719","2.689","-0.72%"
"30-08-2018","2.714","2.744","2.747","2.711","-1.21%"
"29-08-2018","2.747","2.725","2.747","2.717","0.61%"
"28-08-2018","2.730","2.708","2.730","2.700","1.12%"
"27-08-2018","2.700","2.681","2.706","2.675","0.92%"
"24-08-2018","2.675","2.678","2.697","2.675","0.00%"
"23-08-2018","2.676","2.654","2.678","2.651","0.82%"
"22-08-2018","2.654","2.659","2.670","2.645","-0.72%"
"21-08-2018","2.673","2.654","2.676","2.651","0.93%"
"20-08-2018","2.648","2.684","2.690","2.646","-1.33%"
"17-08-2018","2.684","2.690","2.695","2.668","-0.11%"
"16-08-2018","2.687","2.682","2.706","2.676","0.20%"
"15-08-2018","2.682","2.709","2.709","2.655","-1.11%"
"14-08-2018","2.712","2.695","2.717","2.695","0.81%"
"13-08-2018","2.690","2.676","2.701","2.657","0.31%"
"10-08-2018","2.682","2.739","2.742","2.668","-2.09%"
"09-08-2018","2.739","2.761","2.766","2.734","-0.89%"
"08-08-2018","2.764","2.772","2.775","2.756","0.00%"
"07-08-2018","2.764","2.736","2.764","2.731","1.23%"
"06-08-2018","2.730","2.739","2.747","2.719","-0.10%"
"03-08-2018","2.733","2.769","2.775","2.730","-1.00%"
"02-08-2018","2.761","2.780","2.783","2.758","-0.79%"
"01-08-2018","2.783","2.761","2.791","2.761","0.51%"
"31-07-2018","2.769","2.760","2.772","2.741","0.21%"
"30-07-2018","2.763","2.763","2.780","2.758","0.00%"
"27-07-2018","2.763","2.777","2.782","2.758","-0.49%"
"26-07-2018","2.777","2.757","2.779","2.746","0.61%"
"25-07-2018","2.760","2.735","2.763","2.727","0.91%"
"24-07-2018","2.735","2.724","2.743","2.716","0.30%"
"23-07-2018","2.727","2.677","2.732","2.666","1.75%"
"20-07-2018","2.680","2.677","2.685","2.658","0.73%"
"19-07-2018","2.661","2.696","2.715","2.652","-1.22%"
"18-07-2018","2.693","2.693","2.699","2.677","0.20%"
"17-07-2018","2.688","2.682","2.691","2.674","0.41%"
"16-07-2018","2.677","2.655","2.691","2.655","0.82%"
"13-07-2018","2.655","2.685","2.685","2.652","-0.81%"
"12-07-2018","2.677","2.680","2.701","2.674","0.41%"
"11-07-2018","2.666","2.663","2.693","2.647","-0.54%"
"10-07-2018","2.680","2.664","2.686","2.658","0.73%"
"09-07-2018","2.661","2.636","2.667","2.636","1.06%"
"06-07-2018","2.633","2.636","2.655","2.614","-0.42%"
"05-07-2018","2.644","2.630","2.652","2.622","0.53%"
"04-07-2018","2.630","2.628","2.630","2.628","0.32%"
"03-07-2018","2.622","2.647","2.661","2.619","-0.84%"
"02-07-2018","2.644","2.622","2.650","2.597","0.74%"
"29-06-2018","2.625","2.603","2.630","2.597","0.95%"
"28-06-2018","2.600","2.586","2.614","2.578","0.42%"
"27-06-2018","2.589","2.628","2.633","2.586","-1.36%"
"26-06-2018","2.625","2.628","2.650","2.617","-0.21%"
"25-06-2018","2.630","2.644","2.644","2.617","-0.52%"
"22-06-2018","2.644","2.652","2.672","2.639","-0.10%"
"21-06-2018","2.647","2.680","2.688","2.636","-1.23%"
"20-06-2018","2.680","2.655","2.680","2.636","1.03%"
"19-06-2018","2.652","2.647","2.658","2.606","-0.72%"
"18-06-2018","2.671","2.677","2.677","2.658","-0.30%"
"15-06-2018","2.680","2.693","2.693","2.655","-0.50%"
"14-06-2018","2.693","2.707","2.712","2.674","-0.51%"
"13-06-2018","2.707","2.677","2.734","2.669","1.12%"
"12-06-2018","2.677","2.661","2.688","2.652","0.81%"
"11-06-2018","2.655","2.650","2.667","2.644","0.74%"
"08-06-2018","2.636","2.636","2.647","2.588","0.53%"
"07-06-2018","2.622","2.655","2.669","2.577","-1.26%"
"06-06-2018","2.655","2.622","2.658","2.619","1.38%"
"05-06-2018","2.619","2.647","2.650","2.597","-1.26%"
"04-06-2018","2.652","2.614","2.652","2.614","1.92%"
"01-06-2018","2.602","2.558","2.625","2.556","1.72%"
"31-05-2018","2.558","2.525","2.572","2.523","0.86%"
"30-05-2018","2.536","2.410","2.547","2.410","3.59%"
"29-05-2018","2.449","2.581","2.589","2.416","-5.22%"
"28-05-2018","2.583","2.608","2.608","2.581","-0.95%"
"25-05-2018","2.608","2.652","2.669","2.605","-1.56%"
"24-05-2018","2.650","2.661","2.669","2.622","-0.51%"
"23-05-2018","2.663","2.732","2.735","2.661","-2.42%"
"22-05-2018","2.729","2.727","2.746","2.724","0.00%"
"21-05-2018","2.729","2.737","2.746","2.724","0.61%"
"18-05-2018","2.713","2.759","2.759","2.713","-1.49%"
"17-05-2018","2.754","2.762","2.776","2.743","-0.49%"
"16-05-2018","2.767","2.743","2.767","2.737","0.70%"
"15-05-2018","2.748","2.707","2.762","2.707","1.42%"
"14-05-2018","2.710","2.699","2.710","2.685","0.61%"
"11-05-2018","2.693","2.688","2.699","2.680","0.20%"
"10-05-2018","2.688","2.688","2.693","2.644","0.10%"
"09-05-2018","2.685","2.663","2.688","2.663","1.52%"
"08-05-2018","2.645","2.633","2.656","2.631","0.43%"
"07-05-2018","2.633","2.633","2.645","2.628","-0.20%"
"04-05-2018","2.639","2.628","2.641","2.594","0.77%"
"03-05-2018","2.619","2.627","2.635","2.605","-0.73%"
"02-05-2018","2.638","2.640","2.663","2.632","-0.20%"
"01-05-2018","2.643","2.632","2.654","2.626","0.54%"
"30-04-2018","2.629","2.621","2.640","2.615","0.43%"
"27-04-2018","2.618","2.625","2.637","2.609","-0.19%"
"26-04-2018","2.623","2.628","2.639","2.612","-0.62%"
"25-04-2018","2.639","2.631","2.658","2.628","0.11%"
"24-04-2018","2.636","2.641","2.658","2.619","-0.09%"
"23-04-2018","2.639","2.627","2.641","2.617","0.74%"
"20-04-2018","2.619","2.586","2.619","2.578","1.30%"
"19-04-2018","2.586","2.572","2.596","2.569","0.33%"
"18-04-2018","2.577","2.533","2.577","2.531","1.85%"
"17-04-2018","2.530","2.525","2.541","2.519","0.33%"
"16-04-2018","2.522","2.514","2.539","2.508","0.88%"
"13-04-2018","2.500","2.487","2.519","2.478","-0.11%"
"12-04-2018","2.503","2.446","2.503","2.438","2.45%"
"11-04-2018","2.443","2.448","2.459","2.416","-0.05%"
"10-04-2018","2.444","2.419","2.455","2.416","1.27%"
"09-04-2018","2.414","2.416","2.436","2.402","0.58%"
"06-04-2018","2.400","2.430","2.447","2.394","-1.81%"
"05-04-2018","2.444","2.436","2.447","2.430","0.46%"
"04-04-2018","2.433","2.405","2.433","2.378","1.04%"
"03-04-2018","2.408","2.375","2.419","2.372","1.63%"
"02-04-2018","2.369","2.402","2.413","2.347","-0.69%"
"29-03-2018","2.386","2.411","2.419","2.383","-0.91%"
"28-03-2018","2.408","2.394","2.424","2.353","0.80%"
"27-03-2018","2.389","2.444","2.449","2.378","-2.13%"
"26-03-2018","2.441","2.413","2.446","2.405","1.48%"
"23-03-2018","2.405","2.408","2.441","2.394","-0.90%"
"22-03-2018","2.427","2.468","2.473","2.402","-1.45%"
"21-03-2018","2.462","2.495","2.528","2.451","-1.31%"
"20-03-2018","2.495","2.454","2.495","2.454","1.45%"
"19-03-2018","2.460","2.457","2.473","2.432","0.56%"
"16-03-2018","2.446","2.438","2.454","2.424","0.68%"
"15-03-2018","2.429","2.413","2.438","2.394","0.79%"
"14-03-2018","2.410","2.418","2.443","2.391","-0.11%"
"13-03-2018","2.413","2.435","2.440","2.399","-0.38%"
"12-03-2018","2.422","2.441","2.450","2.419","-0.45%"
"09-03-2018","2.433","2.430","2.455","2.416","0.82%"
"08-03-2018","2.413","2.419","2.430","2.402","-0.23%"
"07-03-2018","2.419","2.384","2.427","2.380","0.00%"
"06-03-2018","2.418","2.399","2.427","2.382","0.70%"
"05-03-2018","2.402","2.381","2.418","2.349","0.00%"
"02-03-2018","2.401","2.368","2.401","2.338","1.65%"
"01-03-2018","2.363","2.409","2.426","2.343","-2.05%"
"28-02-2018","2.412","2.426","2.451","2.409","-0.56%"
"27-02-2018","2.426","2.371","2.440","2.368","2.09%"
"26-02-2018","2.376","2.395","2.395","2.357","-0.57%"
"23-02-2018","2.390","2.420","2.428","2.373","-1.01%"
"22-02-2018","2.414","2.436","2.441","2.411","-1.00%"
"21-02-2018","2.438","2.414","2.447","2.397","1.26%"
"20-02-2018","2.408","2.414","2.444","2.405","-0.22%"
"19-02-2018","2.414","2.411","2.414","2.411","1.26%"
"16-02-2018","2.384","2.408","2.422","2.378","-0.89%"
"15-02-2018","2.405","2.408","2.446","2.386","0.12%"
"14-02-2018","2.402","2.315","2.405","2.291","3.88%"
"13-02-2018","2.312","2.307","2.320","2.285","0.23%"
"12-02-2018","2.307","2.331","2.331","2.288","0.95%"
"09-02-2018","2.285","2.310","2.334","2.207","-0.94%"
"08-02-2018","2.307","2.304","2.356","2.293","-0.70%"
"07-02-2018","2.323","2.312","2.342","2.272","1.69%"
"06-02-2018","2.285","2.190","2.287","2.091","4.19%"
"05-02-2018","2.193","2.323","2.334","2.179","-5.60%"
"02-02-2018","2.323","2.328","2.365","2.306","0.16%"
"01-02-2018","2.319","2.300","2.325","2.286","1.22%"
"31-01-2018","2.292","2.264","2.305","2.239","1.23%"
"30-01-2018","2.264","2.261","2.280","2.239","0.38%"
"29-01-2018","2.255","2.241","2.294","2.241","0.62%"
"26-01-2018","2.241","2.205","2.255","2.203","1.77%"
"25-01-2018","2.202","2.202","2.224","2.183","0.13%"
"24-01-2018","2.199","2.172","2.205","2.169","1.02%"
"23-01-2018","2.177","2.207","2.207","2.174","-1.11%"
"22-01-2018","2.201","2.207","2.215","2.191","0.00%"
"19-01-2018","2.201","2.174","2.204","2.169","1.40%"
"18-01-2018","2.171","2.171","2.179","2.163","0.25%"
"17-01-2018","2.165","2.122","2.171","2.122","1.93%"
"16-01-2018","2.125","2.124","2.138","2.103","0.00%"
"15-01-2018","2.124","2.116","2.124","2.116","0.39%"
"12-01-2018","2.116","2.100","2.143","2.097","1.03%"
"11-01-2018","2.095","2.089","2.103","2.078","0.13%"
"10-01-2018","2.092","2.095","2.111","2.084","0.61%"
"09-01-2018","2.079","2.063","2.079","2.049","0.95%"
"08-01-2018","2.060","2.051","2.071","2.051","0.00%"
"05-01-2018","2.060","2.040","2.062","2.021","0.97%"
"04-01-2018","2.040","2.026","2.059","2.026","1.24%"
"03-01-2018","2.015","2.012","2.023","1.998","0.14%"
"02-01-2018","2.012","1.990","2.026","1.982","1.96%"
"01-01-2018","1.973","1.973","1.973","1.973","0.00%"
"29-12-2017","1.973","2.000","2.000","1.973","-1.35%"
"28-12-2017","2.000","1.989","2.000","1.981","1.11%"
"27-12-2017","1.979","2.019","2.022","1.979","-1.89%"
"26-12-2017","2.017","2.016","2.030","2.014","-0.13%"
"25-12-2017","2.019","2.016","2.019","2.014","0.41%"
"22-12-2017","2.011","1.997","2.014","1.989","0.84%"
"21-12-2017","1.994","1.986","2.000","1.975","0.42%"
"20-12-2017","1.986","1.975","1.994","1.970","0.41%"
"19-12-2017","1.978","1.956","1.989","1.951","1.53%"
"18-12-2017","1.948","1.961","1.970","1.940","0.00%"
"16-12-2017","1.948","1.948","1.948","1.948","0.00%"
"15-12-2017","1.948","1.929","1.964","1.926","1.27%"
"14-12-2017","1.923","1.899","1.945","1.896","1.57%"
"13-12-2017","1.894","1.950","1.980","1.894","-3.17%"
"12-12-2017","1.956","1.945","1.972","1.940","0.80%"
"11-12-2017","1.940","1.918","1.943","1.893","1.60%"
"08-12-2017","1.910","1.915","1.934","1.896","-0.12%"
"07-12-2017","1.912","1.917","1.929","1.901","-0.14%"
"06-12-2017","1.915","1.934","1.939","1.895","-0.85%"
"05-12-2017","1.931","1.925","1.953","1.920","0.44%"
"04-12-2017","1.923","1.933","1.934","1.909","1.61%"
"01-12-2017","1.892","1.900","1.933","1.848","-0.27%"
"30-11-2017","1.897","1.870","1.911","1.864","1.62%"
"29-11-2017","1.867","1.842","1.881","1.840","1.49%"
"28-11-2017","1.840","1.837","1.851","1.821","0.15%"
"27-11-2017","1.837","1.856","1.867","1.834","-0.43%"
"24-11-2017","1.845","1.842","1.859","1.839","0.16%"
"23-11-2017","1.842","1.834","1.853","1.834","0.60%"
"22-11-2017","1.831","1.875","1.880","1.831","-2.45%"
"21-11-2017","1.877","1.855","1.888","1.853","1.03%"
"20-11-2017","1.858","1.823","1.861","1.812","1.94%"
"17-11-2017","1.823","1.828","1.834","1.815","-0.29%"
"16-11-2017","1.828","1.798","1.831","1.796","1.65%"
"15-11-2017","1.798","1.809","1.828","1.774","-0.74%"
"14-11-2017","1.812","1.817","1.831","1.806","-0.30%"
"13-11-2017","1.817","1.793","1.820","1.777","1.50%"
"10-11-2017","1.790","1.761","1.790","1.755","1.68%"
"09-11-2017","1.761","1.771","1.780","1.750","-0.61%"
"08-11-2017","1.771","1.747","1.771","1.747","1.97%"
"07-11-2017","1.737","1.732","1.743","1.726","0.64%"
"06-11-2017","1.726","1.737","1.745","1.721","-0.31%"
"03-11-2017","1.732","1.729","1.751","1.702","0.49%"
"02-11-2017","1.723","1.734","1.742","1.712","-0.78%"
"01-11-2017","1.737","1.728","1.753","1.720","0.64%"
"31-10-2017","1.726","1.696","1.728","1.693","1.61%"
"30-10-2017","1.698","1.712","1.723","1.696","-1.42%"
"27-10-2017","1.723","1.753","1.769","1.715","-1.69%"
"26-10-2017","1.753","1.725","1.755","1.712","1.27%"
"25-10-2017","1.731","1.725","1.755","1.720","0.16%"
"24-10-2017","1.728","1.703","1.733","1.698","1.60%"
"23-10-2017","1.701","1.722","1.725","1.695","-0.94%"
"20-10-2017","1.717","1.665","1.722","1.663","2.92%"
"19-10-2017","1.668","1.708","1.709","1.665","-2.36%"
"18-10-2017","1.708","1.681","1.714","1.681","1.28%"
"17-10-2017","1.687","1.684","1.703","1.673","0.16%"
"16-10-2017","1.684","1.646","1.689","1.644","3.13%"
"13-10-2017","1.633","1.665","1.711","1.630","-1.93%"
"12-10-2017","1.665","1.665","1.668","1.646","1.12%"
"11-10-2017","1.647","1.644","1.650","1.630","0.69%"
"10-10-2017","1.635","1.649","1.652","1.622","-0.66%"
"09-10-2017","1.646","1.646","1.649","1.646","0.34%"
"06-10-2017","1.641","1.637","1.679","1.632","0.74%"
"05-10-2017","1.629","1.615","1.643","1.607","1.21%"
"04-10-2017","1.609","1.615","1.626","1.587","-0.16%"
"03-10-2017","1.612","1.628","1.639","1.607","-0.99%"
"02-10-2017","1.628","1.633","1.650","1.615","0.00%"
"29-09-2017","1.628","1.584","1.628","1.576","3.33%"
"28-09-2017","1.576","1.592","1.630","1.573","-1.35%"
"27-09-2017","1.597","1.578","1.616","1.575","1.57%"
"26-09-2017","1.572","1.561","1.589","1.556","0.70%"
"25-09-2017","1.561","1.588","1.591","1.551","-1.19%"
"22-09-2017","1.580","1.593","1.596","1.572","-1.15%"
"21-09-2017","1.599","1.598","1.601","1.577","0.35%"
"20-09-2017","1.593","1.539","1.604","1.526","2.97%"
"19-09-2017","1.547","1.539","1.550","1.525","0.19%"
"18-09-2017","1.544","1.533","1.547","1.528","1.25%"
"15-09-2017","1.525","1.493","1.528","1.487","1.63%"
"14-09-2017","1.501","1.479","1.525","1.477","1.08%"
"13-09-2017","1.485","1.466","1.490","1.455","1.28%"
"12-09-2017","1.466","1.444","1.479","1.442","1.82%"
"11-09-2017","1.440","1.401","1.440","1.393","4.76%"
"08-09-2017","1.374","1.375","1.393","1.352","0.17%"
"07-09-2017","1.372","1.407","1.407","1.364","-2.90%"
"06-09-2017","1.413","1.386","1.418","1.383","1.55%"
"05-09-2017","1.391","1.432","1.443","1.388","-4.84%"
"01-09-2017","1.462","1.438","1.464","1.408","2.07%"
"31-08-2017","1.432","1.443","1.449","1.427","-0.38%"
"30-08-2017","1.438","1.432","1.457","1.430","0.94%"
"29-08-2017","1.424","1.432","1.440","1.403","-2.05%"
"28-08-2017","1.454","1.473","1.476","1.451","-0.92%"
"25-08-2017","1.467","1.476","1.486","1.459","-0.37%"
"24-08-2017","1.473","1.452","1.473","1.452","1.86%"
"23-08-2017","1.446","1.473","1.481","1.446","-2.01%"
"22-08-2017","1.476","1.457","1.476","1.457","1.66%"
"21-08-2017","1.452","1.476","1.476","1.446","-0.74%"
"18-08-2017","1.462","1.465","1.481","1.438","0.18%"
"17-08-2017","1.460","1.489","1.503","1.457","-1.80%"
"16-08-2017","1.487","1.516","1.527","1.479","-2.11%"
"15-08-2017","1.519","1.481","1.521","1.481","2.71%"
"14-08-2017","1.479","1.452","1.481","1.452","2.02%"
"11-08-2017","1.449","1.479","1.489","1.439","-2.34%"
"10-08-2017","1.484","1.505","1.508","1.479","-1.24%"
"09-08-2017","1.503","1.508","1.511","1.471","0.19%"
"08-08-2017","1.500","1.508","1.522","1.497","-0.54%"
"07-08-2017","1.508","1.511","1.525","1.503","0.19%"
"04-08-2017","1.505","1.484","1.522","1.478","1.84%"
"03-08-2017","1.478","1.508","1.511","1.473","-2.16%"
"02-08-2017","1.511","1.497","1.516","1.495","1.27%"
"01-08-2017","1.492","1.516","1.527","1.489","-1.26%"
"31-07-2017","1.511","1.500","1.511","1.495","0.37%"
"28-07-2017","1.505","1.511","1.533","1.497","-1.07%"
"27-07-2017","1.522","1.503","1.527","1.500","0.72%"
"26-07-2017","1.511","1.559","1.562","1.497","-3.12%"
"25-07-2017","1.559","1.516","1.562","1.511","3.03%"
"24-07-2017","1.513","1.495","1.519","1.489","1.08%"
"21-07-2017","1.497","1.516","1.519","1.492","-0.71%"
"20-07-2017","1.508","1.521","1.527","1.503","-1.06%"
"19-07-2017","1.524","1.524","1.532","1.513","0.35%"
"18-07-2017","1.519","1.540","1.543","1.508","-1.39%"
"17-07-2017","1.540","1.548","1.551","1.530","-0.52%"
"14-07-2017","1.548","1.567","1.570","1.505","-0.86%"
"13-07-2017","1.562","1.538","1.570","1.532","1.57%"
"12-07-2017","1.538","1.564","1.564","1.511","-1.11%"
"11-07-2017","1.555","1.579","1.590","1.552","-1.21%"
"10-07-2017","1.574","1.596","1.598","1.566","-1.21%"
"07-07-2017","1.593","1.593","1.607","1.571","0.36%"
"06-07-2017","1.587","1.582","1.617","1.571","0.53%"
"05-07-2017","1.579","1.582","1.598","1.568","0.00%"
"04-07-2017","1.579","1.582","1.582","1.579","-0.35%"
"03-07-2017","1.584","1.557","1.595","1.541","2.30%"
"01-07-2017","1.549","1.549","1.549","1.549","0.00%"
"30-06-2017","1.549","1.524","1.554","1.508","1.61%"
"29-06-2017","1.524","1.505","1.549","1.500","1.26%"
"28-06-2017","1.505","1.513","1.538","1.497","-0.90%"
"27-06-2017","1.519","1.489","1.530","1.476","2.56%"
"26-06-2017","1.481","1.481","1.497","1.473","0.00%"
"23-06-2017","1.481","1.487","1.492","1.476","-0.18%"
"22-06-2017","1.484","1.500","1.500","1.473","-1.08%"
"21-06-2017","1.500","1.505","1.513","1.492","0.18%"
"20-06-2017","1.497","1.524","1.532","1.495","-1.76%"
"19-06-2017","1.524","1.473","1.527","1.465","3.46%"
"16-06-2017","1.473","1.500","1.511","1.468","-1.44%"
"15-06-2017","1.495","1.468","1.505","1.468","2.01%"
"14-06-2017","1.465","1.508","1.508","1.417","-2.83%"
"13-06-2017","1.508","1.500","1.511","1.495","1.28%"
"12-06-2017","1.489","1.489","1.500","1.478","0.55%"
"09-06-2017","1.481","1.445","1.497","1.440","1.49%"
"08-06-2017","1.459","1.459","1.481","1.448","0.75%"
"07-06-2017","1.448","1.429","1.456","1.423","1.91%"
"06-06-2017","1.421","1.443","1.443","1.407","-1.70%"
"05-06-2017","1.445","1.429","1.448","1.424","1.32%"
"02-06-2017","1.426","1.448","1.454","1.402","-1.14%"
"01-06-2017","1.443","1.443","1.465","1.438","0.56%"
"31-05-2017","1.435","1.443","1.454","1.427","0.00%"
"30-05-2017","1.435","1.454","1.459","1.432","-1.49%"
"29-05-2017","1.457","1.457","1.459","1.454","0.00%"
"26-05-2017","1.457","1.457","1.462","1.438","0.00%"
"25-05-2017","1.457","1.457","1.465","1.443","0.75%"
"24-05-2017","1.446","1.489","1.503","1.446","-2.72%"
"23-05-2017","1.487","1.444","1.492","1.438","2.22%"
"22-05-2017","1.454","1.460","1.470","1.446","0.37%"
"19-05-2017","1.449","1.449","1.468","1.441","0.74%"
"18-05-2017","1.438","1.433","1.454","1.390","1.50%"
"17-05-2017","1.417","1.465","1.471","1.414","-5.03%"
"16-05-2017","1.492","1.495","1.511","1.476","-0.35%"
"15-05-2017","1.497","1.487","1.503","1.484","0.72%"
"12-05-2017","1.487","1.554","1.554","1.484","-4.14%"
"11-05-2017","1.551","1.564","1.580","1.546","-1.03%"
"10-05-2017","1.567","1.548","1.572","1.535","1.69%"
"09-05-2017","1.541","1.530","1.560","1.525","0.54%"
"08-05-2017","1.533","1.522","1.541","1.494","1.82%"
"05-05-2017","1.505","1.492","1.552","1.492","0.18%"
"04-05-2017","1.503","1.481","1.522","1.481","1.28%"
"03-05-2017","1.484","1.454","1.489","1.446","2.43%"
"02-05-2017","1.448","1.459","1.486","1.443","-1.11%"
"01-05-2017","1.465","1.449","1.481","1.446","0.92%"
"28-04-2017","1.451","1.435","1.478","1.432","0.74%"
"27-04-2017","1.441","1.465","1.470","1.432","-1.11%"
"26-04-2017","1.457","1.484","1.495","1.457","-1.65%"
"25-04-2017","1.481","1.435","1.486","1.433","3.39%"
"24-04-2017","1.433","1.476","1.476","1.427","2.30%"
"22-04-2017","1.400","1.400","1.400","1.400","0.00%"
"21-04-2017","1.400","1.409","1.411","1.376","-0.21%"
"20-04-2017","1.403","1.377","1.417","1.371","1.34%"
"19-04-2017","1.385","1.361","1.393","1.358","2.37%"
"18-04-2017","1.353","1.409","1.414","1.350","-3.80%"
"17-04-2017","1.406","1.374","1.414","1.374","-0.20%"
"13-04-2017","1.409","1.422","1.441","1.398","-0.56%"
"12-04-2017","1.417","1.465","1.479","1.414","-3.10%"
"11-04-2017","1.462","1.505","1.513","1.457","-2.60%"
"10-04-2017","1.502","1.507","1.524","1.482","-0.55%"
"07-04-2017","1.510","1.459","1.513","1.387","4.49%"
"06-04-2017","1.445","1.434","1.464","1.429","0.37%"
"05-04-2017","1.440","1.470","1.483","1.426","-2.22%"
"04-04-2017","1.472","1.440","1.472","1.437","2.44%"
"03-04-2017","1.437","1.500","1.513","1.437","-3.99%"
"31-03-2017","1.497","1.525","1.538","1.494","-2.49%"
"30-03-2017","1.535","1.527","1.541","1.508","1.25%"
"29-03-2017","1.516","1.552","1.557","1.514","-2.44%"
"28-03-2017","1.554","1.514","1.554","1.495","2.86%"
"27-03-2017","1.511","1.501","1.511","1.476","-1.42%"
"24-03-2017","1.533","1.533","1.549","1.509","0.33%"
"23-03-2017","1.528","1.525","1.547","1.504","0.53%"
"22-03-2017","1.520","1.533","1.541","1.501","-0.71%"
"21-03-2017","1.531","1.577","1.598","1.531","-2.57%"
"20-03-2017","1.571","1.606","1.606","1.571","-2.18%"
"18-03-2017","1.606","1.606","1.606","1.606","0.00%"
"17-03-2017","1.606","1.633","1.633","1.590","-1.16%"
"16-03-2017","1.625","1.587","1.630","1.579","2.36%"
"15-03-2017","1.587","1.684","1.700","1.585","-5.88%"
"14-03-2017","1.687","1.687","1.695","1.671","0.00%"
"13-03-2017","1.687","1.671","1.689","1.646","1.46%"
"10-03-2017","1.663","1.695","1.697","1.655","-1.90%"
"09-03-2017","1.695","1.665","1.695","1.657","1.77%"
"08-03-2017","1.665","1.638","1.692","1.628","3.45%"
"07-03-2017","1.610","1.579","1.612","1.577","1.75%"
"06-03-2017","1.582","1.574","1.593","1.560","-0.16%"
"03-03-2017","1.585","1.595","1.623","1.579","-0.31%"
"02-03-2017","1.589","1.581","1.617","1.559","1.40%"
"01-03-2017","1.567","1.554","1.581","1.532","2.86%"
"28-02-2017","1.524","1.451","1.540","1.437","5.05%"
"27-02-2017","1.451","1.405","1.464","1.394","4.08%"
"24-02-2017","1.394","1.437","1.442","1.388","-2.82%"
"23-02-2017","1.434","1.477","1.483","1.434","-2.91%"
"22-02-2017","1.477","1.493","1.518","1.464","-0.90%"
"21-02-2017","1.491","1.490","1.510","1.477","0.19%"
"20-02-2017","1.488","1.485","1.490","1.485","0.72%"
"17-02-2017","1.477","1.517","1.520","1.464","-1.76%"
"16-02-2017","1.503","1.557","1.560","1.501","-3.44%"
"15-02-2017","1.557","1.536","1.576","1.528","1.41%"
"14-02-2017","1.536","1.493","1.552","1.485","3.06%"
"13-02-2017","1.490","1.482","1.503","1.477","1.27%"
"10-02-2017","1.471","1.461","1.479","1.455","1.11%"
"09-02-2017","1.455","1.404","1.461","1.402","3.62%"
"08-02-2017","1.404","1.442","1.444","1.402","-1.01%"
"07-02-2017","1.419","1.405","1.432","1.388","0.59%"
"06-02-2017","1.410","1.465","1.468","1.405","-3.54%"
"03-02-2017","1.462","1.475","1.520","1.424","-0.54%"
"02-02-2017","1.470","1.475","1.478","1.443","-0.55%"
"01-02-2017","1.478","1.473","1.530","1.462","0.56%"
"31-01-2017","1.470","1.470","1.478","1.435","-0.55%"
"30-01-2017","1.478","1.475","1.483","1.454","0.00%"
"27-01-2017","1.478","1.491","1.529","1.472","-1.06%"
"26-01-2017","1.494","1.505","1.529","1.483","-0.89%"
"25-01-2017","1.507","1.483","1.529","1.472","1.46%"
"24-01-2017","1.485","1.434","1.491","1.426","3.97%"
"23-01-2017","1.429","1.472","1.493","1.418","-3.98%"
"20-01-2017","1.488","1.525","1.545","1.480","-1.93%"
"19-01-2017","1.517","1.509","1.547","1.498","0.54%"
"18-01-2017","1.509","1.426","1.515","1.421","6.44%"
"17-01-2017","1.418","1.461","1.466","1.399","-2.93%"
"16-01-2017","1.461","1.479","1.479","1.458","-1.27%"
"13-01-2017","1.479","1.450","1.514","1.431","1.84%"
"12-01-2017","1.453","1.458","1.461","1.412","-1.27%"
"11-01-2017","1.471","1.469","1.487","1.429","1.55%"
"10-01-2017","1.449","1.454","1.471","1.446","-0.18%"
"09-01-2017","1.451","1.484","1.517","1.449","-2.21%"
"06-01-2017","1.484","1.410","1.492","1.402","5.44%"
"05-01-2017","1.408","1.473","1.489","1.405","-4.79%"
"04-01-2017","1.478","1.487","1.508","1.476","-0.18%"
"03-01-2017","1.481","1.459","1.525","1.459","1.49%"
"02-01-2017","1.459","1.459","1.459","1.459","0.00%"
"30-12-2016","1.459","1.475","1.495","1.451","-1.08%"
"29-12-2016","1.475","1.529","1.529","1.472","-3.37%"
"28-12-2016","1.527","1.567","1.578","1.524","-2.25%"
"27-12-2016","1.562","1.551","1.570","1.548","1.24%"
"26-12-2016","1.543","1.543","1.543","1.543","0.00%"
"23-12-2016","1.543","1.548","1.551","1.532","-0.14%"
"22-12-2016","1.545","1.531","1.561","1.526","0.72%"
"21-12-2016","1.534","1.566","1.574","1.531","-1.72%"
"20-12-2016","1.561","1.552","1.593","1.547","0.36%"
"19-12-2016","1.555","1.590","1.590","1.550","-2.69%"
"16-12-2016","1.598","1.624","1.627","1.566","-1.13%"
"15-12-2016","1.616","1.594","1.643","1.581","2.40%"
"14-12-2016","1.578","1.461","1.587","1.439","7.88%"
"13-12-2016","1.463","1.436","1.471","1.420","3.92%"
"12-12-2016","1.408","1.438","1.457","1.397","-0.75%"
"09-12-2016","1.418","1.387","1.424","1.377","2.26%"
"08-12-2016","1.387","1.368","1.412","1.359","1.63%"
"07-12-2016","1.365","1.397","1.403","1.362","-2.13%"
"06-12-2016","1.395","1.411","1.414","1.391","-0.95%"
"05-12-2016","1.408","1.367","1.438","1.356","1.40%"
"02-12-2016","1.388","1.428","1.438","1.378","-3.52%"
"01-12-2016","1.439","1.406","1.469","1.395","2.76%"
"30-11-2016","1.401","1.351","1.412","1.349","4.06%"
"29-11-2016","1.346","1.359","1.392","1.343","-1.17%"
"28-11-2016","1.362","1.391","1.400","1.362","-2.69%"
"25-11-2016","1.400","1.445","1.458","1.394","-3.12%"
"24-11-2016","1.445","1.450","1.453","1.434","3.30%"
"23-11-2016","1.398","1.350","1.428","1.339","3.86%"
"22-11-2016","1.346","1.343","1.373","1.330","0.22%"
"21-11-2016","1.343","1.357","1.373","1.324","-0.97%"
"18-11-2016","1.357","1.337","1.365","1.297","2.93%"
"17-11-2016","1.318","1.267","1.326","1.248","3.17%"
"16-11-2016","1.277","1.280","1.326","1.261","0.00%"
"15-11-2016","1.277","1.280","1.301","1.232","0.00%"
"14-11-2016","1.277","1.205","1.309","1.202","9.88%"
"10-11-2016","1.162","1.114","1.173","1.066","2.83%"
"09-11-2016","1.130","1.040","1.141","0.863","10.62%"
"08-11-2016","1.022","0.981","1.035","0.973","4.43%"
"07-11-2016","0.978","0.997","1.003","0.970","4.02%"
"04-11-2016","0.941","0.962","0.981","0.932","-2.26%"
"03-11-2016","0.962","0.968","0.981","0.943","-0.83%"
"02-11-2016","0.970","0.984","0.987","0.946","-1.64%"
"01-11-2016","0.987","1.000","1.032","0.973","-0.54%"
"31-10-2016","0.992","1.003","1.011","0.989","-1.60%"
"28-10-2016","1.008","1.043","1.056","1.000","-2.84%"
"27-10-2016","1.038","1.021","1.051","1.013","2.11%"
"26-10-2016","1.016","0.995","1.024","0.992","1.61%"
"25-10-2016","1.000","0.997","1.016","0.987","0.27%"
"24-10-2016","0.997","0.984","1.005","0.971","1.63%"
"21-10-2016","0.981","0.984","0.995","0.976","0.27%"
"20-10-2016","0.979","0.960","0.981","0.955","2.22%"
"19-10-2016","0.957","0.963","0.979","0.950","0.27%"
"18-10-2016","0.955","0.981","1.000","0.955","-2.18%"
"17-10-2016","0.976","1.000","1.011","0.973","-3.16%"
"15-10-2016","1.008","1.008","1.008","1.008","0.00%"
"14-10-2016","1.008","1.008","1.021","0.974","0.79%"
"13-10-2016","1.000","1.021","1.024","0.984","-1.61%"
"12-10-2016","1.016","1.022","1.049","1.016","-0.26%"
"11-10-2016","1.019","1.024","1.033","1.008","-0.25%"
"10-10-2016","1.022","0.984","1.022","0.984","3.87%"
"07-10-2016","0.984","0.986","1.013","0.973","-0.78%"
"06-10-2016","0.991","0.964","0.994","0.959","2.81%"
"05-10-2016","0.964","0.940","0.980","0.934","1.72%"
"04-10-2016","0.948","0.910","0.951","0.907","4.15%"
"03-10-2016","0.910","0.883","0.913","0.883","4.00%"
"30-09-2016","0.875","0.837","0.880","0.821","4.15%"
"29-09-2016","0.840","0.870","0.883","0.835","-2.50%"
"28-09-2016","0.862","0.859","0.864","0.840","0.63%"
"27-09-2016","0.856","0.859","0.883","0.837","-0.31%"
"26-09-2016","0.859","0.888","0.891","0.854","-3.60%"
"24-09-2016","0.891","0.891","0.891","0.891","0.00%"
"23-09-2016","0.891","0.910","0.918","0.886","-1.75%"
"22-09-2016","0.907","0.915","0.926","0.891","-0.87%"
"21-09-2016","0.915","0.915","0.992","0.862","-0.58%"
"20-09-2016","0.920","0.923","0.928","0.910","-0.28%"
"19-09-2016","0.923","0.907","0.928","0.896","1.76%"
"17-09-2016","0.907","0.907","0.907","0.907","0.00%"
"16-09-2016","0.907","0.870","0.918","0.854","3.63%"
"15-09-2016","0.875","0.904","0.915","0.857","-3.22%"
"14-09-2016","0.904","0.947","0.949","0.896","-5.01%"
"13-09-2016","0.952","0.912","0.970","0.896","4.57%"
"12-09-2016","0.910","0.921","0.946","0.905","-1.75%"
"09-09-2016","0.926","0.899","0.935","0.893","3.07%"
"08-09-2016","0.899","0.855","0.907","0.850","5.09%"
"07-09-2016","0.855","0.847","0.858","0.834","1.62%"
"06-09-2016","0.842","0.923","0.923","0.839","-8.51%"
"05-09-2016","0.920","0.915","0.923","0.915","0.59%"
"02-09-2016","0.915","0.906","0.944","0.858","1.26%"
"01-09-2016","0.903","0.925","0.952","0.895","-2.04%"
"31-08-2016","0.922","0.908","0.925","0.887","1.51%"
"30-08-2016","0.908","0.924","0.943","0.900","-0.29%"
"29-08-2016","0.911","0.956","0.965","0.908","-4.77%"
"26-08-2016","0.956","0.897","0.962","0.865","6.65%"
"25-08-2016","0.897","0.870","0.900","0.862","3.41%"
"24-08-2016","0.867","0.867","0.873","0.849","0.94%"
"23-08-2016","0.859","0.859","0.875","0.846","0.63%"
"22-08-2016","0.854","0.894","0.904","0.849","-2.13%"
"19-08-2016","0.872","0.830","0.880","0.827","5.85%"
"18-08-2016","0.824","0.837","0.861","0.822","-3.12%"
"17-08-2016","0.851","0.864","0.899","0.832","-2.42%"
"16-08-2016","0.872","0.843","0.880","0.792","3.15%"
"15-08-2016","0.845","0.819","0.848","0.805","2.57%"
"13-08-2016","0.824","0.824","0.824","0.824","0.00%"
"12-08-2016","0.824","0.874","0.877","0.784","-4.88%"
"11-08-2016","0.866","0.808","0.880","0.803","7.55%"
"10-08-2016","0.805","0.837","0.837","0.800","-3.08%"
"09-08-2016","0.831","0.850","0.864","0.826","-2.84%"
"08-08-2016","0.855","0.858","0.869","0.839","0.97%"
"06-08-2016","0.847","0.847","0.847","0.847","0.00%"
"05-08-2016","0.847","0.747","0.850","0.747","12.55%"
"04-08-2016","0.753","0.782","0.790","0.745","-3.77%"
"03-08-2016","0.782","0.796","0.809","0.774","-1.02%"
"02-08-2016","0.790","0.785","0.814","0.774","0.69%"
"01-08-2016","0.785","0.758","0.790","0.755","5.03%"
"29-07-2016","0.747","0.806","0.860","0.747","-8.22%"
"28-07-2016","0.814","0.822","0.841","0.806","-0.65%"
"27-07-2016","0.820","0.868","0.889","0.817","-4.95%"
"26-07-2016","0.862","0.859","0.889","0.844","-0.61%"
"25-07-2016","0.868","0.838","0.870","0.835","3.85%"
"22-07-2016","0.835","0.806","0.849","0.793","3.31%"
"21-07-2016","0.808","0.848","0.870","0.808","-4.99%"
"20-07-2016","0.851","0.835","0.862","0.824","2.25%"
"19-07-2016","0.832","0.840","0.843","0.811","-1.56%"
"18-07-2016","0.845","0.837","0.856","0.827","1.28%"
"15-07-2016","0.835","0.811","0.872","0.805","0.99%"
"14-07-2016","0.827","0.792","0.845","0.787","3.99%"
"13-07-2016","0.795","0.813","0.816","0.776","-2.27%"
"12-07-2016","0.813","0.761","0.824","0.755","7.21%"
"11-07-2016","0.759","0.713","0.761","0.710","8.05%"
"08-07-2016","0.702","0.695","0.759","0.665","1.49%"
"07-07-2016","0.692","0.676","0.716","0.660","2.75%"
"06-07-2016","0.673","0.647","0.689","0.623","3.27%"
"05-07-2016","0.652","0.692","0.692","0.641","-6.19%"
"04-07-2016","0.695","0.695","0.695","0.695","-1.15%"
"01-07-2016","0.703","0.698","0.711","0.639","0.67%"
"30-06-2016","0.698","0.741","0.768","0.696","-6.78%"
"29-06-2016","0.749","0.717","0.752","0.709","5.22%"
"28-06-2016","0.712","0.686","0.736","0.678","2.67%"
"27-06-2016","0.694","0.691","0.715","0.662","-6.81%"
"24-06-2016","0.744","0.872","0.891","0.588","-19.12%"
"23-06-2016","0.920","0.886","0.923","0.878","5.82%"
"22-06-2016","0.870","0.886","0.894","0.864","-2.67%"
"21-06-2016","0.894","0.867","0.899","0.856","2.13%"
"20-06-2016","0.875","0.872","0.886","0.854","5.43%"
"17-06-2016","0.830","0.822","0.841","0.806","1.94%"
"16-06-2016","0.814","0.785","0.819","0.764","2.65%"
"15-06-2016","0.793","0.851","0.875","0.790","-7.12%"
"14-06-2016","0.854","0.846","0.859","0.801","0.62%"
"13-06-2016","0.849","0.862","0.872","0.838","-3.60%"
"10-06-2016","0.880","0.920","0.920","0.870","-4.32%"
"09-06-2016","0.920","0.933","0.936","0.909","-1.41%"
"08-06-2016","0.933","0.936","0.947","0.925","1.34%"
"07-06-2016","0.921","0.929","0.945","0.907","-1.73%"
"06-06-2016","0.937","0.921","0.964","0.915","2.97%"
"03-06-2016","0.910","1.034","1.042","0.894","-10.83%"
"02-06-2016","1.021","1.056","1.058","1.021","-3.07%"
"01-06-2016","1.053","1.036","1.061","1.012","1.32%"
"31-05-2016","1.039","1.085","1.091","1.023","-4.46%"
"30-05-2016","1.088","1.061","1.112","1.061","2.55%"
"27-05-2016","1.061","1.028","1.063","1.023","3.48%"
"26-05-2016","1.025","1.068","1.071","1.020","-5.21%"
"25-05-2016","1.081","1.078","1.097","1.068","0.00%"
"24-05-2016","1.081","1.062","1.095","1.052","2.05%"
"23-05-2016","1.059","1.043","1.076","1.033","1.04%"
"20-05-2016","1.049","1.054","1.073","1.043","-0.47%"
"19-05-2016","1.054","1.064","1.091","1.038","-1.49%"
"18-05-2016","1.069","0.992","1.085","0.984","8.39%"
"17-05-2016","0.987","0.947","0.989","0.936","4.23%"
"16-05-2016","0.947","0.901","0.947","0.899","5.32%"
"13-05-2016","0.899","0.915","0.941","0.893","-1.46%"
"12-05-2016","0.912","0.883","0.923","0.878","3.31%"
"11-05-2016","0.883","0.888","0.896","0.864","2.50%"
"10-05-2016","0.861","0.859","0.886","0.856","0.63%"
"09-05-2016","0.856","0.888","0.891","0.853","-3.07%"
"06-05-2016","0.883","0.872","0.891","0.816","3.15%"
"05-05-2016","0.856","0.899","0.913","0.853","-3.64%"
"04-05-2016","0.888","0.910","0.921","0.883","-1.79%"
"03-05-2016","0.905","0.940","0.940","0.888","-5.08%"
"02-05-2016","0.953","0.929","0.961","0.913","1.73%"
"29-04-2016","0.937","0.947","0.964","0.918","0.30%"
"28-04-2016","0.934","0.958","0.982","0.929","-3.85%"
"27-04-2016","0.971","1.025","1.047","0.971","-5.73%"
"26-04-2016","1.030","1.009","1.041","1.001","1.33%"
"25-04-2016","1.017","1.009","1.020","0.982","1.36%"
"22-04-2016","1.003","0.992","1.011","0.974","1.65%"
"21-04-2016","0.987","0.971","1.000","0.965","1.94%"
"20-04-2016","0.968","0.918","0.984","0.899","4.92%"
"19-04-2016","0.923","0.910","0.928","0.899","3.27%"
"18-04-2016","0.894","0.864","0.904","0.862","0.60%"
"15-04-2016","0.888","0.917","0.928","0.875","-3.72%"
"14-04-2016","0.923","0.907","0.936","0.896","2.35%"
"13-04-2016","0.901","0.896","0.917","0.878","3.01%"
"12-04-2016","0.875","0.837","0.904","0.835","5.19%"
"11-04-2016","0.832","0.837","0.856","0.819","0.63%"
"08-04-2016","0.827","0.832","0.854","0.827","1.60%"
"07-04-2016","0.814","0.870","0.876","0.814","-6.51%"
"06-04-2016","0.870","0.854","0.892","0.851","3.18%"
"05-04-2016","0.844","0.871","0.871","0.838","-2.80%"
"04-04-2016","0.868","0.865","0.895","0.857","-0.63%"
"01-04-2016","0.873","0.863","0.911","0.857","2.15%"
"31-03-2016","0.855","0.895","0.911","0.852","-5.35%"
"30-03-2016","0.903","0.941","0.949","0.901","-3.45%"
"29-03-2016","0.936","1.038","1.046","0.936","-9.83%"
"28-03-2016","1.038","1.062","1.064","1.021","-0.77%"
"24-03-2016","1.046","1.032","1.051","1.021","1.84%"
"23-03-2016","1.027","1.080","1.086","1.024","-4.48%"
"22-03-2016","1.075","1.045","1.077","1.008","2.82%"
"21-03-2016","1.045","1.003","1.048","0.997","3.98%"
"18-03-2016","1.005","1.040","1.043","1.000","-3.33%"
"17-03-2016","1.040","1.032","1.066","0.987","-0.25%"
"16-03-2016","1.043","1.160","1.205","1.040","-9.89%"
"15-03-2016","1.157","1.149","1.165","1.117","0.71%"
"14-03-2016","1.149","1.162","1.167","1.133","-0.69%"
"11-03-2016","1.157","1.122","1.167","1.112","3.08%"
"10-03-2016","1.122","1.069","1.135","1.048","4.72%"
"09-03-2016","1.072","1.035","1.085","1.035","4.43%"
"08-03-2016","1.026","1.077","1.077","1.010","-4.29%"
"07-03-2016","1.072","1.042","1.077","1.042","4.26%"
"04-03-2016","1.028","0.998","1.064","0.982","3.34%"
"03-03-2016","0.995","0.987","1.017","0.979","0.58%"
"02-03-2016","0.989","0.965","1.016","0.954","1.12%"
"01-03-2016","0.978","0.900","0.981","0.879","8.37%"
"29-02-2016","0.903","0.932","0.951","0.892","-2.32%"
"26-02-2016","0.924","0.873","0.948","0.865","7.53%"
"25-02-2016","0.859","0.900","0.918","0.838","-4.72%"
"24-02-2016","0.902","0.886","0.905","0.825","1.82%"
"23-02-2016","0.886","0.915","0.945","0.883","-2.63%"
"22-02-2016","0.910","0.907","0.950","0.907","0.61%"
"19-02-2016","0.904","0.861","0.923","0.845","4.66%"
"18-02-2016","0.864","0.933","0.944","0.864","-7.39%"
"17-02-2016","0.933","0.909","0.954","0.869","2.95%"
"16-02-2016","0.906","0.912","0.930","0.882","-0.85%"
"15-02-2016","0.914","0.896","0.930","0.896","2.08%"
"12-02-2016","0.896","0.840","0.906","0.813","7.64%"
"11-02-2016","0.832","0.835","0.835","0.697","-0.63%"
"10-02-2016","0.837","0.864","0.909","0.835","-0.08%"
"09-02-2016","0.838","0.822","0.844","0.790","0.60%"
"08-02-2016","0.833","0.909","0.922","0.817","-7.44%"
"05-02-2016","0.900","0.880","0.941","0.858","2.97%"
"04-02-2016","0.874","0.904","0.923","0.869","-3.64%"
"03-02-2016","0.907","0.918","0.947","0.845","-1.20%"
"02-02-2016","0.918","0.993","0.996","0.902","-8.02%"
"01-02-2016","0.998","0.980","1.015","0.956","2.99%"
"29-01-2016","0.969","1.036","1.039","0.961","-6.01%"
"28-01-2016","1.031","1.050","1.077","1.026","-2.27%"
"27-01-2016","1.055","1.061","1.128","1.050","-1.31%"
"26-01-2016","1.069","1.079","1.093","1.042","-0.93%"
"25-01-2016","1.079","1.117","1.120","1.079","-2.18%"
"22-01-2016","1.103","1.077","1.125","1.058","3.67%"
"21-01-2016","1.064","1.058","1.080","1.021","1.04%"
"20-01-2016","1.053","1.106","1.106","1.013","-4.79%"
"19-01-2016","1.106","1.085","1.130","1.082","1.94%"
"18-01-2016","1.085","1.085","1.088","1.082","0.00%"
"15-01-2016","1.085","1.146","1.149","1.032","-4.66%"
"14-01-2016","1.138","1.152","1.181","1.122","-2.07%"
"13-01-2016","1.162","1.199","1.210","1.136","0.17%"
"12-01-2016","1.160","1.190","1.225","1.138","-2.52%"
"11-01-2016","1.190","1.179","1.217","1.168","1.19%"
"08-01-2016","1.176","1.215","1.504","1.174","-2.49%"
"07-01-2016","1.206","1.253","1.263","1.193","-2.90%"
"06-01-2016","1.242","1.293","1.296","1.239","-3.94%"
"05-01-2016","1.293","1.301","1.323","1.283","-0.69%"
"04-01-2016","1.302","1.331","1.331","1.266","-0.38%"
"31-12-2015","1.307","1.372","1.372","1.304","-2.83%"
"30-12-2015","1.345","1.369","1.383","1.345","-2.11%"
"29-12-2015","1.374","1.323","1.380","1.317","3.85%"
"28-12-2015","1.323","1.342","1.342","1.312","0.00%"
"24-12-2015","1.323","1.320","1.331","1.314","0.68%"
"23-12-2015","1.314","1.301","1.325","1.301","0.61%"
"22-12-2015","1.306","1.277","1.309","1.269","2.27%"
"21-12-2015","1.277","1.285","1.304","1.269","-0.39%"
"18-12-2015","1.282","1.325","1.325","1.269","-2.44%"
"17-12-2015","1.314","1.338","1.346","1.314","-2.01%"
"16-12-2015","1.341","1.293","1.376","1.279","3.95%"
"15-12-2015","1.290","1.253","1.301","1.242","3.20%"
"14-12-2015","1.250","1.189","1.255","1.181","7.30%"
"11-12-2015","1.165","1.258","1.266","1.162","-7.39%"
"10-12-2015","1.258","1.231","1.261","1.229","2.36%"
"09-12-2015","1.229","1.253","1.269","1.221","0.49%"
"08-12-2015","1.223","1.228","1.245","1.212","-0.41%"
"07-12-2015","1.228","1.250","1.263","1.212","-1.13%"
"04-12-2015","1.242","1.247","1.296","1.209","-1.27%"
"03-12-2015","1.258","1.220","1.296","1.215","3.54%"
"02-12-2015","1.215","1.193","1.236","1.193","2.53%"
"01-12-2015","1.185","1.228","1.247","1.172","-3.11%"
"30-11-2015","1.223","1.215","1.250","1.215","0.41%"
"27-11-2015","1.218","1.239","1.245","1.207","-1.71%"
"26-11-2015","1.239","1.239","1.239","1.234","-0.23%"
"25-11-2015","1.242","1.242","1.269","1.226","0.65%"
"24-11-2015","1.234","1.242","1.247","1.204","-0.64%"
"23-11-2015","1.242","1.253","1.277","1.237","0.00%"
"20-11-2015","1.242","1.229","1.242","1.207","2.22%"
"19-11-2015","1.215","1.213","1.242","1.202","0.00%"
"18-11-2015","1.215","1.197","1.234","1.186","2.19%"
"17-11-2015","1.189","1.194","1.231","1.175","0.00%"
"16-11-2015","1.189","1.162","1.197","1.154","-0.17%"
"13-11-2015","1.191","1.239","1.239","1.181","-3.25%"
"12-11-2015","1.231","1.237","1.245","1.215","-0.67%"
"11-11-2015","1.239","1.237","1.239","1.237","0.67%"
"10-11-2015","1.231","1.271","1.274","1.221","-0.49%"
"09-11-2015","1.237","1.223","1.251","1.220","1.56%"
"06-11-2015","1.218","1.140","1.281","1.130","7.31%"
"05-11-2015","1.135","1.143","1.165","1.127","-0.44%"
"04-11-2015","1.140","1.089","1.148","1.083","4.49%"
"03-11-2015","1.091","1.091","1.097","1.059","2.25%"
"02-11-2015","1.067","1.029","1.072","1.026","3.69%"
"30-10-2015","1.029","1.026","1.064","1.020","-0.19%"
"29-10-2015","1.031","1.001","1.042","0.990","3.31%"
"28-10-2015","0.998","0.915","1.017","0.910","10.03%"
"27-10-2015","0.907","0.931","0.937","0.891","-2.89%"
"26-10-2015","0.934","0.947","0.955","0.923","-1.37%"
"23-10-2015","0.947","0.910","0.952","0.899","6.29%"
"22-10-2015","0.891","0.904","0.928","0.880","-1.76%"
"21-10-2015","0.907","0.923","0.931","0.894","-1.95%"
"20-10-2015","0.925","0.886","0.936","0.880","4.17%"
"19-10-2015","0.888","0.899","0.918","0.883","-2.09%"
"16-10-2015","0.907","0.899","0.912","0.883","1.57%"
"15-10-2015","0.893","0.841","0.899","0.841","6.56%"
"14-10-2015","0.838","0.917","0.917","0.835","-8.11%"
"13-10-2015","0.912","0.941","0.944","0.912","-3.37%"
"12-10-2015","0.944","0.949","0.954","0.941","-0.55%"
"09-10-2015","0.949","0.938","0.973","0.928","0.53%"
"08-10-2015","0.944","0.925","0.970","0.899","2.05%"
"07-10-2015","0.925","0.896","0.938","0.891","5.35%"
"06-10-2015","0.878","0.876","0.892","0.862","-0.11%"
"05-10-2015","0.879","0.839","0.887","0.828","4.16%"
"03-10-2015","0.844","0.844","0.844","0.844","0.00%"
"02-10-2015","0.844","0.922","0.938","0.785","-8.16%"
"01-10-2015","0.919","0.911","0.933","0.892","2.00%"
"30-09-2015","0.901","0.933","0.962","0.898","-3.74%"
"29-09-2015","0.936","0.957","0.976","0.917","-2.50%"
"28-09-2015","0.960","0.995","1.003","0.957","-3.23%"
"25-09-2015","0.992","1.024","1.046","0.987","1.64%"
"24-09-2015","0.976","0.995","1.005","0.941","-1.61%"
"23-09-2015","0.992","0.971","0.997","0.971","1.64%"
"22-09-2015","0.976","1.021","1.021","0.963","-4.22%"
"21-09-2015","1.019","0.997","1.024","0.997","4.09%"
"18-09-2015","0.979","0.987","1.000","0.955","-0.81%"
"17-09-2015","0.987","1.130","1.133","0.981","-12.50%"
"16-09-2015","1.128","1.114","1.133","1.090","0.00%"
"15-09-2015","1.128","1.035","1.128","1.021","9.09%"
"14-09-2015","1.034","1.042","1.045","1.019","0.49%"
"11-09-2015","1.029","1.058","1.064","1.024","-3.02%"
"10-09-2015","1.061","1.053","1.080","1.048","-0.47%"
"09-09-2015","1.066","1.074","1.095","1.053","3.00%"
"08-09-2015","1.035","1.005","1.038","0.981","3.22%"
"07-09-2015","1.003","0.997","1.003","0.997","1.08%"
"04-09-2015","0.992","0.992","1.024","0.927","0.51%"
"03-09-2015","0.987","1.008","1.027","0.981","-2.85%"
"02-09-2015","1.016","1.013","1.040","0.997","0.00%"
"01-09-2015","1.016","1.051","1.051","1.003","-3.33%"
"31-08-2015","1.051","1.051","1.054","1.008","2.34%"
"28-08-2015","1.027","1.000","1.040","0.960","3.22%"
"27-08-2015","0.995","0.965","1.019","0.952","1.63%"
"26-08-2015","0.979","0.920","1.000","0.912","4.93%"
"25-08-2015","0.933","0.904","0.979","0.901","3.90%"
"24-08-2015","0.898","0.931","0.938","0.837","-4.87%"
"21-08-2015","0.944","0.995","0.995","0.939","-4.36%"
"20-08-2015","0.987","1.000","1.011","0.981","-1.00%"
"19-08-2015","0.997","1.069","1.091","0.984","-6.56%"
"18-08-2015","1.067","1.059","1.083","1.037","0.57%"
"17-08-2015","1.061","1.080","1.082","1.037","-1.94%"
"14-08-2015","1.082","1.061","1.093","1.048","1.98%"
"13-08-2015","1.061","1.013","1.098","0.984","4.12%"
"12-08-2015","1.019","1.037","1.040","0.955","1.90%"
"11-08-2015","1.000","1.071","1.073","0.978","-6.63%"
"10-08-2015","1.071","1.068","1.082","1.060","1.32%"
"07-08-2015","1.057","1.065","1.103","1.046","-0.19%"
"06-08-2015","1.059","1.081","1.083","1.043","-2.04%"
"05-08-2015","1.081","1.072","1.111","1.045","1.60%"
"04-08-2015","1.064","0.975","1.067","0.975","8.79%"
"03-08-2015","0.978","0.988","1.013","0.956","0.10%"
"31-07-2015","0.977","1.061","1.085","0.972","-7.13%"
"30-07-2015","1.052","1.044","1.093","1.044","1.25%"
"29-07-2015","1.039","1.025","1.052","1.015","1.86%"
"28-07-2015","1.020","1.001","1.036","1.001","2.20%"
"27-07-2015","0.998","1.036","1.038","0.990","-4.13%"
"24-07-2015","1.041","1.067","1.070","1.022","-1.79%"
"23-07-2015","1.060","1.086","1.102","1.057","-2.12%"
"22-07-2015","1.083","1.056","1.084","1.051","2.75%"
"21-07-2015","1.054","1.088","1.105","1.051","-3.66%"
"20-07-2015","1.094","1.069","1.099","1.067","3.84%"
"18-07-2015","1.054","1.054","1.054","1.054","0.00%"
"17-07-2015","1.054","1.048","1.080","1.040","1.15%"
"16-07-2015","1.042","1.032","1.069","1.024","2.86%"
"15-07-2015","1.013","1.023","1.077","1.002","-1.55%"
"14-07-2015","1.029","1.074","1.077","1.015","-4.19%"
"13-07-2015","1.074","1.021","1.082","1.015","4.37%"
"10-07-2015","1.029","0.997","1.055","0.978","6.30%"
"09-07-2015","0.968","0.909","0.970","0.907","5.79%"
"08-07-2015","0.915","0.965","0.965","0.907","-1.61%"
"07-07-2015","0.930","0.944","0.949","0.877","-0.64%"
"06-07-2015","0.936","0.909","0.971","0.909","-5.74%"
"02-07-2015","0.993","1.068","1.157","0.979","-6.85%"
"01-07-2015","1.066","1.047","1.068","0.999","6.49%"
"30-06-2015","1.001","0.985","1.017","0.969","1.83%"
"29-06-2015","0.983","0.972","1.036","0.969","-9.57%"
"26-06-2015","1.087","1.061","1.101","1.053","2.45%"
"25-06-2015","1.061","1.042","1.087","1.039","1.53%"
"24-06-2015","1.045","1.064","1.079","1.037","-1.97%"
"23-06-2015","1.066","1.053","1.082","1.045","1.52%"
"22-06-2015","1.050","1.005","1.050","1.002","6.49%"
"19-06-2015","0.986","1.011","1.021","0.973","-3.24%"
"18-06-2015","1.019","1.019","1.058","0.997","-1.26%"
"17-06-2015","1.032","1.082","1.157","1.024","-4.44%"
"16-06-2015","1.080","1.104","1.106","1.072","-2.17%"
"15-06-2015","1.104","1.112","1.117","1.069","-2.56%"
"12-06-2015","1.133","1.122","1.146","1.101","1.43%"
"11-06-2015","1.117","1.141","1.173","1.117","-2.79%"
"10-06-2015","1.149","1.133","1.162","1.130","3.61%"
"09-06-2015","1.109","1.071","1.111","1.051","4.13%"
"08-06-2015","1.065","1.111","1.114","1.062","-3.18%"
"05-06-2015","1.100","1.027","1.141","1.024","7.42%"
"04-06-2015","1.024","1.043","1.073","1.013","-2.10%"
"03-06-2015","1.046","1.008","1.059","1.003","4.08%"
"02-06-2015","1.005","0.984","1.019","0.981","2.45%"
"01-06-2015","0.981","0.933","0.987","0.917","5.78%"
"30-05-2015","0.927","0.927","0.927","0.927","0.00%"
"29-05-2015","0.927","0.962","0.968","0.917","-3.13%"
"28-05-2015","0.957","0.989","0.992","0.949","-3.04%"
"27-05-2015","0.987","0.984","1.013","0.979","0.61%"
"26-05-2015","0.981","1.000","1.027","0.979","-2.15%"
"25-05-2015","1.003","1.003","1.003","1.000","0.56%"
"22-05-2015","0.997","0.952","1.019","0.938","4.73%"
"21-05-2015","0.952","0.981","0.989","0.947","-3.25%"
"20-05-2015","0.984","1.011","1.011","0.971","-3.15%"
"19-05-2015","1.016","0.960","1.019","0.928","5.83%"
"18-05-2015","0.960","0.907","0.965","0.899","6.19%"
"15-05-2015","0.904","0.918","0.934","0.891","-1.85%"
"14-05-2015","0.921","0.966","0.974","0.915","-5.44%"
"13-05-2015","0.974","0.997","1.003","0.937","0.41%"
"12-05-2015","0.970","0.997","1.043","0.970","-2.71%"
"11-05-2015","0.997","0.926","1.000","0.921","7.32%"
"08-05-2015","0.929","1.013","1.032","0.910","-8.02%"
"07-05-2015","1.010","1.010","1.056","0.980","-0.79%"
"06-05-2015","1.018","0.988","1.020","0.974","3.04%"
"05-05-2015","0.988","0.950","0.996","0.923","4.66%"
"04-05-2015","0.944","0.968","0.968","0.928","-0.53%"
"01-05-2015","0.949","0.916","0.957","0.914","4.75%"
"30-04-2015","0.906","0.889","0.965","0.887","1.23%"
"29-04-2015","0.895","0.887","0.973","0.865","0.00%"
"28-04-2015","0.895","0.857","0.897","0.852","4.43%"
"27-04-2015","0.857","0.833","0.865","0.830","2.51%"
"24-04-2015","0.836","0.878","0.886","0.833","-4.24%"
"23-04-2015","0.873","0.899","0.902","0.862","-2.57%"
"22-04-2015","0.896","0.854","0.902","0.846","5.29%"
"21-04-2015","0.851","0.846","0.872","0.840","0.00%"
"20-04-2015","0.851","0.848","0.864","0.827","0.95%"
"17-04-2015","0.843","0.821","0.859","0.790","2.31%"
"16-04-2015","0.824","0.840","0.859","0.811","-1.90%"
"15-04-2015","0.840","0.856","0.864","0.835","-2.44%"
"14-04-2015","0.861","0.885","0.901","0.835","-2.93%"
"13-04-2015","0.887","0.914","0.935","0.885","-2.95%"
"10-04-2015","0.914","0.909","0.922","0.893","0.55%"
"09-04-2015","0.909","0.874","0.914","0.858","3.65%"
"08-04-2015","0.877","0.861","0.896","0.848","5.66%"
"07-04-2015","0.830","0.811","0.849","0.806","2.72%"
"06-04-2015","0.808","0.852","0.860","0.774","3.06%"
"03-04-2015","0.784","0.852","0.860","0.774","-8.84%"
"02-04-2015","0.860","0.858","0.871","0.830","0.94%"
"01-04-2015","0.852","0.892","0.903","0.844","-3.40%"
"31-03-2015","0.882","0.909","0.911","0.879","-3.50%"
"30-03-2015","0.914","0.925","0.938","0.898","-1.72%"
"27-03-2015","0.930","0.960","0.965","0.914","-3.43%"
"26-03-2015","0.963","0.936","0.979","0.920","2.34%"
"25-03-2015","0.941","0.907","0.944","0.882","4.09%"
"24-03-2015","0.904","0.931","0.941","0.901","-2.27%"
"23-03-2015","0.925","0.939","0.947","0.917","-2.01%"
"20-03-2015","0.944","0.981","0.989","0.936","-4.84%"
"19-03-2015","0.992","0.912","1.005","0.891","8.77%"
"18-03-2015","0.912","1.069","1.136","0.894","-14.69%"
"17-03-2015","1.069","1.059","1.069","1.029","1.23%"
"16-03-2015","1.056","1.064","1.074","1.035","-1.49%"
"13-03-2015","1.072","1.080","1.104","1.043","-0.46%"
"12-03-2015","1.077","1.098","1.104","1.035","-1.91%"
"11-03-2015","1.098","1.096","1.136","1.088","2.81%"
"10-03-2015","1.068","1.111","1.122","1.060","-3.44%"
"09-03-2015","1.106","1.152","1.155","1.103","-3.32%"
"06-03-2015","1.144","1.040","1.155","0.989","10.21%"
"05-03-2015","1.038","1.046","1.067","1.030","-0.95%"
"04-03-2015","1.048","1.073","1.084","1.048","-2.51%"
"03-03-2015","1.075","1.046","1.081","1.040","2.58%"
"02-03-2015","1.048","1.008","1.054","1.000","4.80%"
"27-02-2015","1.000","1.024","1.046","0.992","-2.63%"
"26-02-2015","1.027","0.973","1.035","0.944","6.10%"
"25-02-2015","0.968","0.963","0.987","0.949","1.36%"
"24-02-2015","0.955","1.027","1.070","0.952","-6.46%"
"23-02-2015","1.021","1.061","1.069","1.016","-3.31%"
"20-02-2015","1.056","1.051","1.075","0.992","0.76%"
"19-02-2015","1.048","1.003","1.053","0.987","3.15%"
"18-02-2015","1.016","1.088","1.120","0.989","-6.62%"
"17-02-2015","1.088","1.016","1.120","1.011","6.81%"
"16-02-2015","1.019","1.045","1.045","1.016","-2.53%"
"13-02-2015","1.045","1.024","1.048","1.016","2.35%"
"12-02-2015","1.021","1.059","1.104","1.011","-4.93%"
"11-02-2015","1.074","1.035","1.080","1.029","4.27%"
"10-02-2015","1.030","1.027","1.060","1.016","-0.19%"
"09-02-2015","1.032","1.002","1.038","0.962","1.88%"
"06-02-2015","1.013","0.848","1.019","0.832","19.46%"
"05-02-2015","0.848","0.789","0.867","0.786","6.00%"
"04-02-2015","0.800","0.835","0.875","0.791","-4.42%"
"03-02-2015","0.837","0.767","0.840","0.752","9.41%"
"02-02-2015","0.765","0.754","0.792","0.746","3.94%"
"30-01-2015","0.736","0.840","0.840","0.735","-11.22%"
"29-01-2015","0.829","0.811","0.859","0.808","3.62%"
"28-01-2015","0.800","0.867","0.880","0.792","-8.26%"
"27-01-2015","0.872","0.875","0.883","0.824","-0.68%"
"26-01-2015","0.878","0.832","0.899","0.832","3.17%"
"23-01-2015","0.851","0.896","0.899","0.827","-5.02%"
"22-01-2015","0.896","0.870","0.928","0.830","2.40%"
"21-01-2015","0.875","0.835","0.875","0.811","4.79%"
"20-01-2015","0.835","0.788","0.846","0.785","6.40%"
"19-01-2015","0.785","0.819","0.819","0.782","-4.18%"
"16-01-2015","0.819","0.717","0.827","0.706","12.97%"
"15-01-2015","0.725","0.841","0.883","0.703","-13.48%"
"14-01-2015","0.838","0.893","0.893","0.783","-6.16%"
"13-01-2015","0.893","0.912","0.928","0.875","0.22%"
"12-01-2015","0.891","0.927","0.937","0.889","-3.26%"
"09-01-2015","0.921","0.981","1.000","0.897","-5.64%"
"08-01-2015","0.976","0.984","1.005","0.965","0.00%"
"07-01-2015","0.976","0.989","1.019","0.965","-1.01%"
"06-01-2015","0.986","1.041","1.041","0.924","-5.47%"
"05-01-2015","1.043","1.051","1.089","1.038","-1.51%"
"02-01-2015","1.059","1.108","1.125","1.049","-1.29%"
"01-01-2015","1.073","1.073","1.073","1.073","0.00%"
"31-12-2014","1.073","1.097","1.100","1.070","-2.19%"
"30-12-2014","1.097","1.124","1.124","1.086","-2.40%"
"29-12-2014","1.124","1.169","1.175","1.116","-3.85%"
"26-12-2014","1.169","1.169","1.180","1.143","-0.47%"
"25-12-2014","1.174","1.174","1.174","1.172","0.47%"
"24-12-2014","1.169","1.158","1.180","1.131","0.26%"
"23-12-2014","1.166","1.099","1.169","1.094","5.05%"
"22-12-2014","1.110","1.096","1.112","1.077","1.74%"
"19-12-2014","1.091","1.093","1.104","1.067","-0.18%"
"18-12-2014","1.093","1.082","1.112","1.043","2.25%"
"17-12-2014","1.069","0.984","1.107","0.950","8.09%"
"16-12-2014","0.989","1.021","1.024","0.902","-3.61%"
"15-12-2014","1.026","0.968","1.040","0.968","5.34%"
"12-12-2014","0.974","1.048","1.053","0.950","-7.06%"
"11-12-2014","1.048","1.008","1.074","0.995","3.66%"
"10-12-2014","1.011","1.074","1.082","1.003","-1.27%"
"09-12-2014","1.024","1.067","1.073","1.010","-3.85%"
"08-12-2014","1.065","1.089","1.114","1.051","-0.75%"
"05-12-2014","1.073","0.956","1.081","0.956","12.83%"
"04-12-2014","0.951","0.964","0.978","0.948","-1.86%"
"03-12-2014","0.969","0.948","0.977","0.942","2.54%"
"02-12-2014","0.945","0.899","0.948","0.894","5.12%"
"01-12-2014","0.899","0.864","0.905","0.829","4.29%"
"28-11-2014","0.862","0.899","0.928","0.851","-4.13%"
"27-11-2014","0.899","0.899","0.904","0.899","-1.74%"
"26-11-2014","0.915","0.928","0.934","0.904","-1.19%"
"25-11-2014","0.926","0.936","0.958","0.923","-1.38%"
"24-11-2014","0.939","0.947","0.966","0.936","-0.32%"
"21-11-2014","0.942","0.960","0.971","0.942","-1.67%"
"20-11-2014","0.958","0.974","0.976","0.931","-1.64%"
"19-11-2014","0.974","0.952","0.995","0.952","2.31%"
"18-11-2014","0.952","0.957","0.965","0.944","-1.14%"
"17-11-2014","0.963","0.952","0.973","0.928","0.63%"
"14-11-2014","0.957","0.973","1.005","0.952","-1.44%"
"13-11-2014","0.971","1.002","1.008","0.965","-3.38%"
"12-11-2014","1.005","1.016","1.018","0.973","-1.32%"
"11-11-2014","1.018","1.024","1.042","1.018","4.99%"
"10-11-2014","0.970","0.929","0.973","0.899","4.75%"
"07-11-2014","0.926","0.997","1.016","0.924","-6.56%"
"06-11-2014","0.991","0.956","0.997","0.942","3.66%"
"05-11-2014","0.956","0.951","0.978","0.948","1.16%"
"04-11-2014","0.945","0.942","0.956","0.929","0.32%"
"03-11-2014","0.942","0.913","0.969","0.907","2.06%"
"31-10-2014","0.923","0.891","0.937","0.886","3.59%"
"30-10-2014","0.891","0.915","0.929","0.883","-2.09%"
"29-10-2014","0.910","0.832","0.929","0.827","9.38%"
"28-10-2014","0.832","0.819","0.832","0.803","2.97%"
"27-10-2014","0.808","0.827","0.838","0.798","-0.74%"
"24-10-2014","0.814","0.824","0.830","0.790","-1.21%"
"23-10-2014","0.824","0.771","0.838","0.761","6.46%"
"22-10-2014","0.774","0.777","0.806","0.753","-0.64%"
"21-10-2014","0.779","0.761","0.790","0.732","1.30%"
"20-10-2014","0.769","0.803","0.803","0.756","-2.29%"
"17-10-2014","0.787","0.759","0.801","0.727","5.21%"
"16-10-2014","0.748","0.698","0.775","0.627","5.95%"
"15-10-2014","0.706","0.806","0.825","0.559","-12.41%"
"14-10-2014","0.806","0.835","0.851","0.785","-3.52%"
"13-10-2014","0.835","0.883","0.883","0.827","-5.39%"
"10-10-2014","0.883","0.907","0.941","0.880","-3.18%"
"09-10-2014","0.912","0.909","0.923","0.867","1.45%"
"08-10-2014","0.899","0.992","1.002","0.888","-4.97%"
"07-10-2014","0.946","1.005","1.008","0.941","-5.12%"
"06-10-2014","0.997","1.038","1.041","0.981","-3.20%"
"03-10-2014","1.030","0.989","1.057","0.989","4.15%"
"02-10-2014","0.989","0.973","0.997","0.954","1.64%"
"01-10-2014","0.973","1.048","1.048","0.970","-6.98%"
"30-09-2014","1.046","1.040","1.067","1.035","1.06%"
"29-09-2014","1.035","1.067","1.070","1.032","-2.52%"
"27-09-2014","1.062","1.062","1.062","1.062","0.00%"
"26-09-2014","1.062","1.021","1.078","1.016","4.02%"
"25-09-2014","1.021","1.067","1.070","1.019","-4.04%"
"24-09-2014","1.064","1.051","1.070","1.046","1.82%"
"23-09-2014","1.045","1.056","1.064","1.045","-1.51%"
"22-09-2014","1.061","1.080","1.080","1.051","-2.48%"
"19-09-2014","1.088","1.104","1.131","1.088","-0.73%"
"18-09-2014","1.096","1.109","1.136","1.096","-0.27%"
"17-09-2014","1.099","1.045","1.104","1.011","4.87%"
"16-09-2014","1.048","1.056","1.061","1.035","-0.95%"
"15-09-2014","1.058","1.080","1.088","1.056","-2.25%"
"13-09-2014","1.082","1.082","1.082","1.082","0.00%"
"12-09-2014","1.082","1.082","1.098","1.072","0.46%"
"11-09-2014","1.077","1.080","1.080","1.053","-0.74%"
"10-09-2014","1.085","1.066","1.088","1.064","4.83%"
"09-09-2014","1.035","1.008","1.043","1.008","4.12%"
"08-09-2014","0.994","0.959","0.997","0.945","3.33%"
"05-09-2014","0.962","0.991","1.043","0.918","-2.43%"
"04-09-2014","0.986","0.961","0.994","0.934","2.28%"
"03-09-2014","0.964","0.964","1.004","0.961","-0.82%"
"02-09-2014","0.972","0.937","0.975","0.934","3.76%"
"01-09-2014","0.937","0.934","0.937","0.934","0.84%"
"29-08-2014","0.929","0.945","0.950","0.921","-1.06%"
"28-08-2014","0.939","0.953","0.955","0.929","-1.68%"
"27-08-2014","0.955","0.961","0.963","0.945","-1.14%"
"26-08-2014","0.966","0.979","0.982","0.958","-1.33%"
"25-08-2014","0.979","0.974","0.985","0.961","1.03%"
"22-08-2014","0.969","0.939","0.985","0.923","3.19%"
"21-08-2014","0.939","0.947","0.950","0.920","-0.84%"
"20-08-2014","0.947","0.896","0.950","0.894","5.69%"
"19-08-2014","0.896","0.891","0.896","0.867","0.90%"
"18-08-2014","0.888","0.878","0.894","0.875","3.02%"
"15-08-2014","0.862","0.888","0.894","0.833","-2.38%"
"14-08-2014","0.883","0.886","0.891","0.857","0.00%"
"13-08-2014","0.883","0.917","0.931","0.880","-1.23%"
"12-08-2014","0.894","0.897","0.905","0.883","0.00%"
"11-08-2014","0.894","0.902","0.910","0.886","0.00%"
"08-08-2014","0.894","0.875","0.897","0.826","3.11%"
"07-08-2014","0.867","0.905","0.915","0.864","-3.88%"
"06-08-2014","0.902","0.905","0.915","0.878","-0.33%"
"05-08-2014","0.905","0.899","0.932","0.894","0.67%"
"04-08-2014","0.899","0.924","0.934","0.896","-2.08%"
"02-08-2014","0.918","0.918","0.918","0.918","0.00%"
"01-08-2014","0.918","1.004","1.037","0.905","-7.83%"
"31-07-2014","0.996","1.018","1.042","0.993","-2.35%"
"30-07-2014","1.020","0.985","1.058","0.985","3.55%"
"29-07-2014","0.985","0.996","0.998","0.980","-0.51%"
"28-07-2014","0.990","0.977","0.996","0.974","1.96%"
"25-07-2014","0.971","0.979","0.998","0.969","-1.12%"
"24-07-2014","0.982","0.952","0.993","0.947","3.37%"
"23-07-2014","0.950","0.960","0.963","0.944","-1.04%"
"22-07-2014","0.960","0.987","0.998","0.958","-2.44%"
"21-07-2014","0.984","0.974","0.987","0.966","1.65%"
"18-07-2014","0.968","0.925","0.974","0.920","5.22%"
"17-07-2014","0.920","0.981","0.981","0.917","-6.50%"
"16-07-2014","0.984","0.970","0.994","0.962","1.13%"
"15-07-2014","0.973","0.952","0.976","0.928","2.53%"
"14-07-2014","0.949","0.928","0.954","0.925","2.56%"
"12-07-2014","0.925","0.925","0.925","0.925","0.00%"
"11-07-2014","0.925","0.941","0.949","0.915","-1.70%"
"10-07-2014","0.941","0.965","0.970","0.909","-1.98%"
"09-07-2014","0.960","0.997","1.039","0.957","1.27%"
"08-07-2014","0.948","0.970","0.978","0.943","-2.27%"
"07-07-2014","0.970","0.983","0.988","0.967","1.15%"
"03-07-2014","0.959","0.918","0.983","0.918","4.13%"
"02-07-2014","0.921","0.886","0.923","0.880","4.30%"
"01-07-2014","0.883","0.870","0.888","0.864","1.85%"
"30-06-2014","0.867","0.872","0.888","0.862","-1.25%"
"27-06-2014","0.878","0.883","0.883","0.862","-0.57%"
"26-06-2014","0.883","0.918","0.928","0.878","-3.50%"
"25-06-2014","0.915","0.931","0.936","0.891","-2.03%"
"24-06-2014","0.934","0.944","0.961","0.931","-1.68%"
"23-06-2014","0.950","0.934","0.950","0.928","2.37%"
"20-06-2014","0.928","0.925","0.958","0.920","0.00%"
"19-06-2014","0.928","0.928","0.952","0.912","-0.85%"
"18-06-2014","0.936","0.992","0.997","0.918","-5.65%"
"17-06-2014","0.992","0.955","0.992","0.947","4.20%"
"16-06-2014","0.952","0.936","0.955","0.928","2.26%"
"13-06-2014","0.931","0.933","0.962","0.923","1.20%"
"12-06-2014","0.920","0.928","0.941","0.886","-0.86%"
"11-06-2014","0.928","0.936","0.941","0.912","4.15%"
"10-06-2014","0.891","0.859","0.897","0.859","3.12%"
"09-06-2014","0.864","0.834","0.870","0.834","3.85%"
"06-06-2014","0.832","0.802","0.834","0.778","3.74%"
"05-06-2014","0.802","0.816","0.837","0.794","-2.67%"
"04-06-2014","0.824","0.827","0.840","0.810","-0.96%"
"03-06-2014","0.832","0.808","0.835","0.805","2.97%"
"02-06-2014","0.808","0.781","0.818","0.776","4.12%"
"30-05-2014","0.776","0.765","0.789","0.763","0.65%"
"29-05-2014","0.771","0.747","0.771","0.723","3.21%"
"28-05-2014","0.747","0.776","0.781","0.736","-4.11%"
"27-05-2014","0.779","0.784","0.795","0.774","-0.33%"
"26-05-2014","0.782","0.782","0.782","0.779","0.33%"
"23-05-2014","0.779","0.793","0.793","0.771","-1.02%"
"22-05-2014","0.787","0.779","0.800","0.779","1.68%"
"21-05-2014","0.774","0.769","0.793","0.756","1.04%"
"20-05-2014","0.766","0.793","0.801","0.756","-3.40%"
"19-05-2014","0.793","0.806","0.809","0.772","-1.98%"
"16-05-2014","0.809","0.798","0.817","0.795","1.38%"
"15-05-2014","0.798","0.812","0.846","0.785","-2.33%"
"14-05-2014","0.817","0.849","0.854","0.796","-3.43%"
"13-05-2014","0.846","0.883","0.891","0.846","-3.86%"
"12-05-2014","0.880","0.870","0.888","0.867","1.85%"
"09-05-2014","0.864","0.867","0.872","0.854","0.00%"
"08-05-2014","0.864","0.899","0.907","0.862","-3.57%"
"07-05-2014","0.896","0.928","0.938","0.886","1.47%"
"06-05-2014","0.883","0.880","0.888","0.872","0.57%"
"05-05-2014","0.878","0.856","0.878","0.851","1.27%"
"02-05-2014","0.867","0.845","0.940","0.843","3.21%"
"01-05-2014","0.840","0.854","0.864","0.832","-1.29%"
"30-04-2014","0.851","0.896","0.905","0.851","-5.02%"
"29-04-2014","0.896","0.899","0.913","0.891","0.00%"
"28-04-2014","0.896","0.891","0.902","0.872","1.13%"
"25-04-2014","0.886","0.894","0.896","0.867","-1.12%"
"24-04-2014","0.896","0.904","0.926","0.886","-0.67%"
"23-04-2014","0.902","0.910","0.910","0.878","-0.88%"
"22-04-2014","0.910","0.899","0.923","0.888","1.22%"
"21-04-2014","0.899","0.910","0.928","0.888","-1.21%"
"17-04-2014","0.910","0.864","0.915","0.851","5.32%"
"16-04-2014","0.864","0.843","0.870","0.833","2.49%"
"15-04-2014","0.843","0.830","0.854","0.822","1.57%"
"14-04-2014","0.830","0.785","0.835","0.785","3.62%"
"11-04-2014","0.801","0.814","0.825","0.788","-1.35%"
"10-04-2014","0.812","0.835","0.843","0.788","-2.52%"
"09-04-2014","0.833","0.774","0.917","0.774","-2.00%"
"08-04-2014","0.850","0.853","0.863","0.845","0.35%"
"07-04-2014","0.847","0.866","0.872","0.834","-2.53%"
"04-04-2014","0.869","0.930","0.945","0.861","-6.56%"
"03-04-2014","0.930","0.925","0.930","0.911","0.54%"
"02-04-2014","0.925","0.890","0.930","0.887","4.64%"
"01-04-2014","0.884","0.882","0.892","0.871","1.49%"
"31-03-2014","0.871","0.922","0.933","0.871","-4.39%"
"28-03-2014","0.911","0.897","0.914","0.889","1.90%"
"27-03-2014","0.894","0.873","0.911","0.873","2.05%"
"26-03-2014","0.876","0.913","0.921","0.865","-4.37%"
"25-03-2014","0.916","0.929","0.932","0.902","-1.08%"
"24-03-2014","0.926","0.915","0.956","0.913","3.00%"
"21-03-2014","0.899","0.891","0.915","0.883","1.47%"
"20-03-2014","0.886","0.886","0.915","0.869","0.11%"
"19-03-2014","0.885","0.750","0.928","0.745","17.53%"
"18-03-2014","0.753","0.768","0.774","0.750","-2.33%"
"17-03-2014","0.771","0.739","0.776","0.737","3.91%"
"14-03-2014","0.742","0.737","0.758","0.710","0.68%"
"13-03-2014","0.737","0.792","0.819","0.726","-6.71%"
"12-03-2014","0.790","0.792","0.800","0.768","3.54%"
"11-03-2014","0.763","0.771","0.779","0.757","-0.26%"
"10-03-2014","0.765","0.771","0.787","0.760","-0.78%"
"07-03-2014","0.771","0.719","0.789","0.709","7.68%"
"06-03-2014","0.716","0.692","0.724","0.692","2.29%"
"05-03-2014","0.700","0.692","0.716","0.684","0.72%"
"04-03-2014","0.695","0.649","0.697","0.646","7.92%"
"03-03-2014","0.644","0.646","0.668","0.638","-3.88%"
"28-02-2014","0.670","0.665","0.703","0.660","1.52%"
"27-02-2014","0.660","0.676","0.676","0.654","-1.49%"
"26-02-2014","0.670","0.697","0.702","0.670","-3.46%"
"25-02-2014","0.694","0.713","0.713","0.686","-2.25%"
"24-02-2014","0.710","0.710","0.729","0.697","0.71%"
"21-02-2014","0.705","0.712","0.731","0.699","-0.70%"
"20-02-2014","0.710","0.697","0.726","0.665","1.57%"
"19-02-2014","0.699","0.670","0.699","0.646","4.33%"
"18-02-2014","0.670","0.712","0.712","0.665","-5.58%"
"17-02-2014","0.710","0.704","0.710","0.704","0.80%"
"14-02-2014","0.704","0.702","0.712","0.686","1.15%"
"13-02-2014","0.696","0.739","0.739","0.694","-6.07%"
"12-02-2014","0.741","0.842","0.845","0.715","8.65%"
"11-02-2014","0.682","0.642","0.685","0.642","7.06%"
"10-02-2014","0.637","0.634","0.642","0.618","0.47%"
"07-02-2014","0.634","0.661","0.696","0.613","-4.52%"
"06-02-2014","0.664","0.648","0.672","0.642","2.95%"
"05-02-2014","0.645","0.640","0.656","0.608","0.78%"
"04-02-2014","0.640","0.629","0.640","0.618","3.06%"
"03-02-2014","0.621","0.678","0.683","0.613","-6.90%"
"31-01-2014","0.667","0.705","0.710","0.664","-4.99%"
"30-01-2014","0.702","0.710","0.731","0.699","0.00%"
"29-01-2014","0.702","0.758","0.763","0.686","-4.36%"
"28-01-2014","0.734","0.758","0.774","0.729","-1.74%"
"27-01-2014","0.747","0.729","0.761","0.726","2.89%"
"24-01-2014","0.726","0.769","0.779","0.673","-5.59%"
"23-01-2014","0.769","0.851","0.851","0.750","-9.10%"
"22-01-2014","0.846","0.808","0.851","0.808","4.96%"
"21-01-2014","0.806","0.793","0.819","0.793","2.05%"
"20-01-2014","0.790","0.790","0.793","0.790","0.00%"
"17-01-2014","0.790","0.798","0.808","0.782","-0.63%"
"16-01-2014","0.795","0.813","0.819","0.787","-2.93%"
"15-01-2014","0.819","0.790","0.829","0.782","4.07%"
"14-01-2014","0.787","0.750","0.795","0.750","4.93%"
"13-01-2014","0.750","0.776","0.776","0.742","-3.35%"
"10-01-2014","0.776","0.880","0.901","0.774","-11.82%"
"09-01-2014","0.880","0.874","0.890","0.861","0.00%"
"08-01-2014","0.880","0.682","0.882","0.682","16.71%"
"07-01-2014","0.754","0.754","0.762","0.749","0.00%"
"06-01-2014","0.754","0.784","0.789","0.752","-3.08%"
"03-01-2014","0.778","0.748","0.781","0.743","3.60%"
"02-01-2014","0.751","0.781","0.781","0.746","-2.11%"
"01-01-2014","0.767","0.767","0.767","0.767","0.00%"
"31-12-2013","0.767","0.762","0.775","0.754","1.46%"
"30-12-2013","0.756","0.775","0.786","0.756","-2.45%"
"27-12-2013","0.775","0.788","0.796","0.772","-1.90%"
"26-12-2013","0.790","0.798","0.804","0.780","-1.37%"
"25-12-2013","0.801","0.788","0.801","0.788","1.65%"
"24-12-2013","0.788","0.761","0.798","0.753","3.55%"
"23-12-2013","0.761","0.729","0.761","0.729","4.39%"
"20-12-2013","0.729","0.705","0.758","0.702","3.85%"
"19-12-2013","0.702","0.649","0.715","0.643","8.67%"
"18-12-2013","0.646","0.649","0.707","0.617","0.00%"
"17-12-2013","0.646","0.673","0.673","0.646","-4.30%"
"16-12-2013","0.675","0.678","0.680","0.665","0.00%"
"13-12-2013","0.675","0.678","0.696","0.673","0.00%"
"12-12-2013","0.675","0.649","0.688","0.649","4.01%"
"11-12-2013","0.649","0.633","0.654","0.625","9.44%"
"10-12-2013","0.593","0.612","0.614","0.593","-3.42%"
"09-12-2013","0.614","0.622","0.622","0.601","0.00%"
"06-12-2013","0.614","0.598","0.636","0.590","2.68%"
"05-12-2013","0.598","0.571","0.598","0.566","4.18%"
"04-12-2013","0.574","0.553","0.587","0.553","3.42%"
"03-12-2013","0.555","0.563","0.569","0.545","-1.07%"
"02-12-2013","0.561","0.548","0.572","0.545","2.56%"
"29-11-2013","0.547","0.553","0.566","0.542","-1.10%"
"28-11-2013","0.553","0.548","0.556","0.548","0.93%"
"27-11-2013","0.548","0.545","0.564","0.540","0.92%"
"26-11-2013","0.543","0.556","0.561","0.540","-2.86%"
"25-11-2013","0.559","0.561","0.572","0.551","0.54%"
"22-11-2013","0.556","0.551","0.567","0.551","0.36%"
"21-11-2013","0.554","0.569","0.575","0.538","-2.64%"
"20-11-2013","0.569","0.572","0.583","0.533","-1.04%"
"19-11-2013","0.575","0.559","0.580","0.554","3.42%"
"18-11-2013","0.556","0.580","0.580","0.549","-3.81%"
"15-11-2013","0.578","0.570","0.585","0.570","1.40%"
"14-11-2013","0.570","0.580","0.599","0.567","-4.84%"
"13-11-2013","0.599","0.646","0.649","0.578","-3.70%"
"12-11-2013","0.622","0.598","0.625","0.593","4.49%"
"11-11-2013","0.595","0.593","0.595","0.593","0.39%"
"08-11-2013","0.593","0.539","0.603","0.525","10.63%"
"07-11-2013","0.536","0.547","0.550","0.510","-2.55%"
"06-11-2013","0.550","0.582","0.582","0.542","-5.50%"
"05-11-2013","0.582","0.579","0.601","0.577","0.52%"
"04-11-2013","0.579","0.582","0.585","0.577","-1.86%"
"01-11-2013","0.590","0.574","0.595","0.572","3.69%"
"31-10-2013","0.569","0.585","0.588","0.558","-1.90%"
"30-10-2013","0.580","0.572","0.588","0.553","1.05%"
"29-10-2013","0.574","0.582","0.585","0.572","-1.37%"
"28-10-2013","0.582","0.585","0.596","0.577","0.00%"
"25-10-2013","0.582","0.588","0.593","0.577","-1.02%"
"24-10-2013","0.588","0.593","0.596","0.580","0.51%"
"23-10-2013","0.585","0.577","0.590","0.569","1.39%"
"22-10-2013","0.577","0.620","0.625","0.575","-6.94%"
"21-10-2013","0.620","0.620","0.625","0.604","0.98%"
"18-10-2013","0.614","0.609","0.620","0.588","1.15%"
"17-10-2013","0.607","0.638","0.638","0.599","-4.86%"
"16-10-2013","0.638","0.675","0.688","0.636","-5.06%"
"15-10-2013","0.672","0.696","0.696","0.662","-3.48%"
"14-10-2013","0.696","0.699","0.699","0.693","3.60%"
"11-10-2013","0.672","0.686","0.688","0.659","-1.61%"
"10-10-2013","0.683","0.691","0.712","0.680","-0.73%"
"09-10-2013","0.688","0.686","0.709","0.680","1.47%"
"08-10-2013","0.678","0.633","0.689","0.630","5.77%"
"07-10-2013","0.641","0.617","0.646","0.606","2.07%"
"04-10-2013","0.628","0.602","0.633","0.599","5.72%"
"03-10-2013","0.594","0.607","0.626","0.591","-2.14%"
"02-10-2013","0.607","0.645","0.648","0.605","-5.45%"
"01-10-2013","0.642","0.616","0.645","0.616","4.73%"
"30-09-2013","0.613","0.613","0.645","0.611","-3.46%"
"27-09-2013","0.635","0.657","0.670","0.627","-3.35%"
"26-09-2013","0.657","0.654","0.673","0.646","1.70%"
"25-09-2013","0.646","0.670","0.673","0.643","-3.29%"
"24-09-2013","0.668","0.678","0.684","0.654","-1.18%"
"23-09-2013","0.676","0.689","0.713","0.670","-1.89%"
"20-09-2013","0.689","0.700","0.713","0.679","-1.29%"
"19-09-2013","0.698","0.666","0.703","0.640","4.33%"
"18-09-2013","0.669","0.774","0.814","0.656","-14.23%"
"17-09-2013","0.780","0.806","0.806","0.777","-2.99%"
"16-09-2013","0.804","0.875","0.875","0.767","-8.11%"
"13-09-2013","0.875","0.888","0.920","0.870","-0.91%"
"12-09-2013","0.883","0.886","0.886","0.854","0.00%"
"11-09-2013","0.883","0.933","0.933","0.880","-0.23%"
"10-09-2013","0.885","0.850","0.888","0.850","4.12%"
"09-09-2013","0.850","0.890","0.893","0.836","-3.92%"
"07-09-2013","0.885","0.885","0.885","0.885","0.00%"
"06-09-2013","0.885","0.960","0.979","0.844","-8.10%"
"05-09-2013","0.963","0.876","0.963","0.868","10.31%"
"04-09-2013","0.873","0.808","0.876","0.805","8.04%"
"03-09-2013","0.808","0.824","0.837","0.792","-1.61%"
"02-09-2013","0.821","0.824","0.824","0.818","5.15%"
"30-08-2013","0.781","0.777","0.789","0.757","1.17%"
"29-08-2013","0.772","0.775","0.802","0.764","0.39%"
"28-08-2013","0.769","0.740","0.785","0.737","4.77%"
"27-08-2013","0.734","0.777","0.780","0.734","-4.92%"
"26-08-2013","0.772","0.798","0.823","0.766","-3.02%"
"23-08-2013","0.796","0.819","0.852","0.785","-2.81%"
"22-08-2013","0.819","0.779","0.827","0.768","6.64%"
"21-08-2013","0.768","0.720","0.774","0.710","7.41%"
"20-08-2013","0.715","0.744","0.744","0.710","-4.67%"
"19-08-2013","0.750","0.731","0.757","0.728","4.17%"
"16-08-2013","0.720","0.701","0.749","0.699","2.56%"
"15-08-2013","0.702","0.667","0.736","0.664","4.46%"
"14-08-2013","0.672","0.680","0.683","0.659","-1.61%"
"13-08-2013","0.683","0.628","0.683","0.625","9.28%"
"12-08-2013","0.625","0.620","0.628","0.607","1.28%"
"10-08-2013","0.617","0.617","0.617","0.617","0.00%"
"09-08-2013","0.617","0.622","0.625","0.609","0.00%"
"08-08-2013","0.617","0.620","0.622","0.607","0.00%"
"07-08-2013","0.617","0.622","0.625","0.609","3.70%"
"06-08-2013","0.595","0.593","0.606","0.587","0.34%"
"05-08-2013","0.593","0.574","0.601","0.571","3.29%"
"03-08-2013","0.574","0.574","0.574","0.574","0.00%"
"02-08-2013","0.574","0.646","0.738","0.569","-11.15%"
"01-08-2013","0.646","0.596","0.649","0.585","8.39%"
"31-07-2013","0.596","0.593","0.646","0.588","0.00%"
"30-07-2013","0.596","0.596","0.601","0.585","0.00%"
"29-07-2013","0.596","0.588","0.601","0.580","0.51%"
"27-07-2013","0.593","0.593","0.593","0.593","0.00%"
"26-07-2013","0.593","0.604","0.614","0.585","-1.82%"
"25-07-2013","0.604","0.638","0.652","0.601","-5.03%"
"24-07-2013","0.636","0.593","0.657","0.593","6.71%"
"23-07-2013","0.596","0.588","0.606","0.585","1.36%"
"22-07-2013","0.588","0.580","0.596","0.572","0.93%"
"20-07-2013","0.583","0.583","0.583","0.583","0.00%"
"19-07-2013","0.583","0.596","0.607","0.580","-3.00%"
"18-07-2013","0.601","0.596","0.609","0.577","0.84%"
"17-07-2013","0.596","0.636","0.638","0.572","-6.14%"
"16-07-2013","0.635","0.646","0.657","0.628","-2.16%"
"15-07-2013","0.649","0.672","0.696","0.643","-3.48%"
"13-07-2013","0.672","0.672","0.672","0.672","0.00%"
"12-07-2013","0.672","0.649","0.680","0.620","4.02%"
"11-07-2013","0.646","0.659","0.678","0.641","-10.65%"
"10-07-2013","0.723","0.723","0.733","0.688","5.86%"
"09-07-2013","0.683","0.683","0.700","0.673","0.74%"
"08-07-2013","0.678","0.751","0.767","0.675","-9.67%"
"06-07-2013","0.751","0.751","0.751","0.751","0.00%"
"05-07-2013","0.751","0.658","0.759","0.647","15.03%"
"04-07-2013","0.653","0.653","0.653","0.653","0.00%"
"03-07-2013","0.653","0.634","0.656","0.596","3.00%"
"02-07-2013","0.634","0.644","0.650","0.623","-0.78%"
"01-07-2013","0.639","0.658","0.679","0.628","-1.63%"
"29-06-2013","0.650","0.650","0.650","0.650","0.00%"
"28-06-2013","0.650","0.649","0.690","0.620","0.46%"
"27-06-2013","0.647","0.684","0.689","0.641","-5.41%"
"26-06-2013","0.684","0.751","0.751","0.676","-8.19%"
"25-06-2013","0.745","0.710","0.748","0.676","2.90%"
"24-06-2013","0.724","0.713","0.798","0.700","1.97%"
"22-06-2013","0.710","0.710","0.710","0.710","0.00%"
"21-06-2013","0.710","0.624","0.713","0.609","12.70%"
"20-06-2013","0.630","0.606","0.654","0.595","6.24%"
"19-06-2013","0.593","0.487","0.592","0.476","21.77%"
"18-06-2013","0.487","0.487","0.505","0.479","0.00%"
"17-06-2013","0.487","0.505","0.505","0.468","-0.51%"
"15-06-2013","0.489","0.489","0.489","0.489","0.00%"
"14-06-2013","0.489","0.511","0.513","0.479","-4.68%"
"13-06-2013","0.513","0.584","0.584","0.511","-11.40%"
"12-06-2013","0.579","0.569","0.582","0.553","6.43%"
"11-06-2013","0.544","0.533","0.582","0.527","2.06%"
"10-06-2013","0.533","0.519","0.544","0.506","4.31%"
"08-06-2013","0.511","0.511","0.511","0.511","0.00%"
"07-06-2013","0.511","0.467","0.514","0.454","9.42%"
"06-06-2013","0.467","0.467","0.475","0.435","0.00%"
"05-06-2013","0.467","0.486","0.486","0.459","-3.31%"
"04-06-2013","0.483","0.483","0.491","0.472","-0.41%"
"03-06-2013","0.485","0.501","0.518","0.464","-1.12%"
"01-06-2013","0.491","0.491","0.491","0.491","0.00%"
"31-05-2013","0.490","0.487","0.523","0.460","0.62%"
"30-05-2013","0.487","0.490","0.503","0.474","0.00%"
"29-05-2013","0.487","0.503","0.532","0.484","-2.01%"
"28-05-2013","0.497","0.420","0.497","0.420","19.87%"
"25-05-2013","0.415","0.415","0.415","0.415","0.00%"
"24-05-2013","0.415","0.419","0.423","0.406","0.24%"
"23-05-2013","0.414","0.422","0.430","0.395","-1.19%"
"22-05-2013","0.419","0.384","0.422","0.363","8.83%"
"21-05-2013","0.385","0.392","0.403","0.382","-2.53%"
"20-05-2013","0.395","0.398","0.403","0.384","-0.63%"
"18-05-2013","0.398","0.398","0.398","0.398","0.00%"
"17-05-2013","0.398","0.376","0.398","0.366","6.70%"
"16-05-2013","0.373","0.394","0.397","0.366","-4.85%"
"15-05-2013","0.392","0.407","0.415","0.386","-4.39%"
"14-05-2013","0.410","0.392","0.410","0.381","4.59%"
"13-05-2013","0.392","0.400","0.402","0.381","1.48%"
"11-05-2013","0.386","0.386","0.386","0.386","0.00%"
"10-05-2013","0.386","0.352","0.389","0.352","9.66%"
"09-05-2013","0.352","0.350","0.352","0.342","0.57%"
"08-05-2013","0.350","0.360","0.360","0.347","1.74%"
"07-05-2013","0.344","0.336","0.346","0.333","2.38%"
"06-05-2013","0.336","0.333","0.341","0.327","0.96%"
"04-05-2013","0.333","0.333","0.333","0.333","0.00%"
"03-05-2013","0.333","0.293","0.335","0.293","13.65%"
"02-05-2013","0.293","0.298","0.303","0.292","-1.68%"
"01-05-2013","0.298","0.308","0.311","0.292","-4.18%"
"30-04-2013","0.311","0.316","0.316","0.298","-0.96%"
"29-04-2013","0.314","0.319","0.319","0.311","-1.57%"
"27-04-2013","0.319","0.319","0.319","0.319","0.00%"
"26-04-2013","0.319","0.337","0.337","0.316","-5.34%"
"25-04-2013","0.337","0.337","0.343","0.335","0.00%"
"24-04-2013","0.337","0.342","0.345","0.335","-0.88%"
"23-04-2013","0.340","0.337","0.340","0.324","0.89%"
"22-04-2013","0.337","0.348","0.353","0.334","-3.05%"
"20-04-2013","0.348","0.348","0.348","0.348","0.00%"
"19-04-2013","0.348","0.339","0.350","0.339","2.65%"
"18-04-2013","0.339","0.337","0.342","0.329","0.59%"
"17-04-2013","0.337","0.337","0.339","0.329","0.00%"
"16-04-2013","0.337","0.329","0.342","0.326","4.33%"
"15-04-2013","0.323","0.334","0.339","0.321","-3.24%"
"13-04-2013","0.334","0.334","0.334","0.334","0.00%"
"12-04-2013","0.334","0.352","0.352","0.334","-4.57%"
"11-04-2013","0.350","0.357","0.360","0.350","-1.41%"
"10-04-2013","0.355","0.344","0.357","0.344","5.97%"
"09-04-2013","0.335","0.335","0.340","0.329","0.00%"
"08-04-2013","0.335","0.324","0.335","0.324","1.52%"
"05-04-2013","0.330","0.327","0.332","0.308","1.85%"
"04-04-2013","0.324","0.332","0.338","0.314","-3.28%"
"03-04-2013","0.335","0.351","0.356","0.330","-4.56%"
"02-04-2013","0.351","0.348","0.356","0.346","0.86%"
"01-04-2013","0.348","0.364","0.367","0.343","-1.61%"
"29-03-2013","0.354","0.354","0.354","0.354","0.00%"
"28-03-2013","0.354","0.351","0.362","0.346","0.00%"
"27-03-2013","0.354","0.375","0.375","0.349","-4.84%"
"26-03-2013","0.372","0.378","0.388","0.372","-0.80%"
"25-03-2013","0.375","0.388","0.399","0.372","-1.39%"
"23-03-2013","0.380","0.380","0.380","0.380","0.00%"
"22-03-2013","0.380","0.372","0.386","0.367","1.33%"
"21-03-2013","0.375","0.378","0.380","0.367","-1.32%"
"20-03-2013","0.380","0.367","0.386","0.367","3.54%"
"19-03-2013","0.367","0.380","0.386","0.357","-3.42%"
"18-03-2013","0.380","0.370","0.388","0.367","-4.04%"
"16-03-2013","0.396","0.396","0.396","0.396","0.00%"
"15-03-2013","0.396","0.414","0.422","0.393","-5.04%"
"14-03-2013","0.417","0.414","0.430","0.412","1.21%"
"13-03-2013","0.412","0.414","0.420","0.401","3.78%"
"12-03-2013","0.397","0.407","0.407","0.394","-1.98%"
"11-03-2013","0.405","0.405","0.407","0.394","1.48%"
"09-03-2013","0.399","0.399","0.399","0.399","0.00%"
"08-03-2013","0.399","0.394","0.423","0.386","2.05%"
"07-03-2013","0.391","0.370","0.394","0.367","5.11%"
"06-03-2013","0.372","0.356","0.375","0.354","4.49%"
"05-03-2013","0.356","0.343","0.362","0.340","3.79%"
"04-03-2013","0.343","0.338","0.346","0.330","1.57%"
"02-03-2013","0.338","0.338","0.338","0.338","0.00%"
"01-03-2013","0.338","0.346","0.349","0.335","-2.31%"
"28-02-2013","0.346","0.359","0.359","0.343","-3.62%"
"27-02-2013","0.359","0.362","0.362","0.351","0.00%"
"26-02-2013","0.359","0.364","0.367","0.351","-0.83%"
"25-02-2013","0.362","0.396","0.401","0.359","-7.39%"
"23-02-2013","0.391","0.391","0.391","0.391","0.00%"
"22-02-2013","0.391","0.401","0.409","0.391","-2.01%"
"21-02-2013","0.399","0.415","0.417","0.391","-3.16%"
"20-02-2013","0.412","0.428","0.436","0.412","-3.06%"
"19-02-2013","0.425","0.420","0.428","0.412","2.53%"
"16-02-2013","0.414","0.414","0.414","0.414","0.00%"
"15-02-2013","0.414","0.414","0.425","0.409","0.49%"
"14-02-2013","0.412","0.435","0.441","0.412","-5.94%"
"13-02-2013","0.438","0.414","0.438","0.414","8.96%"
"12-02-2013","0.402","0.391","0.405","0.386","3.34%"
"11-02-2013","0.389","0.378","0.391","0.375","2.99%"
"09-02-2013","0.378","0.378","0.378","0.378","0.00%"
"08-02-2013","0.378","0.380","0.391","0.370","0.00%"
"07-02-2013","0.378","0.378","0.388","0.367","0.00%"
"06-02-2013","0.378","0.391","0.394","0.372","-4.06%"
"05-02-2013","0.394","0.380","0.402","0.380","3.68%"
"04-02-2013","0.380","0.407","0.418","0.372","-5.40%"
"02-02-2013","0.402","0.402","0.402","0.402","0.00%"
"01-02-2013","0.402","0.404","0.426","0.370","-1.23%"
"31-01-2013","0.407","0.404","0.412","0.394","0.00%"
"30-01-2013","0.407","0.428","0.442","0.404","-4.91%"
"29-01-2013","0.428","0.426","0.433","0.415","0.00%"
"28-01-2013","0.428","0.425","0.441","0.415","1.88%"
"26-01-2013","0.420","0.420","0.420","0.420","0.00%"
"25-01-2013","0.420","0.370","0.420","0.370","13.51%"
"24-01-2013","0.370","0.356","0.378","0.354","2.21%"
"23-01-2013","0.362","0.370","0.370","0.354","-0.55%"
"22-01-2013","0.364","0.383","0.391","0.362","-2.26%"
"19-01-2013","0.372","0.372","0.372","0.372","0.00%"
"18-01-2013","0.372","0.393","0.407","0.372","-5.34%"
"17-01-2013","0.393","0.359","0.396","0.357","9.47%"
"16-01-2013","0.359","0.367","0.367","0.357","-1.37%"
"15-01-2013","0.364","0.378","0.378","0.357","-2.15%"
"14-01-2013","0.372","0.378","0.378","0.367","-1.48%"
"12-01-2013","0.378","0.378","0.378","0.378","0.00%"
"11-01-2013","0.378","0.383","0.391","0.372","-0.53%"
"10-01-2013","0.380","0.370","0.383","0.364","2.70%"
"09-01-2013","0.370","0.383","0.388","0.362","-0.27%"
"08-01-2013","0.371","0.389","0.398","0.368","-5.36%"
"07-01-2013","0.392","0.395","0.395","0.387","0.00%"
"05-01-2013","0.392","0.392","0.392","0.392","0.00%"
"04-01-2013","0.392","0.391","0.435","0.389","0.00%"
"03-01-2013","0.392","0.370","0.397","0.362","5.95%"
"02-01-2013","0.370","0.354","0.397","0.354","4.55%"
"01-01-2013","0.354","0.354","0.354","0.354","0.00%"
"31-12-2012","0.354","0.354","0.359","0.343","0.00%"
"29-12-2012","0.354","0.351","0.354","0.351","0.00%"
"28-12-2012","0.354","0.369","0.372","0.351","-4.07%"
"27-12-2012","0.369","0.385","0.391","0.361","-3.66%"
"26-12-2012","0.383","0.388","0.406","0.377","0.16%"
"25-12-2012","0.382","0.382","0.382","0.382","0.00%"
"24-12-2012","0.382","0.380","0.396","0.374","0.66%"
"22-12-2012","0.380","0.380","0.380","0.380","0.00%"
"21-12-2012","0.380","0.387","0.387","0.361","-1.04%"
"20-12-2012","0.384","0.384","0.387","0.371","-0.78%"
"19-12-2012","0.387","0.387","0.395","0.374","0.00%"
"18-12-2012","0.387","0.366","0.397","0.360","6.61%"
"17-12-2012","0.363","0.345","0.366","0.334","7.84%"
"15-12-2012","0.337","0.337","0.337","0.337","0.00%"
"14-12-2012","0.337","0.355","0.355","0.334","-5.07%"
"13-12-2012","0.355","0.334","0.358","0.324","6.29%"
"12-12-2012","0.334","0.326","0.339","0.321","4.05%"
"11-12-2012","0.321","0.316","0.329","0.313","1.58%"
"10-12-2012","0.316","0.319","0.319","0.308","-0.85%"
"08-12-2012","0.319","0.319","0.319","0.319","0.00%"
"07-12-2012","0.319","0.313","0.329","0.308","2.57%"
"06-12-2012","0.311","0.314","0.314","0.306","-0.96%"
"05-12-2012","0.314","0.324","0.327","0.308","-2.48%"
"04-12-2012","0.322","0.327","0.332","0.319","-1.53%"
"03-12-2012","0.327","0.324","0.338","0.324","0.80%"
"01-12-2012","0.324","0.324","0.324","0.324","0.00%"
"30-11-2012","0.324","0.333","0.340","0.319","-3.28%"
"29-11-2012","0.335","0.343","0.348","0.333","-1.76%"
"28-11-2012","0.341","0.351","0.351","0.338","-2.85%"
"27-11-2012","0.351","0.359","0.364","0.351","-2.23%"
"26-11-2012","0.359","0.370","0.372","0.354","-2.89%"
"24-11-2012","0.370","0.370","0.370","0.370","0.00%"
"23-11-2012","0.370","0.364","0.372","0.359","1.54%"
"22-11-2012","0.364","0.364","0.364","0.364","0.00%"
"21-11-2012","0.364","0.349","0.367","0.343","4.30%"
"20-11-2012","0.349","0.330","0.349","0.325","4.80%"
"19-11-2012","0.333","0.325","0.336","0.325","3.29%"
"17-11-2012","0.322","0.322","0.322","0.322","0.00%"
"16-11-2012","0.322","0.333","0.333","0.317","-2.42%"
"15-11-2012","0.330","0.331","0.336","0.325","-0.90%"
"14-11-2012","0.333","0.338","0.346","0.328","-0.89%"
"13-11-2012","0.336","0.346","0.351","0.333","-3.67%"
"10-11-2012","0.349","0.349","0.349","0.349","0.00%"
"09-11-2012","0.349","0.349","0.354","0.338","0.00%"
"08-11-2012","0.349","0.367","0.370","0.346","-4.12%"
"07-11-2012","0.364","0.417","0.417","0.351","-10.78%"
"06-11-2012","0.408","0.373","0.411","0.373","10.87%"
"05-11-2012","0.368","0.384","0.386","0.365","-4.07%"
"03-11-2012","0.384","0.384","0.384","0.384","0.00%"
"02-11-2012","0.384","0.386","0.410","0.381","-0.52%"
"01-11-2012","0.386","0.383","0.394","0.375","0.78%"
"31-10-2012","0.383","0.412","0.415","0.380","-3.99%"
"30-10-2012","0.399","0.399","0.399","0.399","0.00%"
"29-10-2012","0.399","0.396","0.409","0.394","-1.89%"
"27-10-2012","0.407","0.407","0.407","0.407","0.00%"
"26-10-2012","0.407","0.444","0.444","0.404","-6.00%"
"25-10-2012","0.433","0.433","0.433","0.433","7.44%"
"24-10-2012","0.403","0.403","0.403","0.403","0.50%"
"23-10-2012","0.401","0.401","0.401","0.401","-6.09%"
"22-10-2012","0.427","0.427","0.427","0.427","5.25%"
"20-10-2012","0.406","0.406","0.406","0.406","0.00%"
"19-10-2012","0.406","0.406","0.406","0.406","-1.22%"
"18-10-2012","0.411","0.411","0.411","0.411","0.24%"
"17-10-2012","0.410","0.410","0.410","0.410","12.95%"
"16-10-2012","0.363","0.363","0.363","0.363","4.61%"
"15-10-2012","0.347","0.347","0.347","0.347","-0.74%"
"13-10-2012","0.350","0.350","0.350","0.350","0.00%"
"12-10-2012","0.350","0.350","0.350","0.350","0.00%"
"11-10-2012","0.350","0.350","0.350","0.350","0.00%"
"10-10-2012","0.350","0.350","0.350","0.350","1.74%"
"09-10-2012","0.344","0.344","0.344","0.344","0.00%"
"06-10-2012","0.344","0.344","0.344","0.344","0.00%"
"05-10-2012","0.344","0.344","0.344","0.344","7.84%"
"04-10-2012","0.319","0.319","0.319","0.319","5.28%"
"03-10-2012","0.303","0.303","0.303","0.303","-1.94%"
"02-10-2012","0.309","0.309","0.309","0.309","0.32%"
"01-10-2012","0.308","0.308","0.308","0.308","0.72%"
"29-09-2012","0.306","0.306","0.306","0.306","0.00%"
"28-09-2012","0.306","0.306","0.306","0.306","-6.99%"
"27-09-2012","0.329","0.329","0.329","0.329","-1.79%"
"26-09-2012","0.335","0.335","0.335","0.335","-2.33%"
"25-09-2012","0.343","0.343","0.343","0.343","-0.58%"
"24-09-2012","0.345","0.345","0.345","0.345","-0.78%"
"22-09-2012","0.348","0.348","0.348","0.348","0.00%"
"21-09-2012","0.348","0.348","0.348","0.348","-2.79%"
"20-09-2012","0.358","0.358","0.358","0.358","1.42%"
"19-09-2012","0.353","0.353","0.353","0.353","0.86%"
"18-09-2012","0.350","0.350","0.350","0.350","-2.78%"
"17-09-2012","0.360","0.360","0.360","0.360","1.41%"
"15-09-2012","0.355","0.355","0.355","0.355","0.00%"
"14-09-2012","0.355","0.355","0.355","0.355","10.59%"
"13-09-2012","0.321","0.321","0.321","0.321","-4.75%"
"12-09-2012","0.337","0.337","0.337","0.337","3.69%"
"11-09-2012","0.325","0.325","0.325","0.325","0.93%"
"10-09-2012","0.322","0.322","0.322","0.322","-1.77%"
"08-09-2012","0.328","0.328","0.328","0.328","0.00%"
"07-09-2012","0.328","0.328","0.328","0.328","-4.65%"
"06-09-2012","0.344","0.344","0.344","0.344","10.61%"
"05-09-2012","0.311","0.311","0.311","0.311","2.64%"
"04-09-2012","0.303","0.303","0.303","0.303","3.55%"
"01-09-2012","0.293","0.293","0.293","0.293","0.00%"
"31-08-2012","0.293","0.293","0.293","0.293","-13.82%"
"30-08-2012","0.340","0.340","0.340","0.340","-6.08%"
"29-08-2012","0.362","0.362","0.362","0.362","0.84%"
"28-08-2012","0.359","0.359","0.359","0.359","0.00%"
"27-08-2012","0.359","0.359","0.359","0.359","-2.76%"
"25-08-2012","0.369","0.369","0.369","0.369","0.00%"
"24-08-2012","0.369","0.369","0.369","0.369","3.07%"
"23-08-2012","0.358","0.358","0.358","0.358","-0.83%"
"22-08-2012","0.361","0.361","0.361","0.361","-12.17%"
"21-08-2012","0.411","0.411","0.411","0.411","0.00%"
"20-08-2012","0.411","0.411","0.411","0.411","-1.20%"
"18-08-2012","0.416","0.416","0.416","0.416","0.00%"
"17-08-2012","0.416","0.416","0.416","0.416","-1.89%"
"16-08-2012","0.424","0.424","0.424","0.424","0.71%"
"15-08-2012","0.421","0.421","0.421","0.421","7.40%"
"14-08-2012","0.392","0.392","0.392","0.392","6.52%"
"13-08-2012","0.368","0.368","0.368","0.368","-0.70%"
"11-08-2012","0.371","0.371","0.371","0.371","0.00%"
"10-08-2012","0.371","0.371","0.371","0.371","-4.63%"
"09-08-2012","0.389","0.389","0.389","0.389","0.00%"
"08-08-2012","0.389","0.389","0.389","0.389","6.58%"
"07-08-2012","0.365","0.365","0.365","0.365","12.31%"
"06-08-2012","0.325","0.325","0.325","0.325","-1.57%"
"04-08-2012","0.330","0.330","0.330","0.330","0.00%"
"03-08-2012","0.330","0.330","0.330","0.330","9.63%"
"02-08-2012","0.301","0.301","0.301","0.301","-4.14%"
"01-08-2012","0.314","0.314","0.314","0.314","10.18%"
"31-07-2012","0.285","0.285","0.285","0.285","-6.86%"
"30-07-2012","0.306","0.306","0.306","0.306","-8.66%"
"28-07-2012","0.335","0.335","0.335","0.335","0.00%"
"27-07-2012","0.335","0.335","0.335","0.335","11.67%"
"26-07-2012","0.300","0.300","0.300","0.300","6.38%"
"25-07-2012","0.282","0.282","0.282","0.282","1.08%"
"24-07-2012","0.279","0.279","0.279","0.279","0.00%"
"23-07-2012","0.279","0.279","0.279","0.279","-1.86%"
"21-07-2012","0.284","0.284","0.284","0.284","0.00%"
"20-07-2012","0.284","0.284","0.284","0.284","-4.38%"
"19-07-2012","0.297","0.297","0.297","0.297","-3.57%"
"18-07-2012","0.308","0.308","0.308","0.308","-6.95%"
"17-07-2012","0.331","0.331","0.331","0.331","4.75%"
"16-07-2012","0.316","0.316","0.316","0.316","-6.09%"
"14-07-2012","0.336","0.336","0.336","0.336","0.00%"
"13-07-2012","0.336","0.336","0.336","0.336","-4.55%"
"12-07-2012","0.352","0.352","0.352","0.352","-3.03%"
"11-07-2012","0.363","0.363","0.363","0.363","1.97%"
"10-07-2012","0.356","0.356","0.356","0.356","1.42%"
"09-07-2012","0.351","0.351","0.351","0.351","-2.20%"
"07-07-2012","0.359","0.359","0.359","0.359","0.00%"
"06-07-2012","0.359","0.359","0.359","0.359","-4.27%"
"05-07-2012","0.375","0.375","0.375","0.375","-4.09%"
"04-07-2012","0.391","0.391","0.391","0.391","0.00%"
"03-07-2012","0.391","0.391","0.391","0.391","2.89%"
"02-07-2012","0.380","0.380","0.380","0.380","-4.11%"
"30-06-2012","0.396","0.396","0.396","0.396","0.00%"
"29-06-2012","0.396","0.396","0.396","0.396","-1.49%"
"28-06-2012","0.402","0.402","0.402","0.402","-1.23%"
"27-06-2012","0.407","0.407","0.407","0.407","-0.73%"
"26-06-2012","0.410","0.410","0.410","0.410","3.54%"
"25-06-2012","0.396","0.396","0.396","0.396","-4.51%"
"23-06-2012","0.415","0.415","0.415","0.415","0.00%"
"22-06-2012","0.415","0.415","0.415","0.415","1.47%"
"21-06-2012","0.409","0.409","0.409","0.409","-3.31%"
"20-06-2012","0.423","0.423","0.423","0.423","9.59%"
"19-06-2012","0.386","0.386","0.386","0.386","2.93%"
"18-06-2012","0.375","0.375","0.375","0.375","0.70%"
"16-06-2012","0.372","0.372","0.372","0.372","0.00%"
"15-06-2012","0.372","0.372","0.372","0.372","-9.05%"
"14-06-2012","0.409","0.409","0.409","0.409","3.28%"
"13-06-2012","0.396","0.396","0.396","0.396","-1.74%"
"12-06-2012","0.403","0.403","0.403","0.403","11.94%"
"11-06-2012","0.360","0.360","0.360","0.360","-2.23%"
"09-06-2012","0.368","0.368","0.368","0.368","0.00%"
"08-06-2012","0.368","0.368","0.368","0.368","0.82%"
"07-06-2012","0.365","0.365","0.365","0.365","-0.82%"
"06-06-2012","0.368","0.368","0.368","0.368","7.92%"
"05-06-2012","0.341","0.341","0.341","0.341","-1.45%"
"04-06-2012","0.346","0.346","0.346","0.346","4.00%"
"02-06-2012","0.333","0.333","0.333","0.333","0.00%"
"01-06-2012","0.333","0.333","0.333","0.333","-3.76%"
"31-05-2012","0.346","0.346","0.346","0.346","-4.95%"
"30-05-2012","0.364","0.364","0.364","0.364","-11.65%"
"29-05-2012","0.412","0.412","0.412","0.412","0.64%"
"28-05-2012","0.409","0.409","0.409","0.409","0.00%"
"26-05-2012","0.409","0.409","0.409","0.409","0.00%"
"25-05-2012","0.409","0.409","0.409","0.409","-3.08%"
"24-05-2012","0.422","0.422","0.422","0.422","4.71%"
"23-05-2012","0.403","0.403","0.403","0.403","-3.36%"
"22-05-2012","0.417","0.417","0.417","0.417","4.25%"
"21-05-2012","0.400","0.400","0.400","0.400","-3.26%"
"19-05-2012","0.414","0.414","0.414","0.414","0.00%"
"18-05-2012","0.414","0.414","0.414","0.414","2.73%"
"17-05-2012","0.403","0.403","0.403","0.403","3.60%"
"16-05-2012","0.389","0.389","0.389","0.389","2.10%"
"15-05-2012","0.381","0.381","0.381","0.381","4.96%"
"14-05-2012","0.363","0.363","0.363","0.363","-0.63%"
"12-05-2012","0.365","0.365","0.365","0.365","0.00%"
"11-05-2012","0.365","0.365","0.365","0.365","-1.62%"
"10-05-2012","0.371","0.371","0.371","0.371","0.82%"
"09-05-2012","0.368","0.368","0.368","0.368","2.51%"
"08-05-2012","0.359","0.359","0.359","0.359","-2.18%"
"07-05-2012","0.367","0.367","0.367","0.367","0.00%"
"05-05-2012","0.367","0.367","0.367","0.367","0.00%"
"04-05-2012","0.367","0.367","0.367","0.367","-3.42%"
"03-05-2012","0.380","0.380","0.380","0.380","-1.55%"
"02-05-2012","0.386","0.386","0.386","0.386","-0.52%"
"01-05-2012","0.388","0.388","0.388","0.388","2.65%"
"30-04-2012","0.378","0.378","0.378","0.378","-1.31%"
"28-04-2012","0.383","0.383","0.383","0.383","0.00%"
"27-04-2012","0.383","0.383","0.383","0.383","0.00%"
"26-04-2012","0.383","0.383","0.383","0.383","-2.79%"
"25-04-2012","0.394","0.394","0.394","0.394","-1.75%"
"24-04-2012","0.401","0.401","0.401","0.401","4.70%"
"23-04-2012","0.383","0.383","0.383","0.383","-3.96%"
"21-04-2012","0.399","0.399","0.399","0.399","0.00%"
"20-04-2012","0.399","0.399","0.399","0.399","-0.50%"
"19-04-2012","0.401","0.401","0.401","0.401","0.50%"
"18-04-2012","0.399","0.399","0.399","0.399","-2.44%"
"17-04-2012","0.409","0.409","0.409","0.409","1.24%"
"16-04-2012","0.404","0.404","0.404","0.404","0.00%"
"14-04-2012","0.404","0.404","0.404","0.404","0.00%"
"13-04-2012","0.404","0.404","0.404","0.404","-5.61%"
"12-04-2012","0.428","0.428","0.428","0.428","-0.47%"
"11-04-2012","0.430","0.430","0.430","0.430","4.88%"
"10-04-2012","0.410","0.410","0.410","0.410","-8.48%"
"09-04-2012","0.448","0.448","0.448","0.448","1.96%"
"07-04-2012","0.439","0.439","0.439","0.439","0.00%"
"06-04-2012","0.439","0.439","0.439","0.439","-10.95%"
"05-04-2012","0.493","0.493","0.493","0.493","-3.71%"
"04-04-2012","0.512","0.512","0.512","0.512","-7.25%"
"03-04-2012","0.552","0.552","0.552","0.552","14.52%"
"02-04-2012","0.482","0.482","0.482","0.482","-4.21%"
"31-03-2012","0.503","0.503","0.503","0.503","0.00%"
"30-03-2012","0.503","0.503","0.503","0.503","0.60%"
"29-03-2012","0.500","0.500","0.500","0.500","-2.53%"
"28-03-2012","0.513","0.513","0.513","0.513","3.22%"
"27-03-2012","0.497","0.497","0.497","0.497","-7.45%"
"26-03-2012","0.537","0.537","0.537","0.537","-0.98%"
"24-03-2012","0.542","0.542","0.542","0.542","0.00%"
"23-03-2012","0.542","0.542","0.542","0.542","-3.73%"
"22-03-2012","0.563","0.563","0.563","0.563","-1.75%"
"21-03-2012","0.573","0.573","0.573","0.573","-6.98%"
"20-03-2012","0.616","0.616","0.616","0.616","2.33%"
"19-03-2012","0.602","0.602","0.602","0.602","6.55%"
"17-03-2012","0.565","0.565","0.565","0.565","0.00%"
"16-03-2012","0.565","0.565","0.565","0.565","0.18%"
"15-03-2012","0.564","0.564","0.564","0.564","-3.75%"
"14-03-2012","0.586","0.586","0.586","0.586","15.81%"
"13-03-2012","0.506","0.506","0.506","0.506","11.45%"
"12-03-2012","0.454","0.454","0.454","0.454","2.37%"
"10-03-2012","0.444","0.444","0.444","0.444","0.00%"
"09-03-2012","0.444","0.444","0.444","0.444","3.26%"
"08-03-2012","0.430","0.430","0.430","0.430","4.12%"
"07-03-2012","0.413","0.413","0.413","0.413","5.36%"
"06-03-2012","0.392","0.392","0.392","0.392","-6.22%"
"05-03-2012","0.418","0.418","0.418","0.418","6.80%"
"03-03-2012","0.391","0.391","0.391","0.391","0.00%"
"02-03-2012","0.391","0.391","0.391","0.391","-5.78%"
"01-03-2012","0.415","0.415","0.415","0.415","0.00%"
"29-02-2012","0.415","0.415","0.415","0.415","1.97%"
"28-02-2012","0.407","0.407","0.407","0.407","0.74%"
"27-02-2012","0.404","0.404","0.404","0.404","-6.05%"
"24-02-2012","0.430","0.430","0.430","0.430","0.70%"
"23-02-2012","0.427","0.427","0.427","0.427","3.14%"
"22-02-2012","0.414","0.414","0.414","0.414","-6.97%"
"21-02-2012","0.445","0.445","0.445","0.445","6.21%"
"17-02-2012","0.419","0.419","0.419","0.419","1.45%"
"16-02-2012","0.413","0.413","0.413","0.413","12.23%"
"15-02-2012","0.368","0.368","0.368","0.368","-6.12%"
"14-02-2012","0.392","0.392","0.392","0.392","-0.51%"
"13-02-2012","0.394","0.394","0.394","0.394","3.41%"
"10-02-2012","0.381","0.381","0.381","0.381","-0.78%"
"09-02-2012","0.384","0.384","0.384","0.384","5.21%"
"08-02-2012","0.365","0.365","0.365","0.365","6.10%"
"07-02-2012","0.344","0.344","0.344","0.344","9.55%"
"06-02-2012","0.314","0.314","0.314","0.314","-3.38%"
"03-02-2012","0.325","0.325","0.325","0.325","7.97%"
"02-02-2012","0.301","0.301","0.301","0.301","0.00%"
"01-02-2012","0.301","0.301","0.301","0.301","2.03%"
"31-01-2012","0.295","0.295","0.295","0.295","-2.64%"
"30-01-2012","0.303","0.303","0.303","0.303","-0.98%"
"27-01-2012","0.306","0.306","0.306","0.306","-0.65%"
"26-01-2012","0.308","0.308","0.308","0.308","-4.94%"
"25-01-2012","0.324","0.324","0.324","0.324","-14.06%"
"24-01-2012","0.377","0.377","0.377","0.377","-0.79%"
"23-01-2012","0.380","0.380","0.380","0.380","2.43%"
"20-01-2012","0.371","0.371","0.371","0.371","2.20%"
"19-01-2012","0.363","0.363","0.363","0.363","5.22%"
"18-01-2012","0.345","0.345","0.345","0.345","4.23%"
"17-01-2012","0.331","0.331","0.331","0.331","-3.22%"
"13-01-2012","0.342","0.342","0.342","0.342","-5.79%"
"12-01-2012","0.363","0.363","0.363","0.363","3.13%"
"11-01-2012","0.352","0.352","0.352","0.352","-2.22%"
"10-01-2012","0.360","0.360","0.360","0.360","-1.37%"
"09-01-2012","0.365","0.365","0.365","0.365","-3.69%"
"06-01-2012","0.379","0.379","0.379","0.379","-2.57%"
"05-01-2012","0.389","0.389","0.389","0.389","-0.77%"
"04-01-2012","0.392","0.392","0.392","0.392","0.26%"
"03-01-2012","0.391","0.391","0.391","0.391","8.91%"
"30-12-2011","0.359","0.359","0.359","0.359","-8.88%"
"29-12-2011","0.394","0.394","0.394","0.394","-3.67%"
"28-12-2011","0.409","0.409","0.409","0.409","-6.62%"
"27-12-2011","0.438","0.438","0.438","0.438","0.00%"
"23-12-2011","0.438","0.438","0.438","0.438","6.57%"
"22-12-2011","0.411","0.411","0.411","0.411","3.27%"
"21-12-2011","0.398","0.398","0.398","0.398","5.01%"
"20-12-2011","0.379","0.379","0.379","0.379","4.99%"
"19-12-2011","0.361","0.361","0.361","0.361","5.56%"
"16-12-2011","0.342","0.342","0.342","0.342","-7.82%"
"15-12-2011","0.371","0.371","0.371","0.371","0.00%"
"14-12-2011","0.371","0.371","0.371","0.371","2.20%"
"13-12-2011","0.363","0.363","0.363","0.363","5.22%"
"12-12-2011","0.345","0.345","0.345","0.345","-3.90%"
"09-12-2011","0.359","0.359","0.359","0.359","4.66%"
"08-12-2011","0.343","0.343","0.343","0.343","-5.25%"
"07-12-2011","0.362","0.362","0.362","0.362","-8.12%"
"06-12-2011","0.394","0.394","0.394","0.394","0.77%"
"05-12-2011","0.391","0.391","0.391","0.391","2.09%"
"02-12-2011","0.383","0.383","0.383","0.383","-3.28%"
"01-12-2011","0.396","0.396","0.396","0.396","-0.75%"
"30-11-2011","0.399","0.399","0.399","0.399","2.84%"
"29-11-2011","0.388","0.388","0.388","0.388","-0.77%"
"28-11-2011","0.391","0.391","0.391","0.391","-3.93%"
"25-11-2011","0.407","0.407","0.407","0.407","4.90%"
"23-11-2011","0.388","0.388","0.388","0.388","-2.02%"
"22-11-2011","0.396","0.396","0.396","0.396","-4.58%"
"21-11-2011","0.415","0.415","0.415","0.415","-1.19%"
"18-11-2011","0.420","0.420","0.420","0.420","6.87%"
"17-11-2011","0.393","0.393","0.393","0.393","0.00%"
"16-11-2011","0.393","0.393","0.393","0.393","0.00%"
"15-11-2011","0.393","0.393","0.393","0.393","2.61%"
"14-11-2011","0.383","0.383","0.383","0.383","-2.54%"
"11-11-2011","0.393","0.393","0.393","0.393","0.00%"
"10-11-2011","0.393","0.393","0.393","0.393","3.97%"
"09-11-2011","0.378","0.378","0.378","0.378","-1.82%"
"08-11-2011","0.385","0.385","0.385","0.385","2.12%"
"07-11-2011","0.377","0.377","0.377","0.377","3.86%"
"04-11-2011","0.363","0.363","0.363","0.363","-5.71%"
"03-11-2011","0.385","0.385","0.385","0.385","6.65%"
"02-11-2011","0.361","0.361","0.361","0.361","-4.24%"
"01-11-2011","0.377","0.377","0.377","0.377","-3.58%"
"31-10-2011","0.391","0.391","0.391","0.391","-20.53%"
"28-10-2011","0.492","0.492","0.492","0.492","-5.20%"
"27-10-2011","0.519","0.519","0.519","0.519","10.90%"
"26-10-2011","0.468","0.468","0.468","0.468","11.96%"
"25-10-2011","0.418","0.418","0.418","0.418","-11.81%"
"24-10-2011","0.474","0.474","0.474","0.474","2.38%"
"21-10-2011","0.463","0.463","0.463","0.463","0.65%"
"20-10-2011","0.460","0.460","0.460","0.460","-0.65%"
"19-10-2011","0.463","0.463","0.463","0.463","-1.07%"
"18-10-2011","0.468","0.468","0.468","0.468","-1.68%"
"17-10-2011","0.476","0.476","0.476","0.476","-5.74%"
"14-10-2011","0.505","0.505","0.505","0.505","-1.17%"
"13-10-2011","0.511","0.511","0.511","0.511","-4.31%"
"12-10-2011","0.534","0.534","0.534","0.534","2.30%"
"11-10-2011","0.522","0.522","0.522","0.522","5.45%"
"07-10-2011","0.495","0.495","0.495","0.495","11.24%"
"06-10-2011","0.445","0.445","0.445","0.445","5.70%"
"05-10-2011","0.421","0.421","0.421","0.421","5.25%"
"04-10-2011","0.400","0.400","0.400","0.400","8.99%"
"03-10-2011","0.367","0.367","0.367","0.367","-9.38%"
"30-09-2011","0.405","0.405","0.405","0.405","-6.68%"
"29-09-2011","0.434","0.434","0.434","0.434","7.43%"
"28-09-2011","0.404","0.404","0.404","0.404","0.00%"
"27-09-2011","0.404","0.404","0.404","0.404","2.02%"
"26-09-2011","0.396","0.396","0.396","0.396","7.32%"
"23-09-2011","0.369","0.369","0.369","0.369","8.53%"
"22-09-2011","0.340","0.340","0.340","0.340","-4.49%"
"21-09-2011","0.356","0.356","0.356","0.356","20.68%"
"20-09-2011","0.295","0.295","0.295","0.295","0.00%"
"19-09-2011","0.295","0.295","0.295","0.295","-12.46%"
"16-09-2011","0.337","0.337","0.337","0.337","-5.60%"
"15-09-2011","0.357","0.357","0.357","0.357","1.42%"
"14-09-2011","0.352","0.352","0.352","0.352","-1.40%"
"13-09-2011","0.357","0.357","0.357","0.357","6.25%"
"12-09-2011","0.336","0.336","0.336","0.336","13.51%"
"09-09-2011","0.296","0.296","0.296","0.296","-7.50%"
"08-09-2011","0.320","0.320","0.320","0.320","-4.19%"
"07-09-2011","0.334","0.334","0.334","0.334","1.52%"
"06-09-2011","0.329","0.329","0.329","0.329","4.11%"
"02-09-2011","0.316","0.316","0.316","0.316","8.22%"
"01-09-2011","0.292","0.292","0.292","0.292","-9.88%"
"31-08-2011","0.324","0.324","0.324","0.324","2.21%"
"30-08-2011","0.317","0.317","0.317","0.317","-7.58%"
"29-08-2011","0.343","0.343","0.343","0.343","5.54%"
"26-08-2011","0.325","0.325","0.325","0.325","-10.22%"
"25-08-2011","0.362","0.362","0.362","0.362","-9.27%"
"24-08-2011","0.399","0.399","0.399","0.399","4.72%"
"23-08-2011","0.381","0.381","0.381","0.381","4.96%"
"22-08-2011","0.363","0.363","0.363","0.363","5.52%"
"19-08-2011","0.344","0.344","0.344","0.344","4.56%"
"18-08-2011","0.329","0.329","0.329","0.329","-0.90%"
"17-08-2011","0.332","0.332","0.332","0.332","0.00%"
"16-08-2011","0.332","0.332","0.332","0.332","-5.14%"
"15-08-2011","0.350","0.350","0.350","0.350","7.03%"
"12-08-2011","0.327","0.327","0.327","0.327","-4.66%"
"11-08-2011","0.343","0.343","0.343","0.343","4.89%"
"10-08-2011","0.327","0.327","0.327","0.327","-6.84%"
"09-08-2011","0.351","0.351","0.351","0.351","-17.22%"
"08-08-2011","0.424","0.424","0.424","0.424","-14.52%"
"05-08-2011","0.496","0.496","0.496","0.496","19.23%"
"04-08-2011","0.416","0.416","0.416","0.416","-19.22%"
"03-08-2011","0.515","0.515","0.515","0.515","6.63%"
"02-08-2011","0.483","0.483","0.483","0.483","-11.86%"
"01-08-2011","0.548","0.548","0.548","0.548","2.62%"
"29-07-2011","0.534","0.534","0.534","0.534","-19.70%"
"28-07-2011","0.665","0.665","0.665","0.665","-3.90%"
"27-07-2011","0.692","0.692","0.692","0.692","6.13%"
"26-07-2011","0.652","0.652","0.652","0.652","-4.54%"
"25-07-2011","0.683","0.683","0.683","0.683","2.71%"
"22-07-2011","0.665","0.665","0.665","0.665","-3.76%"
"21-07-2011","0.691","0.691","0.691","0.691","7.80%"
"20-07-2011","0.641","0.641","0.641","0.641","3.05%"
"19-07-2011","0.622","0.622","0.622","0.622","0.81%"
"18-07-2011","0.617","0.617","0.617","0.617","-0.80%"
"15-07-2011","0.622","0.622","0.622","0.622","-6.75%"
"14-07-2011","0.667","0.667","0.667","0.667","7.58%"
"13-07-2011","0.620","0.620","0.620","0.620","5.44%"
"12-07-2011","0.588","0.588","0.588","0.588","-3.92%"
"11-07-2011","0.612","0.612","0.612","0.612","-9.60%"
"08-07-2011","0.677","0.677","0.677","0.677","-14.95%"
"07-07-2011","0.796","0.796","0.796","0.796","8.45%"
"06-07-2011","0.734","0.734","0.734","0.734","-1.08%"
"05-07-2011","0.742","0.742","0.742","0.742","-9.51%"
"01-07-2011","0.820","0.820","0.820","0.820","2.76%"
"30-06-2011","0.798","0.798","0.798","0.798","3.50%"
"29-06-2011","0.771","0.771","0.771","0.771","2.80%"
"28-06-2011","0.750","0.750","0.750","0.750","19.05%"
"27-06-2011","0.630","0.630","0.630","0.630","11.11%"
"24-06-2011","0.567","0.567","0.567","0.567","-7.80%"
"23-06-2011","0.615","0.615","0.615","0.615","-8.62%"
"22-06-2011","0.673","0.673","0.673","0.673","-0.44%"
"21-06-2011","0.676","0.676","0.676","0.676","-0.29%"
"20-06-2011","0.678","0.678","0.678","0.678","-0.44%"
"17-06-2011","0.681","0.681","0.681","0.681","-0.44%"
"16-06-2011","0.684","0.684","0.684","0.684","-1.16%"
"15-06-2011","0.692","0.692","0.692","0.692","-12.63%"
"14-06-2011","0.792","0.792","0.792","0.792","10.61%"
"13-06-2011","0.716","0.716","0.716","0.716","0.42%"
"10-06-2011","0.713","0.713","0.713","0.713","-3.26%"
"09-06-2011","0.737","0.737","0.737","0.737","8.06%"
"08-06-2011","0.682","0.682","0.682","0.682","-1.59%"
"07-06-2011","0.693","0.693","0.693","0.693","-4.41%"
"06-06-2011","0.725","0.725","0.725","0.725","-0.41%"
"03-06-2011","0.728","0.728","0.728","0.728","-4.96%"
"02-06-2011","0.766","0.766","0.766","0.766","6.24%"
"01-06-2011","0.721","0.721","0.721","0.721","-7.56%"
"31-05-2011","0.780","0.780","0.780","0.780","-2.38%"
"27-05-2011","0.799","0.799","0.799","0.799","-1.72%"
"26-05-2011","0.813","0.813","0.813","0.813","-7.82%"
"25-05-2011","0.882","0.882","0.882","0.882","-1.56%"
"24-05-2011","0.896","0.896","0.896","0.896","-1.21%"
"23-05-2011","0.907","0.907","0.907","0.907","-0.22%"
"20-05-2011","0.909","0.909","0.909","0.909","-2.88%"
"19-05-2011","0.936","0.936","0.936","0.936","-3.80%"
"18-05-2011","0.973","0.973","0.973","0.973","6.92%"
"17-05-2011","0.910","0.910","0.910","0.910","-1.41%"
"16-05-2011","0.923","0.923","0.923","0.923","-2.84%"
"13-05-2011","0.950","0.950","0.950","0.950","-3.46%"
"12-05-2011","0.984","0.984","0.984","0.984","1.97%"
"11-05-2011","0.965","0.965","0.965","0.965","-1.13%"
"10-05-2011","0.976","0.976","0.976","0.976","5.51%"
"09-05-2011","0.925","0.925","0.925","0.925","-0.64%"
"06-05-2011","0.931","0.931","0.931","0.931","-2.00%"
"05-05-2011","0.950","0.950","0.950","0.950","-3.36%"
"04-05-2011","0.983","0.983","0.983","0.983","-0.81%"
"03-05-2011","0.991","0.991","0.991","0.991","-0.80%"
"02-05-2011","0.999","0.999","0.999","0.999","-0.10%"
"29-04-2011","1.000","1.000","1.000","1.000","-1.86%"
"28-04-2011","1.019","1.019","1.019","1.019","-5.30%"
"27-04-2011","1.076","1.076","1.076","1.076","0.75%"
"26-04-2011","1.068","1.068","1.068","1.068","-4.56%"
"25-04-2011","1.119","1.119","1.119","1.119","-2.95%"
"21-04-2011","1.153","1.153","1.153","1.153","-0.77%"
"20-04-2011","1.162","1.162","1.162","1.162","3.29%"
"19-04-2011","1.125","1.125","1.125","1.125","-0.71%"
"18-04-2011","1.133","1.133","1.133","1.133","-5.35%"
"15-04-2011","1.197","1.197","1.197","1.197","-6.63%"
"14-04-2011","1.282","1.282","1.282","1.282","3.22%"
"13-04-2011","1.242","1.242","1.242","1.242","1.55%"
"12-04-2011","1.223","1.223","1.223","1.223","-7.77%"
"11-04-2011","1.326","1.326","1.326","1.326","0.61%"
"08-04-2011","1.318","1.318","1.318","1.318","3.21%"
"07-04-2011","1.277","1.277","1.277","1.277","-4.13%"
"06-04-2011","1.332","1.332","1.332","1.332","2.54%"
"05-04-2011","1.299","1.299","1.299","1.299","6.48%"
"04-04-2011","1.220","1.220","1.220","1.220","-5.06%"
"01-04-2011","1.285","1.285","1.285","1.285","-2.06%"
"31-03-2011","1.312","1.312","1.312","1.312","4.04%"
"30-03-2011","1.261","1.261","1.261","1.261","-3.07%"
"29-03-2011","1.301","1.301","1.301","1.301","3.17%"
"28-03-2011","1.261","1.261","1.261","1.261","1.94%"
"25-03-2011","1.237","1.237","1.237","1.237","4.30%"
"24-03-2011","1.186","1.186","1.186","1.186","5.24%"
"23-03-2011","1.127","1.127","1.127","1.127","0.00%"
"22-03-2011","1.127","1.127","1.127","1.127","1.44%"
"21-03-2011","1.111","1.111","1.111","1.111","7.14%"
"18-03-2011","1.037","1.037","1.037","1.037","0.19%"
"17-03-2011","1.035","1.035","1.035","1.035","5.40%"
"16-03-2011","0.982","0.982","0.982","0.982","-8.40%"
"15-03-2011","1.072","1.072","1.072","1.072","-0.28%"
"14-03-2011","1.075","1.075","1.075","1.075","-5.78%"
"11-03-2011","1.141","1.141","1.141","1.141","0.97%"
"10-03-2011","1.130","1.130","1.130","1.130","-7.60%"
"09-03-2011","1.223","1.223","1.223","1.223","0.49%"
"08-03-2011","1.217","1.217","1.217","1.217","0.83%"
"07-03-2011","1.207","1.207","1.207","1.207","1.60%"
"04-03-2011","1.188","1.188","1.188","1.188","-7.19%"
"03-03-2011","1.280","1.280","1.280","1.280","9.03%"
"02-03-2011","1.174","1.174","1.174","1.174","3.99%"
"01-03-2011","1.129","1.129","1.129","1.129","-3.01%"
"28-02-2011","1.164","1.164","1.164","1.164","-3.32%"
"25-02-2011","1.204","1.204","1.204","1.204","-2.03%"
"24-02-2011","1.229","1.229","1.229","1.229","-1.05%"
"23-02-2011","1.242","1.242","1.242","1.242","2.48%"
"22-02-2011","1.212","1.212","1.212","1.212","-7.20%"
"18-02-2011","1.306","1.306","1.306","1.306","-1.21%"
"17-02-2011","1.322","1.322","1.322","1.322","-5.16%"
"16-02-2011","1.394","1.394","1.394","1.394","1.16%"
"15-02-2011","1.378","1.378","1.378","1.378","-2.68%"
"14-02-2011","1.416","1.416","1.416","1.416","0.57%"
"11-02-2011","1.408","1.408","1.408","1.408","-0.14%"
"10-02-2011","1.410","1.410","1.410","1.410","3.75%"
"09-02-2011","1.359","1.359","1.359","1.359","0.30%"
"08-02-2011","1.355","1.355","1.355","1.355","8.84%"
"07-02-2011","1.245","1.245","1.245","1.245","0.89%"
"04-02-2011","1.234","1.234","1.234","1.234","6.20%"
"03-02-2011","1.162","1.162","1.162","1.162","5.64%"
"02-02-2011","1.100","1.100","1.100","1.100","8.59%"
"01-02-2011","1.013","1.013","1.013","1.013","5.52%"
"31-01-2011","0.960","0.960","0.960","0.960","1.69%"
"28-01-2011","0.944","0.944","0.944","0.944","-3.77%"
"27-01-2011","0.981","0.981","0.981","0.981","-4.48%"
"26-01-2011","1.027","1.027","1.027","1.027","2.39%"
"25-01-2011","1.003","1.003","1.003","1.003","-4.29%"
"24-01-2011","1.048","1.048","1.048","1.048","0.29%"
"21-01-2011","1.045","1.045","1.045","1.045","-2.25%"
"20-01-2011","1.069","1.069","1.069","1.069","8.97%"
"19-01-2011","0.981","0.981","0.981","0.981","-2.68%"
"18-01-2011","1.008","1.008","1.008","1.008","1.10%"
"14-01-2011","0.997","0.997","0.997","0.997","0.20%"
"13-01-2011","0.995","0.995","0.995","0.995","-4.33%"
"12-01-2011","1.040","1.040","1.040","1.040","0.78%"
"11-01-2011","1.032","1.032","1.032","1.032","8.29%"
"10-01-2011","0.953","0.953","0.953","0.953","-3.35%"
"07-01-2011","0.986","0.986","0.986","0.986","-8.96%"
"06-01-2011","1.083","1.083","1.083","1.083","-4.07%"
"05-01-2011","1.129","1.129","1.129","1.129","10.04%"
"04-01-2011","1.026","1.026","1.026","1.026","1.99%"
"03-01-2011","1.006","1.006","1.006","1.006","0.50%"
"31-12-2010","1.001","1.001","1.001","1.001","-4.58%"
"30-12-2010","1.049","1.049","1.049","1.049","1.84%"
"29-12-2010","1.030","1.030","1.030","1.030","-12.34%"
"28-12-2010","1.175","1.175","1.175","1.175","9.61%"
"27-12-2010","1.072","1.072","1.072","1.072","-1.92%"
"23-12-2010","1.093","1.093","1.093","1.093","3.90%"
"22-12-2010","1.052","1.052","1.052","1.052","4.89%"
"21-12-2010","1.003","1.003","1.003","1.003","0.80%"
"20-12-2010","0.995","0.995","0.995","0.995","-0.80%"
"17-12-2010","1.003","1.003","1.003","1.003","-4.29%"
"16-12-2010","1.048","1.048","1.048","1.048","-5.24%"
"15-12-2010","1.106","1.106","1.106","1.106","3.75%"
"14-12-2010","1.066","1.066","1.066","1.066","9.33%"
"13-12-2010","0.975","0.975","0.975","0.975","-7.14%"
"10-12-2010","1.050","1.050","1.050","1.050","5.42%"
"09-12-2010","0.996","0.996","0.996","0.996","-0.30%"
"08-12-2010","0.999","0.999","0.999","0.999","20.51%"
"07-12-2010","0.829","0.829","0.829","0.829","19.11%"
"06-12-2010","0.696","0.696","0.696","0.696","-9.84%"
"03-12-2010","0.772","0.772","0.772","0.772","-8.53%"
"02-12-2010","0.844","0.844","0.844","0.844","2.30%"
"01-12-2010","0.825","0.825","0.825","0.825","17.69%"
"30-11-2010","0.701","0.701","0.701","0.701","-7.03%"
"29-11-2010","0.754","0.754","0.754","0.754","-2.08%"
"26-11-2010","0.770","0.770","0.770","0.770","-3.27%"
"24-11-2010","0.796","0.796","0.796","0.796","15.20%"
"23-11-2010","0.691","0.691","0.691","0.691","-1.99%"
"22-11-2010","0.705","0.705","0.705","0.705","-10.76%"
"19-11-2010","0.790","0.790","0.790","0.790","2.60%"
"18-11-2010","0.770","0.770","0.770","0.770","1.05%"
"17-11-2010","0.762","0.762","0.762","0.762","-2.68%"
"16-11-2010","0.783","0.783","0.783","0.783","-6.34%"
"15-11-2010","0.836","0.836","0.836","0.836","12.21%"
"12-11-2010","0.745","0.745","0.745","0.745","18.44%"
"10-11-2010","0.629","0.629","0.629","0.629","-3.97%"
"09-11-2010","0.655","0.655","0.655","0.655","19.96%"
"08-11-2010","0.546","0.546","0.546","0.546","8.55%"
"05-11-2010","0.503","0.503","0.503","0.503","12.53%"
"04-11-2010","0.447","0.447","0.447","0.447","-5.50%"
"03-11-2010","0.473","0.473","0.473","0.473","-5.40%"
"02-11-2010","0.500","0.500","0.500","0.500","1.01%"
"01-11-2010","0.495","0.495","0.495","0.495","-0.40%"
"29-10-2010","0.497","0.497","0.497","0.497","-8.81%"
"28-10-2010","0.545","0.545","0.545","0.545","-13.22%"
"27-10-2010","0.628","0.628","0.628","0.628","5.90%"
"26-10-2010","0.593","0.593","0.593","0.593","9.21%"
"25-10-2010","0.543","0.543","0.543","0.543","1.12%"
"22-10-2010","0.537","0.537","0.537","0.537","1.51%"
"21-10-2010","0.529","0.529","0.529","0.529","0.95%"
"20-10-2010","0.524","0.524","0.524","0.524","-3.32%"
"19-10-2010","0.542","0.542","0.542","0.542","-3.73%"
"18-10-2010","0.563","0.563","0.563","0.563","-5.38%"
"15-10-2010","0.595","0.595","0.595","0.595","-2.46%"
"14-10-2010","0.610","0.610","0.610","0.610","6.27%"
"13-10-2010","0.574","0.574","0.574","0.574","2.87%"
"12-10-2010","0.558","0.558","0.558","0.558","7.10%"
"08-10-2010","0.521","0.521","0.521","0.521","-1.14%"
"07-10-2010","0.527","0.527","0.527","0.527","-5.39%"
"06-10-2010","0.557","0.557","0.557","0.557","-5.91%"
"05-10-2010","0.592","0.592","0.592","0.592","-2.63%"
"04-10-2010","0.608","0.608","0.608","0.608","-2.56%"
"01-10-2010","0.624","0.624","0.624","0.624","-1.73%"
"30-09-2010","0.635","0.635","0.635","0.635","-1.70%"
"29-09-2010","0.646","0.646","0.646","0.646","1.73%"
"28-09-2010","0.635","0.635","0.635","0.635","-3.35%"
"27-09-2010","0.657","0.657","0.657","0.657","-4.64%"
"24-09-2010","0.689","0.689","0.689","0.689","4.08%"
"23-09-2010","0.662","0.662","0.662","0.662","-2.36%"
"22-09-2010","0.678","0.678","0.678","0.678","3.20%"
"21-09-2010","0.657","0.657","0.657","0.657","-10.12%"
"20-09-2010","0.731","0.731","0.731","0.731","-2.53%"
"17-09-2010","0.750","0.750","0.750","0.750","-2.09%"
"16-09-2010","0.766","0.766","0.766","0.766","-0.26%"
"15-09-2010","0.768","0.768","0.768","0.768","-1.79%"
"14-09-2010","0.782","0.782","0.782","0.782","-6.57%"
"13-09-2010","0.837","0.837","0.837","0.837","-6.27%"
"10-09-2010","0.893","0.893","0.893","0.893","2.17%"
"09-09-2010","0.874","0.874","0.874","0.874","7.50%"
"08-09-2010","0.813","0.813","0.813","0.813","10.31%"
"07-09-2010","0.737","0.737","0.737","0.737","-7.06%"
"03-09-2010","0.793","0.793","0.793","0.793","6.16%"
"02-09-2010","0.747","0.747","0.747","0.747","0.67%"
"01-09-2010","0.742","0.742","0.742","0.742","6.15%"
"31-08-2010","0.699","0.699","0.699","0.699","-5.16%"
"30-08-2010","0.737","0.737","0.737","0.737","-10.34%"
"27-08-2010","0.822","0.822","0.822","0.822","9.16%"
"26-08-2010","0.753","0.753","0.753","0.753","-0.66%"
"25-08-2010","0.758","0.758","0.758","0.758","7.21%"
"24-08-2010","0.707","0.707","0.707","0.707","-5.35%"
"23-08-2010","0.747","0.747","0.747","0.747","-3.49%"
"20-08-2010","0.774","0.774","0.774","0.774","3.89%"
"19-08-2010","0.745","0.745","0.745","0.745","-3.37%"
"18-08-2010","0.771","0.771","0.771","0.771","-0.39%"
"17-08-2010","0.774","0.774","0.774","0.774","2.11%"
"16-08-2010","0.758","0.758","0.758","0.758","-6.19%"
"13-08-2010","0.808","0.808","0.808","0.808","-1.34%"
"12-08-2010","0.819","0.819","0.819","0.819","4.46%"
"11-08-2010","0.784","0.784","0.784","0.784","2.89%"
"10-08-2010","0.762","0.762","0.762","0.762","-3.79%"
"09-08-2010","0.792","0.792","0.792","0.792","5.04%"
"06-08-2010","0.754","0.754","0.754","0.754","-5.51%"
"05-08-2010","0.798","0.798","0.798","0.798","-4.77%"
"04-08-2010","0.838","0.838","0.838","0.838","7.16%"
"03-08-2010","0.782","0.782","0.782","0.782","-7.67%"
"02-08-2010","0.847","0.847","0.847","0.847","2.67%"
"30-07-2010","0.825","0.825","0.825","0.825","-6.46%"
"29-07-2010","0.882","0.882","0.882","0.882","-6.27%"
"28-07-2010","0.941","0.941","0.941","0.941","-6.92%"
"27-07-2010","1.011","1.011","1.011","1.011","6.20%"
"26-07-2010","0.952","0.952","0.952","0.952","0.32%"
"23-07-2010","0.949","0.949","0.949","0.949","4.40%"
"22-07-2010","0.909","0.909","0.909","0.909","0.55%"
"21-07-2010","0.904","0.904","0.904","0.904","-3.73%"
"20-07-2010","0.939","0.939","0.939","0.939","-0.84%"
"19-07-2010","0.947","0.947","0.947","0.947","1.72%"
"16-07-2010","0.931","0.931","0.931","0.931","-5.86%"
"15-07-2010","0.989","0.989","0.989","0.989","-3.42%"
"14-07-2010","1.024","1.024","1.024","1.024","-6.99%"
"13-07-2010","1.101","1.101","1.101","1.101","6.58%"
"12-07-2010","1.033","1.033","1.033","1.033","2.18%"
"09-07-2010","1.011","1.011","1.011","1.011","0.80%"
"08-07-2010","1.003","1.003","1.003","1.003","1.31%"
"07-07-2010","0.990","0.990","0.990","0.990","1.64%"
"06-07-2010","0.974","0.974","0.974","0.974","-4.23%"
"02-07-2010","1.017","1.017","1.017","1.017","0.99%"
"01-07-2010","1.007","1.007","1.007","1.007","3.60%"
"30-06-2010","0.972","0.972","0.972","0.972","0.52%"
"29-06-2010","0.967","0.967","0.967","0.967","-4.26%"
"28-06-2010","1.010","1.010","1.010","1.010","-4.81%"
"25-06-2010","1.061","1.061","1.061","1.061","-3.37%"
"24-06-2010","1.098","1.098","1.098","1.098","-1.26%"
"23-06-2010","1.112","1.112","1.112","1.112","-3.47%"
"22-06-2010","1.152","1.152","1.152","1.152","-4.40%"
"21-06-2010","1.205","1.205","1.205","1.205","0.25%"
"18-06-2010","1.202","1.202","1.202","1.202","1.52%"
"17-06-2010","1.184","1.184","1.184","1.184","-2.79%"
"16-06-2010","1.218","1.218","1.218","1.218","-2.79%"
"15-06-2010","1.253","1.253","1.253","1.253","2.45%"
"14-06-2010","1.223","1.223","1.223","1.223","0.66%"
"11-06-2010","1.215","1.215","1.215","1.215","-5.67%"
"10-06-2010","1.288","1.288","1.288","1.288","7.87%"
"09-06-2010","1.194","1.194","1.194","1.194","1.27%"
"08-06-2010","1.179","1.179","1.179","1.179","4.06%"
"07-06-2010","1.133","1.133","1.133","1.133","-2.41%"
"04-06-2010","1.161","1.161","1.161","1.161","-9.08%"
"03-06-2010","1.277","1.277","1.277","1.277","0.16%"
"02-06-2010","1.275","1.275","1.275","1.275","5.37%"
"01-06-2010","1.210","1.210","1.210","1.210","-2.58%"
"28-05-2010","1.242","1.242","1.242","1.242","-8.07%"
"27-05-2010","1.351","1.351","1.351","1.351","7.74%"
"26-05-2010","1.254","1.254","1.254","1.254","4.50%"
"25-05-2010","1.200","1.200","1.200","1.200","1.78%"
"24-05-2010","1.179","1.179","1.179","1.179","-2.24%"
"21-05-2010","1.206","1.206","1.206","1.206","3.61%"
"20-05-2010","1.164","1.164","1.164","1.164","-7.62%"
"19-05-2010","1.260","1.260","1.260","1.260","3.96%"
"18-05-2010","1.212","1.212","1.212","1.212","-7.76%"
"17-05-2010","1.314","1.314","1.314","1.314","2.10%"
"14-05-2010","1.287","1.287","1.287","1.287","-6.06%"
"13-05-2010","1.370","1.370","1.370","1.370","-2.63%"
"12-05-2010","1.407","1.407","1.407","1.407","5.39%"
"11-05-2010","1.335","1.335","1.335","1.335","-2.98%"
"10-05-2010","1.376","1.376","1.376","1.376","6.50%"
"07-05-2010","1.292","1.292","1.292","1.292","0.54%"
"06-05-2010","1.285","1.285","1.285","1.285","-7.62%"
"05-05-2010","1.391","1.391","1.391","1.391","-5.37%"
"04-05-2010","1.470","1.470","1.470","1.470","-3.92%"
"03-05-2010","1.530","1.530","1.530","1.530","2.75%"
"30-04-2010","1.489","1.489","1.489","1.489","-3.56%"
"29-04-2010","1.544","1.544","1.544","1.544","-2.59%"
"28-04-2010","1.585","1.585","1.585","1.585","3.19%"
"27-04-2010","1.536","1.536","1.536","1.536","-7.02%"
"26-04-2010","1.652","1.652","1.652","1.652","-0.84%"
"23-04-2010","1.666","1.666","1.666","1.666","2.46%"
"22-04-2010","1.626","1.626","1.626","1.626","2.39%"
"21-04-2010","1.588","1.588","1.588","1.588","-1.55%"
"20-04-2010","1.613","1.613","1.613","1.613","1.70%"
"19-04-2010","1.586","1.586","1.586","1.586","2.06%"
"16-04-2010","1.554","1.554","1.554","1.554","-4.01%"
"15-04-2010","1.619","1.619","1.619","1.619","-2.88%"
"14-04-2010","1.667","1.667","1.667","1.667","0.48%"
"13-04-2010","1.659","1.659","1.659","1.659","0.97%"
"12-04-2010","1.643","1.643","1.643","1.643","-2.55%"
"09-04-2010","1.686","1.686","1.686","1.686","-0.30%"
"08-04-2010","1.691","1.691","1.691","1.691","0.77%"
"07-04-2010","1.678","1.678","1.678","1.678","-1.81%"
"06-04-2010","1.709","1.709","1.709","1.709","-1.89%"
"05-04-2010","1.742","1.742","1.742","1.742","4.31%"
"02-04-2010","1.670","1.670","1.670","1.670","3.73%"
"01-04-2010","1.610","1.610","1.610","1.610","2.16%"
"31-03-2010","1.576","1.576","1.576","1.576","-3.31%"
"30-03-2010","1.630","1.630","1.630","1.630","0.49%"
"29-03-2010","1.622","1.622","1.622","1.622","-0.18%"
"26-03-2010","1.625","1.625","1.625","1.625","-2.05%"
"25-03-2010","1.659","1.659","1.659","1.659","-0.30%"
"24-03-2010","1.664","1.664","1.664","1.664","8.12%"
"23-03-2010","1.539","1.539","1.539","1.539","0.85%"
"22-03-2010","1.526","1.526","1.526","1.526","-2.37%"
"19-03-2010","1.563","1.563","1.563","1.563","3.37%"
"18-03-2010","1.512","1.512","1.512","1.512","2.79%"
"17-03-2010","1.471","1.471","1.471","1.471","0.68%"
"16-03-2010","1.461","1.461","1.461","1.461","-2.27%"
"15-03-2010","1.495","1.495","1.495","1.495","-0.73%"
"12-03-2010","1.506","1.506","1.506","1.506","0.33%"
"11-03-2010","1.501","1.501","1.501","1.501","2.18%"
"10-03-2010","1.469","1.469","1.469","1.469","6.60%"
"09-03-2010","1.378","1.378","1.378","1.378","-2.68%"
"08-03-2010","1.416","1.416","1.416","1.416","0.57%"
"05-03-2010","1.408","1.408","1.408","1.408","4.07%"
"04-03-2010","1.353","1.353","1.353","1.353","2.19%"
"03-03-2010","1.324","1.324","1.324","1.324","1.07%"
"02-03-2010","1.310","1.310","1.310","1.310","-0.83%"
"01-03-2010","1.321","1.321","1.321","1.321","-1.20%"
"26-02-2010","1.337","1.337","1.337","1.337","-1.84%"
"25-02-2010","1.362","1.362","1.362","1.362","-3.20%"
"24-02-2010","1.407","1.407","1.407","1.407","-0.78%"
"23-02-2010","1.418","1.418","1.418","1.418","-3.80%"
"22-02-2010","1.474","1.474","1.474","1.474","-1.80%"
"19-02-2010","1.501","1.501","1.501","1.501","-0.53%"
"18-02-2010","1.509","1.509","1.509","1.509","5.82%"
"17-02-2010","1.426","1.426","1.426","1.426","4.70%"
"16-02-2010","1.362","1.362","1.362","1.362","-1.87%"
"12-02-2010","1.388","1.388","1.388","1.388","-3.00%"
"11-02-2010","1.431","1.431","1.431","1.431","-0.56%"
"10-02-2010","1.439","1.439","1.439","1.439","7.87%"
"09-02-2010","1.334","1.334","1.334","1.334","6.29%"
"08-02-2010","1.255","1.255","1.255","1.255","-0.48%"
"05-02-2010","1.261","1.261","1.261","1.261","-3.96%"
"04-02-2010","1.313","1.313","1.313","1.313","-7.08%"
"03-02-2010","1.413","1.413","1.413","1.413","2.17%"
"02-02-2010","1.383","1.383","1.383","1.383","-0.58%"
"01-02-2010","1.391","1.391","1.391","1.391","2.81%"
"29-01-2010","1.353","1.353","1.353","1.353","-3.70%"
"28-01-2010","1.405","1.405","1.405","1.405","-2.97%"
"27-01-2010","1.448","1.448","1.448","1.448","4.70%"
"26-01-2010","1.383","1.383","1.383","1.383","-0.58%"
"25-01-2010","1.391","1.391","1.391","1.391","1.53%"
"22-01-2010","1.370","1.370","1.370","1.370","-1.86%"
"21-01-2010","1.396","1.396","1.396","1.396","-3.72%"
"20-01-2010","1.450","1.450","1.450","1.450","-0.75%"
"19-01-2010","1.461","1.461","1.461","1.461","1.53%"
"15-01-2010","1.439","1.439","1.439","1.439","-4.26%"
"14-01-2010","1.503","1.503","1.503","1.503","-2.97%"
"13-01-2010","1.549","1.549","1.549","1.549","7.12%"
"12-01-2010","1.446","1.446","1.446","1.446","-3.79%"
"11-01-2010","1.503","1.503","1.503","1.503","-2.53%"
"08-01-2010","1.542","1.542","1.542","1.542","-2.65%"
"07-01-2010","1.584","1.584","1.584","1.584","1.80%"
"06-01-2010","1.556","1.556","1.556","1.556","0.32%"
"05-01-2010","1.551","1.551","1.551","1.551","-4.20%"
"04-01-2010","1.619","1.619","1.619","1.619","-3.57%"
"31-12-2009","1.679","1.679","1.679","1.679","3.51%"
"30-12-2009","1.622","1.622","1.622","1.622","-0.18%"
"29-12-2009","1.625","1.625","1.625","1.625","-0.61%"
"28-12-2009","1.635","1.635","1.635","1.635","5.48%"
"24-12-2009","1.550","1.550","1.550","1.550","3.20%"
"23-12-2009","1.502","1.502","1.502","1.502","1.49%"
"22-12-2009","1.480","1.480","1.480","1.480","5.19%"
"21-12-2009","1.407","1.407","1.407","1.407","6.35%"
"18-12-2009","1.323","1.323","1.323","1.323","4.01%"
"17-12-2009","1.272","1.272","1.272","1.272","-7.02%"
"16-12-2009","1.368","1.368","1.368","1.368","-0.80%"
"15-12-2009","1.379","1.379","1.379","1.379","1.85%"
"14-12-2009","1.354","1.354","1.354","1.354","3.44%"
"11-12-2009","1.309","1.309","1.309","1.309","3.15%"
"10-12-2009","1.269","1.269","1.269","1.269","1.76%"
"09-12-2009","1.247","1.247","1.247","1.247","5.95%"
"08-12-2009","1.177","1.177","1.177","1.177","-4.62%"
"07-12-2009","1.234","1.234","1.234","1.234","-6.16%"
"04-12-2009","1.315","1.315","1.315","1.315","10.13%"
"03-12-2009","1.194","1.194","1.194","1.194","2.05%"
"02-12-2009","1.170","1.170","1.170","1.170","4.09%"
"01-12-2009","1.124","1.124","1.124","1.124","1.90%"
"30-11-2009","1.103","1.103","1.103","1.103","-2.82%"
"27-11-2009","1.135","1.135","1.135","1.135","-6.28%"
"25-11-2009","1.211","1.211","1.211","1.211","0.17%"
"24-11-2009","1.209","1.209","1.209","1.209","-4.20%"
"23-11-2009","1.262","1.262","1.262","1.262","0.80%"
"20-11-2009","1.252","1.252","1.252","1.252","2.20%"
"19-11-2009","1.225","1.225","1.225","1.225","-4.22%"
"18-11-2009","1.279","1.279","1.279","1.279","0.47%"
"17-11-2009","1.273","1.273","1.273","1.273","-1.93%"
"16-11-2009","1.298","1.298","1.298","1.298","-3.57%"
"13-11-2009","1.346","1.346","1.346","1.346","-0.74%"
"12-11-2009","1.356","1.356","1.356","1.356","-2.52%"
"10-11-2009","1.391","1.391","1.391","1.391","2.35%"
"09-11-2009","1.359","1.359","1.359","1.359","-0.37%"
"06-11-2009","1.364","1.364","1.364","1.364","-2.71%"
"05-11-2009","1.402","1.402","1.402","1.402","-1.89%"
"04-11-2009","1.429","1.429","1.429","1.429","0.00%"
"03-11-2009","1.429","1.429","1.429","1.429","-0.21%"
"02-11-2009","1.432","1.432","1.432","1.432","2.14%"
"30-10-2009","1.402","1.402","1.402","1.402","-6.66%"
"29-10-2009","1.502","1.502","1.502","1.502","3.94%"
"28-10-2009","1.445","1.445","1.445","1.445","-3.28%"
"27-10-2009","1.494","1.494","1.494","1.494","-6.74%"
"26-10-2009","1.602","1.602","1.602","1.602","1.91%"
"23-10-2009","1.572","1.572","1.572","1.572","5.29%"
"22-10-2009","1.493","1.493","1.493","1.493","-0.20%"
"21-10-2009","1.496","1.496","1.496","1.496","4.11%"
"20-10-2009","1.437","1.437","1.437","1.437","-4.07%"
"19-10-2009","1.498","1.498","1.498","1.498","0.13%"
"16-10-2009","1.496","1.496","1.496","1.496","-0.66%"
"15-10-2009","1.506","1.506","1.506","1.506","2.52%"
"14-10-2009","1.469","1.469","1.469","1.469","2.66%"
"13-10-2009","1.431","1.431","1.431","1.431","-5.17%"
"09-10-2009","1.509","1.509","1.509","1.509","7.02%"
"08-10-2009","1.410","1.410","1.410","1.410","2.55%"
"07-10-2009","1.375","1.375","1.375","1.375","-0.36%"
"06-10-2009","1.380","1.380","1.380","1.380","2.37%"
"05-10-2009","1.348","1.348","1.348","1.348","-0.15%"
"02-10-2009","1.350","1.350","1.350","1.350","0.97%"
"01-10-2009","1.337","1.337","1.337","1.337","-6.44%"
"30-09-2009","1.429","1.429","1.429","1.429","-2.79%"
"29-09-2009","1.470","1.470","1.470","1.470","1.31%"
"28-09-2009","1.451","1.451","1.451","1.451","-1.09%"
"25-09-2009","1.467","1.467","1.467","1.467","1.87%"
"24-09-2009","1.440","1.440","1.440","1.440","-1.97%"
"23-09-2009","1.469","1.469","1.469","1.469","-3.36%"
"22-09-2009","1.520","1.520","1.520","1.520","-1.75%"
"21-09-2009","1.547","1.547","1.547","1.547","-0.90%"
"18-09-2009","1.561","1.561","1.561","1.561","5.69%"
"17-09-2009","1.477","1.477","1.477","1.477","-4.34%"
"16-09-2009","1.544","1.544","1.544","1.544","3.28%"
"15-09-2009","1.495","1.495","1.495","1.495","1.22%"
"14-09-2009","1.477","1.477","1.477","1.477","2.29%"
"11-09-2009","1.444","1.444","1.444","1.444","0.91%"
"10-09-2009","1.431","1.431","1.431","1.431","-4.15%"
"09-09-2009","1.493","1.493","1.493","1.493","2.26%"
"08-09-2009","1.460","1.460","1.460","1.460","1.67%"
"04-09-2009","1.436","1.436","1.436","1.436","2.57%"
"03-09-2009","1.400","1.400","1.400","1.400","1.82%"
"02-09-2009","1.375","1.375","1.375","1.375","-2.20%"
"01-09-2009","1.406","1.406","1.406","1.406","-4.55%"
"31-08-2009","1.473","1.473","1.473","1.473","-3.91%"
"28-08-2009","1.533","1.533","1.533","1.533","-1.41%"
"27-08-2009","1.555","1.555","1.555","1.555","0.32%"
"26-08-2009","1.550","1.550","1.550","1.550","0.32%"
"25-08-2009","1.545","1.545","1.545","1.545","-1.34%"
"24-08-2009","1.566","1.566","1.566","1.566","-4.92%"
"21-08-2009","1.647","1.647","1.647","1.647","8.28%"
"20-08-2009","1.521","1.521","1.521","1.521","0.13%"
"19-08-2009","1.519","1.519","1.519","1.519","-3.43%"
"18-08-2009","1.573","1.573","1.573","1.573","2.28%"
"17-08-2009","1.538","1.538","1.538","1.538","-4.65%"
"14-08-2009","1.613","1.613","1.613","1.613","-2.89%"
"13-08-2009","1.661","1.661","1.661","1.661","-4.65%"
"12-08-2009","1.742","1.742","1.742","1.742","1.46%"
"11-08-2009","1.717","1.717","1.717","1.717","-3.27%"
"10-08-2009","1.775","1.775","1.775","1.775","-3.43%"
"07-08-2009","1.838","1.838","1.838","1.838","5.75%"
"06-08-2009","1.738","1.738","1.738","1.738","-0.97%"
"05-08-2009","1.755","1.755","1.755","1.755","1.62%"
"04-08-2009","1.727","1.727","1.727","1.727","1.29%"
"03-08-2009","1.705","1.705","1.705","1.705","7.23%"
"31-07-2009","1.590","1.590","1.590","1.590","-5.64%"
"30-07-2009","1.685","1.685","1.685","1.685","-0.30%"
"29-07-2009","1.690","1.690","1.690","1.690","2.99%"
"28-07-2009","1.641","1.641","1.641","1.641","2.37%"
"27-07-2009","1.603","1.603","1.603","1.603","2.62%"
"24-07-2009","1.562","1.562","1.562","1.562","-1.39%"
"23-07-2009","1.584","1.584","1.584","1.584","6.52%"
"22-07-2009","1.487","1.487","1.487","1.487","2.27%"
"21-07-2009","1.454","1.454","1.454","1.454","-5.77%"
"20-07-2009","1.543","1.543","1.543","1.543","-1.53%"
"17-07-2009","1.567","1.567","1.567","1.567","1.03%"
"16-07-2009","1.551","1.551","1.551","1.551","-2.88%"
"15-07-2009","1.597","1.597","1.597","1.597","7.98%"
"14-07-2009","1.479","1.479","1.479","1.479","4.52%"
"13-07-2009","1.415","1.415","1.415","1.415","0.43%"
"10-07-2009","1.409","1.409","1.409","1.409","-4.02%"
"09-07-2009","1.468","1.468","1.468","1.468","2.23%"
"08-07-2009","1.436","1.436","1.436","1.436","-0.90%"
"07-07-2009","1.449","1.449","1.449","1.449","-0.62%"
"06-07-2009","1.458","1.458","1.458","1.458","-2.21%"
"02-07-2009","1.491","1.491","1.491","1.491","-4.42%"
"01-07-2009","1.560","1.560","1.560","1.560","-4.00%"
"30-06-2009","1.625","1.625","1.625","1.625","0.99%"
"29-06-2009","1.609","1.609","1.609","1.609","-1.17%"
"26-06-2009","1.628","1.628","1.628","1.628","-1.69%"
"25-06-2009","1.656","1.656","1.656","1.656","-6.39%"
"24-06-2009","1.769","1.769","1.769","1.769","3.15%"
"23-06-2009","1.715","1.715","1.715","1.715","-1.72%"
"22-06-2009","1.745","1.745","1.745","1.745","-4.33%"
"19-06-2009","1.824","1.824","1.824","1.824","-2.30%"
"18-06-2009","1.867","1.867","1.867","1.867","6.14%"
"17-06-2009","1.759","1.759","1.759","1.759","-0.90%"
"16-06-2009","1.775","1.775","1.775","1.775","-3.38%"
"15-06-2009","1.837","1.837","1.837","1.837","-3.26%"
"12-06-2009","1.899","1.899","1.899","1.899","-3.16%"
"11-06-2009","1.961","1.961","1.961","1.961","-2.15%"
"10-06-2009","2.004","2.004","2.004","2.004","6.65%"
"09-06-2009","1.879","1.879","1.879","1.879","-5.29%"
"08-06-2009","1.984","1.984","1.984","1.984","7.88%"
"05-06-2009","1.839","1.839","1.839","1.839","21.07%"
"04-06-2009","1.519","1.519","1.519","1.519","5.49%"
"03-06-2009","1.440","1.440","1.440","1.440","-2.96%"
"02-06-2009","1.484","1.484","1.484","1.484","0.75%"
"01-06-2009","1.473","1.473","1.473","1.473","4.69%"
"29-05-2009","1.407","1.407","1.407","1.407","-6.14%"
"28-05-2009","1.499","1.499","1.499","1.499","-0.40%"
"27-05-2009","1.505","1.505","1.505","1.505","3.58%"
"26-05-2009","1.453","1.453","1.453","1.453","4.83%"
"22-05-2009","1.386","1.386","1.386","1.386","1.39%"
"21-05-2009","1.367","1.367","1.367","1.367","5.40%"
"20-05-2009","1.297","1.297","1.297","1.297","-4.91%"
"19-05-2009","1.364","1.364","1.364","1.364","-0.80%"
"18-05-2009","1.375","1.375","1.375","1.375","5.53%"
"15-05-2009","1.303","1.303","1.303","1.303","1.01%"
"14-05-2009","1.290","1.290","1.290","1.290","-1.83%"
"13-05-2009","1.314","1.314","1.314","1.314","-2.16%"
"12-05-2009","1.343","1.343","1.343","1.343","-0.37%"
"11-05-2009","1.348","1.348","1.348","1.348","-7.16%"
"08-05-2009","1.452","1.452","1.452","1.452","-2.75%"
"07-05-2009","1.493","1.493","1.493","1.493","4.55%"
"06-05-2009","1.428","1.428","1.428","1.428","2.44%"
"05-05-2009","1.394","1.394","1.394","1.394","0.58%"
"04-05-2009","1.386","1.386","1.386","1.386","1.84%"
"01-05-2009","1.361","1.361","1.361","1.361","-0.44%"
"30-04-2009","1.367","1.367","1.367","1.367","-2.70%"
"29-04-2009","1.405","1.405","1.405","1.405","2.41%"
"28-04-2009","1.372","1.372","1.372","1.372","5.62%"
"27-04-2009","1.299","1.299","1.299","1.299","-5.32%"
"24-04-2009","1.372","1.372","1.372","1.372","3.00%"
"23-04-2009","1.332","1.332","1.332","1.332","-0.97%"
"22-04-2009","1.345","1.345","1.345","1.345","2.44%"
"21-04-2009","1.313","1.313","1.313","1.313","3.14%"
"20-04-2009","1.273","1.273","1.273","1.273","-6.67%"
"17-04-2009","1.364","1.364","1.364","1.364","6.40%"
"16-04-2009","1.282","1.282","1.282","1.282","4.57%"
"15-04-2009","1.226","1.226","1.226","1.226","-0.24%"
"14-04-2009","1.229","1.229","1.229","1.229","-3.53%"
"13-04-2009","1.274","1.274","1.274","1.274","-7.14%"
"09-04-2009","1.372","1.372","1.372","1.372","5.21%"
"08-04-2009","1.304","1.304","1.304","1.304","-0.61%"
"07-04-2009","1.312","1.312","1.312","1.312","-3.24%"
"06-04-2009","1.356","1.356","1.356","1.356","1.19%"
"03-04-2009","1.340","1.340","1.340","1.340","7.37%"
"02-04-2009","1.248","1.248","1.248","1.248","9.76%"
"01-04-2009","1.137","1.137","1.137","1.137","0.89%"
"31-03-2009","1.127","1.127","1.127","1.127","-5.37%"
"30-03-2009","1.191","1.191","1.191","1.191","-6.37%"
"27-03-2009","1.272","1.272","1.272","1.272","-0.47%"
"26-03-2009","1.278","1.278","1.278","1.278","-4.27%"
"25-03-2009","1.335","1.335","1.335","1.335","3.17%"
"24-03-2009","1.294","1.294","1.294","1.294","4.52%"
"23-03-2009","1.238","1.238","1.238","1.238","1.31%"
"20-03-2009","1.222","1.222","1.222","1.222","0.16%"
"19-03-2009","1.220","1.220","1.220","1.220","4.10%"
"18-03-2009","1.172","1.172","1.172","1.172","-18.72%"
"17-03-2009","1.442","1.442","1.442","1.442","2.12%"
"16-03-2009","1.412","1.412","1.412","1.412","3.52%"
"13-03-2009","1.364","1.364","1.364","1.364","-3.60%"
"12-03-2009","1.415","1.415","1.415","1.415","-2.41%"
"11-03-2009","1.450","1.450","1.450","1.450","-0.34%"
"10-03-2009","1.455","1.455","1.455","1.455","6.91%"
"09-03-2009","1.361","1.361","1.361","1.361","0.37%"
"06-03-2009","1.356","1.356","1.356","1.356","5.69%"
"05-03-2009","1.283","1.283","1.283","1.283","-4.96%"
"04-03-2009","1.350","1.350","1.350","1.350","6.30%"
"03-03-2009","1.270","1.270","1.270","1.270","2.17%"
"02-03-2009","1.243","1.243","1.243","1.243","-9.60%"
"27-02-2009","1.375","1.375","1.375","1.375","-8.15%"
"26-02-2009","1.497","1.497","1.497","1.497","1.91%"
"25-02-2009","1.469","1.469","1.469","1.469","7.46%"
"24-02-2009","1.367","1.367","1.367","1.367","4.11%"
"23-02-2009","1.313","1.313","1.313","1.313","-2.01%"
"20-02-2009","1.340","1.340","1.340","1.340","-2.76%"
"19-02-2009","1.378","1.378","1.378","1.378","2.23%"
"18-02-2009","1.348","1.348","1.348","1.348","9.77%"
"17-02-2009","1.228","1.228","1.228","1.228","-11.21%"
"13-02-2009","1.383","1.383","1.383","1.383","4.85%"
"12-02-2009","1.319","1.319","1.319","1.319","0.61%"
"11-02-2009","1.311","1.311","1.311","1.311","0.38%"
"10-02-2009","1.306","1.306","1.306","1.306","-10.49%"
"09-02-2009","1.459","1.459","1.459","1.459","1.74%"
"06-02-2009","1.434","1.434","1.434","1.434","4.29%"
"05-02-2009","1.375","1.375","1.375","1.375","-3.24%"
"04-02-2009","1.421","1.421","1.421","1.421","2.53%"
"03-02-2009","1.386","1.386","1.386","1.386","9.48%"
"02-02-2009","1.266","1.266","1.266","1.266","-5.66%"
"30-01-2009","1.342","1.342","1.342","1.342","-1.68%"
"29-01-2009","1.365","1.365","1.365","1.365","9.55%"
"28-01-2009","1.246","1.246","1.246","1.246","4.53%"
"27-01-2009","1.192","1.192","1.192","1.192","-1.16%"
"26-01-2009","1.206","1.206","1.206","1.206","3.97%"
"23-01-2009","1.160","1.160","1.160","1.160","5.07%"
"22-01-2009","1.104","1.104","1.104","1.104","-4.33%"
"21-01-2009","1.154","1.154","1.154","1.154","9.07%"
"20-01-2009","1.058","1.058","1.058","1.058","-1.49%"
"16-01-2009","1.074","1.074","1.074","1.074","5.40%"
"15-01-2009","1.019","1.019","1.019","1.019","-0.49%"
"14-01-2009","1.024","1.024","1.024","1.024","-4.92%"
"13-01-2009","1.077","1.077","1.077","1.077","-1.46%"
"12-01-2009","1.093","1.093","1.093","1.093","-1.89%"
"09-01-2009","1.114","1.114","1.114","1.114","-6.07%"
"08-01-2009","1.186","1.186","1.186","1.186","3.22%"
"07-01-2009","1.149","1.149","1.149","1.149","8.09%"
"06-01-2009","1.063","1.063","1.063","1.063","0.57%"
"05-01-2009","1.057","1.057","1.057","1.057","-3.03%"
"02-01-2009","1.090","1.090","1.090","1.090","12.51%"
"31-12-2008","0.969","0.926","1.017","0.913","6.91%"
"30-12-2008","0.906","0.964","1.012","0.902","-4.67%"
"29-12-2008","0.951","1.066","1.079","0.892","-10.82%"
"26-12-2008","1.066","1.125","1.130","1.052","-5.25%"
"24-12-2008","1.125","1.112","1.157","1.071","1.69%"
"23-12-2008","1.106","1.171","1.176","1.101","-3.72%"
"22-12-2008","1.149","1.042","1.171","1.005","10.53%"
"19-12-2008","1.040","0.878","1.066","0.878","10.36%"
"18-12-2008","0.942","0.942","0.942","0.942","-6.06%"
"17-12-2008","1.003","0.897","1.013","0.849","12.45%"
"16-12-2008","0.892","1.035","1.106","0.858","-12.24%"
"15-12-2008","1.016","1.043","1.122","0.987","-1.93%"
"12-12-2008","1.036","1.114","1.229","1.006","-7.35%"
"11-12-2008","1.118","1.246","1.250","0.861","-1.25%"
"10-12-2008","1.132","1.114","1.246","1.109","1.03%"
"09-12-2008","1.121","1.230","1.289","1.106","-8.40%"
"08-12-2008","1.224","1.180","1.333","1.153","4.44%"
"05-12-2008","1.172","1.013","1.207","0.992","16.75%"
"04-12-2008","1.004","1.075","1.144","0.984","-5.93%"
"03-12-2008","1.067","1.089","1.185","1.046","-2.49%"
"02-12-2008","1.094","1.132","1.177","1.081","-3.01%"
"01-12-2008","1.128","1.258","1.342","1.097","-10.34%"
"28-11-2008","1.258","1.436","1.436","1.256","-8.65%"
"26-11-2008","1.377","1.453","1.539","1.353","-3.52%"
"25-11-2008","1.428","1.513","1.518","1.362","-5.10%"
"24-11-2008","1.504","1.368","1.542","1.363","9.96%"
"21-11-2008","1.368","1.327","1.384","1.157","16.40%"
"20-11-2008","1.175","1.335","1.361","1.165","-11.78%"
"19-11-2008","1.332","1.439","1.474","1.324","-6.91%"
"18-11-2008","1.431","1.503","1.525","1.423","-4.13%"
"17-11-2008","1.493","1.546","1.570","1.477","-3.96%"
"14-11-2008","1.554","1.645","1.648","1.520","-3.56%"
"13-11-2008","1.612","1.608","1.659","1.501","0.75%"
"12-11-2008","1.600","1.782","1.785","1.594","46.50%"
"10-11-2008","1.092","1.102","1.102","1.102","-5.94%"
"07-11-2008","1.161","1.171","1.171","1.171","-0.60%"
"06-11-2008","1.168","1.178","1.178","1.178","0.34%"
"05-11-2008","1.164","1.174","1.174","1.174","-5.13%"
"04-11-2008","1.227","1.237","1.237","1.237","-9.25%"
"03-11-2008","1.352","1.362","1.362","1.362","-0.73%"
"31-10-2008","1.362","1.372","1.372","1.372","7.84%"
"30-10-2008","1.263","1.273","1.273","1.273","-1.02%"
"29-10-2008","1.276","1.286","1.286","1.286","-4.13%"
"28-10-2008","1.331","1.341","1.341","1.341","2.31%"
"27-10-2008","1.301","1.311","1.311","1.311","2.04%"
"24-10-2008","1.275","1.285","1.285","1.285","0.71%"
"23-10-2008","1.266","1.276","1.276","1.276","5.02%"
"22-10-2008","1.206","1.215","1.215","1.215","-5.78%"
"21-10-2008","1.280","1.289","1.289","1.289","-7.98%"
"20-10-2008","1.390","1.400","1.400","1.400","6.19%"
"17-10-2008","1.309","1.319","1.319","1.319","-5.07%"
"16-10-2008","1.380","1.389","1.389","1.389","0.00%"
"15-10-2008","1.380","1.390","1.390","1.390","6.48%"
"14-10-2008","1.296","1.306","1.306","1.306","-18.26%"
"13-10-2008","1.586","1.595","1.595","1.595","22.57%"
"10-10-2008","1.293","1.303","1.303","1.303","-2.49%"
"09-10-2008","1.327","1.336","1.336","1.336","-4.19%"
"08-10-2008","1.385","1.394","1.394","1.394","6.46%"
"07-10-2008","1.301","1.310","1.310","1.310","-0.15%"
"06-10-2008","1.303","1.312","1.312","1.312","-5.99%"
"03-10-2008","1.385","1.395","1.395","1.395","-3.28%"
"02-10-2008","1.433","1.442","1.442","1.442","-21.14%"
"01-10-2008","1.816","1.826","1.826","1.826","0.67%"
"30-09-2008","1.804","1.814","1.814","1.814","18.21%"
"29-09-2008","1.526","1.536","1.536","1.536","-19.89%"
"26-09-2008","1.906","1.915","1.915","1.915","3.53%"
"25-09-2008","1.840","1.850","1.850","1.850","-2.54%"
"24-09-2008","1.888","1.898","1.898","1.898","-6.25%"
"23-09-2008","2.014","2.024","2.024","2.024","-3.22%"
"22-09-2008","2.082","2.091","2.091","2.091","-0.57%"
"19-09-2008","2.093","2.103","2.103","2.103","19.05%"
"18-09-2008","1.758","1.768","1.768","1.768","16.65%"
"17-09-2008","1.508","1.517","1.517","1.517","-15.33%"
"16-09-2008","1.781","1.790","1.790","1.790","14.02%"
"15-09-2008","1.561","1.571","1.571","1.571","-24.77%"
"12-09-2008","2.076","2.085","2.085","2.085","1.52%"
"11-09-2008","2.045","2.054","2.054","2.054","1.19%"
"10-09-2008","2.020","2.030","2.030","2.030","0.12%"
"09-09-2008","2.018","2.027","2.027","2.027","-6.12%"
"08-09-2008","2.149","2.159","2.159","2.159","0.66%"
"05-09-2008","2.135","2.145","2.145","2.145","5.09%"
"04-09-2008","2.032","2.041","2.041","2.041","-2.89%"
"03-09-2008","2.092","2.102","2.102","2.102","-0.07%"
"02-09-2008","2.094","2.103","2.103","2.103","-4.03%"
"29-08-2008","2.182","2.191","2.191","2.191","-0.18%"
"28-08-2008","2.186","2.195","2.195","2.195","1.63%"
"27-08-2008","2.151","2.160","2.160","2.160","-1.78%"
"26-08-2008","2.190","2.199","2.199","2.199","0.85%"
"25-08-2008","2.171","2.181","2.181","2.181","-4.34%"
"22-08-2008","2.270","2.279","2.279","2.279","4.70%"
"21-08-2008","2.168","2.177","2.177","2.177","2.12%"
"20-08-2008","2.123","2.132","2.132","2.132","-3.85%"
"19-08-2008","2.208","2.217","2.217","2.217","1.33%"
"18-08-2008","2.179","2.188","2.188","2.188","-4.05%"
"15-08-2008","2.271","2.280","2.280","2.280","-0.70%"
"14-08-2008","2.287","2.296","2.296","2.296","-1.46%"
"13-08-2008","2.321","2.330","2.330","2.330","0.87%"
"12-08-2008","2.301","2.310","2.310","2.310","-1.88%"
"11-08-2008","2.345","2.354","2.354","2.354","-0.82%"
"08-08-2008","2.365","2.373","2.373","2.373","3.66%"
"07-08-2008","2.281","2.290","2.290","2.290","-4.74%"
"06-08-2008","2.395","2.403","2.403","2.403","0.50%"
"05-08-2008","2.382","2.391","2.391","2.391","1.60%"
"04-08-2008","2.345","2.354","2.354","2.354","-0.64%"
"01-08-2008","2.360","2.369","2.369","2.369","-0.72%"
"31-07-2008","2.377","2.386","2.386","2.386","-3.84%"
"30-07-2008","2.472","2.481","2.481","2.481","-0.34%"
"29-07-2008","2.480","2.489","2.489","2.489","0.81%"
"28-07-2008","2.461","2.469","2.469","2.469","-4.91%"
"25-07-2008","2.588","2.596","2.596","2.596","3.96%"
"24-07-2008","2.489","2.498","2.498","2.498","-5.72%"
"23-07-2008","2.640","2.649","2.649","2.649","-0.23%"
"22-07-2008","2.646","2.655","2.655","2.655","4.69%"
"21-07-2008","2.527","2.536","2.536","2.536","-1.33%"
"18-07-2008","2.562","2.570","2.570","2.570","5.65%"
"17-07-2008","2.424","2.433","2.433","2.433","5.21%"
"16-07-2008","2.305","2.313","2.313","2.313","0.35%"
"15-07-2008","2.296","2.305","2.305","2.305","-4.33%"
"14-07-2008","2.401","2.409","2.409","2.409","-6.30%"
"11-07-2008","2.562","2.571","2.571","2.571","9.32%"
"10-07-2008","2.343","2.352","2.352","2.352","-3.90%"
"09-07-2008","2.438","2.447","2.447","2.447","0.66%"
"08-07-2008","2.422","2.431","2.431","2.431","2.24%"
"07-07-2008","2.369","2.378","2.378","2.378","-4.13%"
"03-07-2008","2.471","2.480","2.480","2.480","-1.44%"
"02-07-2008","2.507","2.516","2.516","2.516","-2.75%"
"01-07-2008","2.579","2.587","2.587","2.587","0.94%"
"30-06-2008","2.555","2.563","2.563","2.563","-0.04%"
"27-06-2008","2.556","2.564","2.564","2.564","-1.60%"
"26-06-2008","2.597","2.605","2.605","2.605","-5.68%"
"25-06-2008","2.753","2.762","2.762","2.762","-3.03%"
"24-06-2008","2.839","2.848","2.848","2.848","-3.50%"
"23-06-2008","2.943","2.951","2.951","2.951","1.87%"
"20-06-2008","2.888","2.897","2.897","2.897","-1.87%"
"19-06-2008","2.944","2.952","2.952","2.952","3.92%"
"18-06-2008","2.832","2.841","2.841","2.841","-1.36%"
"17-06-2008","2.872","2.880","2.880","2.880","-4.87%"
"16-06-2008","3.019","3.027","3.027","3.027","0.27%"
"13-06-2008","3.010","3.019","3.019","3.019","-0.64%"
"12-06-2008","3.030","3.038","3.038","3.038","9.05%"
"11-06-2008","2.779","2.787","2.787","2.787","-3.92%"
"10-06-2008","2.892","2.900","2.900","2.900","7.63%"
"09-06-2008","2.687","2.695","2.695","2.695","13.86%"
"06-06-2008","2.360","2.368","2.368","2.368","-4.65%"
"05-06-2008","2.475","2.483","2.483","2.483","2.06%"
"04-06-2008","2.425","2.433","2.433","2.433","2.32%"
"03-06-2008","2.370","2.378","2.378","2.378","-4.47%"
"02-06-2008","2.481","2.489","2.489","2.489","-5.31%"
"30-05-2008","2.620","2.628","2.628","2.628","-1.61%"
"29-05-2008","2.663","2.671","2.671","2.671","2.56%"
"28-05-2008","2.596","2.605","2.605","2.605","4.03%"
"27-05-2008","2.496","2.504","2.504","2.504","2.67%"
"23-05-2008","2.431","2.439","2.439","2.439","-3.26%"
"22-05-2008","2.513","2.521","2.521","2.521","5.90%"
"21-05-2008","2.373","2.381","2.381","2.381","3.49%"
"20-05-2008","2.293","2.301","2.301","2.301","-3.61%"
"19-05-2008","2.379","2.387","2.387","2.387","-2.68%"
"16-05-2008","2.444","2.452","2.452","2.452","1.79%"
"15-05-2008","2.401","2.409","2.409","2.409","-4.07%"
"14-05-2008","2.503","2.511","2.511","2.511","3.02%"
"13-05-2008","2.430","2.438","2.438","2.438","6.53%"
"12-05-2008","2.281","2.289","2.289","2.289","4.90%"
"09-05-2008","2.174","2.182","2.182","2.182","0.32%"
"08-05-2008","2.168","2.175","2.175","2.175","-3.79%"
"07-05-2008","2.253","2.261","2.261","2.261","-3.94%"
"06-05-2008","2.345","2.353","2.353","2.353","-0.23%"
"05-05-2008","2.351","2.359","2.359","2.359","-1.22%"
"02-05-2008","2.380","2.388","2.388","2.388","3.12%"
"01-05-2008","2.308","2.316","2.316","2.316","4.22%"
"30-04-2008","2.214","2.222","2.222","2.222","-3.68%"
"29-04-2008","2.299","2.307","2.307","2.307","-0.07%"
"28-04-2008","2.300","2.308","2.308","2.308","-2.87%"
"25-04-2008","2.368","2.376","2.376","2.376","1.76%"
"24-04-2008","2.328","2.335","2.335","2.335","8.38%"
"23-04-2008","2.148","2.155","2.155","2.155","-0.14%"
"22-04-2008","2.151","2.158","2.158","2.158","1.46%"
"21-04-2008","2.119","2.127","2.127","2.127","1.78%"
"18-04-2008","2.082","2.090","2.090","2.090","1.02%"
"17-04-2008","2.062","2.069","2.069","2.069","5.96%"
"16-04-2008","1.946","1.953","1.953","1.953","5.48%"
"15-04-2008","1.844","1.852","1.852","1.852","6.80%"
"14-04-2008","1.727","1.734","1.734","1.734","1.74%"
"11-04-2008","1.697","1.705","1.705","1.705","-4.82%"
"10-04-2008","1.783","1.791","1.791","1.791","3.96%"
"09-04-2008","1.715","1.723","1.723","1.723","-6.05%"
"08-04-2008","1.826","1.833","1.833","1.833","-1.08%"
"07-04-2008","1.846","1.853","1.853","1.853","6.37%"
"04-04-2008","1.735","1.743","1.743","1.743","-4.90%"
"03-04-2008","1.825","1.832","1.832","1.832","0.91%"
"02-04-2008","1.809","1.816","1.816","1.816","6.07%"
"01-04-2008","1.705","1.712","1.712","1.712","14.39%"
"31-03-2008","1.490","1.498","1.498","1.498","-3.47%"
"28-03-2008","1.544","1.551","1.551","1.551","-2.68%"
"27-03-2008","1.587","1.594","1.594","1.594","3.93%"
"26-03-2008","1.526","1.534","1.534","1.534","-8.43%"
"25-03-2008","1.667","1.674","1.674","1.674","-3.08%"
"24-03-2008","1.720","1.727","1.727","1.727","13.46%"
"20-03-2008","1.516","1.523","1.523","1.523","10.21%"
"19-03-2008","1.375","1.383","1.383","1.383","-10.86%"
"18-03-2008","1.543","1.550","1.550","1.550","22.27%"
"17-03-2008","1.262","1.269","1.269","1.269","-10.56%"
"14-03-2008","1.411","1.418","1.418","1.418","-9.20%"
"13-03-2008","1.554","1.561","1.561","1.561","1.37%"
"12-03-2008","1.533","1.540","1.540","1.540","-9.13%"
"11-03-2008","1.687","1.694","1.694","1.694","16.99%"
"10-03-2008","1.442","1.449","1.449","1.449","-2.70%"
"07-03-2008","1.482","1.489","1.489","1.489","-1.46%"
"06-03-2008","1.504","1.511","1.511","1.511","-5.71%"
"05-03-2008","1.595","1.602","1.602","1.602","-2.80%"
"04-03-2008","1.641","1.648","1.648","1.648","1.30%"
"03-03-2008","1.620","1.627","1.627","1.627","0.81%"